Year,CustomerId,Surname,CreditScore,Geography,Gender,Age,Tenure,Balance,NumOfProducts,HasCrCard,IsActiveMember,EstimatedSalary,Exited
2025,15647311,Hill,608,Spain,Female,41,1,83807.86,1,0,1,112542.58,0
2025,15737888,Mitchell,850,Spain,Female,43,2,125510.82,1,1,1,79084.1,0
2025,15574012,Chu,645,Spain,Male,44,8,113755.78,2,1,0,149756.71,1
2025,15656148,Obinna,376,Germany,Female,29,4,115046.74,4,1,0,119346.88,1
2025,15592389,H?,684,France,Male,27,2,134603.88,1,1,1,71725.73,0
2025,15737173,Andrews,497,Spain,Male,24,3,0.0,2,1,0,76390.01,0
2025,15691483,Chin,549,France,Female,25,5,0.0,2,0,0,190857.79,0
2025,15737452,Romeo,653,Germany,Male,58,1,132602.88,1,1,0,5097.67,1
2025,15597945,Dellucci,636,Spain,Female,32,8,0.0,2,1,0,138555.46,0
2025,15699309,Gerasimov,510,Spain,Female,38,4,0.0,1,1,0,118913.53,1
2025,15717426,Armstrong,850,France,Male,36,7,0.0,1,1,1,40812.9,0
2025,15619360,Hsiao,472,Spain,Male,40,4,0.0,1,1,0,70154.22,0
2025,15569590,Yoo,601,Germany,Male,42,1,98495.72,1,1,0,40014.76,1
2025,15760861,Phillipps,619,France,Male,43,1,125211.92,1,1,1,113410.49,0
2025,15651280,Hunter,742,Germany,Male,35,5,136857.0,1,0,0,84509.57,0
2025,15592461,Jackson,603,Germany,Male,26,4,109166.37,1,1,1,92840.67,0
2025,15641582,Chibugo,735,Germany,Male,43,10,123180.01,2,1,1,196673.28,0
2025,15812518,Palermo,657,Spain,Female,37,0,163607.18,1,0,1,44203.55,0
2025,15770811,Wallace,519,France,Male,36,9,0.0,2,0,1,145562.4,0
2025,15662085,Read,678,France,Female,32,9,0.0,1,1,1,148210.64,0
2025,15575185,Bushell,757,Spain,Male,33,5,77253.22,1,0,1,194239.63,0
2025,15767954,Osborne,635,Germany,Female,28,3,81623.67,2,1,1,156791.36,0
2025,15676966,Capon,730,Spain,Male,42,4,0.0,2,0,1,85982.47,0
2025,15693683,Yuille,814,Germany,Male,29,8,97086.4,2,1,1,197276.13,0
2025,15604348,Allard,710,Spain,Male,22,8,0.0,2,0,0,99645.04,0
2025,15613854,Mauldon,622,Spain,Female,46,4,107073.27,2,1,1,30984.59,1
2025,15705512,Welch,668,Germany,Female,37,6,167864.4,1,1,0,115638.29,0
2025,15698028,Duncan,506,France,Female,41,1,0.0,2,1,0,31766.3,0
2025,15627360,Fuller,432,France,Male,42,9,152603.45,1,1,0,110265.24,1
2025,15671137,MacDonald,549,France,Female,52,1,0.0,1,0,1,8636.05,1
2025,15740404,He,758,France,Female,34,3,0.0,2,1,1,124226.16,0
2025,15642004,Alekseeva,686,France,Male,25,1,0.0,2,0,1,16459.37,0
2025,15610156,Ma,637,France,Male,40,2,133463.1,1,0,1,93165.34,0
2025,15698932,Groves,756,Germany,Male,44,10,137452.09,1,1,0,189543.9,0
2025,15724944,Tien,663,France,Male,34,7,0.0,2,1,1,180427.24,0
2025,15800703,Madukwe,485,Spain,Female,21,5,113157.22,1,1,1,54141.5,0
2025,15754105,Olisanugo,650,France,Male,37,5,106967.18,1,0,0,24495.03,0
2025,15703264,Chukwufumnanya,735,France,Male,44,9,120681.63,1,1,0,74836.34,0
2025,15689044,Humphries,539,France,Male,37,2,127609.59,1,1,0,98646.22,0
2025,15709368,Milne,614,France,Female,43,6,0.0,2,1,1,109041.53,0
2025,15679145,Chou,706,Spain,Male,57,7,0.0,1,1,0,17941.16,1
2025,15589975,Maclean,646,France,Female,73,6,97259.25,1,0,1,104719.66,0
2025,15641122,Wei,684,France,Male,30,2,0.0,2,1,0,83473.82,0
2025,15630910,Treacy,800,France,Female,49,7,108007.36,1,0,0,47125.11,0
2025,15680772,Hu,721,Spain,Female,36,2,0.0,2,1,1,106977.8,0
2025,15587421,Tsai,687,Germany,Female,34,7,111388.18,2,1,0,148564.76,0
2025,15726931,Onwumelu,715,France,Female,41,8,56214.85,2,0,0,92982.61,1
2025,15777892,Samsonova,721,Germany,Male,37,3,107720.64,1,1,1,158591.12,0
2025,15600974,He,516,Spain,Male,50,5,0.0,1,0,1,146145.93,1
2025,15627801,Ginikanwa,512,Spain,Male,33,3,176666.62,1,1,0,94670.77,0
2025,15755262,McDonald,608,Spain,Female,41,3,89763.84,1,0,0,199304.74,1
2025,15679531,Collins,618,France,Male,34,5,134954.53,1,1,1,151954.39,0
2025,15594917,Miller,676,France,Female,34,1,63095.01,1,1,1,40645.81,0
2025,15568748,Poole,671,Germany,Male,45,6,99564.22,1,1,1,108872.45,1
2025,15699029,Bagley,670,France,Male,37,4,170557.91,2,1,0,198252.88,0
2025,15774393,Ch'ien,694,France,Female,30,9,0.0,2,1,1,26960.31,0
2025,15787174,Sergeyev,512,France,Female,37,1,0.0,2,0,1,156105.03,0
2025,15772896,Dumetochukwu,763,Germany,Male,42,6,100160.75,1,1,0,33462.94,1
2025,15711540,Pacheco,712,France,Female,29,2,0.0,1,1,1,144375.0,0
2025,15764866,Synnot,539,Germany,Female,43,3,116220.5,3,1,0,55803.96,1
2025,15651001,Tsao,725,Germany,Female,39,5,116803.8,1,1,0,124052.97,0
2025,15596175,McIntosh,659,Germany,Male,67,6,117411.6,1,1,1,45071.09,1
2025,15685500,Glazkov,772,Germany,Male,26,7,152400.51,2,1,0,79414.0,0
2025,15772423,Liao,739,Germany,Male,54,8,126418.14,1,1,0,134420.75,1
2025,15765297,Yao,766,Spain,Male,41,0,0.0,2,0,1,34283.23,0
2025,15750803,Jess,693,France,Female,30,6,127992.25,1,1,1,50457.2,0
2025,15713853,Ifeajuna,732,Germany,Male,42,9,108748.08,2,1,1,65323.11,0
2025,15673481,Morton,726,Spain,Female,48,6,99906.19,1,1,0,64323.24,0
2025,15686776,Rossi,557,France,Female,32,6,184686.41,2,1,0,14956.44,0
2025,15700696,Kang,738,Spain,Male,31,9,79019.8,1,1,1,18606.23,0
2025,15799217,Zetticci,791,Germany,Female,35,7,52436.2,1,1,0,161051.75,0
2025,15619955,Bevington,733,Germany,Male,34,3,100337.96,3,1,0,48559.19,1
2025,15767339,Chiazagomekpere,777,France,Female,53,10,0.0,2,1,0,189992.97,0
2025,15668893,Wilsmore,782,France,Male,39,8,0.0,2,1,1,33949.67,0
2025,15669169,Hargreaves,775,Spain,Male,29,10,0.0,2,1,1,68143.93,0
2025,15643024,Huang,479,Germany,Male,35,4,138718.92,1,1,1,47251.79,1
2025,15626144,Chu,675,France,Male,40,7,113208.86,2,1,0,34577.36,0
2025,15785819,Shao,681,France,Male,38,3,0.0,2,1,1,112491.96,0
2025,15682541,Hartley,616,Spain,Female,36,6,132311.71,1,0,0,15462.84,0
2025,15695699,Calabrese,687,France,Male,35,8,0.0,2,1,0,10334.05,0
2025,15594898,Hewitt,731,France,Male,43,2,0.0,1,1,1,170034.95,1
2025,15797960,Skinner,806,Germany,Female,59,0,135296.33,1,1,0,182822.5,0
2025,15666252,Ritchie,706,Spain,Male,42,9,0.0,2,1,1,28714.34,0
2025,15624528,L?,664,Germany,Male,26,7,116244.14,2,1,1,95145.14,0
2025,15636624,Nwabugwu,805,Spain,Female,39,5,165272.13,1,1,0,14109.85,1
2025,15745844,Kerr,642,Germany,Female,40,6,129502.49,2,0,1,86099.23,1
2025,15786170,Tien,659,France,Male,31,4,118342.26,1,0,0,161574.19,0
2025,15681081,Marrero,545,Spain,Female,47,5,0.0,2,1,1,38970.14,0
2025,15684484,White,543,France,Male,22,8,0.0,2,0,0,127587.22,0
2025,15763859,Brown,840,France,Female,43,7,0.0,2,1,0,90908.95,0
2025,15777352,Ikedinachukwu,568,Spain,Female,32,7,169399.6,1,1,0,61936.22,0
2025,15592386,Campbell,520,France,Male,58,3,0.0,2,0,1,32790.02,0
2025,15696674,Robinson,643,Germany,Female,45,2,150842.93,1,0,1,2319.96,1
2025,15706365,Bianchi,648,France,Female,50,9,102535.57,1,1,1,189543.19,0
2025,15745088,Chen,443,Germany,Female,29,9,99027.61,2,1,0,10940.4,0
2025,15676715,Madukaego,640,France,Male,68,9,0.0,2,1,1,199493.38,0
2025,15613085,Ibrahimova,628,Spain,Female,33,3,0.0,1,1,1,188193.25,0
2025,15583303,Monaldo,593,France,Female,29,2,152265.43,1,1,0,34004.44,0
2025,15611579,Sutherland,801,Spain,Male,42,4,141947.67,1,1,1,10598.29,0
2025,15759537,Bianchi,717,Germany,Male,35,7,58469.37,2,1,1,172459.39,0
2025,15667871,Kerr,572,Spain,Male,35,4,152390.26,1,1,0,128123.66,0
2025,15689294,Onyemaechi,705,Germany,Male,44,3,105934.96,1,1,0,82463.69,0
2025,15685226,Morrison,712,Germany,Female,29,7,147199.07,1,1,1,84932.4,0
2025,15785611,Onyeoruru,752,Germany,Male,38,3,183102.29,1,1,1,71557.12,0
2025,15573456,Cunningham,648,Spain,Male,46,9,127209.0,2,1,0,77405.95,1
2025,15807432,Cheng,645,Germany,Female,37,2,136925.09,2,0,1,153400.24,0
2025,15762218,Mills,701,France,Female,39,9,0.0,2,0,1,145894.9,0
2025,15646372,Outhwaite,616,France,Female,66,1,135842.41,1,1,0,183840.51,1
2025,15642291,Fontaine,685,France,Male,23,8,0.0,2,1,1,112239.03,0
2025,15692761,Pratt,718,France,Male,36,9,0.0,1,1,0,45909.87,0
2025,15578045,Mitchell,538,Spain,Female,49,9,141434.04,1,0,0,173779.25,1
2025,15745354,Franklin,611,Spain,Female,37,4,0.0,2,1,0,125696.26,0
2025,15686302,Fisk,745,Spain,Female,31,3,124328.84,1,1,1,140451.52,0
2025,15695632,Dellucci,556,France,Female,39,9,89588.35,1,1,1,94898.1,0
2025,15615624,De Salis,605,France,Female,28,6,0.0,2,0,0,159508.52,0
2025,15622834,Stevenson,678,France,Female,35,4,0.0,1,1,0,125518.32,0
2025,15566111,Estes,596,France,Male,39,9,0.0,1,1,0,48963.59,0
2025,15743040,Kuznetsova,724,Germany,Male,41,2,127892.57,2,0,1,199645.45,0
2025,15611088,Genovese,790,France,Female,31,9,0.0,2,1,0,84126.75,0
2025,15694860,Uspensky,675,France,Female,38,6,68065.8,1,0,0,138777.0,1
2025,15726631,Hilton,758,France,Female,39,6,127357.76,1,0,1,56577.0,0
2025,15747960,Eluemuno,733,France,Male,33,3,0.0,1,1,1,7666.73,0
2025,15707362,Yin,514,Germany,Male,43,1,95556.31,1,0,1,199273.98,1
2025,15662976,Lettiere,637,Spain,Male,37,8,0.0,1,1,1,186062.36,0
2025,15732778,Templeman,468,Germany,Male,29,1,111681.98,2,1,1,195711.16,0
2025,15613786,Ogbonnaya,818,Spain,Male,26,4,0.0,2,1,1,167036.94,0
2025,15663252,Olisanugo,850,Spain,Female,32,9,0.0,2,1,1,18924.92,0
2025,15591986,Johnston,621,Germany,Male,46,6,141078.37,1,0,0,34580.8,1
2025,15744398,Burns,525,France,Female,23,5,0.0,2,1,0,160249.1,0
2025,15750658,Obiuto,798,France,Male,37,8,0.0,3,0,0,110783.28,0
2025,15676519,George,615,Spain,Male,61,9,0.0,2,1,0,150227.85,1
2025,15731744,Carslaw,692,France,Male,30,2,0.0,2,0,1,130486.57,0
2025,15677020,Selezneva,570,France,Female,58,8,0.0,1,0,1,116503.92,1
2025,15714485,Udinese,774,France,Male,60,5,85891.55,1,1,0,74135.48,1
2025,15715527,Freeman,543,Spain,Female,41,4,0.0,1,0,0,194902.16,0
2025,15782236,Gibbs,735,Spain,Male,34,5,0.0,2,0,0,71095.41,0
2025,15682048,Pisano,605,France,Female,51,3,136188.78,1,1,1,67110.59,1
2025,15653547,Madukwe,850,France,Male,56,7,131317.48,1,1,1,119175.45,0
2025,15595766,Watts,527,Spain,Male,37,5,93722.73,2,1,1,139093.73,0
2025,15742358,Humphreys,696,Germany,Male,32,8,101160.99,1,1,1,115916.55,0
2025,15786063,Chin,776,France,Female,31,2,0.0,2,1,1,112349.51,0
2025,15600258,Chesnokova,701,France,Male,43,2,0.0,2,1,1,165303.79,0
2025,15694272,Nkemakolam,673,France,Male,30,1,64097.75,1,1,1,77783.35,0
2025,15592846,Fiorentini,639,Germany,Male,35,10,128173.9,2,1,0,59093.39,0
2025,15739803,Lucciano,686,Spain,Male,34,9,0.0,2,1,0,127569.8,0
2025,15762729,Ukaegbunam,745,Germany,Female,28,1,111071.36,1,1,0,73275.96,1
2025,15626578,Milne,622,France,Male,26,9,0.0,2,1,1,153237.59,0
2025,15776223,Davide,597,France,Female,42,4,64740.12,1,1,1,106841.12,0
2025,15615457,Burns,842,Spain,Female,44,2,112652.08,2,1,0,126644.98,0
2025,15708916,Paterson,587,France,Male,38,0,0.0,2,1,0,47414.15,0
2025,15763063,Price,685,Spain,Female,25,10,128509.63,1,1,0,121562.33,0
2025,15705515,Lazarev,587,Germany,Male,40,5,138241.9,2,1,0,159418.1,0
2025,15571816,Ritchie,850,Spain,Female,70,5,0.0,1,1,1,705.18,0
2025,15670080,Mackenzie,584,Germany,Female,29,7,105204.01,1,0,1,138490.03,0
2025,15665678,Tan,607,Spain,Male,36,8,158261.68,1,1,1,76744.72,0
2025,15706647,Jordan,761,France,Male,31,7,0.0,3,1,1,166698.18,0
2025,15730076,Osborne,651,France,Male,45,1,0.0,1,1,0,67740.08,1
2025,15622003,Carslaw,745,France,Male,35,9,92566.53,2,1,0,161519.77,0
2025,15644753,Hung,848,Spain,Male,40,3,110929.96,1,1,1,30876.84,0
2025,15653620,Gordon,546,France,Female,27,8,0.0,2,1,1,14858.1,0
2025,15692671,Dobson,701,Spain,Male,36,8,0.0,2,1,0,169161.46,0
2025,15737741,McKay,607,Spain,Female,33,2,108431.87,2,0,1,109291.39,1
2025,15753719,Rickards,547,Germany,Female,30,9,72392.41,1,1,0,77077.14,0
2025,15680998,Nwankwo,725,France,Male,44,5,0.0,1,1,1,117356.14,0
2025,15775153,Buchi,630,Spain,Male,32,4,82034.0,1,0,0,146326.45,0
2025,15680970,Lombardi,611,Germany,Female,41,2,114206.84,1,1,0,164061.6,0
2025,15567446,Coffman,646,Germany,Male,39,9,111574.41,1,1,1,30838.51,0
2025,15683503,Hudson,601,France,Female,43,8,0.0,3,0,1,110916.15,1
2025,15661249,Bellucci,699,France,Male,53,4,0.0,2,0,1,111307.98,0
2025,15607170,Boyle,699,France,Male,35,5,0.0,2,1,1,78397.24,0
2025,15686611,Moss,495,France,Male,30,10,129755.99,1,0,0,172749.65,0
2025,15619857,Crawford,605,France,Female,64,2,129555.7,1,1,1,13601.79,0
2025,15660271,Duncan,688,Germany,Male,26,8,146133.39,1,1,1,175296.76,0
2025,15646161,Steinhoff,673,Spain,Female,37,8,0.0,2,1,1,183318.79,0
2025,15692463,Rahman,799,Spain,Female,28,3,142253.65,1,1,0,45042.56,0
2025,15712403,McMillan,589,France,Female,61,1,0.0,1,1,0,61108.56,1
2025,15811762,Pickering,583,Germany,Female,54,6,115988.86,1,1,0,57553.98,1
2025,15718673,Mirams,839,Spain,Female,33,10,75592.43,1,1,0,62674.42,0
2025,15738181,Douglas,850,France,Male,31,6,67996.23,2,0,0,50129.87,1
2025,15633648,Jideofor,696,Spain,Female,51,5,0.0,2,1,0,55022.43,0
2025,15588350,McIntyre,744,France,Female,43,10,147832.15,1,0,1,24234.11,0
2025,15798398,Pagnotto,785,France,Female,36,4,135438.4,1,0,0,190627.01,0
2025,15569807,Ejimofor,673,France,Female,34,8,42157.08,1,1,0,20598.59,1
2025,15730830,Dale,752,France,Female,30,3,0.0,2,1,1,104991.28,0
2025,15813850,Christian,720,France,Male,52,7,0.0,1,1,1,14781.12,0
2025,15603065,Grubb,751,France,Female,30,6,0.0,2,1,0,15766.1,0
2025,15592937,Napolitani,632,Germany,Female,41,3,81877.38,1,1,1,33642.21,0
2025,15699637,Anenechi,694,Spain,Male,57,8,116326.07,1,1,1,117704.65,0
2025,15788659,Howells,695,France,Male,46,4,0.0,2,1,1,137537.22,0
2025,15725511,Wallace,559,France,Female,31,3,127070.73,1,0,1,160941.78,0
2025,15575024,Uwaezuoke,503,France,Male,29,3,0.0,2,1,1,143954.99,0
2025,15662397,Small,640,France,Female,42,5,176099.13,1,1,1,8404.73,0
2025,15674991,Kao,667,France,Male,42,9,0.0,2,0,1,58137.42,0
2025,15600337,Dobie,661,Spain,Male,42,2,178820.91,1,0,0,29358.57,1
2025,15801277,Maccallum,715,France,Female,31,2,112212.14,2,1,1,181600.72,0
2025,15579334,Watkins,769,Germany,Female,45,5,126674.81,1,1,0,124118.71,1
2025,15802741,Mitchel,625,France,Female,51,7,136294.97,1,1,0,38867.46,1
2025,15720649,Ferdinand,641,France,Female,36,5,66392.64,1,1,0,31106.67,0
2025,15620204,Walker,543,Germany,Female,57,1,106138.33,2,1,1,120657.32,1
2025,15669516,Steele,746,Spain,Male,36,2,0.0,2,1,1,16436.56,0
2025,15736534,Elkins,742,Germany,Male,33,0,181656.51,1,1,1,107667.91,0
2025,15603436,Savage,594,Spain,Female,49,2,126615.94,2,0,1,123214.74,0
2025,15566292,Okwuadigbo,574,Spain,Male,36,1,0.0,2,0,1,71709.12,0
2025,15773809,Campbell,620,France,Male,42,4,0.0,2,1,0,6232.31,0
2025,15807609,Yuan,650,Spain,Female,25,3,86605.5,3,1,0,16649.31,1
2025,15677369,Golubov,554,Germany,Female,37,4,58629.97,1,0,0,182038.6,0
2025,15804072,Chen,701,Spain,Female,42,5,0.0,2,0,0,24210.56,0
2025,15571973,Chinwemma,776,France,Female,38,2,169824.46,1,1,0,169291.7,0
2025,15673570,Olsen,580,France,Male,37,9,0.0,2,0,1,77108.66,0
2025,15767432,Ts'ai,711,France,Female,25,7,0.0,3,1,1,9679.28,0
2025,15654238,Jen,673,France,Female,40,5,137494.28,1,1,0,81753.92,0
2025,15583212,Chidozie,600,France,Female,43,5,134022.06,1,1,0,194764.83,0
2025,15677921,Bobrov,720,Germany,Male,60,9,115920.62,2,0,0,157552.08,1
2025,15724296,Kerr,684,Spain,Male,41,2,119782.72,2,0,0,120284.67,0
2025,15685329,McKenzie,531,France,Female,63,1,114715.71,1,0,1,24506.95,1
2025,15584091,Pitts,742,Germany,Female,36,2,129748.54,2,0,0,47271.61,1
2025,15640442,Standish,717,France,Male,31,4,129722.57,1,0,0,41176.6,0
2025,15639314,Cartwright,589,France,Male,32,2,0.0,2,0,1,9468.64,0
2025,15752137,McElroy,648,France,Male,33,7,134944.0,1,1,1,117036.38,0
2025,15797227,Otutodilinna,754,France,Male,28,8,0.0,2,1,1,52615.62,0
2025,15737051,Denisov,639,France,Male,27,8,0.0,2,1,0,192247.35,0
2025,15585595,Owens,774,France,Female,28,1,71264.02,2,0,1,68759.57,0
2025,15571221,Bergamaschi,747,Germany,Male,58,7,116313.57,1,1,1,190696.35,1
2025,15600739,Galkin,562,Spain,Female,35,0,0.0,2,1,0,119899.52,0
2025,15643696,Young,611,France,Male,49,3,0.0,2,1,1,142917.54,0
2025,15707473,Summers,850,Germany,Female,48,6,111962.99,1,1,0,111755.8,0
2025,15769504,Munro,743,Germany,Female,34,1,131736.88,1,1,1,108543.21,0
2025,15640280,Cameron,850,France,Male,39,4,127771.35,2,0,1,151738.54,0
2025,15613319,Rice,793,France,Female,33,0,0.0,1,0,0,175544.02,0
2025,15641655,Black,700,France,Female,26,2,0.0,2,0,0,50051.42,0
2025,15747807,Gallagher,720,France,Female,43,6,137824.03,2,1,0,172557.77,0
2025,15765311,Zhirov,642,Spain,Male,34,8,0.0,1,1,0,72085.1,0
2025,15757811,Lloyd,732,Spain,Female,69,9,137453.43,1,0,1,110932.24,1
2025,15603830,Palmer,600,Spain,Male,36,4,0.0,2,1,0,143635.36,0
2025,15660602,Ch'eng,464,Germany,Male,33,8,164284.72,2,1,1,3710.34,0
2025,15666633,Huang,758,Spain,Male,56,1,0.0,2,1,1,10643.38,0
2025,15695846,Hawkins,684,France,Female,34,6,0.0,2,1,1,130928.22,0
2025,15797964,Cameron,732,Germany,Female,29,1,154333.82,1,1,1,138527.56,0
2025,15585036,Okoli,694,Spain,Female,37,3,0.0,2,1,1,147012.22,0
2025,15727915,Artemiev,507,France,Male,36,4,83543.37,1,0,0,140134.43,0
2025,15707567,Esposito,732,Germany,Male,50,6,145338.76,1,0,0,91936.1,1
2025,15592222,Lo,505,France,Male,49,7,80001.23,1,0,0,135180.11,0
2025,15608968,Averyanov,714,Germany,Male,21,6,86402.52,2,0,0,27330.59,0
2025,15794048,Wan,667,Germany,Female,48,1,97133.92,2,0,0,113316.77,1
2025,15745012,Pettit,653,France,Female,43,6,0.0,2,1,1,7330.59,0
2025,15601589,Baresi,675,France,Female,57,8,0.0,2,0,1,95463.29,0
2025,15686436,Newbery,523,Spain,Male,32,4,0.0,2,1,0,167848.02,0
2025,15807663,McGregor,667,France,Male,43,8,190227.46,1,1,0,97508.04,1
2025,15614215,Oguejiofor,717,France,Male,53,6,0.0,2,0,1,97614.87,0
2025,15756804,O'Loghlen,636,France,Female,48,1,170833.46,1,1,0,110510.28,1
2025,15674840,Chiazagomekpere,645,France,Female,38,5,101430.3,2,0,1,4400.32,0
2025,15653762,Chidiebele,501,France,Female,39,9,117301.66,1,0,0,182025.95,0
2025,15581229,Gregory,502,Germany,Female,32,1,173340.83,1,0,1,122763.95,0
2025,15656333,Jen,574,France,Female,33,3,134348.57,1,1,0,63163.99,0
2025,15785519,May,565,France,Male,36,6,106192.1,1,1,0,149575.59,0
2025,15780140,Bellucci,435,Germany,Male,32,2,57017.06,2,1,1,5907.11,0
2025,15585255,Moore,577,France,Male,42,9,0.0,1,1,0,74077.91,0
2025,15669987,Sung,728,Germany,Female,35,8,125884.95,2,1,0,54359.02,1
2025,15697000,Mello,728,Germany,Male,32,5,61825.5,1,1,1,156124.93,0
2025,15632210,Hill,657,Germany,Male,25,2,171770.55,1,1,0,22745.5,0
2025,15642041,Burns,727,Germany,Male,40,1,93051.64,2,1,0,71865.31,1
2025,15675964,Chukwukadibia,672,France,Female,45,9,0.0,1,1,1,92027.69,1
2025,15719856,Lamb,646,France,Female,45,3,47134.75,1,1,1,57236.44,0
2025,15593773,Olejuru,784,Spain,Male,35,3,0.0,2,0,0,81483.64,0
2025,15797748,Lu,729,France,Male,44,5,0.0,2,0,1,9200.54,0
2025,15753337,Yeates,555,France,Male,51,5,0.0,3,1,0,189122.89,1
2025,15601026,Gallagher,572,Germany,Female,19,1,138657.08,1,1,1,16161.82,0
2025,15658485,Heath,785,France,Female,34,9,70302.48,1,1,1,68600.36,0
2025,15677135,Lorenzo,520,Germany,Male,61,8,133802.29,2,1,1,90304.01,0
2025,15790782,Baryshnikov,661,Spain,Male,39,6,132628.98,1,0,0,38812.67,0
2025,15737795,Scott,512,Spain,Male,36,1,0.0,1,0,1,135482.26,1
2025,15675316,Avdeeva,619,France,Female,38,3,0.0,2,0,1,116467.35,0
2025,15613630,Tang,775,France,Male,52,8,109922.61,1,1,1,96823.32,1
2025,15781465,Schofield,675,Germany,Female,29,8,121326.42,1,1,0,133457.52,0
2025,15783659,Blackburn,659,France,Male,67,4,145981.87,1,1,1,131043.2,0
2025,15630328,Bird,635,France,Female,48,8,130796.33,2,1,1,43250.3,0
2025,15785899,Ch'en,789,Germany,Male,33,8,151607.56,1,1,0,4389.4,0
2025,15671139,Brizendine,694,Spain,Male,39,0,107042.74,1,1,1,102284.2,0
2025,15660429,Ch'in,665,Spain,Female,42,2,156371.61,2,0,1,156774.94,1
2025,15571002,Yusupov,706,France,Female,44,4,129605.99,1,0,0,69865.49,0
2025,15631681,Jibunoh,807,Spain,Female,43,0,0.0,2,0,1,85523.24,0
2025,15628034,Wilder,629,France,Female,37,6,129101.3,1,1,1,23971.33,0
2025,15753831,Cox,642,Spain,Male,32,7,100433.8,1,1,1,39768.59,0
2025,15731815,Nepean,529,Spain,Male,63,4,96134.11,3,1,0,108732.96,1
2025,15589805,Benson,563,France,Female,34,6,139810.34,1,1,1,152417.79,0
2025,15641009,Wilhelm,544,France,Male,37,3,84496.71,1,0,0,79972.09,0
2025,15705620,Lu,730,France,Male,34,5,122453.37,2,1,0,138882.98,0
2025,15570060,Palerma,586,France,Female,43,8,132558.26,1,1,0,67046.83,1
2025,15624729,Tsao,594,France,Male,27,0,197041.8,1,0,0,151912.49,0
2025,15704770,Pan,773,France,Male,25,1,124532.78,2,0,1,11723.57,0
2025,15756475,Kenniff,551,Germany,Male,31,9,82293.82,2,1,1,91565.25,0
2025,15655339,Spencer,566,France,Male,36,1,142120.91,1,1,0,79616.37,0
2025,15613749,Lees,569,Spain,Male,34,0,151839.26,1,1,0,102299.81,1
2025,15664521,David,659,Spain,Male,31,7,149620.88,2,1,1,104533.51,0
2025,15810218,Sun,610,Spain,Male,29,9,0.0,3,0,1,83912.24,0
2025,15691111,Pai,648,Germany,Female,42,8,121980.56,2,1,0,4027.02,0
2025,15573086,Millar,564,France,Male,42,7,99824.45,1,1,1,36721.4,0
2025,15698442,Eberechukwu,719,Spain,Male,35,3,122964.88,1,1,1,138231.7,0
2025,15655274,Bardin,548,France,Female,29,4,0.0,2,0,1,48673.18,0
2025,15603594,Nwankwo,635,Spain,Male,24,4,0.0,2,1,1,70668.77,0
2025,15686936,McGregor,676,France,Female,37,5,89634.69,1,1,1,169583.18,1
2025,15770424,Onyeorulu,541,Germany,Male,40,7,95710.11,2,1,0,49063.42,0
2025,15600583,Garner,633,France,Male,31,1,0.0,1,1,0,48606.71,0
2025,15717164,Genovese,485,Spain,Male,32,6,102238.01,2,1,1,194010.12,0
2025,15686345,McCaffrey,828,Spain,Male,34,9,0.0,2,1,1,81853.98,0
2025,15667521,Crawford,631,France,Female,22,3,0.0,2,0,0,30781.77,0
2025,15631054,Volkova,625,France,Female,24,1,0.0,2,1,1,180969.55,0
2025,15780870,McKay,580,Spain,Male,67,3,153946.14,1,1,1,7418.92,0
2025,15570417,Chien,579,France,Male,35,1,0.0,2,1,0,4460.2,0
2025,15785980,Williford,588,Spain,Male,34,6,121132.26,2,1,0,86460.28,0
2025,15645103,Su,812,Germany,Male,25,5,54817.55,1,1,0,131660.31,0
2025,15623828,Akobundu,682,France,Male,30,4,0.0,1,0,1,161465.31,0
2025,15706186,McKenzie,640,Germany,Male,33,8,81677.22,2,0,0,34925.56,0
2025,15812197,Kline,850,France,Male,38,7,80293.98,1,0,0,126555.74,0
2025,15650933,Ma,490,Spain,Female,48,8,155413.06,1,1,0,187921.3,0
2025,15631189,Riggs,613,Germany,Male,38,9,67111.65,1,1,0,78566.64,1
2025,15762198,Capon,812,France,Male,34,5,103818.43,1,1,1,166038.27,0
2025,15692744,Davison,512,France,Male,36,4,152169.12,2,0,0,38629.3,1
2025,15688963,Ingram,731,France,Female,52,10,0.0,1,1,1,24998.75,1
2025,15599131,Dilke,650,Germany,Male,26,4,214346.96,2,1,0,128815.33,0
2025,15628674,Iadanza,844,France,Male,40,7,113348.14,1,1,0,31904.31,1
2025,15648075,Hebert,686,Germany,Female,47,5,170935.94,1,1,0,173179.79,1
2025,15625698,Dumetochukwu,624,Spain,Female,23,6,0.0,2,0,1,196668.51,0
2025,15729832,Cheng,658,France,Male,29,3,145512.84,1,1,0,20207.02,0
2025,15589195,Bluett,766,Germany,Female,38,7,130933.74,1,0,1,2035.94,0
2025,15699911,Chapman,461,Spain,Female,35,8,0.0,1,1,0,132295.95,0
2025,15646513,Spyer,803,France,Male,42,5,0.0,1,1,0,196466.83,1
2025,15649744,Fallaci,628,France,Female,51,3,123981.31,2,1,1,40546.15,0
2025,15784092,Henderson,732,France,Male,36,7,126195.81,1,1,1,133172.48,0
2025,15724127,McLean,790,France,Female,26,4,141581.71,2,0,0,98309.27,0
2025,15768201,Paterson,850,France,Female,39,2,148586.64,1,1,1,176791.27,0
2025,15589358,Stanley,848,Germany,Male,31,4,90018.45,2,1,0,193132.98,0
2025,15789955,Hu,698,Germany,Male,56,1,112414.81,2,0,0,93982.02,1
2025,15627305,Pan,606,Spain,Male,35,7,0.0,1,1,0,106837.06,1
2025,15645316,Han,612,Germany,Female,58,1,149641.53,1,1,1,115161.28,0
2025,15762110,Anderson,628,France,Male,37,0,0.0,2,1,1,171707.93,0
2025,15706899,Ma,559,France,Male,34,4,0.0,2,1,1,66721.98,0
2025,15614220,Benson,750,France,Male,22,5,0.0,2,0,1,105125.65,0
2025,15698510,Onwudiwe,468,Germany,Male,42,9,181627.14,2,1,0,172668.39,0
2025,15605965,Henderson,630,France,Male,43,9,0.0,2,1,1,34338.04,0
2025,15616529,Hsieh,613,Spain,Male,34,3,0.0,1,1,1,41724.72,0
2025,15722993,Page,700,France,Female,27,6,137963.07,1,0,0,8996.79,0
2025,15766887,Iadanza,538,Spain,Male,39,2,122773.5,2,1,1,58467.08,0
2025,15723907,Lawless,712,Germany,Female,49,5,154776.42,2,0,0,196257.68,0
2025,15702430,Ignatyeva,548,France,Female,35,10,0.0,1,1,1,31299.71,0
2025,15650351,Millar,653,France,Female,38,8,102133.38,1,1,1,166520.96,0
2025,15640454,Parkhill,693,Germany,Male,40,0,120711.73,1,0,0,27345.18,1
2025,15651369,Wright,626,France,Male,21,1,0.0,2,1,0,66232.23,0
2025,15814032,Hsieh,807,Germany,Female,31,1,93460.47,2,0,0,172782.69,0
2025,15755649,Winter-Irving,584,Germany,Male,47,7,130538.77,1,1,0,92915.84,0
2025,15686909,Lung,639,Germany,Male,27,3,150795.81,1,0,1,85208.93,0
2025,15678058,Ayers,584,France,Male,38,9,104584.16,1,1,0,176678.72,0
2025,15724334,Alekseyeva,529,France,Male,22,5,0.0,1,1,0,151169.83,0
2025,15724307,Mitchell,780,France,Male,76,10,121313.88,1,0,1,64872.33,0
2025,15599268,Yobachi,584,Spain,Male,32,5,0.0,2,1,0,10956.82,0
2025,15674148,Milanesi,579,Spain,Male,33,6,0.0,1,1,0,94993.04,1
2025,15730038,Docherty,706,France,Female,23,5,0.0,1,0,0,164128.41,1
2025,15607598,Muravyov,575,Spain,Female,31,6,0.0,2,1,1,95686.42,0
2025,15660422,Chung,569,France,Male,28,7,0.0,2,1,0,73977.23,0
2025,15617934,Septimus,579,France,Male,36,9,129829.59,1,1,1,60906.12,0
2025,15760774,Hargraves,519,France,Female,21,1,146329.57,2,1,1,194867.27,0
2025,15593331,Sidorov,693,Germany,Male,25,6,146580.69,1,0,1,14633.35,0
2025,15721189,Kung,666,France,Female,66,7,0.0,2,1,1,99792.82,0
2025,15770030,Conti,689,Spain,Female,28,3,0.0,2,1,1,192449.02,0
2025,15803681,Sims,803,France,Female,26,4,0.0,2,1,1,181208.47,0
2025,15658306,Lo,693,France,Male,68,4,97705.99,1,1,1,61569.07,0
2025,15781989,Drake-Brockman,733,France,Male,42,9,120094.93,1,1,0,184056.45,0
2025,15662291,Davidson,534,France,Female,55,8,116973.26,3,1,0,122066.5,1
2025,15749050,Justice,548,France,Female,36,3,0.0,1,1,0,65996.9,0
2025,15781586,Osonduagwuike,837,Germany,Male,38,2,126732.85,1,1,1,79577.38,0
2025,15625916,Chien,562,Spain,Male,32,6,161628.66,1,1,0,91482.5,0
2025,15690182,Kapustin,635,Germany,Male,37,5,113488.68,1,1,0,95611.74,1
2025,15634896,Grant,521,France,Female,39,6,0.0,2,0,1,27375.15,0
2025,15609510,Gregory,669,France,Male,45,7,149364.58,1,0,1,173454.07,0
2025,15742229,Mackay,583,France,Male,59,7,127450.14,1,0,1,67552.71,0
2025,15590993,Findlay,579,Spain,Male,37,5,152212.88,2,0,0,120219.14,0
2025,15813917,Kirk,653,Germany,Male,31,9,143321.97,1,1,0,83679.46,0
2025,15679611,Andrews,734,Spain,Female,37,2,130404.92,1,0,0,34548.74,0
2025,15803365,Coffee,653,Spain,Male,55,2,70263.83,1,0,1,62347.71,0
2025,15795166,Creswell,618,Germany,Male,42,8,153572.31,2,1,1,76679.6,0
2025,15724620,Dodds,538,France,Male,37,1,134752.08,1,1,0,162511.55,0
2025,15800856,Ewen,643,Spain,Male,34,3,83132.09,1,1,1,21360.88,0
2025,15749004,Tsao,718,France,Female,31,0,118100.59,2,1,0,103165.15,0
2025,15709117,Fanucci,823,Spain,Female,46,3,81576.75,1,1,1,28370.95,1
2025,15662294,Bennett,710,France,Male,33,10,118327.17,2,1,1,192928.82,0
2025,15750497,Longo,850,France,Female,37,7,153147.75,1,1,1,152235.3,0
2025,15596181,Kwemto,542,France,Male,38,8,65942.26,1,1,1,68093.23,1
2025,15808689,Morres,850,France,Female,31,4,0.0,2,1,1,33082.81,0
2025,15765537,Liang,687,Germany,Male,26,2,142721.52,1,1,1,153605.75,0
2025,15682773,Hayward,781,France,Female,38,3,128345.69,2,1,0,63218.85,0
2025,15575417,Chou,849,Germany,Male,37,7,143452.74,2,1,1,17294.12,0
2025,15734942,Nnamutaezinwa,539,Germany,Female,38,8,82407.51,1,1,0,13123.41,0
2025,15682563,Larionova,618,Spain,Male,38,5,126473.99,1,1,0,91972.49,0
2025,15609824,Fedorov,794,France,Female,41,7,176845.41,3,1,0,166526.26,1
2025,15640268,Avdeeva,652,Spain,Male,71,4,0.0,1,1,1,120107.1,0
2025,15645778,Reid,670,Spain,Male,42,3,81589.04,1,1,0,188227.8,0
2025,15576162,King,615,France,Male,32,7,92199.84,1,1,1,2755.53,0
2025,15623644,Frolov,626,Spain,Male,29,7,0.0,2,1,0,49361.84,0
2025,15689514,Kang,625,France,Male,43,8,201696.07,1,1,0,133020.9,1
2025,15627232,Jibunoh,608,Germany,Male,44,7,114203.47,1,1,1,77830.36,1
2025,15745843,Kinlaw,689,Spain,Female,31,4,0.0,2,1,1,136610.02,0
2025,15587233,Donoghue,457,France,Male,41,8,73700.12,3,1,1,185750.02,1
2025,15808228,Tuan,768,Spain,Female,44,6,60603.4,1,1,1,178045.97,0
2025,15743067,Fuller,625,Germany,Male,26,3,130483.95,1,1,0,122810.53,0
2025,15617982,Pirozzi,661,Spain,Female,42,3,0.0,2,1,0,35989.41,0
2025,15704586,Osonduagwuike,758,France,Female,42,7,0.0,2,0,1,76209.56,0
2025,15674526,Byrne,725,France,Male,66,4,86459.8,1,1,1,141476.56,0
2025,15775295,McIntyre,630,France,Female,40,0,118633.08,1,0,1,60032.46,1
2025,15684196,Aitken,627,France,Female,55,2,159441.27,1,1,0,100686.11,1
2025,15727281,Macintyre,653,France,Female,27,9,0.0,2,1,0,96429.29,0
2025,15582180,Lees,561,France,Male,29,9,120268.13,1,1,1,173870.39,0
2025,15697095,Zetticci,705,Spain,Male,46,7,0.0,2,1,0,117273.35,0
2025,15721487,Pirogova,739,France,Female,27,6,0.0,1,1,1,57572.38,0
2025,15797276,Sturt,662,Spain,Female,41,4,90350.77,1,1,0,75884.65,1
2025,15814268,Franklin,444,France,Female,40,5,84350.07,1,1,0,143835.76,0
2025,15794874,Quinones,696,Spain,Male,41,9,127523.75,1,0,1,191417.42,0
2025,15794560,Maclean,550,France,Male,57,5,0.0,1,1,1,133501.94,0
2025,15809772,Glover,667,France,Male,48,2,0.0,1,1,0,43229.2,0
2025,15596021,K?,598,Spain,Male,44,8,0.0,2,1,0,148487.9,0
2025,15796334,Chukwualuka,558,Germany,Male,39,10,144757.02,1,1,0,22878.16,1
2025,15796179,Moore,683,France,Male,43,8,0.0,1,1,0,96754.8,0
2025,15697311,Nebechukwu,697,Spain,Male,56,5,110802.03,1,1,1,50230.31,1
2025,15726556,Macgroarty,594,Germany,Female,26,6,135067.52,2,0,0,131211.86,0
2025,15571778,Trentini,817,France,Female,55,10,117561.49,1,1,0,95941.55,1
2025,15657085,Gardiner,578,France,Male,23,10,88980.32,1,1,1,125222.36,0
2025,15650391,Wallace,633,France,Female,29,7,169988.35,1,1,0,4272.0,0
2025,15630725,Johnson,649,France,Female,45,5,92786.66,1,1,0,173365.9,1
2025,15583748,McGuigan,592,Spain,Male,38,8,0.0,2,1,0,180426.2,0
2025,15607713,Kaeppel,850,Spain,Female,29,1,0.0,2,1,1,197996.65,0
2025,15626710,Yudina,642,France,Female,39,4,0.0,1,1,1,76821.24,0
2025,15744517,Esposito,735,Spain,Male,50,9,0.0,1,0,0,166677.35,1
2025,15580845,Chienezie,685,Germany,Male,57,7,101868.51,1,0,1,113483.96,0
2025,15590146,Mao,630,France,Male,50,1,81947.76,1,0,1,63606.22,1
2025,15701200,Lucciano,576,France,Male,36,6,0.0,2,1,1,48314.0,0
2025,15812071,Endrizzi,744,France,Male,54,6,93806.31,2,0,1,140068.77,0
2025,15591130,Medvedev,507,Spain,Female,29,6,0.0,2,0,1,94780.9,0
2025,15751531,Shaw,598,Spain,Male,41,8,0.0,2,1,1,161954.43,0
2025,15653595,Ts'ai,796,France,Male,51,6,0.0,2,0,1,194733.28,0
2025,15568360,Rolon,569,Spain,Female,41,4,139840.36,1,1,1,163524.7,0
2025,15597131,Fu,415,France,Male,32,5,145807.59,1,1,1,3064.65,0
2025,15697283,Mackenzie,578,Spain,Male,23,8,0.0,2,1,0,112124.98,0
2025,15715031,Davidson,600,France,Female,28,6,0.0,2,0,1,52193.23,0
2025,15732448,Stewart,821,France,Female,28,8,0.0,1,1,1,36754.13,0
2025,15605950,Onwuamaeze,530,Germany,Male,23,1,137060.88,2,1,1,165227.23,0
2025,15690678,Brooks,530,France,Female,33,4,129307.32,1,1,1,172930.28,0
2025,15584364,Trentini,652,France,Male,48,4,59486.31,1,1,0,163944.18,1
2025,15709994,Gallo,658,France,Female,40,7,140596.95,1,0,1,135459.02,1
2025,15634281,P'an,720,Germany,Female,43,10,110822.9,1,0,0,72861.94,0
2025,15683124,Evans,713,France,Male,53,6,115029.4,1,0,0,191521.32,1
2025,15615012,Fan,594,France,Male,23,5,156267.59,1,1,0,160968.44,0
2025,15623560,Onyekachukwu,668,France,Female,35,6,102482.76,1,1,1,53994.64,0
2025,15576714,Manna,687,Spain,Female,21,8,0.0,2,1,1,154767.34,0
2025,15576517,Everingham,445,Germany,Female,34,7,131082.17,2,1,1,70618.0,0
2025,15692002,Skelton,538,France,Male,33,6,93791.38,1,1,1,199249.29,0
2025,15631813,Beneventi,621,France,Male,39,6,0.0,2,1,1,58883.91,0
2025,15576676,Serrano,706,Germany,Female,28,6,124923.35,2,1,1,50299.14,0
2025,15594404,Bevan,834,France,Female,49,8,160602.25,2,1,0,129273.94,0
2025,15751158,Mashman,571,France,Female,42,4,108825.34,3,1,0,55558.51,1
2025,15695129,Milanesi,718,France,Female,31,1,152663.77,1,0,1,17128.64,0
2025,15640865,Romano,636,Germany,Female,31,9,80844.69,2,1,1,74641.9,0
2025,15648721,Hsueh,711,France,Male,64,4,0.0,2,1,1,3185.67,0
2025,15674811,Kellway,739,Germany,Male,29,3,59385.98,2,1,1,105533.96,0
2025,15770309,McDonald,656,France,Male,18,10,151762.74,1,0,1,127014.32,0
2025,15783955,Miah,697,France,Female,25,4,165686.11,2,1,0,15467.98,0
2025,15630321,Hu,680,France,Male,44,3,0.0,2,1,0,86935.08,0
2025,15755868,Farmer,562,France,Male,35,7,0.0,1,0,0,48869.67,0
2025,15718944,Artemiev,573,France,Female,37,6,0.0,2,1,0,193995.37,0
2025,15571550,Dore,699,France,Male,39,9,0.0,1,1,0,80963.92,0
2025,15723053,T'ang,504,Germany,Male,32,8,170291.22,2,0,1,15658.99,0
2025,15661528,Ashbolt,583,Spain,Male,47,5,102562.23,1,1,0,92708.1,0
2025,15754177,Bazarova,712,Spain,Male,53,2,111061.01,2,0,0,26542.17,0
2025,15600110,Endrizzi,506,Germany,Female,41,3,57745.76,1,1,0,4035.46,0
2025,15651533,Brown,570,Germany,Female,50,5,129293.74,1,1,0,177805.44,1
2025,15655574,Okeke,698,Germany,Female,40,8,150777.1,1,1,0,114732.62,0
2025,15585067,Wilson,634,Spain,Male,31,9,108632.48,1,1,1,179485.96,1
2025,15633233,McFarland,500,France,Male,56,1,100374.58,1,1,0,118490.8,1
2025,15663441,Golibe,700,Germany,Female,40,4,148571.07,1,1,0,189826.96,1
2025,15791991,Udinesi,773,France,Male,52,4,0.0,1,0,1,144113.42,0
2025,15718247,Hayden,606,Spain,Female,46,8,0.0,2,1,1,183717.94,0
2025,15755722,H?,554,France,Male,24,10,0.0,1,0,0,92180.62,0
2025,15675896,Gough,680,Germany,Female,42,7,105722.69,1,1,1,90558.24,1
2025,15569178,Kharlamov,570,France,Female,18,4,82767.42,1,1,0,71811.9,0
2025,15731478,Nicholls,712,France,Female,42,1,87842.98,1,0,0,92223.59,0
2025,15662758,Watson,620,France,Male,41,0,97925.11,1,1,0,85000.32,0
2025,15713826,Ferguson,613,Germany,Female,20,0,117356.19,1,0,0,113557.7,1
2025,15570205,Tao,682,Spain,Male,36,5,0.0,2,1,1,147758.51,0
2025,15589348,Le Grand,850,Spain,Male,37,4,137204.77,1,1,1,28865.59,0
2025,15700854,Cunningham,595,Spain,Male,35,8,0.0,1,1,0,100015.79,1
2025,15689612,Pirozzi,554,Spain,Female,34,8,0.0,1,0,1,106981.03,0
2025,15807595,Ijendu,485,Germany,Male,51,7,144244.59,2,1,0,51113.14,0
2025,15739054,Y?,654,France,Female,29,4,96974.97,1,0,1,141404.07,0
2025,15732832,Jideofor,707,France,Female,40,5,0.0,2,1,0,41052.82,0
2025,15713843,Kao,850,Spain,Male,30,2,0.0,2,0,1,27937.12,0
2025,15744983,Burgmann,712,Spain,Male,47,1,139887.01,1,1,1,95719.73,0
2025,15778025,Dellucci,685,Germany,Male,43,9,108589.47,2,0,1,194808.51,0
2025,15799479,Coles,809,Spain,Male,33,9,0.0,1,1,1,124045.65,0
2025,15746970,Townsend,760,Spain,Female,57,1,0.0,2,1,1,25101.17,0
2025,15612627,Ozuluonye,627,Germany,Male,29,5,139541.58,2,1,0,80607.33,0
2025,15574879,Wright,631,Germany,Female,37,2,121801.72,2,0,1,23146.62,0
2025,15734491,Lombardo,676,Spain,Female,36,4,0.0,2,1,1,3173.31,0
2025,15752508,Docherty,614,Germany,Male,32,7,99462.8,2,1,1,51117.06,0
2025,15808846,Horton,672,Germany,Female,21,3,165878.76,2,1,1,164537.17,0
2025,15727251,Vincent,642,France,Male,30,8,117494.27,1,0,0,61977.82,0
2025,15578603,Alexeieva,584,Germany,Female,54,1,77354.37,1,0,0,138192.98,1
2025,15703820,Endrizzi,552,France,Male,42,9,133701.07,2,1,0,101069.71,1
2025,15569410,Tang,601,Germany,Female,33,7,114430.18,2,1,1,153012.13,0
2025,15777639,McGregor,595,Spain,Female,23,10,101126.66,2,0,0,37042.8,0
2025,15704763,Kozlova,523,Germany,Female,39,1,143903.11,1,1,1,118711.75,1
2025,15757646,Olague,584,France,Male,35,9,0.0,2,1,0,192381.21,0
2025,15796313,Olsen,662,France,Female,36,4,166909.2,2,1,0,138871.12,1
2025,15815660,Mazzi,758,France,Female,34,1,154139.45,1,1,1,60728.89,0
2025,15602844,Niu,717,France,Male,38,7,97459.06,1,0,0,189175.71,0
2025,15636238,Graham,611,France,Male,40,1,0.0,2,1,1,102547.56,0
2025,15645543,Bell,636,France,Female,34,3,0.0,2,1,1,44756.25,0
2025,15633260,Dumetochukwu,600,France,Male,37,1,142663.46,1,0,1,88669.89,0
2025,15748947,Chukwuraenye,657,France,Female,41,5,95858.37,1,1,1,68255.88,0
2025,15771636,Marshall,793,Spain,Female,36,0,0.0,1,0,0,148993.47,0
2025,15753549,Dubinina,669,France,Male,25,1,157848.53,1,0,0,37543.93,1
2025,15746451,Barry,686,Spain,Male,41,7,102749.72,1,0,1,194913.86,0
2025,15677173,Law,555,France,Male,37,9,124969.13,1,1,0,60194.05,0
2025,15610446,Chinedum,714,France,Female,51,4,88308.87,3,0,0,5862.53,1
2025,15779247,Pai,683,Spain,Female,24,8,98567.1,1,1,0,187987.01,0
2025,15605263,Chin,552,France,Male,33,5,140931.57,1,0,1,10921.5,0
2025,15592994,Zikoranachidimma,651,France,Female,65,0,0.0,2,1,1,190454.04,0
2025,15613471,Wiley,579,Germany,Male,31,2,90547.48,2,1,1,18800.13,0
2025,15752816,Murray,531,France,Male,29,3,114590.58,1,0,0,75585.48,0
2025,15621432,Lee,630,Spain,Male,35,1,0.0,2,0,0,186826.22,0
2025,15711219,Jennings,788,Germany,Female,57,8,93716.72,1,1,1,180150.49,1
2025,15573893,Barry,569,Germany,Male,25,9,173459.45,2,1,1,44381.06,0
2025,15740104,Tuan,425,Spain,Female,22,7,169649.73,2,0,1,136365.0,1
2025,15792649,Patterson,547,Spain,Female,31,9,0.0,2,0,0,99294.22,0
2025,15802478,Spring,767,Spain,Male,31,6,0.0,2,1,1,195668.0,0
2025,15758813,Campbell,350,Germany,Male,39,0,109733.2,2,0,0,123602.11,1
2025,15788539,Foxall,501,France,Female,34,3,107747.57,1,1,0,9249.36,0
2025,15769346,Baird,587,France,Female,36,1,134997.49,2,1,0,44688.08,0
2025,15812338,Sopuluchukwu,485,Spain,Female,30,7,0.0,1,1,0,107067.37,0
2025,15573741,Aliyeva,698,Spain,Male,38,10,95010.92,1,1,1,105227.86,0
2025,15633574,Montes,730,France,Female,41,4,167545.32,1,1,0,128246.81,0
2025,15711455,Kuo,740,Germany,Female,36,4,109044.6,1,0,0,94554.74,1
2025,15570601,Cheng,785,France,Female,47,9,122031.55,1,1,1,33823.5,1
2025,15786852,Nwachukwu,565,Germany,Female,38,2,158651.29,2,1,1,179445.28,0
2025,15636572,Christmas,760,France,Female,32,7,0.0,2,1,1,105969.05,0
2025,15574947,Cartwright,656,France,Male,36,8,97786.08,2,0,1,21478.36,0
2025,15763055,Onuchukwu,572,Spain,Male,31,5,98108.79,1,0,1,119996.95,0
2025,15713479,Ozuluonye,656,France,Male,35,6,0.0,2,1,0,1485.27,0
2025,15663830,De Luca,563,Spain,Male,32,6,0.0,2,1,1,19720.08,0
2025,15680918,Freeman,613,Spain,Male,34,8,117300.02,1,1,0,139410.08,0
2025,15649418,Krylov,776,France,Female,29,7,178171.04,2,1,1,115818.51,0
2025,15604588,Li Fonti,850,Spain,Female,38,3,0.0,2,0,1,179360.76,0
2025,15629078,Matthias,850,Germany,Female,45,5,127258.79,1,1,1,192744.23,1
2025,15806880,Boyle,627,Spain,Female,30,6,0.0,1,1,1,113408.47,0
2025,15754999,Ch'eng,570,France,Female,33,8,0.0,1,1,1,124641.42,0
2025,15677382,Miller,625,Spain,Female,69,1,107569.96,1,1,1,182336.45,0
2025,15608387,Fu,786,France,Female,29,4,0.0,2,1,0,103372.79,0
2025,15626983,Ledford,605,Spain,Female,48,6,0.0,2,1,1,40062.99,0
2025,15811261,Alaniz,617,Spain,Male,42,0,70105.87,1,1,1,120830.73,0
2025,15750264,Pinto,757,Germany,Male,30,6,105128.85,2,1,1,62972.13,0
2025,15699772,Barclay,428,Germany,Female,40,3,129248.11,2,1,0,72876.43,1
2025,15757931,Fang,804,France,Male,24,3,0.0,2,1,0,173195.33,0
2025,15647782,Brown,729,Germany,Male,36,8,152899.24,2,1,0,177130.33,0
2025,15623791,Padovesi,632,Spain,Female,40,3,109740.62,1,1,0,141896.74,0
2025,15627262,Soto,536,Germany,Male,23,6,92366.72,2,1,0,120661.71,0
2025,15652693,Greco,573,France,Female,26,4,129109.02,1,0,0,149814.68,1
2025,15815560,Bogle,666,Germany,Male,74,7,105102.5,1,1,1,46172.47,0
2025,15594902,Lombardi,518,France,Male,38,3,90957.81,1,0,1,162304.59,0
2025,15799710,Wei,739,France,Male,37,7,104960.46,1,0,1,80883.82,0
2025,15681562,Trevisan,516,France,Female,43,2,112773.73,2,1,1,139366.58,0
2025,15615456,Aleksandrova,680,France,Female,37,10,123806.28,1,1,0,81776.84,1
2025,15675190,Chia,623,France,Male,21,10,0.0,2,0,1,135851.3,0
2025,15737506,Tretiakova,645,France,Male,42,6,0.0,1,0,0,149807.01,0
2025,15780514,Fuller,707,France,Male,33,8,136678.52,1,1,0,54290.62,0
2025,15623647,Dellucci,655,Spain,Female,36,1,135515.76,1,1,0,86013.96,0
2025,15598088,Ni,559,Spain,Male,25,5,0.0,2,1,1,163221.22,0
2025,15671930,H?,717,France,Female,36,5,0.0,2,1,1,145551.6,0
2025,15762268,Hancock,666,France,Female,41,10,141162.08,1,1,0,50908.48,0
2025,15679283,Parkhill,694,France,Female,33,4,129731.64,2,1,0,178123.86,0
2025,15694192,Nwankwo,598,Spain,Female,38,6,0.0,2,0,0,173783.38,0
2025,15775880,McElyea,554,France,Female,30,9,0.0,2,1,1,40320.3,0
2025,15627876,Pavlova,719,Spain,Female,47,9,116393.59,1,1,0,63051.32,1
2025,15772601,Lu,845,Germany,Female,41,2,81733.74,2,0,0,199761.29,0
2025,15775803,Cawker,841,Spain,Male,41,1,0.0,2,0,1,193093.77,0
2025,15570859,Froggatt,626,Germany,Male,36,2,181671.16,2,1,1,57531.14,0
2025,15666055,Rowe,705,France,Female,49,7,0.0,1,1,0,63405.2,1
2025,15624781,Mbanefo,672,France,Female,34,1,142151.75,2,1,1,168753.34,0
2025,15779497,Ts'ai,603,France,Male,43,5,127823.93,1,1,1,19483.35,0
2025,15613656,Lombardi,842,France,Male,58,1,63492.94,1,1,1,83172.19,0
2025,15799350,Mao,632,France,Male,41,0,106134.46,1,0,1,105570.39,0
2025,15732917,Li,729,Germany,Male,46,5,117837.43,1,1,0,104016.61,1
2025,15612050,Castiglione,556,Spain,Female,48,8,168522.37,1,1,1,151310.16,0
2025,15679024,Udinesi,553,France,Male,32,3,116324.53,1,1,0,77304.49,0
2025,15731890,Chukwukere,601,France,Male,41,1,123971.16,1,0,1,172814.99,0
2025,15603088,Rossi,451,Spain,Female,23,9,0.0,2,0,1,48021.71,0
2025,15606613,Samson,655,France,Female,59,7,0.0,1,1,0,88958.49,1
2025,15658716,Banks,667,Germany,Female,37,5,92171.35,3,1,0,178106.34,1
2025,15679909,Pugliesi,665,Spain,Male,41,8,0.0,2,1,0,132152.32,0
2025,15678146,Wong,668,Spain,Female,24,7,173962.32,1,0,0,106457.11,1
2025,15642544,Henderson,723,France,Male,34,5,0.0,2,0,1,12092.03,0
2025,15566494,Fang,487,France,Male,45,2,0.0,2,1,0,77475.73,0
2025,15814536,Conti,549,France,Male,37,2,112541.54,2,0,0,47432.43,0
2025,15771702,Roberts,567,France,Female,35,5,166118.45,2,1,0,127827.18,0
2025,15723008,Lo Duca,720,France,Female,45,1,102882.4,2,1,1,35633.15,1
2025,15797160,Glover,492,France,Female,49,8,0.0,1,1,1,182865.09,1
2025,15792222,Johnstone,712,France,Female,37,1,106881.5,2,0,0,169386.81,0
2025,15577078,Zakharov,539,Spain,Male,38,6,0.0,1,1,1,152880.07,1
2025,15747980,Cattaneo,737,Spain,Male,38,6,146282.79,2,1,0,198516.2,0
2025,15724443,Taylor,703,Germany,Female,29,3,122084.63,1,0,1,82824.08,0
2025,15569503,Yeh,765,France,Male,44,6,0.0,2,1,1,159899.97,0
2025,15581840,DeRose,626,France,Male,33,8,0.0,2,1,0,138504.28,0
2025,15772262,Vavilov,545,Germany,Male,37,9,110483.86,1,1,1,127394.67,0
2025,15697214,Korovin,686,Spain,Female,36,5,0.0,2,1,1,152979.14,0
2025,15573309,Ward,626,Spain,Female,48,2,0.0,2,1,1,95794.98,0
2025,15805303,Olisanugo,661,Germany,Male,44,1,141136.62,1,1,0,189742.78,1
2025,15784736,Jamieson,562,France,Male,45,6,136855.24,1,1,0,46864.0,0
2025,15617617,Stewart,811,Spain,Male,39,7,0.0,2,1,1,177519.39,0
2025,15687477,Thompson,594,Germany,Male,28,5,185013.02,1,1,0,16481.12,0
2025,15602551,Johnson,667,Spain,Male,39,9,0.0,2,1,0,68873.8,0
2025,15757916,Amaechi,600,France,Female,38,9,0.0,2,1,1,58855.85,0
2025,15689168,Munro,531,Spain,Male,37,1,143407.29,2,0,1,84402.46,0
2025,15802351,Beers,755,Germany,Female,33,6,90560.3,2,1,1,42607.69,0
2025,15615096,Costa,492,France,Female,31,7,0.0,2,1,1,49463.44,0
2025,15659931,Ibezimako,637,Germany,Female,55,1,123378.2,1,1,0,81431.99,1
2025,15686255,Mouzon,738,Germany,Male,35,6,101744.84,1,0,0,85185.44,0
2025,15671609,Ibeabuchi,701,France,Male,44,7,0.0,2,1,0,23425.78,0
2025,15651554,Anenechukwu,618,Germany,Female,54,4,118449.21,1,1,1,133573.29,1
2025,15777923,Johnston,544,France,Female,45,6,0.0,2,0,1,151401.33,0
2025,15757568,Bogolyubov,704,France,Female,45,6,0.0,1,1,1,137739.45,0
2025,15621893,Bellucci,727,France,Male,18,4,133550.67,1,1,1,46941.41,0
2025,15588219,Ford,850,France,Female,38,1,106871.81,2,1,0,29333.01,0
2025,15765518,Gregson,643,France,Female,51,2,105229.53,1,1,0,34967.75,1
2025,15758372,Wallace,674,France,Male,18,7,0.0,2,1,1,55753.12,1
2025,15612109,Speth,819,France,Male,38,9,122334.26,2,1,1,181507.44,0
2025,15811842,Artemyeva,630,Spain,Male,26,7,0.0,2,1,1,6656.64,0
2025,15762138,Hu,608,France,Male,42,5,0.0,2,1,0,178504.29,0
2025,15641835,Anderson,683,France,Male,72,3,140997.26,1,0,1,52876.41,0
2025,15586821,Bellew,727,France,Male,28,5,0.0,2,0,1,19653.08,0
2025,15793842,Krichauff,700,France,Female,34,2,76322.69,1,1,0,128136.29,0
2025,15747174,Hao,526,Germany,Male,58,9,190298.89,2,1,1,191263.76,0
2025,15787459,Parkes,745,Spain,Male,40,3,88466.82,1,0,0,116331.42,0
2025,15762902,Stanley,649,France,Female,42,7,0.0,2,0,1,22974.01,0
2025,15609998,Okwudilichukwu,700,Germany,Female,59,5,137648.41,1,1,0,142977.05,1
2025,15761763,Jamieson,845,France,Male,33,8,164385.53,1,1,0,150664.97,0
2025,15764409,Goodman,613,France,Male,37,9,108286.5,1,1,1,114153.44,0
2025,15791700,Ugochukwutubelum,773,Germany,Male,47,2,118079.47,4,1,1,143007.49,1
2025,15573876,Chia,473,Spain,Male,48,8,0.0,2,1,0,71139.8,0
2025,15641114,Power,701,France,Male,37,8,130091.5,1,1,1,120031.29,0
2025,15672598,Walker,613,Spain,Male,30,9,111927.45,1,1,1,175795.87,0
2025,15762803,Innes,509,France,Male,31,3,0.0,2,1,0,15360.91,0
2025,15812982,Francis,509,Spain,Male,38,2,0.0,1,0,0,168460.12,0
2025,15641850,Pethard,717,France,Male,40,0,98241.04,1,1,0,110887.14,0
2025,15627484,Obielumani,686,France,Female,47,5,113328.93,1,1,0,124170.9,0
2025,15610056,Dufresne,631,Germany,Female,34,6,125227.82,2,0,1,128247.03,0
2025,15806049,Lee,714,Germany,Female,49,5,140510.89,1,1,0,141914.94,0
2025,15623277,Ross,696,France,Female,30,8,0.0,2,1,1,196134.44,0
2025,15808784,Hess,835,France,Male,28,2,163569.61,2,1,1,154559.28,0
2025,15780038,Paterson,756,Spain,Male,38,6,119208.85,1,1,0,169763.89,1
2025,15785485,Zhou,595,Germany,Female,41,2,138878.81,1,0,1,112269.67,0
2025,15681506,Lane,478,Spain,Male,43,1,0.0,2,1,1,197916.43,0
2025,15630551,Forbes,696,France,Male,33,2,163139.27,1,1,1,7035.36,0
2025,15698349,Davy,686,Spain,Female,35,4,0.0,2,1,1,159676.55,0
2025,15734628,Lysaght,623,France,Female,35,5,0.0,2,1,0,101192.08,0
2025,15666823,Nebechi,425,France,Male,39,4,0.0,2,1,0,197226.32,0
2025,15613097,Kao,605,France,Female,33,4,0.0,2,0,1,83700.66,0
2025,15808044,Ts'ui,580,France,Female,65,9,106804.26,3,1,0,107890.69,1
2025,15582960,Short,473,France,Female,33,5,125827.43,1,0,1,145698.73,0
2025,15590730,Hunt,745,Spain,Male,34,9,0.0,2,1,0,50046.25,0
2025,15778320,Teng,848,Germany,Female,40,5,148495.64,1,0,0,158853.98,0
2025,15783615,Ramos,630,Germany,Male,50,3,129370.91,4,1,1,47775.34,1
2025,15789097,Keeley,644,France,Male,48,8,0.0,2,0,1,44965.54,1
2025,15674880,Archer,658,Spain,Male,50,2,0.0,2,1,0,52137.73,0
2025,15801265,Tang,689,Spain,Female,45,0,57784.22,1,1,0,197804.0,1
2025,15664543,Shaw,699,France,Male,40,7,0.0,1,0,1,152876.13,1
2025,15797595,Greenhalgh,709,France,Female,40,9,131569.63,1,1,1,103970.58,0
2025,15732020,Rutherford,610,Germany,Male,57,6,106938.11,2,0,1,186612.47,0
2025,15700353,Evans,662,France,Female,37,6,0.0,2,1,0,51229.17,0
2025,15775888,McDonald,593,Germany,Female,38,5,85626.6,1,1,1,125079.65,0
2025,15709928,Niu,567,Spain,Female,41,1,0.0,2,1,0,3414.72,0
2025,15748116,Zetticci,681,France,Female,29,2,148143.84,1,1,1,52021.39,0
2025,15612193,Hsia,762,Spain,Male,29,10,115545.33,2,1,0,148256.43,0
2025,15762984,McIntosh,648,Spain,Male,35,7,0.0,2,0,0,122899.01,0
2025,15613713,Kozlova,644,France,Male,30,5,44928.88,1,1,1,10771.46,0
2025,15614929,Cheng,508,Germany,Male,28,0,96213.82,2,1,0,147913.56,0
2025,15654390,He,640,France,Male,33,7,154575.76,1,1,0,25722.28,1
2025,15765902,Gibson,706,Germany,Male,38,5,163034.82,2,1,1,135662.17,0
2025,15787907,Wang,719,Germany,Female,42,5,137227.04,3,1,0,149097.38,1
2025,15726791,Nuttall,637,Spain,Female,45,2,157929.45,1,1,1,145134.49,1
2025,15813144,Osborne,554,France,Female,26,7,92606.86,2,1,0,192709.69,0
2025,15710366,Hamilton,569,Spain,Female,42,1,0.0,1,1,1,83629.6,1
2025,15614934,McEwan,625,Germany,Female,37,4,142711.81,1,1,0,35625.41,0
2025,15644896,Thompson,663,Germany,Male,32,3,108586.86,1,1,1,182355.21,0
2025,15635776,Trevisani,686,Germany,Female,43,5,154846.24,2,1,1,151903.6,0
2025,15751057,Douglas,701,Germany,Male,32,5,102500.34,1,0,0,106287.77,0
2025,15682600,Lo,620,Germany,Male,39,9,159492.79,1,1,0,80582.34,1
2025,15769312,Forbes,557,Spain,Male,48,10,0.0,2,1,1,185094.48,0
2025,15604345,Kemp,730,France,Female,22,9,65763.57,1,1,1,145792.01,0
2025,15730738,Chiang,786,Spain,Male,31,9,0.0,2,1,1,18210.36,0
2025,15625904,Wang,624,France,Male,26,9,74681.9,2,0,0,31231.35,0
2025,15774151,Iadanza,614,Spain,Female,41,7,179915.85,1,0,0,14666.35,1
2025,15693259,Wallace,676,France,Male,30,1,128207.23,1,1,1,55400.17,0
2025,15642468,Clark,697,France,Male,42,9,132739.26,2,0,0,174667.65,0
2025,15728352,Yermakov,623,France,Male,27,4,120509.81,1,0,0,142170.44,0
2025,15657342,Dawson,850,Germany,Male,28,4,147972.19,1,1,0,60708.72,1
2025,15672374,Pai,672,France,Male,52,8,170008.84,1,0,0,56407.42,1
2025,15732476,Ifeanyichukwu,600,France,Female,27,3,0.0,2,0,1,125698.97,0
2025,15607827,Nebechukwu,711,Germany,Male,34,4,133467.77,2,1,1,42976.64,0
2025,15756901,Ch'ang,641,France,Female,26,4,91547.84,2,0,1,28157.34,0
2025,15754112,Musgrove,653,Spain,Male,55,7,0.0,2,1,1,41967.03,0
2025,15722765,Owen,580,Spain,Female,57,0,136820.99,1,0,1,108528.74,0
2025,15574842,Lorenzo,653,Germany,Female,25,2,158266.42,3,1,1,199357.24,0
2025,15759038,Whitehead,793,France,Female,41,3,141806.46,1,1,0,102921.17,0
2025,15661821,Johnstone,798,Germany,Female,49,5,132571.67,1,1,1,31686.33,1
2025,15728006,Endrizzi,524,France,Male,40,2,180516.9,1,1,0,180002.42,0
2025,15689351,Johnson,742,Germany,Female,41,4,92805.72,1,0,1,73743.95,1
2025,15718153,Kao,759,Spain,Female,74,6,128917.84,1,1,1,48244.64,0
2025,15772632,Ts'ui,680,France,Female,34,1,0.0,2,1,0,167035.07,0
2025,15706587,Johnston,560,France,Male,57,0,0.0,2,0,1,116781.71,0
2025,15572461,Kung,663,Germany,Female,29,4,102714.65,2,0,0,21170.81,0
2025,15667458,L?,764,Germany,Male,28,10,124023.18,1,1,0,166188.28,0
2025,15578825,Golubev,734,France,Female,29,0,139994.66,1,1,0,17744.72,0
2025,15636089,Hs?,678,Germany,Female,51,1,145751.03,1,0,0,109718.44,1
2025,15726403,Glenny,660,Germany,Male,41,1,129901.21,1,1,0,26025.6,1
2025,15592765,Marks,637,France,Male,40,8,125470.81,1,1,1,174536.17,0
2025,15719809,Endrizzi,516,Germany,Male,32,3,145166.09,2,0,0,111421.45,0
2025,15742210,Ugochukwu,700,France,Male,38,9,65962.63,1,1,1,100950.48,0
2025,15630617,Lo Duca,727,Germany,Male,36,6,140418.81,1,1,1,113033.73,1
2025,15623196,Morley,686,France,Male,38,6,149238.97,1,1,1,97825.23,0
2025,15661219,Trentino,627,France,Male,32,10,0.0,2,1,0,103287.62,0
2025,15657139,Otutodilinna,652,France,Female,40,8,84390.8,2,0,1,107876.2,0
2025,15672610,Somadina,567,Spain,Male,40,4,118628.8,1,0,0,91973.63,0
2025,15776824,Rossi,714,France,Male,28,6,122724.37,1,1,1,67057.27,0
2025,15764174,Bidencope,612,Spain,Female,26,4,0.0,2,1,1,179780.74,0
2025,15715920,De Bernales,782,Spain,Male,23,10,98052.66,1,1,1,142587.32,0
2025,15671917,Wade,666,France,Male,46,5,123873.19,1,1,1,177844.06,0
2025,15625623,Stevenson,567,France,Female,45,4,0.0,2,0,1,121053.19,0
2025,15753370,McDonald,691,Germany,Female,38,5,114753.76,1,1,0,107665.02,0
2025,15782659,Mamelu,527,France,Male,32,0,0.0,1,1,0,109523.88,0
2025,15625942,McDonald,619,Spain,Female,45,0,0.0,2,0,0,113645.4,0
2025,15628007,Genovese,653,France,Male,33,1,0.0,2,0,0,53379.52,0
2025,15693267,Dickson,679,Germany,Female,34,7,121063.85,1,1,0,56984.58,0
2025,15769522,O'Connor,734,France,Male,51,1,118537.47,1,1,1,116912.45,0
2025,15751561,Meng,498,Germany,Male,61,7,102453.26,1,1,0,187247.56,1
2025,15726490,Kirby,782,Spain,Male,52,4,0.0,1,1,1,52759.82,1
2025,15709396,Hale,801,France,Male,42,6,0.0,2,1,1,95804.33,0
2025,15654106,K?,604,France,Male,26,8,149542.52,2,0,1,197911.52,0
2025,15621653,Rice,716,France,Female,29,10,87946.39,1,1,1,182531.74,0
2025,15598086,Brown,624,France,Female,45,3,68639.57,1,1,0,168002.31,1
2025,15752838,Lucas,723,Spain,Male,38,6,0.0,2,1,1,94415.6,0
2025,15569571,Davydova,584,Germany,Female,46,6,87361.02,2,1,0,120376.87,1
2025,15679770,Smith,611,France,Female,61,3,131583.59,4,0,1,66238.23,1
2025,15709487,Freeman,668,Germany,Male,34,5,80242.37,2,0,0,56780.97,0
2025,15755178,Ramos,660,France,Male,50,1,0.0,3,1,1,191849.15,1
2025,15634772,Mario,682,Spain,Female,59,0,122661.39,1,0,1,84803.76,0
2025,15631310,Hsieh,537,France,Female,53,3,0.0,1,1,1,91406.62,0
2025,15771540,Fedorova,755,France,Male,38,9,148912.44,1,1,0,80416.16,0
2025,15567486,Li,634,Spain,Female,41,4,0.0,2,1,1,164549.74,0
2025,15714634,Nebechi,837,France,Male,26,4,89900.24,2,1,0,175477.03,0
2025,15727021,Obialo,727,Germany,Female,30,8,119027.28,2,1,1,137903.54,0
2025,15711834,Long,650,Spain,Female,30,6,0.0,1,0,0,67997.13,1
2025,15646566,Bell,763,France,Female,58,9,187911.55,1,0,1,35825.18,0
2025,15645463,Udinese,843,France,Female,27,5,0.0,2,1,1,67494.23,0
2025,15635240,Onuoha,553,France,Male,42,1,0.0,2,0,0,23822.04,0
2025,15775905,Moore,612,Germany,Female,47,6,130024.87,1,1,1,45750.21,1
2025,15645942,Macleod,689,Spain,Male,40,2,0.0,2,1,1,164768.82,0
2025,15634719,Chinwendu,704,France,Male,31,0,0.0,2,1,0,183038.33,0
2025,15567333,Archambault,712,France,Female,31,7,0.0,2,1,0,170333.38,0
2025,15710450,Okwudiliolisa,848,Spain,Male,22,7,120811.89,1,1,1,185510.34,0
2025,15790846,Ts'ai,634,Germany,Male,38,2,148430.55,1,1,1,56055.72,0
2025,15755223,Tseng,692,Germany,Male,53,7,150926.99,2,0,0,119817.19,0
2025,15668818,Chidubem,592,Spain,Female,40,2,200322.45,1,1,1,113244.73,0
2025,15704844,Hsiung,550,Spain,Male,62,7,80927.56,1,0,1,64490.67,0
2025,15616700,Leach,622,Spain,Female,41,9,0.0,2,1,1,155786.39,0
2025,15643752,Wei,540,France,Male,25,5,116160.23,1,1,0,13411.67,0
2025,15733768,Hou,600,France,Male,32,1,0.0,1,1,1,101986.16,0
2025,15729412,Holloway,682,France,Male,38,4,107192.38,1,1,1,15669.17,0
2025,15588446,Udinesi,550,Spain,Male,34,3,0.0,2,0,0,131281.28,0
2025,15665221,Nwebube,630,France,Male,26,7,129837.72,2,0,1,197001.15,0
2025,15600879,Parsons,554,Germany,Female,36,3,157780.93,2,1,0,6089.13,0
2025,15716000,Hs?eh,638,Spain,Male,48,2,0.0,2,1,1,7919.08,0
2025,15680278,Ts'ai,661,Spain,Female,42,9,75361.44,1,1,0,27608.12,1
2025,15688637,Witt,592,France,Female,27,4,0.0,2,1,1,183569.25,0
2025,15586870,Ni,632,France,Male,27,4,193125.85,1,1,1,152665.85,0
2025,15765322,Connely,755,France,Male,23,5,84284.48,2,1,1,62851.6,0
2025,15612615,Graham,616,France,Female,37,6,0.0,2,1,0,86242.18,0
2025,15737782,Brazenor,562,France,Male,29,9,0.0,1,1,1,25858.68,0
2025,15679410,Caldwell,729,France,Female,62,4,140549.4,1,1,0,30990.16,1
2025,15635660,Rossi,612,Germany,Male,30,9,142910.15,1,1,0,105890.55,1
2025,15591577,Moran,584,France,Male,35,3,146311.58,1,1,1,105443.47,0
2025,15630920,Du Cane,724,France,Male,34,2,154485.74,2,0,0,78560.64,0
2025,15756472,Odinakachukwu,804,France,Male,25,7,108396.67,1,1,0,128276.95,0
2025,15682890,Woronoff,745,Germany,Male,38,5,65095.41,2,1,1,140197.42,0
2025,15725698,Panicucci,520,Spain,Female,35,4,115680.81,1,1,1,90280.7,0
2025,15576760,Onodugoadiegbemma,673,Germany,Male,36,5,73088.06,2,0,0,196142.26,0
2025,15627697,Alekseyeva,662,France,Male,34,2,0.0,2,0,1,21497.27,0
2025,15639946,Sazonova,597,Germany,Female,39,8,162532.14,3,1,0,36051.46,1
2025,15792176,Henty,698,Spain,Female,40,0,92053.44,1,1,1,143681.83,0
2025,15627352,Bulgakov,459,Germany,Male,46,7,110356.42,1,1,0,4969.13,1
2025,15667190,Yuan,630,Spain,Female,21,1,85818.18,1,1,1,133102.3,0
2025,15766869,Uspenskaya,634,Germany,Male,37,1,89696.84,2,1,1,193179.88,0
2025,15775741,Powell,608,France,Female,28,9,0.0,2,1,1,125062.02,0
2025,15628170,Brown,565,Germany,Female,32,9,68067.24,1,1,0,143287.58,0
2025,15701318,Poole,763,Spain,Male,67,9,148564.66,1,0,1,87236.4,0
2025,15648702,Yuriev,775,Germany,Male,70,6,119684.88,2,1,1,74532.02,0
2025,15809178,Pan,569,Germany,Female,42,9,146100.75,1,1,0,32574.01,1
2025,15806688,Manfrin,726,Spain,Female,56,8,123110.9,3,0,1,130113.78,1
2025,15681550,Lablanc,614,France,Female,41,8,121558.46,1,1,1,598.8,0
2025,15597951,Muir,471,France,Female,58,4,114713.57,1,1,1,36315.03,0
2025,15712584,Liao,670,France,Female,33,7,0.0,2,1,1,88187.81,0
2025,15641480,Sinnett,571,France,Male,32,5,131354.25,1,1,0,125256.53,0
2025,15708505,Palerma,641,Germany,Female,37,7,62974.64,2,0,1,39016.43,0
2025,15618225,Porter,741,Germany,Male,36,8,116993.43,2,1,0,168816.22,0
2025,15662098,Palmer,650,Spain,Male,41,3,128808.65,3,0,0,113677.53,1
2025,15723894,Younger,625,France,Male,45,7,137555.44,1,0,0,124607.7,0
2025,15787699,Burke,650,Germany,Male,34,4,142393.11,1,1,1,11276.48,0
2025,15658889,Watson,689,France,Male,22,4,136444.25,1,1,0,51980.25,1
2025,15667046,Tseng,694,Spain,Male,38,7,121527.4,1,1,0,113481.02,0
2025,15669957,Drake,655,Germany,Male,52,9,144696.75,1,1,1,49025.79,0
2025,15599829,Padovesi,577,France,Female,35,10,0.0,2,1,1,25161.61,0
2025,15626787,Wei,698,Spain,Female,31,8,185078.26,1,0,0,115337.74,1
2025,15566708,Chidalu,444,France,Female,45,4,0.0,2,1,0,161653.5,1
2025,15713379,Anderson,669,France,Male,26,4,0.0,2,1,1,197594.34,0
2025,15680736,Milne,597,Germany,Female,72,6,124978.19,2,1,1,7144.46,0
2025,15781702,Brookes,733,Germany,Male,38,9,111347.37,2,0,1,194872.97,0
2025,15775234,Laurie,646,France,Male,24,8,0.0,2,0,0,92612.88,0
2025,15771417,Thomas,640,France,Male,43,7,132412.38,1,0,0,69584.3,1
2025,15585100,Rioux,511,Germany,Female,40,9,124401.6,1,1,0,198814.24,1
2025,15595883,Nkemdirim,540,Germany,Male,39,4,127278.31,1,1,1,16150.34,0
2025,15663826,Brim,532,Spain,Female,66,3,0.0,1,1,1,115227.02,0
2025,15731327,Hale,652,Germany,Male,27,2,166527.88,2,0,1,146007.7,0
2025,15787529,Gray,592,Spain,Male,38,0,0.0,1,1,0,65986.48,1
2025,15615991,Udegbulam,654,France,Male,42,7,99263.09,1,1,1,67607.9,0
2025,15595388,Yeh,594,France,Female,30,10,0.0,2,1,1,124071.71,0
2025,15699550,Babbage,695,Spain,Female,34,9,0.0,2,1,1,67502.12,0
2025,15600934,Randell,758,France,Female,52,7,125095.94,1,1,0,171189.83,1
2025,15738672,Paterson,737,Germany,Female,40,2,162485.8,2,1,0,149381.32,0
2025,15768244,Macleod,538,Spain,Female,30,8,0.0,2,1,1,41192.95,0
2025,15603582,Robertson,569,Spain,Female,34,3,0.0,1,1,0,133997.53,0
2025,15667938,Hurst,628,France,Male,32,9,149136.31,2,1,1,16402.11,0
2025,15758482,Montalvo,626,France,Female,32,0,0.0,2,0,0,187172.54,0
2025,15758171,Tien,582,France,Male,20,4,0.0,1,1,1,55763.66,0
2025,15703059,Scott,549,Germany,Female,49,6,124829.16,1,0,1,93551.36,0
2025,15646196,Yeh,850,Spain,Female,36,2,155180.56,2,0,0,169415.54,0
2025,15585451,Vigano,558,Germany,Female,32,1,108262.87,1,1,1,6935.31,0
2025,15757521,Ricci,606,France,Male,35,2,132164.26,1,0,1,164815.59,0
2025,15579262,Shearston,497,France,Male,41,9,0.0,1,0,0,22074.48,0
2025,15771483,Arnold,609,France,Male,40,6,0.0,2,1,1,97416.34,0
2025,15813067,Williams,432,Germany,Female,45,3,110219.14,1,1,0,43046.7,1
2025,15659175,Severson,755,France,Female,43,9,0.0,2,1,0,18066.69,0
2025,15631848,Grover,727,France,Female,26,9,121508.28,1,1,1,146785.44,0
2025,15594084,Anderson,524,France,Male,22,9,0.0,2,1,0,74405.34,0
2025,15798824,Kennedy,671,Spain,Male,38,0,92674.94,2,1,0,3647.57,0
2025,15671591,Castiglione,439,Spain,Male,52,3,96196.24,4,1,0,198874.52,1
2025,15641640,Uspenskaya,545,Spain,Female,33,7,173331.52,1,1,0,150452.88,0
2025,15667751,Herrera,487,Spain,Female,36,1,140137.15,1,1,0,194073.33,0
2025,15774224,Nixon,613,Germany,Female,30,5,131563.88,2,1,0,170638.98,0
2025,15606836,Lombardo,782,France,Female,33,2,94493.03,1,0,1,101866.39,0
2025,15624510,Tien,696,France,Male,52,6,139781.06,1,1,0,27445.4,1
2025,15606274,Lori,594,Germany,Male,38,6,63176.44,2,1,1,14466.08,0
2025,15704987,Lu,649,France,Female,52,8,49113.75,1,1,0,41858.43,0
2025,15733883,Ward,604,France,Male,28,7,0.0,2,0,0,58595.64,0
2025,15714658,Yates,696,France,Female,33,4,0.0,2,1,1,73371.65,0
2025,15631159,H?,705,Germany,Male,41,4,72252.64,2,1,1,142514.66,0
2025,15792818,Perry,499,Germany,Female,29,6,148051.52,1,1,0,118623.94,0
2025,15776733,Wilson,638,Germany,Female,37,7,124513.66,2,1,0,158610.89,0
2025,15772798,Chikezie,711,Spain,Female,28,5,0.0,2,1,1,93959.96,0
2025,15727696,Zubareva,592,France,Male,42,1,147249.29,2,1,1,63023.02,0
2025,15793813,Onochie,774,France,Male,36,7,103688.19,1,0,1,118971.74,0
2025,15744919,Genovese,734,Spain,Female,37,0,152760.24,1,1,1,48990.5,0
2025,15814004,Fyodorova,589,France,Male,29,2,0.0,2,0,1,98320.27,0
2025,15673619,Bazhenov,530,France,Male,25,9,162560.32,1,1,0,64129.03,0
2025,15583681,Layh,616,Spain,Male,31,7,76665.71,2,1,1,163809.08,0
2025,15605000,John,550,France,Male,38,9,140278.99,3,1,1,171457.06,1
2025,15679760,Slattery,721,France,Male,46,1,115764.32,2,0,0,102950.79,0
2025,15595324,Daniels,579,Germany,Female,39,5,117833.3,3,0,0,5831.0,1
2025,15726358,Chiemenam,681,France,Male,34,7,0.0,2,0,0,130686.59,0
2025,15746737,Eames,565,Germany,Male,59,9,69129.59,1,1,1,170705.53,0
2025,15774179,Sutherland,487,France,Male,37,6,0.0,2,1,1,126477.41,0
2025,15667265,Cavenagh,729,France,Male,39,4,121404.64,1,1,1,159618.17,0
2025,15595917,Mackay,580,France,Female,35,1,102097.33,1,0,1,168285.85,0
2025,15668385,Dellucci,642,France,Male,40,1,154863.15,1,1,1,138052.51,0
2025,15663939,Arnott,523,Germany,Male,35,8,138782.76,1,1,1,186118.93,0
2025,15636428,Sutherland,703,Spain,Female,45,1,0.0,1,1,0,182784.11,1
2025,15809823,Thurgood,491,Germany,Male,19,2,125860.2,1,0,0,129690.5,0
2025,15709441,Cocci,745,Spain,Female,59,8,0.0,1,1,1,36124.98,0
2025,15706185,Clements,596,Germany,Male,47,5,140187.1,2,1,1,174311.3,0
2025,15789863,Kazakova,683,France,Male,39,4,0.0,2,1,0,171716.81,0
2025,15660200,Mai,551,France,Male,31,1,0.0,2,1,1,185105.44,0
2025,15689237,Shaw,471,France,Female,27,4,0.0,2,1,0,122642.09,0
2025,15724423,Wilson,571,France,Female,38,6,107193.82,2,0,0,38962.94,0
2025,15675185,Chuang,697,Germany,Female,48,2,108128.96,2,1,1,103944.37,0
2025,15801247,Fan,605,Spain,Male,39,10,105317.73,2,1,0,138021.36,0
2025,15725660,Dellucci,676,France,Male,20,1,80569.73,1,0,0,68621.98,0
2025,15610403,Anderson,659,France,Male,43,1,106086.42,2,1,0,26900.63,0
2025,15617134,Iqbal,716,France,Male,38,4,0.0,2,1,0,189678.7,0
2025,15783029,Monaldo,671,France,Male,34,7,106603.74,2,1,1,26387.71,0
2025,15622833,Mahon,835,Germany,Female,29,10,130420.2,2,0,0,106276.55,0
2025,15679651,Gardiner,783,Spain,Female,37,1,136689.66,1,1,0,197890.65,0
2025,15619087,Taylor,762,France,Male,53,1,102520.37,1,1,1,170195.4,0
2025,15791174,Leibius,540,Spain,Male,67,1,88382.01,1,0,1,59457.0,0
2025,15762605,Wall,685,France,Male,58,1,104796.54,1,1,1,154181.41,0
2025,15697574,Stewart,582,France,Female,40,9,0.0,3,1,1,60954.45,0
2025,15579781,Buccho,806,Germany,Male,31,10,138653.51,1,1,0,190803.37,0
2025,15570932,Pirozzi,666,France,Male,43,7,137780.74,2,1,1,119100.05,1
2025,15644296,Scott,740,France,Female,30,8,105209.54,1,1,0,1852.58,0
2025,15614420,Gerasimova,531,Germany,Female,32,0,109570.21,2,1,1,172049.84,0
2025,15603319,Graham,693,France,Male,29,2,151352.74,1,0,0,197145.89,0
2025,15814816,Kambinachi,466,France,Male,40,4,91592.06,1,1,0,141210.18,1
2025,15724402,Tyler,770,France,Female,30,8,0.0,2,1,0,100557.03,0
2025,15674206,Walker,716,France,Female,22,8,0.0,2,1,1,92606.98,0
2025,15730448,Iroawuchi,538,Germany,Male,25,5,62482.95,1,1,1,102758.43,0
2025,15667742,Vincent,627,Spain,Male,41,5,100880.76,1,0,1,134665.25,0
2025,15708228,Toscani,476,Germany,Male,30,3,134366.42,1,1,0,68343.53,0
2025,15708196,Uchenna,696,Spain,Male,60,8,88786.81,1,1,1,196858.4,0
2025,15654230,Miller,526,Germany,Male,31,5,145537.21,1,1,0,132404.64,0
2025,15724536,Chin,560,Spain,Female,28,1,0.0,2,1,1,120880.72,0
2025,15732987,Hs?,721,Spain,Male,43,3,88798.34,1,0,0,45610.63,0
2025,15795224,Wu,760,France,Male,39,6,178585.46,1,1,0,67131.3,1
2025,15617877,Jessop,607,France,Male,44,0,0.0,2,1,1,81140.09,0
2025,15772073,Hodge,664,France,Male,48,10,0.0,1,1,0,140173.17,1
2025,15701537,Ignatiev,756,France,Male,60,2,0.0,1,1,1,166513.49,1
2025,15769596,Yen,710,Germany,Female,24,2,110407.44,2,0,0,15832.43,1
2025,15638003,Komarova,648,Spain,Male,55,1,81370.07,1,0,1,181534.04,0
2025,15753102,Curtis,752,Spain,Male,44,6,83870.33,1,1,0,178722.24,0
2025,15724161,Sutton,644,France,Female,40,9,137285.26,4,1,0,77063.63,1
2025,15794493,Chimaijem,641,Spain,Male,32,7,0.0,2,1,1,24267.28,0
2025,15815236,Chiganu,574,Spain,Male,34,5,0.0,2,0,0,28269.86,0
2025,15791373,Chikezie,850,Germany,Female,35,2,80931.75,1,0,0,12639.67,1
2025,15727467,Mellor,485,France,Female,27,3,0.0,2,1,0,141449.86,0
2025,15734312,Kang,577,Spain,Male,43,6,0.0,2,1,1,149457.81,0
2025,15759684,Ting,528,France,Female,27,7,176227.07,2,0,1,139481.53,0
2025,15609669,Chuang,542,France,Female,39,4,109949.39,2,1,1,41268.65,0
2025,15685536,Chu,552,France,Female,34,5,0.0,2,1,1,1351.41,0
2025,15649668,Wilhelm,637,Germany,Female,36,10,145750.45,2,1,1,96660.76,0
2025,15625395,Chinomso,585,France,Female,28,6,105795.9,1,1,1,41219.09,0
2025,15760570,Stephenson,590,France,Male,32,5,0.0,2,1,0,59249.83,0
2025,15566689,Chimaoke,554,Spain,Male,66,8,0.0,2,1,1,116747.62,0
2025,15736397,Wang,544,France,Male,23,1,96471.2,1,1,0,35550.97,0
2025,15720745,Murray,635,Spain,Male,24,4,140197.18,1,1,1,142935.83,0
2025,15637593,Greco,722,France,Male,20,6,0.0,2,1,0,195486.28,0
2025,15684861,Thomson,726,France,Female,32,8,0.0,2,0,0,185075.63,0
2025,15742204,Hsu,579,Germany,Male,31,6,139729.54,1,0,1,135815.38,0
2025,15695679,Yao,776,Spain,Male,39,2,104349.45,1,0,0,79503.05,0
2025,15713463,Tate,645,Germany,Female,41,2,138881.04,1,1,0,129936.53,1
2025,15785170,Neal,850,Germany,Female,32,0,116968.91,1,0,0,175094.62,0
2025,15693264,Onyinyechukwuka,583,France,Female,29,10,0.0,2,1,1,111285.85,0
2025,15589715,Fulks,584,France,Female,66,5,0.0,1,1,0,49553.38,1
2025,15769902,Christie,679,France,Female,33,6,0.0,2,1,1,98015.85,0
2025,15776844,Hao,762,Spain,Female,19,6,0.0,2,1,0,55500.17,0
2025,15629739,Hartley,621,Germany,Female,31,8,100375.39,1,1,1,90384.26,0
2025,15729908,Allan,411,France,Female,36,10,0.0,1,0,0,120694.35,0
2025,15716781,Dolgorukova,815,France,Male,24,7,171922.72,1,0,1,178028.96,0
2025,15721835,Owen,791,Spain,Male,25,7,0.0,1,1,0,89666.28,0
2025,15591279,Nwagugheuzo,734,France,Male,37,3,80387.81,1,0,1,77272.62,0
2025,15606472,Lung,585,France,Female,38,5,0.0,1,1,1,87363.56,0
2025,15778830,Dellucci,841,France,Male,31,2,0.0,2,1,0,173240.52,0
2025,15779744,Chou,537,Spain,Male,30,1,103138.17,1,1,1,96555.42,0
2025,15624755,Pepper,707,Germany,Female,40,3,109628.44,1,1,0,189366.03,0
2025,15708791,Abazu,584,Spain,Male,32,9,85534.83,1,0,0,169137.24,0
2025,15646091,Frankland,560,Spain,Female,43,4,95140.44,2,1,0,123181.44,1
2025,15668521,Jamieson,693,France,Male,37,1,0.0,2,1,1,82867.55,0
2025,15635893,T'ien,693,France,Female,28,8,0.0,2,1,1,158545.25,0
2025,15757632,Hughes-Jones,496,France,Female,41,1,176024.05,2,1,0,182337.98,0
2025,15706071,Hunt,528,Germany,Male,39,0,127631.62,1,0,1,22197.8,1
2025,15801904,Heard,677,Germany,Male,28,0,143988.0,2,1,0,8755.69,1
2025,15630113,Morphett,593,Spain,Male,35,4,161637.75,1,1,1,20008.46,0
2025,15676513,Burns,601,Germany,Male,35,8,71553.83,1,1,0,177384.45,0
2025,15746076,Saunders,506,Spain,Male,50,3,0.0,2,1,0,12016.79,0
2025,15815420,McDaniels,808,Spain,Male,47,8,139196.0,1,0,1,74028.36,0
2025,15659325,Todd,802,Spain,Male,40,5,0.0,2,1,1,175043.69,0
2025,15657439,Chao,738,France,Male,18,4,0.0,2,1,1,47799.15,0
2025,15574122,Tien,817,France,Male,34,5,129278.43,1,0,0,165562.84,0
2025,15660735,T'ang,581,Spain,Female,31,6,0.0,2,1,0,188377.21,0
2025,15631305,Franklin,599,Spain,Female,28,4,126833.79,2,1,0,60843.09,1
2025,15775663,Otitodilichukwu,712,Germany,Male,53,6,134729.99,2,1,1,132702.64,0
2025,15631800,Pagnotto,474,France,Male,37,3,98431.37,1,0,0,75698.44,0
2025,15648320,Heller,658,France,Female,31,7,123974.96,1,1,0,102153.75,0
2025,15572291,Kao,825,France,Male,40,6,132308.22,1,0,0,117122.5,0
2025,15751333,Atkinson,695,France,Female,36,2,0.0,2,0,1,167749.54,0
2025,15713621,Mollison,687,Germany,Male,41,10,134318.21,2,1,1,198064.52,0
2025,15747878,Aiken,739,Spain,Male,60,4,0.0,1,1,1,51637.67,0
2025,15733303,Liu,630,France,Male,67,5,0.0,2,1,1,27330.27,0
2025,15578251,Fang,644,France,Male,37,2,186347.97,2,1,0,92809.73,0
2025,15772573,Simpson,735,Spain,Male,55,2,103176.62,1,0,1,163516.16,0
2025,15721582,Hale,644,Germany,Female,40,4,77270.08,2,1,1,115800.1,1
2025,15601184,Abramovich,604,Spain,Female,26,3,0.0,2,1,0,155248.62,0
2025,15693732,Kilgour,775,France,Female,66,9,0.0,2,1,1,67622.34,0
2025,15765982,Chin,735,France,Male,41,7,74135.85,1,1,1,11783.1,1
2025,15724863,Sheppard,420,Spain,Female,55,4,91893.32,1,1,0,144870.28,1
2025,15618213,Nnanna,674,France,Female,32,7,85757.93,1,1,1,95481.0,0
2025,15780411,Norris,570,France,Female,46,3,0.0,2,0,0,820.46,0
2025,15668460,Bellucci,466,France,Male,29,6,0.0,2,1,1,2797.27,0
2025,15815530,Chin,612,France,Female,42,10,75497.51,1,0,0,149682.78,0
2025,15684103,Mellor,674,France,Female,26,10,0.0,2,1,1,138423.1,0
2025,15654519,Hassall,680,France,Male,31,1,0.0,2,1,1,3148.2,0
2025,15660147,Dore,493,Spain,Male,32,8,46161.18,1,1,1,79577.4,0
2025,15715079,Bold,465,France,Male,41,9,117221.15,1,1,0,168280.95,0
2025,15780925,Tretyakova,625,France,Male,37,1,177069.24,2,1,1,96088.54,0
2025,15778219,Izmailov,790,France,Male,26,5,0.0,1,1,0,20510.79,0
2025,15735632,Williamson,571,France,Male,41,8,0.0,1,1,1,63736.17,0
2025,15745605,Trevisan,722,France,Female,47,2,88011.4,1,1,1,90655.94,1
2025,15801699,Fishbourne,436,Spain,Male,43,5,0.0,2,1,1,35687.43,0
2025,15764654,Zikoranachidimma,649,France,Male,37,9,87374.88,2,1,1,247.36,0
2025,15612092,Palmer,646,Germany,Male,32,8,105397.8,1,1,0,78111.84,1
2025,15700864,Fiorentini,607,France,Female,21,0,0.0,2,1,0,116106.52,0
2025,15722965,Yefimova,757,France,Male,57,3,89079.41,1,1,1,53179.21,1
2025,15737521,Ball,619,Germany,Male,40,9,103604.31,2,0,0,140947.05,0
2025,15789974,Enemuo,713,France,Male,33,6,94598.48,1,0,0,197519.66,1
2025,15713596,Ugochukwu,428,France,Female,62,1,107735.93,1,0,1,58381.77,0
2025,15631339,Adams,791,France,Male,28,4,0.0,1,1,0,174435.48,0
2025,15769586,Horan,820,France,Female,49,1,0.0,2,1,1,119087.25,0
2025,15743582,T'ang,632,France,Female,27,3,107375.82,1,1,1,62703.38,0
2025,15761692,Muir,594,France,Male,40,9,122417.17,2,0,1,190882.69,0
2025,15806956,Iqbal,746,Spain,Male,30,1,112666.67,1,0,0,11710.4,1
2025,15630661,Vasilyev,614,Spain,Female,25,10,75212.28,1,1,0,58965.04,0
2025,15809817,Ch'en,593,Spain,Male,43,10,0.0,2,0,0,53478.02,0
2025,15809137,Sagese,453,France,Male,29,6,0.0,1,0,0,198376.02,1
2025,15765461,Giles,632,Spain,Male,47,3,0.0,2,1,0,178822.32,0
2025,15812324,King,779,France,Male,27,1,0.0,2,1,1,190623.02,0
2025,15806511,Berry,445,Spain,Male,45,10,0.0,2,0,1,90977.48,0
2025,15608166,Fallaci,761,France,Male,36,9,127637.92,1,1,1,81062.93,0
2025,15800814,Palerma,534,France,Male,35,2,81951.74,2,1,0,115668.53,0
2025,15674727,Lazarev,777,France,Female,42,5,147531.82,1,1,1,38819.45,0
2025,15787151,Liao,638,France,Female,34,7,0.0,2,1,1,198969.78,0
2025,15757821,Burgess,771,Spain,Male,18,1,0.0,2,0,0,41542.95,0
2025,15632551,Buccho,625,Germany,Male,31,4,77743.01,2,1,0,75335.68,0
2025,15623712,Coates,453,Spain,Female,42,5,0.0,3,1,0,83008.49,1
2025,15653251,Hickey,408,France,Female,84,8,87873.39,1,0,0,188484.52,1
2025,15632324,Pisani,602,France,Male,59,7,0.0,2,1,1,162347.05,0
2025,15641359,Shao,662,Spain,Female,35,6,0.0,2,0,0,2423.9,1
2025,15647725,Napolitano,675,France,Female,61,5,62055.17,3,1,0,166305.16,1
2025,15626612,Yin,741,Spain,Male,40,4,104784.23,1,1,0,135163.76,1
2025,15651823,Nkemjika,590,France,Female,60,6,147751.75,1,1,0,88206.04,1
2025,15594827,Glasgow,675,France,Male,34,1,124619.33,2,0,1,163667.56,0
2025,15614302,Crotty,699,Germany,Female,31,10,125837.86,2,1,0,189392.66,0
2025,15723263,Cocci,495,Germany,Female,34,9,117160.32,1,1,1,116069.24,1
2025,15803121,Chia,847,France,Male,51,5,97565.74,1,0,0,144184.06,1
2025,15598700,Hysell,676,Spain,Female,30,5,0.0,2,0,1,157888.5,0
2025,15672970,Chigolum,714,Spain,Male,20,3,0.0,2,0,1,150465.93,0
2025,15754267,Fleming,697,Germany,Male,31,3,108805.42,2,0,1,123825.83,0
2025,15635285,Taylor,647,France,Male,28,8,0.0,2,1,1,91055.27,0
2025,15670943,See,778,Germany,Male,31,9,182275.23,2,1,0,190631.23,0
2025,15586629,Campbell,637,France,Male,33,5,0.0,2,1,0,139947.17,0
2025,15664227,Threatt,506,Germany,Male,28,8,53053.76,1,0,1,24577.34,0
2025,15652626,Grave,826,France,Male,55,4,115285.85,1,1,0,140126.17,0
2025,15571958,McIntosh,489,Spain,Male,40,3,221532.8,1,1,0,171867.08,0
2025,15621685,Davies,769,France,Male,29,2,123757.52,2,1,0,84872.66,0
2025,15578369,Chiedozie,652,Germany,Female,37,9,145219.3,1,1,0,159132.83,0
2025,15707199,Cooper,643,France,Male,36,0,148159.71,1,0,0,55835.66,0
2025,15632079,Hardy,720,Germany,Female,37,8,156282.79,1,1,0,45985.52,0
2025,15573599,Adamson,506,France,Female,57,6,0.0,2,0,1,194421.12,1
2025,15772528,Mishin,750,France,Female,47,7,121376.15,2,1,0,54473.6,1
2025,15755798,Feng,610,France,Male,33,4,111582.11,1,0,0,113943.17,0
2025,15711716,Ferguson,580,France,Female,56,1,131368.3,1,1,0,106918.67,1
2025,15750867,Nucci,489,Germany,Female,46,8,92060.06,1,1,0,147222.95,1
2025,15609475,Ricci,604,Spain,Female,39,7,98544.11,1,1,1,52327.57,0
2025,15738291,Nevzorova,671,France,Female,48,8,115713.84,2,0,0,83210.84,0
2025,15794841,Kung,739,Spain,Male,19,5,89750.21,1,1,0,193008.52,0
2025,15684696,Lei,560,Spain,Female,26,3,116576.45,1,1,0,157567.37,0
2025,15629846,Sheehan,827,Germany,Female,47,8,143001.5,2,1,0,108977.5,0
2025,15730469,Anenechi,663,Spain,Male,31,4,103430.11,2,0,1,36479.27,0
2025,15684367,Chigbogu,555,Spain,Male,27,5,0.0,2,0,0,96398.51,0
2025,15603665,Colombo,638,Germany,Female,39,0,122501.28,2,1,1,95007.8,0
2025,15626233,Onyekachi,593,France,Female,32,3,0.0,2,1,1,151978.36,0
2025,15691703,Shih,545,France,Male,47,8,105792.49,1,0,1,67830.2,1
2025,15654341,Chao,542,France,Male,34,8,101116.06,1,1,0,196395.05,0
2025,15632365,Booth,542,Germany,Male,33,8,142871.27,2,0,0,77737.86,0
2025,15602124,Badgery,731,France,Male,30,7,0.0,2,1,1,184581.68,0
2025,15664668,Zarate,534,France,Female,42,9,144801.97,1,0,1,12483.39,1
2025,15748696,Page,733,France,Male,42,9,150507.21,1,0,1,169964.12,0
2025,15576185,Sinclair,653,France,Male,29,2,0.0,2,1,1,41671.81,0
2025,15660809,Loving,850,France,Male,28,4,0.0,2,1,1,12409.01,0
2025,15706904,Robertson,750,France,Male,43,6,113882.31,1,1,1,74564.41,0
2025,15749693,Ugonnatubelum,658,France,Female,32,9,0.0,2,1,0,156774.75,0
2025,15791743,Corbett,727,France,Male,32,1,59271.82,1,1,1,46019.43,0
2025,15796480,Reilly,687,France,Female,31,2,0.0,2,0,1,145411.39,0
2025,15609458,Vincent,797,France,Male,30,10,69413.44,1,1,1,74637.57,0
2025,15593897,Carr,650,Spain,Male,25,7,160599.06,2,1,1,28391.52,0
2025,15727197,Pinto,576,France,Female,52,9,170228.59,2,0,0,148477.57,1
2025,15626806,Labrador,668,France,Female,32,2,0.0,2,1,1,40652.33,0
2025,15654959,Hope,670,Spain,Male,67,6,158719.57,1,1,1,118607.4,0
2025,15609704,Mao,608,France,Female,33,4,0.0,1,1,0,79304.38,1
2025,15757628,Savage,571,France,Male,40,10,112896.86,1,1,1,121402.53,0
2025,15633586,Brierly,595,France,Female,39,7,120962.13,1,0,0,23305.01,0
2025,15565796,Docherty,745,Germany,Male,48,10,96048.55,1,1,0,74510.65,0
2025,15747345,Bergamaschi,678,France,Female,22,6,118064.93,2,1,1,195424.01,0
2025,15678317,Manfrin,603,France,Male,46,2,0.0,2,1,1,59563.49,0
2025,15812616,Enyinnaya,707,France,Female,49,10,0.0,1,1,0,82967.97,1
2025,15729489,Hyde,762,Germany,Female,34,8,98592.88,1,0,1,191790.29,1
2025,15613216,Cameron,639,Spain,Female,39,1,141789.15,1,1,0,92455.96,0
2025,15657937,Lord,709,Germany,Male,22,0,112949.71,1,0,0,155231.55,0
2025,15815428,Biryukova,823,France,Male,34,3,105057.33,1,1,0,9217.92,0
2025,15699492,Lorenzo,665,Germany,Female,27,2,147435.96,1,0,0,187508.06,0
2025,15577999,Sleeman,850,France,Female,62,1,124678.35,1,1,0,70916.0,1
2025,15703541,Wang,772,Germany,Female,51,9,143930.92,1,0,1,46675.51,1
2025,15626474,Onyemere,686,France,Female,31,1,0.0,2,1,0,4802.25,0
2025,15608344,Dawson,749,Germany,Female,29,7,137059.05,3,1,0,102975.72,1
2025,15768367,Nebechukwu,781,France,Female,27,7,186558.55,1,1,1,175071.29,1
2025,15759274,Micklem,447,France,Female,32,10,0.0,1,1,1,151815.76,0
2025,15607577,Roberts,663,Spain,Male,27,8,0.0,1,1,1,188007.99,0
2025,15813697,Onyekaozulu,498,Germany,Female,44,2,120702.67,2,1,1,98175.74,0
2025,15777855,Manna,649,France,Male,45,7,0.0,2,0,1,75204.21,0
2025,15635396,Thompson,738,Germany,Female,29,9,139106.19,1,1,0,141872.05,1
2025,15718507,Su,647,Germany,Male,37,3,116509.99,1,1,1,149517.71,1
2025,15645835,Milani,605,France,Male,32,9,0.0,2,1,1,55724.24,0
2025,15738166,Hsu,596,France,Female,39,10,86546.29,1,0,1,131768.98,0
2025,15793042,Sung,629,France,Male,39,2,129669.32,2,1,0,82774.07,0
2025,15572792,Bellucci,535,Spain,Male,35,8,118989.92,1,1,1,135536.72,0
2025,15783541,Fomina,755,France,Male,31,5,0.0,2,0,1,194660.78,0
2025,15734970,White,835,Spain,Male,38,7,86824.09,1,0,0,175905.97,0
2025,15643042,Han,590,Germany,Female,40,2,117641.43,2,0,0,92198.05,0
2025,15773868,Belov,653,Germany,Female,37,3,125734.2,2,1,0,134625.09,1
2025,15724890,Cross,584,Spain,Male,36,4,82696.09,2,0,0,83058.14,0
2025,15663263,Collins,698,France,Male,47,5,156265.31,2,0,0,1055.66,0
2025,15709004,Mai,528,Germany,Male,22,5,93547.23,2,0,1,961.57,0
2025,15658486,Gidney,579,Spain,Female,59,3,148021.12,1,1,1,74878.22,0
2025,15707110,Endrizzi,660,Germany,Male,28,2,170890.05,2,1,0,41758.9,0
2025,15765415,King,609,Spain,Female,45,4,89122.3,1,1,1,199256.98,0
2025,15669887,Lambert,839,France,Female,51,3,0.0,1,1,1,69101.23,1
2025,15760825,Fraser,604,France,Female,40,1,0.0,2,1,0,123207.17,0
2025,15698117,Jerger,701,Germany,Male,41,0,150844.94,1,0,1,127623.36,0
2025,15746802,Onio,477,France,Female,30,6,131286.46,1,1,0,194144.45,0
2025,15790267,Onuoha,625,France,Female,40,7,141267.67,1,0,1,177397.49,0
2025,15642093,Piccio,646,France,Male,30,7,0.0,2,1,0,153566.97,0
2025,15740147,Cremonesi,725,France,Female,44,10,0.0,1,0,1,93777.61,0
2025,15809777,Gadsden,497,Germany,Female,55,7,131778.66,1,1,1,9972.64,0
2025,15720713,Chibueze,850,France,Female,29,10,0.0,2,1,1,199775.67,0
2025,15695356,Chinwemma,722,France,Male,46,5,0.0,2,1,0,179908.71,0
2025,15670859,Smith,718,Germany,Female,39,7,93148.74,2,1,1,190746.38,0
2025,15806230,Trevisano,629,Germany,Male,40,2,121647.54,2,1,1,64849.74,1
2025,15662884,Naylor,739,Germany,Male,58,1,110597.76,1,0,1,160122.66,1
2025,15677804,Aliyeva,783,Spain,Male,38,1,0.0,3,1,1,80178.54,1
2025,15736495,Jackson,712,France,Male,34,8,114088.32,1,1,0,92794.61,0
2025,15775293,Stephenson,680,France,Male,34,3,143292.95,1,1,0,66526.01,0
2025,15580935,Okechukwu,687,Germany,Male,33,9,135962.4,2,1,0,121747.96,0
2025,15645095,Huang,674,France,Female,28,3,0.0,1,1,0,51536.99,0
2025,15808960,Alleyne,620,Germany,Male,40,5,108197.11,2,1,0,49722.34,0
2025,15659149,King,530,France,Male,39,2,0.0,2,1,0,197923.05,0
2025,15585490,Nkemdilim,746,France,Female,34,4,0.0,1,0,1,65166.6,0
2025,15624186,McGregor,813,Germany,Female,25,5,123616.43,1,0,1,132959.33,0
2025,15805151,Ginikanwa,565,Germany,Male,31,2,89558.39,2,1,1,4441.54,0
2025,15576094,Sung,743,France,Male,71,0,0.0,2,0,1,29837.65,0
2025,15719579,McIntosh,670,Germany,Female,33,9,84521.48,2,0,1,198017.05,0
2025,15664734,T'ao,673,Germany,Female,25,3,108244.82,2,1,1,103573.96,0
2025,15666884,Su,508,Germany,Female,41,5,82161.7,2,1,0,187776.49,0
2025,15575748,Conti,809,France,Male,36,9,68881.59,2,0,1,109135.11,0
2025,15710527,Matthews,782,France,Female,35,4,0.0,1,1,1,119565.34,0
2025,15732266,Field,553,Germany,Male,53,5,127997.83,1,1,0,165378.66,1
2025,15640258,Chou,685,France,Female,50,6,94238.75,2,1,1,50664.07,1
2025,15759717,Mazzi,763,Spain,Female,39,7,0.0,2,1,0,19458.75,0
2025,15620268,Thomson,634,Germany,Male,43,3,212696.32,1,1,0,115268.86,0
2025,15701206,Torreggiani,566,Spain,Male,44,5,0.0,2,1,0,66462.79,0
2025,15581280,Atkinson,714,Germany,Male,29,6,92887.13,1,1,1,69578.49,0
2025,15626008,Miller,622,Germany,Female,52,9,111973.97,1,1,1,162756.29,1
2025,15723717,Heath,483,Germany,Male,41,1,118334.44,1,0,0,163147.99,1
2025,15659736,Herbert,716,Germany,Male,66,5,121411.9,1,0,0,10070.4,1
2025,15671915,Bowen,649,France,Male,46,5,0.0,2,1,1,76946.6,0
2025,15633546,Frederick,652,Spain,Female,33,3,124832.51,1,1,0,195877.06,0
2025,15640917,Tang,633,France,Male,43,5,0.0,2,1,1,48249.88,0
2025,15663164,Yudin,663,Germany,Male,49,7,116150.65,3,1,1,84358.71,1
2025,15786643,Tsao,602,France,Male,32,10,0.0,2,1,1,116052.92,0
2025,15634310,Ko,509,France,Male,30,6,0.0,2,1,0,180598.86,0
2025,15668695,Endrizzi,536,France,Female,22,5,89492.62,1,0,0,42934.43,0
2025,15621031,Mofflin,761,Spain,Male,27,8,0.0,2,1,0,63297.7,0
2025,15792180,Chiekwugo,566,Germany,Male,22,7,144954.75,2,1,0,102246.0,0
2025,15814092,Wang,626,France,Female,44,2,0.0,1,0,1,173117.22,1
2025,15794345,Ma,706,Spain,Male,38,8,0.0,2,0,1,46635.11,0
2025,15726484,Pollard,633,France,Male,37,7,141546.35,1,1,1,124830.11,0
2025,15650442,Hsieh,644,Germany,Female,32,8,141528.88,1,1,1,167087.34,1
2025,15779414,Rossi,696,Spain,Male,40,3,153639.11,1,1,1,138351.68,0
2025,15737071,Tang,639,France,Female,60,5,162039.78,1,1,1,84361.72,1
2025,15600692,West,520,France,Male,38,5,0.0,2,1,0,163185.76,0
2025,15612505,Joseph,835,Spain,Male,45,3,100212.13,1,1,0,152577.62,0
2025,15597914,Evdokimov,641,Germany,Female,51,2,117306.69,4,1,1,26912.72,1
2025,15690209,Hsiao,715,Germany,Female,32,3,104857.19,2,1,0,114149.8,0
2025,15697100,Wright,772,Germany,Female,48,6,108736.52,1,1,0,184564.67,1
2025,15606641,Beggs,762,Germany,Male,56,10,100260.88,3,1,1,77142.42,1
2025,15569079,Hagins,632,Germany,Male,48,6,126066.26,1,1,0,64345.61,1
2025,15640034,Milligan,551,France,Male,42,2,139561.46,1,1,0,43435.43,1
2025,15807563,Ch'iu,841,France,Female,52,5,0.0,1,0,0,183239.71,1
2025,15679075,Onyemere,701,France,Male,37,8,107798.85,1,1,0,16966.73,0
2025,15605333,Clancy,529,Spain,Male,31,6,0.0,1,1,0,10625.91,0
2025,15736154,Gallo,823,France,Female,44,1,0.0,2,0,1,182495.7,0
2025,15611551,Hill,676,Spain,Male,48,1,131659.59,2,0,1,14152.15,0
2025,15634143,Onyemauchechi,581,Spain,Male,30,0,53291.86,1,0,0,196582.28,0
2025,15694601,Ankudinov,583,France,Female,31,4,158978.79,1,1,0,12538.92,0
2025,15669301,Romani,778,Germany,Female,29,6,150358.97,1,1,0,62454.01,1
2025,15672640,Kambinachi,850,Spain,Female,45,4,114347.85,2,1,1,109089.04,0
2025,15788536,Armit,755,Germany,Male,40,2,137430.82,2,0,0,176768.59,0
2025,15681220,Chou,503,France,Female,37,8,0.0,2,1,1,97893.32,0
2025,15616929,De Luca,730,Spain,Male,62,5,112181.08,1,0,1,61513.87,0
2025,15643865,Lo Duca,601,France,Female,40,3,92055.36,1,0,1,164652.02,1
2025,15807768,Cohn,702,Germany,Male,28,1,103033.83,1,1,1,40321.87,0
2025,15647008,Adams,624,Germany,Male,54,3,116726.22,1,1,0,110498.1,1
2025,15748068,Boyle,571,Spain,Female,31,3,0.0,2,1,1,194667.92,0
2025,15608406,Schmidt,678,France,Male,26,5,111128.04,1,1,0,60941.27,1
2025,15667602,Cheng,704,Spain,Male,33,3,0.0,2,1,0,73018.74,0
2025,15789874,Wang,712,France,Female,29,3,87375.78,2,0,0,166194.53,0
2025,15757952,Teng,651,France,Male,44,2,0.0,3,1,0,102530.35,1
2025,15698732,K'ung,789,Germany,Male,51,3,104677.09,1,1,0,74265.38,0
2025,15714355,Sinclair,775,Germany,Male,32,8,121669.23,1,0,1,125898.39,0
2025,15609623,McConnell,637,France,Female,63,5,0.0,1,1,0,28092.77,1
2025,15711901,Iheatu,500,France,Male,45,2,109162.82,1,1,1,126145.08,0
2025,15698246,Gordon,658,France,Female,24,2,0.0,2,1,1,84694.49,0
2025,15566295,Sanders,761,France,Female,33,6,138053.79,2,1,0,148779.41,0
2025,15708003,Aleksandrova,587,Spain,Male,41,8,85109.21,1,1,0,1557.82,0
2025,15771580,Davison,850,France,Female,38,0,106831.69,1,0,1,148977.72,0
2025,15706170,Onyemere,636,France,Male,34,1,84055.43,1,0,0,37490.84,0
2025,15737509,Morrison,850,Spain,Male,34,8,199229.14,1,0,0,68106.29,0
2025,15748481,Howey,564,France,Female,27,6,0.0,1,0,0,7819.76,0
2025,15693376,Baryshnikov,741,Spain,Male,43,0,0.0,2,1,1,2920.63,1
2025,15598275,Sochima,709,France,Female,32,7,0.0,2,1,1,199418.02,0
2025,15737080,Marchesi,510,France,Female,32,1,0.0,2,0,1,28515.17,0
2025,15668580,Todd,716,Spain,Male,33,2,0.0,2,1,1,92916.53,0
2025,15577587,Reynolds,550,Germany,Male,52,5,121016.23,1,1,1,41730.37,1
2025,15625592,Sal,486,France,Male,26,2,0.0,2,1,1,31399.4,0
2025,15702175,Herrin,755,France,Female,29,4,148654.84,2,1,1,28805.09,0
2025,15677785,Stevenson,656,Spain,Male,32,5,136963.12,1,1,0,133814.28,0
2025,15786153,McKenzie,644,Germany,Male,47,9,137774.11,2,1,0,151902.78,0
2025,15707674,Marino,515,France,Female,58,2,131852.81,1,1,0,81436.68,1
2025,15587596,Morrison,628,Spain,Female,39,8,107553.33,1,1,0,117523.41,0
2025,15751943,Mai,529,Spain,Female,43,5,0.0,2,0,0,79476.63,0
2025,15640922,Demaine,791,France,Female,52,7,0.0,1,1,1,122782.5,0
2025,15720929,Kazantseva,604,France,Female,47,8,62094.71,3,0,0,9308.1,1
2025,15628558,Pan,447,France,Female,44,5,89188.83,1,1,1,75408.24,0
2025,15615207,Yeh,792,Spain,Male,47,0,0.0,1,1,1,5557.88,1
2025,15773512,Bischof,627,Spain,Female,25,4,0.0,1,1,1,194313.93,0
2025,15642710,Napolitani,686,France,Male,26,7,0.0,2,1,0,1540.89,0
2025,15782418,Ku,589,Germany,Female,19,9,83495.11,1,1,1,143022.31,1
2025,15813504,Onyemachukwu,543,Germany,Female,25,1,146566.01,1,0,1,161407.48,0
2025,15588090,Ferri,726,Germany,Female,51,8,107494.86,2,1,0,140937.91,1
2025,15671804,Wilding,648,Spain,Male,36,8,146943.38,2,1,1,130041.45,0
2025,15789941,Yevseyev,633,France,Female,36,6,125130.28,1,0,0,125961.48,0
2025,15632977,Hsiao,745,France,Male,47,5,0.0,2,0,0,145789.71,0
2025,15567335,Allsop,559,France,Female,42,7,0.0,2,1,1,190040.29,0
2025,15746553,Castles,526,Germany,Male,50,5,124233.24,1,0,1,159456.87,1
2025,15622518,Stephenson,768,France,Female,26,5,51116.26,1,1,1,70454.79,1
2025,15684908,Davidson,540,Germany,Male,64,1,91869.69,1,0,1,95421.0,0
2025,15712938,Genovese,531,France,Male,44,3,0.0,2,1,1,34416.79,0
2025,15596228,Uwaezuoke,490,France,Male,29,4,0.0,2,1,0,32089.57,0
2025,15578462,Hs?,596,Spain,Female,76,9,134208.25,1,1,1,13455.43,0
2025,15664808,Nicoll,790,Spain,Female,37,3,0.0,3,0,0,98897.32,0
2025,15664555,Hughes,587,France,Male,40,2,0.0,4,0,1,106174.7,1
2025,15607278,Romano,794,Spain,Female,46,8,134593.79,1,1,1,46386.37,0
2025,15750299,Davison,746,Spain,Male,24,10,68781.82,1,0,1,47997.39,0
2025,15709941,Feng,753,France,Male,46,8,0.0,3,1,0,90747.94,1
2025,15600708,Calabresi,640,Spain,Female,34,3,77826.8,1,1,1,168544.85,0
2025,15690021,Martin,502,Germany,Female,42,0,132002.7,1,0,1,28204.98,1
2025,15577751,Pisano,759,Germany,Male,30,4,101802.67,1,0,0,8693.8,0
2025,15602994,Gorbunov,487,France,Female,53,10,89550.85,1,0,1,90076.85,0
2025,15750769,Padovano,725,France,Male,35,7,75915.75,1,1,0,150507.43,0
2025,15679968,Ting,623,France,Male,40,5,118788.57,1,1,0,192867.4,0
2025,15694404,Eberegbulam,781,France,Female,42,3,156555.54,1,1,1,175674.01,0
2025,15642579,Chang,731,Spain,Female,37,1,128932.4,1,1,1,180712.52,0
2025,15665861,Avdeev,733,Spain,Male,44,3,106070.89,1,0,1,101617.43,0
2025,15778149,Connolly,538,Spain,Male,68,9,0.0,2,1,0,110440.5,1
2025,15633834,Milne,700,Germany,Female,28,3,99705.69,2,0,0,146723.72,0
2025,15611699,Tao,641,France,Female,40,7,0.0,1,1,0,126996.67,0
2025,15719991,Korovina,727,Spain,Female,52,1,154733.97,1,1,0,80259.67,1
2025,15720687,Chidubem,576,France,Female,41,4,112609.91,1,0,0,191035.18,1
2025,15577970,Alexeeva,489,France,Male,34,5,0.0,1,0,0,43540.59,0
2025,15581811,Chukwubuikem,678,Germany,Female,30,1,139676.95,2,0,1,16146.0,0
2025,15666652,Anayolisa,781,France,Female,19,3,0.0,2,1,1,124297.32,0
2025,15585853,McCardle,743,Spain,Male,41,7,0.0,1,1,0,163736.09,1
2025,15623107,Chukwumaobim,686,Spain,Male,45,3,74274.87,3,1,0,64907.48,1
2025,15666163,Hayward,695,France,Male,43,1,100421.1,1,1,1,101141.28,0
2025,15693326,Whitehouse,641,France,Female,42,7,125437.14,2,0,0,164128.58,0
2025,15759751,Tsui,483,France,Male,48,1,0.0,2,1,1,110059.38,0
2025,15801934,Su,678,France,Male,66,8,0.0,2,1,1,47117.03,0
2025,15592000,Calabresi,781,Germany,Female,48,9,82794.18,1,1,0,124720.68,1
2025,15637110,McCulloch,634,Spain,Female,35,10,0.0,1,1,0,82634.41,0
2025,15727408,Koo,523,Germany,Male,27,8,61688.61,2,1,0,147059.16,0
2025,15716328,Miller,501,France,Female,40,2,0.0,2,0,0,141946.92,0
2025,15812241,Udinese,438,Germany,Male,59,7,127197.14,1,1,0,51565.98,1
2025,15715796,Romani,728,France,Male,37,0,0.0,2,1,1,72203.8,0
2025,15801152,Hill,553,Spain,Female,39,1,142876.98,2,1,0,44363.42,0
2025,15756425,Barnes,660,France,Male,30,7,146301.31,1,0,0,96847.91,0
2025,15572547,Vaguine,670,France,Female,45,9,104930.38,1,1,0,155921.81,1
2025,15720637,Bell,710,Germany,Female,46,10,120530.34,1,1,0,166586.99,1
2025,15623450,Brown,637,Germany,Female,27,7,135842.89,1,1,1,101418.05,0
2025,15596575,Vale,615,Germany,Male,39,5,113193.51,2,1,1,52166.25,0
2025,15787014,King,648,Germany,Female,28,8,90371.09,1,1,1,146851.73,0
2025,15805523,Nnaife,717,France,Female,28,1,90537.16,1,0,1,74800.99,0
2025,15749557,Chao,707,France,Female,44,6,0.0,2,1,1,192542.17,0
2025,15654379,Onwuatuegwu,588,Spain,Male,59,4,0.0,2,1,1,27435.41,0
2025,15783629,Degtyaryov,616,Germany,Female,42,6,117899.95,2,0,0,150266.81,0
2025,15751193,Nnaemeka,621,Spain,Male,33,4,0.0,2,1,1,40299.23,0
2025,15724099,Udinese,674,France,Male,26,6,166257.96,1,1,1,149369.41,0
2025,15648967,Ch'en,698,Germany,Female,64,1,169362.43,1,1,0,84760.32,1
2025,15779522,Efimov,736,France,Female,24,0,0.0,2,1,0,109355.73,1
2025,15760121,Maynard,712,France,Male,32,9,100606.02,1,1,0,165693.06,0
2025,15566467,Hannah,683,Germany,Female,32,0,138171.1,2,1,1,188203.58,0
2025,15736413,Hall,739,France,Male,29,1,0.0,2,1,1,164484.78,0
2025,15621205,Olisaemeka,578,France,Male,34,4,175111.11,1,1,1,74858.3,0
2025,15704788,Krawczyk,812,Spain,Female,49,8,66079.45,2,0,0,91556.57,1
2025,15579914,Garcia,633,Germany,Male,30,2,109786.82,2,1,1,139712.81,0
2025,15630363,Nkemakonam,437,France,Female,39,0,102721.49,1,0,0,22191.82,0
2025,15593795,Linton,516,Germany,Female,53,1,156674.2,1,1,0,118502.34,1
2025,15713532,Wang,646,Germany,Female,29,4,105957.44,1,1,0,15470.91,0
2025,15579112,Gibson,598,France,Male,47,2,0.0,2,1,1,186116.54,0
2025,15659234,Y?,494,France,Male,30,3,85704.95,1,0,1,27886.06,0
2025,15630580,Y?,751,Germany,Male,34,9,108513.25,2,1,1,27097.82,0
2025,15776128,Hs?,716,France,Female,44,6,155114.9,1,0,0,133871.83,0
2025,15726832,Donnelly,850,Germany,Male,61,3,141784.02,1,1,1,92053.75,0
2025,15773260,Tsou,590,France,Female,32,0,127763.24,1,1,0,100717.54,0
2025,15624437,Johnson,825,Spain,Female,32,1,0.0,2,1,1,42935.15,0
2025,15717138,Watson,850,Spain,Male,31,6,82613.56,2,1,0,149170.92,0
2025,15657317,Allan,789,France,Female,32,7,69423.52,1,1,0,107499.39,0
2025,15626948,Butcher,701,France,Female,42,6,86167.82,1,1,0,153342.38,0
2025,15758901,Henderson,713,Spain,Female,47,1,0.0,1,1,0,107825.08,1
2025,15773322,Obiajulu,536,Germany,Female,44,4,121898.82,1,0,0,131007.18,0
2025,15678916,Kelly,512,France,Female,75,2,0.0,1,1,0,123304.62,0
2025,15787051,Georg,750,Spain,Female,39,7,119565.92,1,1,0,87067.73,0
2025,15658852,Stevens,676,France,Male,38,8,0.0,2,1,1,133692.88,0
2025,15802617,Hudson,697,Germany,Male,43,7,115371.94,2,1,0,64139.1,0
2025,15656029,Marsden,609,France,Male,37,6,0.0,2,0,1,22030.72,0
2025,15585455,Stewart,630,France,Male,28,9,0.0,2,0,0,32599.35,0
2025,15692929,Ikechukwu,791,Germany,Female,42,10,113657.41,2,0,1,139946.68,1
2025,15758081,Repina,673,Spain,Male,39,8,138160.0,1,1,1,110468.51,0
2025,15672152,Grant,850,Germany,Male,37,9,122506.38,1,0,1,199693.84,1
2025,15673372,Stevenson,635,France,Female,58,1,0.0,1,1,1,58907.08,1
2025,15715673,Niu,651,Spain,Female,46,4,89743.05,1,1,0,156425.57,1
2025,15733261,Kung,688,Spain,Female,35,6,0.0,1,1,0,25488.43,1
2025,15623730,Ch'iu,792,France,Male,34,1,0.0,1,0,1,86330.32,0
2025,15694376,Sullivan,705,Germany,Female,64,3,153469.26,3,0,0,146573.66,1
2025,15580682,Tsai,652,France,Female,40,4,79927.36,2,1,1,33524.6,0
2025,15617082,Sanders,516,France,Male,33,7,115195.58,1,1,1,11205.5,0
2025,15761775,Myers,598,Germany,Male,20,8,180293.84,2,1,1,29552.7,0
2025,15770984,Fanucci,697,Spain,Female,40,7,130334.35,2,0,1,116951.1,0
2025,15703979,Evans,580,Germany,Male,39,3,119688.81,1,1,0,137041.26,0
2025,15801821,Cookson,691,France,Male,38,1,0.0,2,0,0,44653.5,0
2025,15604891,Zaytseva,624,Spain,Female,38,8,0.0,2,1,0,95403.41,0
2025,15627881,Diehl,603,France,Male,30,8,0.0,2,1,1,47536.46,0
2025,15611961,Stewart,615,France,Male,35,7,0.0,2,1,0,150784.29,0
2025,15658475,Lori,834,France,Male,36,8,142882.49,1,1,0,89983.02,1
2025,15767908,Nicholson,567,France,Male,38,6,127678.8,2,0,0,45422.89,0
2025,15624451,Huddart,641,France,Female,38,3,0.0,2,1,0,116466.19,0
2025,15577985,Chinomso,574,France,Female,34,5,112324.45,2,1,1,17993.43,0
2025,15585599,Stone,530,France,Female,34,8,0.0,2,0,1,141872.52,0
2025,15710553,Yin,555,Germany,Male,48,3,142055.41,2,0,1,79134.78,0
2025,15649292,Bellucci,748,France,Female,49,7,29602.08,1,0,0,163550.58,1
2025,15758136,King,778,France,Male,37,3,141803.77,1,0,1,179421.84,0
2025,15698664,Liang,567,Spain,Male,43,2,115643.58,2,0,0,174606.35,0
2025,15710543,Okwuoma,629,France,Male,46,1,130666.2,1,1,1,161125.67,1
2025,15715744,Schiavone,605,France,Male,39,7,0.0,1,0,1,119348.28,0
2025,15788151,Moore,650,Spain,Male,32,1,132187.73,2,1,1,178331.36,0
2025,15740557,Fedorova,753,France,Female,43,5,0.0,2,1,0,109881.71,0
2025,15630709,Castiglione,619,Germany,Female,31,2,56116.3,2,0,0,2181.94,0
2025,15639590,Melendez,758,France,Female,30,3,141581.08,1,1,0,156249.06,0
2025,15657449,Chukwuma,446,Germany,Male,25,3,136202.78,1,1,0,176743.51,0
2025,15672594,Stevenson,597,France,Female,60,0,131778.08,1,0,0,10703.53,1
2025,15714240,Ponomarev,712,Spain,Male,74,5,0.0,2,0,0,151425.82,0
2025,15665008,Sidorov,805,Germany,Female,26,8,42712.87,2,1,1,28861.69,0
2025,15751392,Fanucci,689,Spain,Female,57,4,0.0,2,1,0,136649.8,1
2025,15593976,Swanson,578,Germany,Female,31,5,102088.68,4,0,0,187866.21,1
2025,15805909,Bergamaschi,700,Spain,Male,28,8,159900.38,1,0,0,22698.56,0
2025,15749528,Achebe,652,Spain,Male,58,6,0.0,2,0,1,170025.43,0
2025,15691875,Tsou,850,Germany,Female,39,5,114491.82,1,1,0,99689.48,0
2025,15706200,Graham,637,Germany,Male,41,2,138014.4,2,1,0,140298.24,0
2025,15764661,Wang,644,France,Male,33,2,0.0,1,1,0,96420.58,0
2025,15602405,Ryrie,703,Germany,Female,38,9,99167.54,1,1,0,65720.92,0
2025,15610271,Andreev,684,Spain,Female,42,3,103210.27,1,1,0,31002.03,0
2025,15694890,Lai,588,France,Male,38,1,124271.26,1,1,0,75969.19,0
2025,15669606,Chu,690,France,Male,33,5,0.0,2,1,0,138017.68,0
2025,15680706,Balashov,537,Germany,Male,48,4,131834.8,1,1,0,166476.95,1
2025,15686812,Jones,692,Spain,Female,44,8,0.0,1,0,1,159069.37,0
2025,15764448,Mackenzie,837,Germany,Male,35,0,144037.6,1,1,0,145325.32,0
2025,15583580,Chiawuotu,566,Germany,Female,35,1,123042.0,1,1,0,66245.44,1
2025,15578648,Marino,543,Germany,Male,49,6,59532.18,1,1,0,104253.56,0
2025,15734987,Robertson,658,France,Female,43,7,140260.36,2,1,0,2748.72,0
2025,15765650,Chigolum,501,Germany,Male,40,5,114655.58,1,0,0,126535.92,0
2025,15788556,Trouette,683,France,Female,42,4,148283.94,1,1,1,44692.63,1
2025,15653937,McIntyre,638,Germany,Female,53,1,123916.67,1,1,0,16657.68,1
2025,15743538,Pickering,710,France,Female,31,1,0.0,2,1,0,20081.3,0
2025,15650086,Uchenna,725,France,Male,43,2,165896.0,2,1,0,130795.52,0
2025,15718773,Pisano,638,France,Female,32,0,0.0,2,1,0,160129.99,0
2025,15615140,Corson,791,France,Male,36,6,111168.97,1,1,1,189969.91,0
2025,15605020,Schofield,651,France,Male,45,2,165901.59,2,1,0,23054.51,1
2025,15759067,Bromby,537,Germany,Female,37,7,158411.95,4,1,1,117690.58,1
2025,15620111,Fan,659,France,Male,54,8,133436.52,1,1,0,56787.8,0
2025,15595592,Lai,708,France,Female,59,2,0.0,1,1,0,179673.11,1
2025,15583278,Greece,743,Spain,Female,36,8,92716.96,1,1,1,33693.78,0
2025,15601263,Young,493,Spain,Female,48,7,0.0,2,1,0,48545.1,0
2025,15713949,Woods,850,France,Male,40,1,76914.21,1,1,0,174183.44,0
2025,15619801,Batty,548,France,Female,33,1,80107.83,2,0,1,82245.67,0
2025,15680046,Onochie,711,Spain,Male,36,8,0.0,2,1,0,55207.41,0
2025,15811588,Eluemuno,664,Spain,Female,53,7,187602.18,1,1,0,186392.99,1
2025,15674932,Cameron,757,Spain,Female,44,9,0.0,2,1,0,177528.92,0
2025,15642022,Zito,621,Spain,Male,34,8,0.0,1,0,0,47972.65,0
2025,15691387,Agafonova,483,France,Male,29,9,0.0,1,1,1,81634.45,0
2025,15627377,Sabbatini,593,France,Male,41,6,0.0,2,1,1,99136.49,0
2025,15656683,Johnson,551,France,Male,52,1,0.0,1,0,0,63584.55,1
2025,15567802,Childs,450,Spain,Female,34,2,0.0,2,1,0,175480.93,0
2025,15745452,Sun,651,Germany,Male,41,1,90218.11,1,1,0,174337.68,0
2025,15617252,Lung,697,France,Female,33,1,87347.7,1,1,0,172524.51,0
2025,15662238,Davis,822,France,Male,37,3,105563.0,1,1,0,182624.93,0
2025,15686941,Hutchinson,575,Spain,Female,26,7,0.0,2,1,0,112507.63,0
2025,15737647,Obioma,775,Germany,Female,77,6,135120.56,1,1,0,37836.64,0
2025,15694209,Fanucci,484,France,Female,32,3,0.0,2,1,1,139390.99,0
2025,15637428,Briggs,660,France,Male,35,7,0.0,2,1,0,13218.6,0
2025,15590623,Kovalyov,561,Spain,Male,34,4,85141.79,2,1,1,29217.37,0
2025,15708256,Chien,803,France,Male,28,3,0.0,2,1,0,159654.0,0
2025,15649150,Buddicom,531,France,Female,53,5,127642.44,1,1,0,141501.45,1
2025,15668270,Thompson,587,Germany,Female,44,5,125584.17,2,1,1,41852.24,1
2025,15693200,King,752,France,Female,36,7,0.0,2,1,0,184866.86,0
2025,15660301,Dellucci,491,Germany,Male,70,6,148745.92,2,1,1,17818.33,0
2025,15614740,Walters,684,France,Female,41,6,135203.81,2,1,1,121967.88,0
2025,15574071,Muravyova,706,Germany,Male,23,2,93301.97,2,0,1,127187.04,0
2025,15632050,Liebe,779,France,Female,41,10,99786.2,1,1,0,86927.53,0
2025,15647111,White,794,Spain,Female,22,4,114440.24,1,1,1,107753.07,0
2025,15734438,Kanayochukwu,590,France,Female,29,4,0.0,2,1,0,121846.81,0
2025,15781272,Coles,669,France,Male,50,4,149713.61,3,1,1,124872.42,1
2025,15702337,Sinclair,581,France,Male,37,7,0.0,2,1,1,74320.75,0
2025,15764537,Dominguez,703,France,Male,43,8,0.0,2,1,0,9704.66,0
2025,15619616,Costa,571,France,Female,33,9,102017.25,2,0,0,128600.49,0
2025,15585133,Wei,657,Spain,Female,27,8,0.0,2,0,0,6468.24,0
2025,15579433,Pugh,793,Spain,Male,29,8,96674.55,2,0,0,192120.66,0
2025,15771750,Sawtell,655,Germany,Female,36,10,122314.39,1,1,0,9181.66,0
2025,15614213,Muramats,620,France,Male,37,0,107548.94,1,1,0,71175.94,0
2025,15739592,Sokolov,707,Germany,Female,51,10,98438.23,1,0,0,70778.63,1
2025,15656263,Teng,764,Spain,Male,29,5,0.0,2,1,0,65868.28,0
2025,15589435,Davide,784,France,Male,31,7,0.0,2,1,1,143204.41,0
2025,15678720,Evans,741,France,Female,44,7,0.0,2,1,1,190534.76,0
2025,15787258,Ross,596,Spain,Female,29,6,0.0,2,1,0,116696.77,0
2025,15706463,Yang,597,France,Female,36,9,0.0,2,1,1,7156.09,0
2025,15691004,Yu,407,Spain,Male,37,1,0.0,1,1,1,49161.12,1
2025,15594409,Belov,710,France,Male,45,1,0.0,2,1,1,36154.66,0
2025,15613816,Mao,539,Spain,Female,39,6,62052.28,1,0,1,59755.14,0
2025,15681991,Walsh,542,France,Male,32,7,107871.72,1,1,0,125302.64,0
2025,15762927,Sung,674,Germany,Female,36,6,100762.64,1,1,0,182156.86,0
2025,15569670,Alexeyeva,627,Germany,Male,30,6,112372.96,1,1,1,118029.09,0
2025,15772341,Hs?eh,682,Germany,Male,81,6,122029.15,1,1,1,50783.88,0
2025,15799652,Daigle,763,France,Female,38,0,152582.2,2,0,0,31892.82,0
2025,15715047,Joshua,640,Spain,Male,43,9,172478.15,1,1,0,191084.4,1
2025,15615322,Jamieson,528,Spain,Male,43,7,97473.87,2,1,1,159823.16,0
2025,15722072,Hou,630,France,Male,53,5,138053.67,1,0,1,114110.97,0
2025,15644692,Bibb,546,France,Female,47,8,0.0,1,1,1,66408.01,1
2025,15716357,Corran,772,Spain,Female,39,4,122486.11,2,1,1,140709.25,0
2025,15574761,Lynch,466,France,Female,41,3,33563.95,2,1,0,178994.13,1
2025,15682070,Davies,611,France,Male,64,9,0.0,2,1,1,53277.15,0
2025,15572158,Blackburn,604,Spain,Male,41,3,0.0,1,0,0,11819.84,0
2025,15584477,K?,655,Spain,Female,35,1,106405.03,1,1,1,82900.25,0
2025,15665963,Cattaneo,681,Spain,Male,30,2,128393.29,1,1,1,180593.45,0
2025,15596962,Owens,617,France,Female,24,4,137295.19,2,1,1,91195.12,0
2025,15717056,Pan,828,Germany,Female,25,7,144351.86,1,1,0,116613.26,0
2025,15792250,Nnabuife,616,Germany,Female,45,4,122793.96,1,1,1,62002.04,0
2025,15740406,Padovesi,628,Germany,Male,38,10,113525.84,1,1,0,46044.48,1
2025,15701175,Bruno,493,France,Female,33,8,90791.69,1,1,1,59659.53,0
2025,15792916,Ositadimma,559,Spain,Female,40,7,144470.77,1,1,1,18917.95,0
2025,15598695,Fields,834,Germany,Female,68,9,130169.27,2,0,1,93112.2,0
2025,15741032,Tsao,733,France,Male,48,5,0.0,1,0,1,117830.57,0
2025,15719508,Davis,575,Germany,Male,49,7,121205.15,4,1,1,168080.53,1
2025,15687903,Okonkwo,501,France,Female,29,8,0.0,2,1,0,112664.24,0
2025,15777599,Esposito,746,Germany,Male,34,6,141806.0,2,1,1,183494.87,0
2025,15780432,Shen,728,France,Male,37,3,122689.51,2,0,0,106977.53,1
2025,15651272,Reyes,709,France,Male,38,5,0.0,2,1,1,81452.29,0
2025,15680517,Sal,769,Germany,Female,34,7,137239.17,1,1,1,71379.92,1
2025,15805429,Murray,699,Germany,Male,59,3,106819.65,1,0,1,163570.25,0
2025,15589230,Wu,612,France,Female,63,2,126473.33,1,0,1,147545.65,0
2025,15718454,Ch'eng,712,Spain,Female,44,2,0.0,2,0,0,45738.94,0
2025,15790412,Norton,471,Spain,Male,26,8,0.0,2,1,1,179655.87,0
2025,15572728,Ross,704,Spain,Male,36,8,127397.34,1,1,0,151335.24,0
2025,15706729,Hsiao,662,France,Male,38,0,105271.56,1,0,1,179833.45,0
2025,15806284,Briggs,739,Spain,Male,31,1,0.0,2,1,1,58469.75,0
2025,15690958,Cantrell,767,Germany,Male,23,2,139542.82,1,0,1,28038.28,0
2025,15734005,Mazzi,633,France,Female,42,1,0.0,2,1,0,56865.62,0
2025,15592578,Nucci,614,Spain,Female,41,7,146997.64,2,0,0,137791.18,0
2025,15702631,Tang,567,France,Female,26,2,0.0,2,1,1,78651.55,0
2025,15717879,Chen,712,Spain,Female,79,5,108078.56,1,1,1,174118.93,0
2025,15800295,Cruz,644,Germany,Male,34,9,112746.54,2,0,0,141230.07,0
2025,15684921,Onuchukwu,792,Spain,Male,25,8,142862.21,1,1,1,130639.01,0
2025,15731829,Simmons,616,France,Male,34,10,0.0,2,1,0,25662.27,0
2025,15732672,Stewart,743,Spain,Male,35,6,79388.33,1,1,1,193360.69,0
2025,15764405,Williams,731,France,Male,29,10,0.0,2,1,1,162452.65,0
2025,15660679,Chimaobim,653,Spain,Female,38,9,149571.94,1,1,0,118383.18,0
2025,15666856,Chikwendu,774,France,Male,49,1,142767.39,1,1,1,8214.41,0
2025,15687372,Padovesi,547,Germany,Male,49,8,121537.71,2,1,0,46521.45,1
2025,15624641,Kharlamova,740,Spain,Male,43,9,0.0,1,1,0,199290.68,1
2025,15734610,Onio,543,France,Male,42,4,89838.71,3,1,0,85983.54,1
2025,15787255,Manfrin,650,Germany,Female,55,2,140891.46,3,1,1,179834.45,1
2025,15721462,Shubin,622,Spain,Female,58,2,0.0,2,1,1,33277.31,0
2025,15694349,Ngozichukwuka,714,Spain,Male,44,7,0.0,1,0,1,6923.11,0
2025,15718465,Sadler,671,Germany,Male,51,3,96891.46,1,1,0,176403.33,1
2025,15777772,Whittaker,650,Spain,Male,55,9,119618.42,1,1,1,29861.13,0
2025,15576156,Abazu,710,Spain,Female,28,6,0.0,1,1,0,48426.98,0
2025,15646756,Murphy,682,France,Female,33,8,74963.5,1,1,1,32770.56,0
2025,15727317,Brady,533,Germany,Female,49,1,102286.6,3,1,0,69409.37,1
2025,15649536,Wong,741,Germany,Male,38,4,128015.83,1,1,0,58440.43,0
2025,15655632,MacDonald,655,France,Male,27,2,131691.33,1,1,0,49480.66,0
2025,15612140,Milano,721,Spain,Female,46,7,137933.39,1,1,1,67976.57,0
2025,15655298,Lewis,654,Spain,Female,54,5,0.0,2,0,1,47139.06,0
2025,15644796,Dyer,821,Spain,Female,38,8,0.0,2,0,1,126241.4,1
2025,15579826,Young,439,France,Female,66,9,0.0,1,1,0,65535.56,0
2025,15641604,Frolova,850,France,Female,55,10,98488.08,1,1,0,155879.57,1
2025,15680767,Sabbatini,717,Germany,Female,64,10,98362.35,2,1,1,21630.21,0
2025,15778526,Bradshaw,719,Spain,Female,48,5,0.0,2,0,0,78563.66,0
2025,15689201,Dobie,721,France,Female,49,1,120108.56,1,0,1,183421.76,0
2025,15614716,Okwudilichukwu,515,France,Female,37,0,196853.62,1,1,1,132770.11,0
2025,15590966,Lo,729,Germany,Female,42,4,97495.8,2,0,0,2002.5,0
2025,15772250,Udegbunam,842,Spain,Male,46,9,0.0,1,0,0,17268.02,0
2025,15633870,Ozioma,850,France,Female,36,10,0.0,2,1,1,100750.03,0
2025,15694644,Wood,455,Spain,Female,43,6,0.0,1,1,1,81250.79,0
2025,15813095,Nwebube,553,France,Male,37,2,0.0,2,1,0,33877.29,0
2025,15812594,Ross,791,France,Male,34,7,0.0,2,1,0,96734.46,0
2025,15626322,Lees,699,Spain,Female,29,9,127570.93,2,1,0,164756.81,0
2025,15723105,Feetham,756,France,Female,28,6,0.0,1,1,1,164394.65,0
2025,15588449,Chuang,591,Spain,Female,27,5,107812.67,1,0,1,162501.83,1
2025,15794849,Aitken,850,Germany,Male,22,7,91560.58,2,0,0,10541.38,0
2025,15620000,Chambers,760,Germany,Male,34,6,121303.77,2,1,1,59325.21,0
2025,15613102,Ogochukwu,670,France,Female,31,2,57530.06,1,1,1,181893.31,1
2025,15691910,Lu,663,Spain,Male,30,4,0.0,3,1,0,101371.05,0
2025,15721779,Arnold,826,Spain,Male,41,5,146466.46,2,0,0,180934.67,0
2025,15681075,Chukwualuka,682,France,Female,58,1,0.0,1,1,1,706.5,0
2025,15658589,Brady,850,Spain,Male,38,2,94652.04,1,1,1,171960.76,0
2025,15625675,Clements,569,France,Male,36,1,67087.69,1,1,0,154775.7,0
2025,15633866,Hsiung,753,Germany,Male,30,1,110824.52,1,1,1,57896.27,0
2025,15751022,Bowhay,777,Germany,Female,37,10,121532.17,2,1,1,73464.88,0
2025,15664737,Lei,779,Spain,Female,38,7,0.0,2,1,1,138542.87,0
2025,15781505,Giordano,685,France,Male,20,4,104719.94,2,1,0,38691.34,0
2025,15724719,Jones,550,France,Female,22,7,139096.85,1,1,0,129890.94,0
2025,15624695,Otitodilinna,662,Spain,Female,72,7,140301.72,1,0,1,179258.67,0
2025,15576641,Crawford,733,Germany,Male,40,5,125725.02,2,1,1,50783.1,0
2025,15684960,Yewen,559,France,Female,46,5,0.0,1,1,0,21006.1,1
2025,15591286,Simmons,731,Germany,Female,49,4,88826.07,1,1,1,33759.41,1
2025,15645184,Graham,701,France,Male,29,2,0.0,2,1,0,176943.59,0
2025,15702566,Lombardo,554,Spain,Male,26,8,149134.46,1,1,1,177966.24,0
2025,15660840,Kalinin,723,France,Male,30,3,124119.54,1,1,0,162198.32,0
2025,15733842,Pirozzi,597,France,Female,24,1,103219.47,1,1,0,60420.07,0
2025,15684319,Baranova,780,Germany,Female,37,10,95196.26,1,1,0,126310.39,1
2025,15700366,Burton,669,France,Male,39,3,119452.03,1,1,1,171575.54,0
2025,15804038,Quinn,740,France,Male,44,9,0.0,1,0,1,96528.0,1
2025,15743759,Brooks,619,France,Male,39,5,0.0,2,1,1,158444.61,0
2025,15749947,Black,665,France,Female,44,7,0.0,2,1,1,66548.58,0
2025,15761497,Udinesi,713,Spain,Female,48,1,163760.82,1,0,0,157381.14,1
2025,15627002,Taylor,728,France,Male,38,1,115934.74,1,1,1,139059.05,0
2025,15694852,Arcuri,575,France,Male,29,4,121823.4,2,1,1,50368.87,0
2025,15694129,Summers,569,Germany,Female,28,3,100032.52,1,1,0,5159.21,1
2025,15803078,Bruno,635,Spain,Female,38,1,0.0,2,1,0,90605.05,0
2025,15575510,Milanesi,659,France,Female,32,2,155584.21,1,0,1,153662.88,0
2025,15602909,Dickson,604,Spain,Female,41,10,0.0,2,1,1,166224.39,0
2025,15801788,McDonald,706,Germany,Female,29,6,185544.36,1,1,0,171037.63,0
2025,15683416,Russo,572,Germany,Male,51,8,97750.07,3,1,1,193014.26,1
2025,15792989,Bianchi,543,France,Female,71,1,104308.77,1,1,1,25650.04,0
2025,15606177,Crawford,672,France,Male,39,2,0.0,2,1,0,87372.49,0
2025,15636700,Marsh,701,France,Male,39,9,140236.98,1,0,1,146651.99,0
2025,15652469,Nevels,699,France,Male,27,1,0.0,2,1,0,93003.21,0
2025,15584338,Winn,714,France,Female,40,0,0.0,2,1,0,62762.12,0
2025,15572956,Steen,683,France,Male,36,5,115350.63,1,1,1,122305.91,0
2025,15719779,May,645,Germany,Male,25,1,157404.02,2,1,0,93073.04,0
2025,15591550,Bianchi,525,Spain,Male,36,3,77910.23,1,1,0,67238.01,0
2025,15699830,Doherty,721,France,Female,40,7,0.0,2,1,1,122580.48,0
2025,15592230,Seleznyov,620,France,Male,41,3,0.0,2,1,1,137309.06,0
2025,15626212,Wark,616,France,Male,29,9,0.0,1,1,1,166984.44,0
2025,15813681,Zito,786,Germany,Male,24,2,120135.55,2,1,1,125449.47,0
2025,15654025,Jones,646,France,Female,51,4,101629.3,1,0,0,130541.1,0
2025,15589431,Pedder,807,Germany,Male,47,1,171937.27,1,1,1,65636.92,0
2025,15578238,Calabrese,727,France,Male,47,7,0.0,2,1,0,193305.35,0
2025,15639217,McKenzie,806,France,Male,34,6,0.0,2,0,0,100809.99,0
2025,15688644,Holloway,603,France,Male,31,1,129743.75,1,1,0,109145.2,0
2025,15662426,Tang,649,Spain,Male,32,1,0.0,1,0,1,91167.19,1
2025,15720511,Byrne,547,Germany,Male,41,3,151191.31,1,1,0,175295.89,1
2025,15675749,Baranov,695,France,Female,23,1,0.0,2,1,1,141756.32,0
2025,15742848,Gratton,673,France,Male,41,5,0.0,1,1,1,65657.29,0
2025,15728564,Lo,682,France,Male,41,6,0.0,2,0,1,134158.09,1
2025,15688973,Vinogradova,598,Spain,Female,39,5,0.0,2,1,1,83103.46,0
2025,15709412,H?,776,Spain,Male,30,6,0.0,2,0,1,63908.86,0
2025,15607753,Alexandrova,606,Spain,Female,23,10,70417.79,1,0,1,90896.04,0
2025,15768219,Sung,850,Spain,Male,36,0,0.0,2,1,0,141242.57,0
2025,15586425,Lo Duca,579,France,Male,28,4,0.0,2,1,1,176925.69,0
2025,15624072,Kiernan,669,Spain,Male,22,10,0.0,2,1,0,176163.74,0
2025,15573851,Macrossan,735,France,Female,38,1,0.0,3,0,0,92220.12,1
2025,15710012,Bowen,738,Spain,Male,44,2,0.0,2,1,0,43018.82,1
2025,15763327,Craig,835,France,Male,32,8,124993.29,2,1,1,27548.06,0
2025,15668853,Menhennitt,637,Spain,Female,44,0,157622.58,1,1,1,120454.2,0
2025,15598161,Clements,654,France,Male,47,10,0.0,2,1,0,170481.98,0
2025,15638257,P'an,682,Spain,Female,54,0,83102.72,2,1,1,54132.93,0
2025,15588918,Mitchell,671,France,Female,42,6,0.0,2,1,0,197202.48,0
2025,15747014,Pisani,850,France,Female,28,1,105245.34,1,0,1,74780.13,0
2025,15809830,Belisario,630,France,Male,50,8,0.0,2,0,1,79377.45,0
2025,15583462,Graham,695,France,Male,28,5,171069.39,2,1,1,88689.4,0
2025,15749671,K?,794,France,Male,35,6,0.0,2,1,1,68730.91,0
2025,15797905,Walker,682,France,Female,48,7,0.0,2,1,0,65069.03,0
2025,15616471,Milne,599,Spain,Male,51,0,0.0,1,1,1,175235.99,0
2025,15641575,Anenechukwu,577,France,Male,37,2,127261.35,1,1,0,56185.05,0
2025,15808283,Kelly,647,France,Female,33,4,0.0,1,1,0,152323.04,0
2025,15582168,Muravyova,713,Germany,Female,61,4,149525.34,2,1,0,123663.63,0
2025,15660417,Lambert,613,Germany,Female,43,10,120481.69,1,0,0,94875.03,1
2025,15590199,Temple,701,Spain,Male,28,1,103421.32,1,0,1,76304.73,0
2025,15779174,Young,451,France,Female,36,2,0.0,2,1,1,180142.42,0
2025,15718912,Hsueh,608,Germany,Female,44,5,126147.84,1,0,1,132424.69,1
2025,15592028,Roberts,549,France,Female,46,7,0.0,1,1,1,109057.56,0
2025,15580227,Moss,803,France,Male,33,6,0.0,2,1,0,115676.61,0
2025,15750099,Marshall,731,France,Female,36,6,0.0,1,0,0,152128.36,0
2025,15738150,Chidozie,591,France,Male,45,5,0.0,2,1,1,155492.87,0
2025,15678571,Barber,723,France,Male,21,4,0.0,2,0,0,24847.02,0
2025,15804201,Jones,457,Germany,Male,42,4,126772.57,1,0,1,126106.4,0
2025,15748608,Trentini,612,Germany,Male,42,5,141927.1,1,1,1,43018.98,0
2025,15666032,Mancini,568,Spain,Male,28,1,127289.28,1,0,0,45611.51,0
2025,15783882,Daly,771,Spain,Female,41,5,0.0,2,0,1,92914.67,0
2025,15722322,Green,655,Spain,Female,78,2,0.0,2,0,1,188435.38,0
2025,15642821,Ijendu,383,Spain,Female,48,8,95808.19,1,0,0,137702.01,1
2025,15601387,Yen,721,France,Male,35,10,0.0,2,1,0,71594.26,0
2025,15636330,Ch'in,588,Germany,Female,48,1,143279.58,2,1,0,31580.8,1
2025,15653784,Solomina,627,France,Male,37,2,125190.86,1,0,1,84584.69,0
2025,15773283,Dennis,641,France,Male,65,6,38340.02,1,1,0,32607.77,1
2025,15785559,De Luca,678,France,Male,43,1,133237.21,1,1,0,111032.79,1
2025,15654975,Wu,641,France,Female,53,0,123835.52,2,0,1,160110.65,0
2025,15782993,Pan,624,France,Male,51,10,123401.43,2,1,1,127825.25,0
2025,15774382,Longo,579,Germany,Male,49,4,169377.31,1,1,1,123535.05,0
2025,15736043,Hamilton,638,France,Male,34,6,114543.27,1,1,1,97755.29,0
2025,15678725,Chamberlin,658,France,Female,29,8,0.0,2,0,1,130461.09,0
2025,15694444,Buttenshaw,648,Germany,Female,32,8,157138.99,3,1,0,190994.48,1
2025,15795878,Anayochukwu,636,Spain,Male,45,3,0.0,2,1,1,159463.8,0
2025,15790067,Sun,614,Spain,Male,39,3,151914.93,1,0,0,56459.45,0
2025,15566740,Nazarova,587,Spain,Male,51,3,83739.32,1,0,1,148798.45,0
2025,15664897,Bryant,682,France,Female,35,2,181166.44,1,1,1,63737.19,1
2025,15585777,Pai,710,France,Male,38,3,130588.82,1,1,1,154997.64,0
2025,15633818,McMillan,786,France,Male,32,9,0.0,2,1,0,133112.41,0
2025,15639662,Phillips,710,France,Male,38,2,0.0,2,1,0,96.27,0
2025,15651450,Panicucci,666,Germany,Male,31,3,123212.08,2,1,1,112157.31,0
2025,15631436,Gleeson,564,France,Male,35,4,0.0,1,1,0,158937.55,0
2025,15636541,Cartwright,683,Germany,Male,35,5,144961.97,1,0,1,26796.73,0
2025,15787222,Ch'in,676,Germany,Male,28,1,69459.05,2,1,1,128461.29,0
2025,15701524,Ting,709,France,Male,36,0,0.0,2,1,0,46811.77,0
2025,15782879,Lang,656,France,Male,40,2,0.0,2,1,1,180553.48,0
2025,15726313,Napolitani,687,Spain,Female,50,5,0.0,2,1,0,110230.4,0
2025,15596972,Brownlow,534,France,Male,38,3,0.0,1,0,0,143938.27,0
2025,15656597,Wang,432,Germany,Male,38,2,135559.8,2,1,1,71856.3,0
2025,15704771,Ugochukwu,593,France,Female,35,6,133489.12,2,1,1,78101.29,0
2025,15607509,Ozerova,539,France,Male,38,5,0.0,2,1,0,47388.41,0
2025,15670343,Li,576,Spain,Male,19,6,0.0,2,0,0,72306.07,0
2025,15796957,Iadanza,597,Spain,Male,35,9,0.0,3,0,1,73181.39,1
2025,15596713,Christie,786,France,Male,37,7,165896.22,2,1,1,66977.68,0
2025,15760521,Thompson,796,France,Female,50,1,94164.0,1,1,1,189414.74,0
2025,15804721,Boni,602,France,Male,49,0,191808.73,1,0,0,97640.2,0
2025,15771728,Mackenzie,641,Germany,Male,41,7,104405.54,3,1,0,17384.21,0
2025,15780220,Pauley,656,France,Male,38,10,0.0,1,1,1,136521.82,0
2025,15648951,Kao,785,Spain,Male,41,7,0.0,2,1,1,199108.88,0
2025,15766649,Vincent,670,France,Male,38,10,89416.99,1,0,0,144275.39,0
2025,15581295,Ch'ien,617,Spain,Female,45,1,0.0,1,1,0,143298.06,0
2025,15663234,Bishop,508,France,Female,60,7,143262.04,1,1,1,129562.74,0
2025,15741417,Chibuzo,624,Spain,Female,35,7,119656.45,2,1,1,4595.05,0
2025,15782758,Ozerova,632,France,Male,40,5,147650.68,1,1,1,199674.83,0
2025,15626679,Linger,584,France,Male,33,3,0.0,2,0,1,59103.13,0
2025,15782096,Volkova,616,Spain,Female,36,6,0.0,1,1,1,12916.32,1
2025,15783522,Mitchell,738,Spain,Female,37,8,100565.94,1,1,1,128799.86,0
2025,15785373,Wong,717,Spain,Female,42,5,190305.78,1,1,0,99347.8,1
2025,15573171,Liao,695,Spain,Male,63,1,146202.93,1,1,1,126688.83,1
2025,15736769,Lucchesi,663,France,Female,27,9,0.0,2,1,0,150850.29,0
2025,15814430,Ma,747,Spain,Male,41,9,0.0,1,1,0,32430.94,1
2025,15613945,Andrews,472,France,Female,26,5,0.0,2,1,0,108411.66,0
2025,15805104,Smith,743,France,Female,73,6,0.0,2,0,1,107867.38,0
2025,15757897,Binder,766,France,Female,26,3,104258.8,1,1,1,428.23,0
2025,15732265,Obialo,630,France,Male,33,9,0.0,2,1,0,64804.59,0
2025,15651664,Wilder,615,France,Female,61,1,104267.7,1,1,0,62845.64,1
2025,15676707,Sidorov,577,Spain,Female,39,4,0.0,2,1,0,91366.42,0
2025,15601383,Ibrahimova,744,Spain,Male,44,5,120654.68,1,1,0,82290.81,0
2025,15662662,Duigan,573,France,Female,30,6,0.0,2,1,0,66190.21,0
2025,15752694,Taylor,653,France,Female,32,4,83772.95,1,0,1,23920.65,0
2025,15624667,Wallace,684,France,Male,35,6,135871.5,1,1,1,87219.41,0
2025,15661626,Algeranoff,732,Germany,Female,45,6,98792.4,1,1,0,81491.7,1
2025,15643439,Ferguson,537,France,Male,47,10,0.0,2,0,1,25482.62,0
2025,15628824,Burton,665,France,Female,37,5,160389.82,1,0,1,183542.08,0
2025,15784286,Wood,641,Spain,Male,40,5,102145.13,1,1,1,100637.07,0
2025,15764343,T'ien,688,Spain,Female,46,8,155681.72,1,1,0,26287.21,0
2025,15788686,Gibson,538,Spain,Male,40,8,0.0,2,1,1,25554.4,0
2025,15596647,Henderson,768,France,Male,54,8,69712.74,1,1,1,69381.05,0
2025,15654074,Tuan,653,France,Male,38,8,119315.75,1,1,0,150468.35,0
2025,15632665,Yevseyev,832,France,Male,61,2,0.0,1,0,1,127804.66,1
2025,15623649,Ogle,629,Spain,Male,32,3,0.0,2,1,1,15404.64,0
2025,15583392,Woronoff,747,Germany,Male,37,9,135776.36,3,1,0,85470.45,1
2025,15690731,Wolfe,645,France,Male,40,6,131411.24,1,1,1,194656.11,0
2025,15697948,Henderson,752,Spain,Female,36,3,0.0,2,1,1,48505.1,0
2025,15600813,Hyde,717,France,Male,50,9,90305.76,1,1,1,124626.57,0
2025,15601417,T'ang,681,France,Male,32,3,148884.47,2,1,1,90967.37,0
2025,15674620,Dilibe,679,Germany,Female,37,8,77373.87,2,0,1,174873.09,0
2025,15785350,Austin,528,Spain,Male,23,7,104744.89,1,1,0,170262.97,0
2025,15717156,Sokolov,520,France,Male,30,3,143396.54,2,1,1,898.51,0
2025,15663168,MacDonald,665,France,Male,35,8,110934.54,1,1,0,169287.99,0
2025,15643426,Robertson,523,Spain,Female,36,8,113680.54,1,0,0,13197.44,0
2025,15618245,Chukwumaobim,706,Germany,Male,31,1,117020.08,2,1,0,54439.53,0
2025,15793478,Li Fonti,593,Germany,Female,39,8,151391.68,1,1,0,27274.6,1
2025,15642248,Ko,608,Spain,Male,66,8,123935.35,1,1,1,65758.19,0
2025,15640377,Goloubev,526,France,Female,36,0,0.0,2,1,0,97767.63,0
2025,15723950,Kruglov,684,Spain,Male,40,2,70291.02,1,1,1,115468.84,1
2025,15671514,Sinclair,669,Spain,Female,33,8,0.0,2,0,1,128538.05,0
2025,15727041,Fiorentini,624,France,Male,71,7,0.0,2,1,1,108841.83,0
2025,15738063,Shen,631,France,Male,29,2,0.0,2,1,1,18581.84,0
2025,15694566,Roberts,602,France,Female,42,10,0.0,2,0,0,169921.11,1
2025,15726103,Tsou,689,Germany,Female,55,1,76296.81,1,1,0,42364.75,1
2025,15730044,Greco,809,Germany,Female,42,6,64497.94,3,0,1,182436.81,1
2025,15674254,Kerr,554,Spain,Female,45,4,0.0,2,1,1,193412.05,0
2025,15775206,Hunter,699,France,Male,37,10,0.0,2,0,0,83263.04,0
2025,15610379,Barclay-Harvey,599,France,Male,30,9,105443.68,1,1,1,121124.53,0
2025,15659800,Teng,584,Spain,Female,50,1,0.0,1,0,1,152567.75,1
2025,15810878,Baker,537,Spain,Female,38,6,141786.78,1,0,1,147797.54,0
2025,15801701,Robson,653,Spain,Male,35,9,0.0,2,1,1,45956.05,0
2025,15711921,Scott,695,France,Male,29,5,0.0,2,1,1,6770.44,0
2025,15762091,Simpson,631,Germany,Female,22,6,139129.92,1,1,1,63747.51,0
2025,15743570,Feng,481,France,Female,34,5,0.0,2,1,1,125253.46,0
2025,15608541,Claiborne,498,France,Male,46,1,91857.66,1,1,0,101954.78,1
2025,15803840,Forbes,729,France,Female,32,9,0.0,2,0,0,150803.44,0
2025,15780142,Wang,632,France,Male,43,2,100013.51,1,1,0,24275.32,0
2025,15709920,Burke,479,France,Female,33,2,208165.53,1,0,0,50774.81,1
2025,15758510,Frolova,474,France,Male,26,6,0.0,2,0,0,152491.22,0
2025,15692918,Hsing,604,Germany,Male,36,10,113546.3,1,1,1,134875.37,0
2025,15705301,Parkes,683,France,Male,41,6,95696.52,2,1,1,184366.14,0
2025,15567991,Obiuto,794,Spain,Male,31,0,144880.34,2,0,1,175643.44,0
2025,15812920,Nwabugwu,607,Germany,Male,40,5,90594.55,1,0,1,181598.25,0
2025,15691287,Ford,675,Germany,Female,33,0,141816.25,1,1,0,64815.05,1
2025,15712777,Kao,482,France,Male,38,4,124976.19,1,1,0,35848.12,0
2025,15786469,Montalvo,686,France,Female,34,1,0.0,2,1,0,87278.48,0
2025,15669219,Wilson,588,Germany,Male,35,3,104356.38,1,1,0,94498.82,0
2025,15704014,K'ung,738,Germany,Male,37,7,140950.92,2,1,0,195333.98,0
2025,15709604,McMillan,781,France,Male,23,2,107433.48,1,1,0,173843.21,0
2025,15712930,Duncan,587,France,Male,42,1,0.0,1,0,0,123006.91,0
2025,15745623,Worsnop,788,France,Male,32,4,112079.58,1,0,0,89368.59,0
2025,15813862,Yevseyev,526,Spain,Male,66,7,132044.6,2,1,1,158365.89,0
2025,15639530,Buda,679,Spain,Male,42,2,0.0,1,1,1,168294.27,0
2025,15725665,Lo,679,France,Male,47,10,198546.1,2,1,0,191198.92,1
2025,15812184,Rose,674,France,Female,31,1,0.0,1,1,0,128954.05,0
2025,15815043,McMillan,645,Spain,Male,49,8,0.0,2,1,0,162012.6,0
2025,15783477,Biryukov,706,Germany,Female,39,8,112889.91,1,0,1,6723.66,0
2025,15757559,Broadhurst,595,France,Female,53,7,0.0,2,1,0,41371.68,1
2025,15749300,Teng,556,France,Female,47,2,139914.27,1,1,1,50390.98,0
2025,15607065,Chinedum,765,France,Male,34,9,91835.16,1,0,0,138280.17,0
2025,15791030,Edwards,612,France,Female,33,0,64900.32,2,1,0,102426.12,0
2025,15683118,Rechner,590,France,Male,32,9,0.0,2,1,0,138889.15,0
2025,15672798,O'Brien,656,France,Female,45,7,145933.27,1,1,1,199392.14,0
2025,15680112,Stewart,473,Germany,Female,35,7,131504.73,1,1,0,189560.43,0
2025,15714575,Batt,742,Germany,Female,44,8,107926.02,1,0,1,17375.27,1
2025,15590637,Ahmed,721,France,Male,41,7,0.0,2,0,1,61018.85,0
2025,15811947,Gordon,850,France,Male,33,0,124781.67,1,0,1,33700.52,0
2025,15665629,Chiang,719,Spain,Female,33,7,0.0,2,1,0,20016.59,0
2025,15571193,Morrison,579,Germany,Male,42,0,144386.32,1,1,1,22497.1,1
2025,15600832,Moss,508,France,Female,43,9,0.0,1,1,0,103726.71,0
2025,15786680,Bianchi,805,Spain,Male,37,5,0.0,2,1,0,21928.81,0
2025,15758039,Ash,614,France,Male,44,6,0.0,2,0,1,104930.46,0
2025,15807163,Ku,537,France,Female,38,10,0.0,1,0,0,52337.97,1
2025,15631639,Uspensky,704,France,Female,40,6,95452.89,1,0,1,179964.55,0
2025,15713770,Shih,586,Spain,Male,41,3,63873.56,1,1,0,83753.64,0
2025,15640667,Yu,662,France,Female,41,4,0.0,2,1,0,126551.48,0
2025,15679738,Brown,527,Spain,Female,35,8,0.0,1,1,0,98031.53,1
2025,15809227,Chukwudi,850,France,Male,35,2,0.0,2,1,1,56991.66,0
2025,15601811,Caldwell,668,France,Female,53,10,110240.04,1,0,0,183980.56,1
2025,15783865,Kulikova,622,France,Male,59,5,119380.37,1,1,1,60429.43,0
2025,15583033,Huguley,640,France,Female,20,4,0.0,2,0,1,78310.82,0
2025,15735688,Horsley,753,France,Female,31,6,106596.29,1,0,0,91305.77,0
2025,15783026,H?,701,France,Female,41,2,0.0,1,1,0,47856.78,0
2025,15712772,Onwubiko,757,France,Male,28,3,75381.15,1,1,1,199727.72,0
2025,15783007,Parker,520,Germany,Female,45,1,123086.39,1,1,1,41042.4,1
2025,15654183,Aitken,738,France,Female,26,3,0.0,2,1,0,67484.16,0
2025,15582591,Chiabuotu,615,Spain,Male,59,4,155766.05,1,1,1,110275.17,0
2025,15738835,Slater,850,Germany,Male,38,7,101985.81,2,0,0,43801.27,0
2025,15697045,Pisani,726,Spain,Female,35,9,0.0,2,0,1,100556.98,0
2025,15612139,Fu,786,France,Female,33,0,83036.05,1,0,1,154990.58,1
2025,15568834,Howells,698,Spain,Male,27,6,125427.37,2,0,0,27654.44,0
2025,15718843,Maslova,769,Spain,Male,41,1,72509.91,1,1,0,25723.73,0
2025,15673439,Sun,646,Spain,Female,50,5,142644.64,2,1,1,142208.5,1
2025,15743153,Singh,740,Germany,Female,40,2,122295.17,2,1,1,30812.84,0
2025,15601045,Angelo,655,Spain,Male,37,8,163708.58,2,0,0,76259.23,0
2025,15764021,Frolov,617,France,Male,34,1,61687.33,2,1,0,105965.25,0
2025,15687218,West,674,France,Female,27,4,79144.34,1,0,1,50743.83,0
2025,15700964,Pollard,624,Germany,Female,27,7,104848.68,1,1,1,167387.36,0
2025,15735358,Dowse,682,Spain,Male,46,4,0.0,1,1,1,4654.28,0
2025,15685872,Godfrey,727,France,Female,29,1,146652.01,1,1,1,173486.39,0
2025,15734588,Manning,684,France,Male,46,0,0.0,2,1,1,36376.97,0
2025,15790247,Sims,536,Spain,Male,40,9,0.0,2,1,1,11959.03,0
2025,15625905,Griffen,592,Spain,Male,41,0,0.0,2,1,0,65906.07,0
2025,15752857,Palerma,452,Germany,Male,52,1,98443.14,2,0,0,92033.98,0
2025,15627854,Mai,707,Spain,Male,44,3,0.0,2,1,1,135077.01,0
2025,15635256,Arcuri,762,France,Male,31,7,117687.35,1,1,1,159344.43,0
2025,15781451,Buccho,504,France,Male,42,3,134936.97,2,0,0,135178.91,0
2025,15730657,Ibekwe,548,France,Female,41,4,82596.8,1,0,1,55672.09,0
2025,15636820,Loggia,725,Germany,Male,40,8,104149.66,1,1,0,62027.9,0
2025,15711316,Ch'ang,771,France,Male,27,2,0.0,2,1,1,199527.34,0
2025,15738785,Kang,545,France,Male,26,7,0.0,2,0,1,156598.23,0
2025,15742126,Chiu,712,Germany,Male,38,7,132767.66,2,1,1,59115.77,0
2025,15615050,Savage,575,Germany,Male,47,9,107915.94,2,1,1,63452.18,1
2025,15743498,Winter,532,Germany,Male,52,9,137755.76,1,1,0,163191.99,1
2025,15665802,Li Fonti,642,Spain,Female,36,6,0.0,2,1,1,97938.59,0
2025,15626044,Lettiere,762,Germany,Male,28,3,125155.83,2,1,1,106024.02,0
2025,15604813,Zaytseva,494,France,Male,40,7,0.0,2,0,1,158071.69,0
2025,15611644,Onyemauchechukwu,627,France,Male,73,0,146329.73,1,0,1,43615.67,0
2025,15577313,Lionel,619,France,Male,44,3,116967.68,1,1,0,5075.17,1
2025,15643359,Carter,736,Spain,Male,32,7,0.0,1,0,1,79082.62,0
2025,15691874,Kazakova,687,France,Female,34,9,125474.44,1,1,0,198929.84,0
2025,15773071,Serena,780,Spain,Female,33,6,145580.61,1,1,1,154598.56,0
2025,15785042,Hsiung,488,France,Female,31,8,97588.6,1,0,0,124210.53,0
2025,15677550,Folliero,755,France,Female,38,1,0.0,2,1,0,20734.81,0
2025,15617320,Palermo,693,Spain,Female,46,3,151709.33,1,1,0,180736.24,0
2025,15625761,Maclean,632,Germany,Male,41,8,127205.32,4,1,0,93874.87,1
2025,15598162,Saunders,754,Germany,Female,39,3,160761.41,1,1,1,24156.03,0
2025,15608109,Greco,710,Germany,Male,58,7,170113.0,2,0,1,10494.64,0
2025,15801942,Chu,619,Spain,Female,41,8,0.0,3,1,1,79866.73,1
2025,15567431,Kodilinyechukwu,773,France,Male,64,2,145578.28,1,0,1,186172.85,0
2025,15644501,Enyinnaya,579,France,Female,26,10,162482.76,1,1,1,18458.2,0
2025,15673837,Ko,617,Spain,Male,61,3,113858.95,1,1,1,38129.22,0
2025,15656822,Day,568,Germany,Male,43,5,87612.64,4,1,1,107155.4,1
2025,15642726,Holmes,611,France,Male,53,3,83568.26,1,0,0,1235.49,0
2025,15664339,Yu,775,Spain,Male,48,4,178144.91,2,0,0,50168.41,1
2025,15754526,Walker,699,Germany,Male,36,6,147137.74,1,1,1,33687.9,0
2025,15703037,Edwards,618,France,Male,37,5,0.0,1,0,1,178705.45,1
2025,15613923,Reed,581,Spain,Female,43,4,170172.9,1,0,1,100236.02,0
2025,15645200,Chiang,581,Germany,Female,54,2,152508.99,1,1,0,187597.98,1
2025,15729804,Manfrin,714,France,Male,34,10,0.0,2,1,1,80234.14,0
2025,15638231,Chung,730,Spain,Female,62,2,0.0,2,1,1,162889.1,0
2025,15716800,Kaur,582,France,Male,31,2,0.0,2,1,1,33747.03,0
2025,15733138,Paterson,663,Germany,Male,42,5,90248.79,1,1,1,79169.73,0
2025,15669741,Hou,777,France,Male,36,7,0.0,1,1,0,106472.34,0
2025,15616954,Smith,592,France,Male,71,4,0.0,2,0,1,17013.54,0
2025,15718242,Wollstonecraft,725,Germany,Female,47,1,104887.43,1,0,0,86622.56,1
2025,15682914,Bolton,850,France,Male,34,2,72079.71,1,1,1,115767.93,0
2025,15691457,Boyle,674,Spain,Male,36,2,0.0,2,1,1,182787.17,0
2025,15719649,Lambie,553,France,Male,38,3,99844.68,1,0,0,187915.7,0
2025,15589437,Lu,466,France,Male,26,3,156815.71,1,1,1,137476.09,0
2025,15571995,Harper,775,Germany,Female,33,1,118897.1,2,1,1,26362.4,0
2025,15614520,Smith,682,France,Female,37,8,148580.12,1,1,0,35179.18,0
2025,15721047,Ansell,578,Germany,Male,37,1,135650.88,1,1,0,199428.19,0
2025,15611186,Yevdokimova,609,France,Male,37,1,39344.83,1,1,1,178291.89,1
2025,15617301,Chamberlin,774,Germany,Male,36,9,130809.77,1,1,0,152290.28,0
2025,15650026,Barclay-Harvey,513,France,Male,44,1,63562.02,2,0,1,52629.73,1
2025,15624471,Chikwado,850,France,Male,37,6,0.0,2,1,0,109291.22,0
2025,15689328,Harrison,705,Germany,Male,48,9,114169.16,1,0,0,173273.2,1
2025,15734626,Gibson,652,Spain,Female,36,1,0.0,2,1,1,19302.78,0
2025,15611331,Niu,511,France,Female,46,1,0.0,1,1,1,115779.48,1
2025,15661275,Wynn,532,Germany,Male,52,3,110791.97,1,1,0,148704.77,1
2025,15768471,Wagner,554,Germany,Female,54,6,108755.0,1,1,0,40914.32,1
2025,15793346,Ofodile,602,France,Female,72,3,0.0,2,1,1,171260.66,0
2025,15608338,Chiemenam,757,Spain,Female,55,9,117294.12,4,1,0,94187.47,1
2025,15578546,Akobundu,491,Germany,Male,26,4,102251.14,1,1,1,145900.89,0
2025,15656921,Locke,850,France,Male,31,4,0.0,2,0,0,152298.28,0
2025,15591135,Forster,726,France,Male,37,2,132057.92,2,1,0,34743.98,0
2025,15623219,Smith,596,France,Male,33,8,0.0,1,1,0,121189.3,1
2025,15655229,Craig,850,Germany,Female,35,7,114285.2,1,0,1,129660.59,0
2025,15805884,Archer,637,France,Female,41,9,0.0,2,1,0,145477.36,0
2025,15668289,McWilliams,690,Spain,Male,32,2,76087.98,1,0,1,151822.66,0
2025,15568562,Moss,689,France,Male,40,8,160272.27,1,1,0,49656.24,0
2025,15783083,Shubin,534,France,Male,27,9,0.0,2,1,0,161344.13,0
2025,15742824,Isayeva,696,Germany,Male,42,7,162318.61,1,1,0,121061.89,0
2025,15621550,Hung,535,Spain,Female,50,1,140292.58,3,0,0,69531.22,1
2025,15755241,Rahman,714,France,Female,52,2,0.0,1,0,1,144045.08,1
2025,15575679,Lori,590,France,Male,24,7,126431.54,1,1,0,58781.11,0
2025,15684592,Lamb,557,Spain,Male,42,4,0.0,2,0,1,86642.38,0
2025,15591169,Hawes,788,Germany,Female,49,4,137455.99,1,1,0,184178.29,1
2025,15653455,Smith,648,France,Female,38,2,0.0,2,0,1,9551.49,0
2025,15732563,Swanton,726,Germany,Female,33,7,99046.31,2,1,1,56053.06,0
2025,15812482,Young,575,France,Male,27,3,139301.68,1,1,0,99843.98,0
2025,15765643,Hamilton,725,France,Male,37,6,124348.38,2,0,1,176984.34,0
2025,15654878,Yobanna,450,France,Male,29,7,117199.8,1,1,1,43480.63,0
2025,15673599,Williamson,618,Spain,Male,32,5,133476.09,1,0,1,154843.4,0
2025,15793856,Abdulov,667,Spain,Female,36,3,121542.57,2,1,1,186841.71,0
2025,15701074,Herz,629,Germany,Male,35,8,112330.83,1,1,1,91001.02,0
2025,15740428,Wyatt,507,France,Female,35,1,0.0,2,0,0,92131.54,0
2025,15700325,Onyeoruru,644,France,Female,24,8,92760.55,1,1,0,35896.75,0
2025,15704340,Fu,581,France,Female,37,10,104255.03,1,1,0,86609.37,0
2025,15579777,Sazonova,850,France,Male,41,3,0.0,2,1,0,128892.36,0
2025,15632345,Tuan,754,France,Female,35,4,0.0,2,1,0,44830.71,0
2025,15814468,Wei,551,Germany,Male,50,1,121399.98,1,0,1,84508.44,1
2025,15676353,Etheridge,598,France,Male,35,8,114212.6,1,1,1,74322.85,0
2025,15566312,Jolly,660,Spain,Female,42,5,0.0,3,1,1,189016.24,1
2025,15776743,Eberegbulam,647,France,Male,43,9,0.0,2,1,1,78488.39,0
2025,15674637,Pagnotto,491,France,Female,68,3,107571.61,1,0,1,113695.99,0
2025,15739972,Hughes,650,Germany,Female,45,9,152367.21,3,1,0,150835.21,1
2025,15814750,Ricci,629,Spain,Male,34,8,0.0,2,1,1,180595.02,0
2025,15693764,Mai,663,Spain,Male,52,0,136298.65,1,1,0,144593.3,1
2025,15798200,Manna,707,France,Male,35,2,0.0,3,1,1,94148.3,0
2025,15656627,Lin,602,France,Male,34,5,0.0,2,1,1,77414.45,0
2025,15807473,Morehead,503,France,Male,38,1,0.0,2,1,1,95153.24,0
2025,15708534,Afamefuna,524,Spain,Female,64,5,0.0,1,1,0,136079.64,1
2025,15640686,Greco,700,France,Male,46,5,95872.86,1,1,0,98273.01,1
2025,15770543,Lowe,679,France,Male,37,7,74260.03,1,1,0,194617.98,0
2025,15714046,Trevisano,720,Spain,Male,33,3,123783.91,2,1,1,142903.44,0
2025,15602812,Holmes,684,Germany,Female,44,2,133776.86,2,0,1,49865.04,0
2025,15675888,Austin,550,Spain,Female,33,9,72788.03,1,1,1,103608.06,0
2025,15804211,Oluchukwu,719,France,Male,36,3,155423.17,1,1,1,199841.32,0
2025,15745399,Marino,649,Spain,Female,49,2,0.0,1,1,0,84863.85,1
2025,15637118,Burns,684,France,Male,33,4,140700.61,1,1,0,103557.93,0
2025,15791172,Yeh,672,Germany,Female,21,1,35741.69,1,1,0,28789.94,0
2025,15734765,Mahmood,739,France,Female,20,4,133800.98,1,0,1,150245.81,0
2025,15769516,Shcherbakov,674,France,Female,42,9,0.0,2,1,0,4292.72,0
2025,15789379,Zetticci,762,France,Male,26,6,130428.78,1,1,0,173365.89,0
2025,15718039,Ferguson,606,Germany,Female,47,0,137138.2,2,0,1,53784.22,0
2025,15728012,Everett,678,Spain,Female,40,3,128398.38,1,1,0,168658.3,0
2025,15583371,Artemiev,632,Spain,Male,37,1,138207.08,1,1,0,60778.11,1
2025,15711251,Chizuoke,514,France,Male,45,1,178827.79,1,1,0,60375.18,0
2025,15719170,Sagese,679,France,Female,30,1,112543.42,1,1,1,179435.21,0
2025,15596011,Artyomova,529,Spain,Male,34,9,0.0,1,1,1,93208.22,0
2025,15781409,Lazarev,834,France,Female,28,6,0.0,1,1,0,74287.53,0
2025,15755978,Tseng,606,France,Male,31,10,0.0,2,1,0,195209.4,0
2025,15722090,Tseng,615,Spain,Male,51,6,81818.49,1,1,1,169149.38,0
2025,15641782,Humphries,540,France,Female,31,7,0.0,1,0,1,183051.6,1
2025,15775042,Ku,615,France,Female,23,4,0.0,2,1,0,196476.19,0
2025,15616630,Tobenna,583,Germany,Female,41,5,77647.6,1,1,0,190429.52,0
2025,15800233,Okwuadigbo,850,France,Female,40,5,0.0,2,1,0,35034.15,0
2025,15702464,Ross,549,France,Female,34,4,0.0,2,0,0,139463.57,0
2025,15704160,Wan,648,Spain,Male,49,5,0.0,1,1,0,149946.43,1
2025,15668629,Saunders,719,Spain,Male,44,2,0.0,2,1,0,196582.19,0
2025,15598097,Johnstone,550,France,Male,44,9,0.0,2,1,0,26257.01,0
2025,15620751,Secombe,760,France,Male,34,2,0.0,2,1,0,164162.44,0
2025,15723671,Lucciano,661,France,Male,35,9,100107.99,1,1,0,83949.68,0
2025,15752846,Pinto,699,France,Male,28,7,0.0,2,1,1,22684.78,0
2025,15702095,Clarke,585,Spain,Female,56,1,128472.8,1,1,0,186476.91,1
2025,15730590,Ko,738,Germany,Female,40,1,115409.18,2,0,0,180456.8,0
2025,15720636,McGregor,628,France,Female,50,4,143054.56,1,0,1,109608.81,1
2025,15625141,Porter,563,Spain,Male,26,7,0.0,2,0,0,6139.74,0
2025,15571869,Lei,669,Germany,Female,50,4,112650.89,1,0,0,166386.22,1
2025,15743293,Waters,651,Germany,Female,35,1,163700.78,3,1,1,29583.48,1
2025,15598157,Onyeorulu,728,France,Male,34,4,106328.08,1,1,0,88680.65,0
2025,15700946,Kolesnikova,574,France,Female,34,7,152992.91,1,1,1,134691.2,0
2025,15722692,Kazakova,464,France,Male,38,3,116439.65,1,1,0,75574.48,0
2025,15696506,MacDonald,604,Spain,Male,27,9,101352.78,1,0,0,30252.3,0
2025,15728823,Sharwood,836,Spain,Female,37,10,0.0,2,1,0,111324.41,0
2025,15808851,Bufkin,511,Germany,Female,75,9,105609.17,1,0,1,105425.18,0
2025,15590078,Burns,622,Spain,Male,27,9,139834.93,1,1,1,152733.89,0
2025,15656322,Sandover,571,Germany,Male,33,3,71843.15,1,1,0,26772.04,0
2025,15685564,Nnamutaezinwa,748,Spain,Male,35,5,105492.53,1,1,1,150057.2,0
2025,15785831,Sinclair,591,France,Male,35,7,183027.25,1,1,1,56028.79,0
2025,15716218,Higgins,709,France,Female,45,3,104118.5,1,0,1,174032.0,0
2025,15633840,Henderson,781,France,Male,20,0,125023.1,2,1,1,108301.45,0
2025,15627848,Tsui,683,France,Male,38,7,109346.13,2,1,0,102665.92,0
2025,15792029,Lee,620,France,Male,32,6,0.0,2,1,0,56139.09,0
2025,15780359,Storey,643,Germany,Male,25,4,115142.9,1,1,1,148098.95,0
2025,15789936,T'ao,663,France,Female,33,2,0.0,2,1,0,153295.0,0
2025,15709523,Yao,525,Germany,Female,30,0,157989.21,2,1,1,100687.67,0
2025,15790958,Sanders,685,Spain,Male,38,4,0.0,2,1,1,35884.91,0
2025,15690332,Wang,647,Germany,Male,35,3,192407.97,1,1,1,40145.28,0
2025,15652401,Lafleur,496,France,Female,36,7,0.0,2,0,0,108098.28,0
2025,15598744,Ch'ang,576,Germany,Female,71,6,140273.47,1,1,1,193135.25,1
2025,15773804,Golubeva,625,France,Male,39,5,0.0,1,1,0,99800.87,0
2025,15693817,Ferrari,539,Spain,Male,28,5,0.0,2,1,0,48382.4,0
2025,15645904,Parsons,685,France,Female,33,6,0.0,2,0,1,186785.01,0
2025,15677141,Turnbull,586,Spain,Male,29,2,132450.24,1,1,1,36176.63,0
2025,15697360,Yudina,505,France,Female,36,2,79951.9,1,0,1,174123.16,1
2025,15580872,Chinweike,761,Germany,Female,38,1,120530.13,2,1,0,109394.62,0
2025,15633181,Swinton,792,France,Male,31,6,71269.89,2,0,1,125912.77,0
2025,15766047,Sukhorukova,748,France,Female,41,2,91621.69,1,1,1,71139.31,0
2025,15596339,French,422,France,Male,54,3,140014.42,1,0,1,86350.97,0
2025,15615938,Fleming,502,France,Female,64,3,139663.37,1,0,1,100995.11,0
2025,15626135,Combes,689,France,Male,34,1,165312.27,1,1,0,155495.63,0
2025,15744046,Andrejew,606,Spain,Male,33,8,0.0,2,1,1,63176.77,0
2025,15700826,Ko,678,Germany,Female,54,1,123699.28,2,0,1,105221.76,0
2025,15586517,Toscano,647,France,Male,32,5,97041.16,1,1,1,23132.73,0
2025,15619932,Lombardi,847,France,Male,66,7,123760.68,1,0,1,53157.16,0
2025,15734365,Hsueh,579,France,Male,39,5,0.0,2,0,1,39891.84,0
2025,15729110,Lavrov,729,Spain,Female,42,7,0.0,2,1,0,58268.2,1
2025,15678374,Colombo,666,France,Female,59,5,0.0,2,1,1,185123.09,0
2025,15792679,Troupe,575,France,Male,24,2,0.0,2,1,1,119927.81,0
2025,15761886,Franklin,740,France,Male,36,4,172381.8,1,1,1,86480.29,0
2025,15815615,Kung,681,France,Male,36,5,141952.07,1,1,1,185144.08,0
2025,15762123,Davide,717,Spain,Female,34,1,0.0,2,1,0,119313.74,0
2025,15567893,Lei,556,Germany,Male,33,3,124213.36,2,1,0,62627.55,0
2025,15648989,Moss,850,France,Male,37,4,126872.6,1,1,0,197266.58,0
2025,15714380,Butcher,827,France,Male,38,5,0.0,2,0,0,103305.01,0
2025,15703763,Sanderson,554,France,Male,44,7,85304.27,1,1,1,58076.52,0
2025,15795640,Mai,683,Germany,Female,35,1,132371.3,2,0,0,186123.57,0
2025,15780056,Reid,660,Spain,Male,33,4,0.0,1,1,0,29664.45,0
2025,15584749,Humphries,668,Germany,Male,39,4,79896.0,1,1,0,38466.39,0
2025,15614054,Pankhurst,665,France,Male,36,1,0.0,2,0,1,121505.61,0
2025,15599024,Hope,506,Spain,Male,32,8,0.0,2,0,1,182692.8,0
2025,15741921,Moon,622,Spain,Female,26,8,0.0,2,1,1,124964.82,0
2025,15793671,Watt,606,France,Male,34,5,0.0,1,1,0,161971.42,0
2025,15759034,Li Fonti,654,France,Male,36,2,112262.84,1,1,0,12873.39,0
2025,15724663,Christmas,654,Spain,Female,36,5,0.0,2,0,0,157238.05,0
2025,15594556,Chuter,619,Spain,Male,52,8,0.0,2,1,1,123242.11,0
2025,15737169,Johnson,642,Spain,Male,26,8,144238.7,1,1,1,184399.76,0
2025,15722813,Byrne,470,Spain,Male,30,4,125385.01,1,1,0,68293.93,0
2025,15710316,Fang,454,Spain,Female,48,5,144837.79,1,1,1,93151.77,0
2025,15746333,Blake,562,France,Female,57,3,0.0,3,1,0,6554.97,1
2025,15576706,Ajuluchukwu,651,Germany,Male,37,9,114453.58,1,0,1,175820.91,0
2025,15655389,Leckie,638,France,Male,41,1,131762.94,1,1,1,47675.29,0
2025,15629390,Liao,653,France,Male,37,7,135847.47,1,1,0,144880.81,0
2025,15792668,Hamilton,661,Germany,Male,37,7,109908.06,2,1,0,115037.67,1
2025,15681878,Fan,436,Germany,Male,45,3,104339.11,2,1,1,183540.22,1
2025,15587647,Browne,850,Germany,Female,66,0,127120.62,1,0,1,118929.64,1
2025,15701037,Barton,578,France,Male,39,2,0.0,2,1,0,70563.9,0
2025,15715638,Ch'ang,824,Germany,Male,77,3,27517.15,2,0,1,2746.41,0
2025,15750602,Clendinnen,662,France,Male,29,5,147092.65,1,1,0,10928.3,0
2025,15756625,Crawford,752,France,Female,41,8,0.0,2,1,0,139844.04,1
2025,15643826,McKay,503,France,Male,32,4,0.0,2,1,1,153036.97,0
2025,15718588,Meng,548,France,Female,37,9,0.0,2,0,0,98029.58,0
2025,15771299,Nnachetam,707,France,Female,57,1,92053.0,1,1,1,164064.44,1
2025,15706223,Barnes,715,Spain,Male,38,2,96798.79,2,1,1,4554.67,0
2025,15612358,Christie,573,Germany,Male,35,9,134498.54,2,1,1,119924.8,0
2025,15730810,Storey,613,Spain,Male,44,9,100524.69,1,1,1,47298.95,0
2025,15611287,Chiu,777,France,Female,30,4,0.0,2,0,1,115611.97,0
2025,15766172,Tsao,541,France,Male,34,3,128743.55,1,1,0,134851.12,0
2025,15637646,Rowley,756,France,Male,31,10,122647.32,1,0,0,61666.87,0
2025,15766667,Langler,717,Spain,Male,36,2,102989.83,2,0,1,49185.57,0
2025,15754053,Chung,718,France,Female,67,7,0.0,3,1,1,82782.08,0
2025,15645839,Yudin,570,France,Male,37,6,0.0,1,1,1,187758.5,0
2025,15593510,Capon,638,Germany,Female,33,5,129335.65,1,1,1,56585.2,1
2025,15654964,Piccio,608,Spain,Male,48,7,75801.74,1,1,0,125762.95,0
2025,15815295,John,662,France,Female,38,2,96479.81,1,1,0,120259.41,0
2025,15800583,Chukwuemeka,621,Spain,Female,43,8,0.0,1,0,0,102806.6,0
2025,15770214,Bryant,754,France,Female,27,7,0.0,2,1,0,144134.64,0
2025,15693752,Reed,487,France,Male,37,2,0.0,2,1,1,126722.57,0
2025,15657809,Lo,585,France,Male,55,10,106415.57,3,1,1,122960.98,1
2025,15651955,Hanson,603,France,Male,31,4,0.0,2,0,1,9607.1,0
2025,15596074,Keating,502,France,Male,37,10,0.0,1,1,1,76642.68,0
2025,15800268,Costa,825,Germany,Male,37,6,118050.79,1,0,1,52301.15,0
2025,15611669,Nyhan,623,Germany,Male,50,7,126608.37,1,0,1,645.61,1
2025,15692575,Kerr,760,France,Male,38,6,162888.73,1,1,0,91098.76,1
2025,15776947,Ugorji,637,Spain,Male,43,8,0.0,1,1,0,12156.93,1
2025,15795586,McDonald,478,France,Male,35,1,92474.05,1,1,0,178626.07,0
2025,15677739,Dellucci,562,France,Male,36,6,0.0,2,1,0,32845.32,0
2025,15688868,Birdsall,684,France,Female,26,5,87098.91,1,0,0,106095.82,0
2025,15605059,Mackie,576,Germany,Male,63,3,148843.56,1,1,0,69414.13,1
2025,15568088,Jamieson,481,Germany,Male,44,3,163714.52,1,1,0,96123.72,0
2025,15662243,Taylor,559,France,Male,50,5,162702.35,1,0,0,150548.5,1
2025,15787602,Carter,568,Spain,Male,39,5,0.0,2,1,1,129569.92,0
2025,15605264,Walker,669,Germany,Male,47,0,63723.78,2,1,1,181928.25,0
2025,15708265,Chibugo,581,Spain,Female,24,10,159203.71,1,1,1,102517.83,1
2025,15686964,Spence,675,France,Female,34,10,84944.58,1,0,0,146230.63,0
2025,15793491,Cherkasova,714,Germany,Male,26,3,119545.48,2,1,0,65482.94,0
2025,15601627,Siciliano,587,France,Male,33,8,148163.57,1,0,0,122925.4,0
2025,15734085,Crocker,465,Germany,Male,24,5,117154.9,1,1,1,127744.02,0
2025,15738715,Alexander,600,France,Female,37,4,0.0,3,1,0,7312.25,1
2025,15765732,Simmons,564,Spain,Female,24,6,149592.14,1,1,1,153771.8,0
2025,15587394,Thomson,462,France,Male,39,4,140133.08,2,0,0,131304.45,0
2025,15654457,Cross,685,Spain,Female,30,2,0.0,3,1,1,172576.43,1
2025,15693088,Oliver,628,France,Female,37,9,0.0,2,1,1,34689.77,0
2025,15565878,Bates,631,Spain,Male,29,3,0.0,2,1,1,197963.46,0
2025,15609160,Marsden,586,France,Male,32,1,0.0,2,0,0,31635.99,0
2025,15670738,Mazzanti,733,Germany,Male,45,2,113939.36,2,1,0,3218.71,0
2025,15760865,Fan,754,Germany,Female,48,7,141819.02,1,1,0,93550.53,1
2025,15705009,Cartwright,649,France,Female,56,8,156974.26,1,1,0,89405.26,1
2025,15657540,Cremonesi,578,France,Male,50,5,151215.34,2,1,0,169804.4,0
2025,15707441,White,690,Spain,Male,26,8,116318.23,1,1,1,83253.05,0
2025,15694765,Sabbatini,610,Germany,Male,49,6,113882.33,1,1,0,195813.81,1
2025,15760924,Doherty,575,Spain,Male,41,2,100062.39,1,0,0,126307.25,0
2025,15806922,Bergamaschi,674,Spain,Female,41,4,126605.14,1,1,1,166694.93,0
2025,15627185,Terry,744,Germany,Male,29,6,123737.04,2,1,0,141558.04,0
2025,15754012,Shepherdson,687,France,Female,35,1,110752.15,2,1,1,47921.22,0
2025,15661433,Zetticci,519,France,Male,34,5,0.0,1,1,0,68479.6,0
2025,15709199,Burson,511,Spain,Female,40,1,0.0,1,1,1,184118.73,0
2025,15640418,Omeokachie,649,Germany,Female,41,4,115897.73,1,1,0,143544.48,0
2025,15625713,Lindeman,679,Spain,Female,39,7,91187.9,1,0,1,6075.36,0
2025,15799924,Sanchez,668,Spain,Male,43,1,147167.25,1,0,0,141679.73,0
2025,15804853,McVey,781,France,Female,48,0,57098.96,1,1,0,85644.06,1
2025,15679928,Horsfall,592,France,Female,31,2,84102.11,2,0,1,116385.24,0
2025,15711181,Clapp,589,France,Female,50,4,0.0,2,0,1,182076.97,0
2025,15698324,Azikiwe,725,France,Female,33,4,0.0,1,1,1,67879.8,0
2025,15628950,Coates,501,Germany,Male,25,6,104013.79,1,1,0,114774.35,0
2025,15603741,MacDonnell,719,Spain,Male,40,4,128389.12,1,1,1,176091.31,0
2025,15742607,Ermakov,850,Germany,Male,36,7,102800.72,1,1,1,87352.43,0
2025,15704681,Yeh,766,Germany,Male,37,2,99660.13,2,0,1,147700.78,0
2025,15802274,Waters,686,France,Female,44,7,55053.62,1,1,0,181757.19,0
2025,15732903,Fontenot,673,France,Male,39,7,82255.51,2,1,0,109545.56,0
2025,15595447,Tuan,613,Spain,Male,39,8,118201.41,1,1,0,23315.59,0
2025,15656188,Davis,584,Spain,Female,30,5,0.0,2,1,1,185201.58,0
2025,15689661,Gorbunov,663,France,Male,22,6,0.0,2,0,1,131827.15,0
2025,15761286,Fan,696,Germany,Female,66,7,119499.42,2,1,1,174027.3,0
2025,15658240,Parry,554,France,Female,44,9,135814.7,2,0,0,115091.38,0
2025,15785488,Palmer,701,Spain,Female,39,9,0.0,2,1,1,110043.88,0
2025,15751180,Adams,539,France,Female,40,7,81132.21,1,1,0,167289.82,0
2025,15748360,Cocci,644,Germany,Female,34,10,122196.99,2,1,1,182099.71,0
2025,15770039,Kuo,572,Germany,Male,39,4,112290.22,1,1,0,49373.97,1
2025,15586699,Thomson,825,France,Male,32,9,0.0,2,0,0,9751.03,0
2025,15702377,Knorr,627,Spain,Male,48,1,132759.8,1,1,0,78899.22,0
2025,15769451,Hayes,764,France,Female,44,1,0.0,2,1,1,11467.38,0
2025,15614962,Pavlova,623,Spain,Female,50,2,87116.71,1,1,1,104382.11,0
2025,15776156,Dolgorukova,521,France,Male,27,4,121325.84,1,1,1,164223.7,1
2025,15739548,Johnson,775,France,Male,28,9,111167.7,1,1,0,149331.01,0
2025,15687688,Hou,564,Germany,Female,32,10,139875.2,2,1,0,15378.23,0
2025,15715750,Okeke,646,Germany,Female,44,2,113063.83,1,0,0,53072.49,1
2025,15571121,Kodilinyechukwu,670,France,Female,50,8,138340.06,1,0,1,3159.15,0
2025,15726466,Esposito,751,France,Male,43,1,114974.24,1,1,0,125920.54,0
2025,15644446,Norton,672,France,Female,28,6,0.0,1,0,1,8814.69,0
2025,15585892,Zakharov,639,France,Female,35,8,0.0,1,0,0,164453.98,0
2025,15692408,Brown,463,Spain,Female,35,2,0.0,2,1,1,1950.93,0
2025,15796813,Storey,493,France,Male,54,3,167831.88,2,1,0,150159.95,1
2025,15714087,McGill,624,Germany,Female,45,5,151855.33,1,1,0,68794.15,0
2025,15588123,Horton,677,France,Female,27,2,0.0,2,0,1,114685.92,0
2025,15748552,Sal,464,Germany,Male,37,4,155994.15,1,0,0,143665.44,0
2025,15672432,Giles,594,France,Female,53,4,0.0,1,1,0,5408.74,1
2025,15580914,Okechukwu,478,Spain,Male,48,0,83287.05,2,0,1,44147.95,1
2025,15686461,Sarratt,558,France,Female,56,7,121235.05,2,1,1,116253.1,0
2025,15753591,He,438,France,Male,38,2,0.0,2,1,0,136859.55,0
2025,15704581,Robertson,595,Germany,Male,34,2,87967.42,2,0,1,156309.52,0
2025,15648069,Onyemachukwu,850,France,Female,36,6,0.0,2,1,1,190194.95,0
2025,15681755,Dennys,605,France,Female,32,5,0.0,2,1,1,42135.28,0
2025,15705918,Howarth,725,France,Male,31,8,0.0,2,1,1,59650.42,0
2025,15684512,Gibson,818,Germany,Female,72,8,135290.42,2,1,1,63729.72,0
2025,15642934,Mason,669,Germany,Female,35,4,108269.2,2,1,0,174969.92,0
2025,15594305,Rizzo,712,France,Female,32,1,0.0,2,1,0,1703.58,0
2025,15706762,Ignatyev,597,France,Female,41,4,145809.53,2,1,1,52319.26,0
2025,15692137,Jen,759,France,Female,46,2,0.0,1,1,1,138380.11,0
2025,15709459,Oluchi,698,Spain,Female,63,5,0.0,1,1,1,173576.71,0
2025,15704081,Findlay,595,Germany,Male,30,9,130682.11,2,1,1,57862.88,0
2025,15719940,Gibbons,628,Germany,Female,51,10,115280.49,2,0,0,12628.61,1
2025,15636767,Yang,665,Spain,Female,32,10,0.0,1,1,1,22487.45,0
2025,15575605,Napolitano,725,France,Male,38,6,0.0,2,1,1,158697.28,0
2025,15600975,Chiemenam,556,France,Female,54,4,150005.38,1,1,0,157015.5,1
2025,15565714,Cattaneo,601,France,Male,47,1,64430.06,2,0,1,96517.97,0
2025,15787693,Kharlamov,559,Spain,Male,38,3,145874.35,1,1,0,56311.39,1
2025,15664793,Scott,754,Spain,Female,50,7,146777.44,2,0,1,150685.52,0
2025,15642391,Lettiere,621,Germany,Male,51,4,109978.83,1,0,0,177740.58,1
2025,15756538,Osonduagwuike,654,France,Female,37,5,0.0,1,0,1,71492.28,0
2025,15796569,Donaldson,831,Spain,Female,44,10,0.0,1,0,1,47729.33,0
2025,15677112,Chukwufumnanya,519,France,Male,39,2,112957.26,2,1,0,97593.16,0
2025,15801441,Campbell,670,Germany,Female,35,2,79585.96,1,0,1,198802.9,0
2025,15575243,Gorbunova,764,France,Female,39,1,129068.54,2,1,1,187905.12,0
2025,15773421,Genovese,673,France,Female,42,4,0.0,2,1,0,121440.8,0
2025,15765257,Meng,564,Spain,Male,31,5,121461.87,1,1,1,20432.09,1
2025,15636478,Williams,621,France,Male,31,7,136658.61,1,1,1,148689.13,0
2025,15651868,Clark,672,France,Male,34,6,0.0,1,0,0,22736.06,0
2025,15682686,Chukwuemeka,722,France,Female,38,3,0.0,2,0,1,167984.72,0
2025,15697460,Lai,596,Germany,Male,34,4,99441.21,2,0,1,4802.27,0
2025,15748432,Arcuri,746,France,Female,32,4,0.0,2,1,1,72909.75,0
2025,15698271,Graham,523,France,Female,26,4,0.0,2,1,0,185488.81,0
2025,15808662,Krylov,624,France,Male,44,3,0.0,2,1,0,88407.51,0
2025,15690372,Henry,553,Spain,Male,38,1,181110.13,2,1,0,184544.59,0
2025,15731166,Macleod,743,France,Female,30,1,127023.39,1,1,1,138780.89,0
2025,15764226,Lu,630,Germany,Female,28,8,106425.75,1,1,1,20344.84,0
2025,15809837,Kent,430,Germany,Female,66,6,135392.31,2,1,1,172852.06,1
2025,15716082,Chukwubuikem,703,Spain,Male,39,6,152685.4,1,0,0,183656.12,0
2025,15643056,McMillan,755,Germany,Female,38,1,82083.52,1,0,1,10333.78,0
2025,15712877,Morley,724,Spain,Male,36,1,0.0,2,1,0,52462.25,0
2025,15608688,Andreyeva,442,France,Male,34,4,0.0,2,1,0,68343.08,0
2025,15659100,Lane,605,France,Male,33,9,128152.82,1,0,0,147822.81,0
2025,15591010,McDonald,434,Germany,Male,55,8,109339.17,2,1,0,96405.88,1
2025,15745375,Nnanna,640,Germany,Male,23,3,72012.76,1,1,0,161333.13,0
2025,15713983,Mao,780,Germany,Male,34,5,94108.54,2,1,0,177235.21,0
2025,15709252,Fuller,616,Germany,Female,28,10,105173.99,1,0,1,29835.37,1
2025,15732884,Trevisano,676,France,Male,29,7,131959.86,1,0,0,189268.81,0
2025,15785339,H?,640,France,Female,50,9,117565.03,2,0,0,82559.77,0
2025,15638983,Jara,684,France,Female,38,5,133189.4,1,0,0,127388.06,0
2025,15697310,O'Callaghan,559,Germany,Female,28,3,152264.81,1,0,0,64242.31,0
2025,15575438,Pease,613,France,Male,42,7,115076.06,1,1,1,79323.61,0
2025,15740458,Murphy,703,Spain,Male,36,7,135095.47,1,1,0,143859.66,0
2025,15762799,Alexander,720,Germany,Male,23,0,187861.18,2,1,1,104120.17,0
2025,15565996,Arnold,653,France,Male,44,8,0.0,2,1,1,154639.72,0
2025,15662152,Trevisan,552,France,Female,38,9,134105.01,1,0,0,57850.1,0
2025,15774262,Hobson,597,Germany,Male,52,8,83693.34,2,1,1,161083.53,0
2025,15644400,Anderson,709,France,Male,44,9,128601.98,1,1,0,117031.2,0
2025,15797246,Terry,621,Germany,Female,34,2,91258.52,2,1,0,44857.4,0
2025,15586183,Wallace,561,France,Female,35,5,0.0,2,1,0,59981.62,0
2025,15770995,Sinclair,753,Germany,Female,47,1,131160.85,1,1,0,197444.69,0
2025,15596165,Degtyarev,547,Germany,Male,25,4,98141.57,2,1,1,52309.8,0
2025,15652658,Finch,721,France,Male,36,1,155176.83,2,1,1,49653.37,0
2025,15684440,Monaldo,548,Germany,Male,32,2,98986.28,1,1,1,55867.38,0
2025,15767231,Sun,757,France,Male,36,7,144852.06,1,0,0,130861.95,0
2025,15690492,Palermo,625,France,Male,41,6,97663.16,2,1,0,57128.78,0
2025,15694237,McEwan,744,Spain,Male,39,4,95161.75,1,1,0,19409.77,0
2025,15566495,Hanson,704,Spain,Female,24,2,0.0,1,1,0,35600.25,1
2025,15805627,Nebechukwu,670,France,Male,37,2,0.0,2,1,1,54229.74,0
2025,15799785,Ikemefuna,679,Germany,Female,30,4,77949.69,1,1,1,121151.46,0
2025,15772329,Fiorentino,580,Germany,Male,45,8,103741.14,1,1,0,47428.73,1
2025,15591552,Okonkwo,600,France,Female,32,7,98877.95,1,1,0,132973.21,0
2025,15750921,Monds,521,France,Male,37,5,105843.26,2,1,1,84908.2,0
2025,15763579,Castro,702,Germany,Female,36,2,105264.88,2,1,1,52909.87,0
2025,15728010,Capon,485,France,Male,37,5,0.0,2,0,1,170226.47,0
2025,15663194,Voronova,582,Germany,Female,40,3,110150.43,1,1,1,191757.65,1
2025,15734649,Martel,779,Spain,Female,55,0,133295.98,1,1,0,22832.71,1
2025,15662189,Durant,434,Spain,Male,33,3,0.0,1,1,1,2739.71,0
2025,15762716,Chigozie,762,Spain,Female,60,10,168920.75,1,1,0,31445.03,1
2025,15587266,Douglas,606,Germany,Female,27,6,172310.33,1,0,1,111448.92,0
2025,15706268,Smith,697,Germany,Male,51,1,147910.3,1,1,1,53581.14,0
2025,15581871,Butler,504,Germany,Male,42,7,131287.36,2,1,1,149697.78,0
2025,15680901,Potter,652,France,Female,34,6,97435.85,2,1,1,104331.76,0
2025,15653147,Boyle,594,France,Male,35,2,133853.27,1,1,1,65361.66,0
2025,15810485,Sun,486,Germany,Male,37,1,101438.0,1,0,0,51364.56,0
2025,15611973,Tuan,804,France,Male,55,7,0.0,2,1,1,118752.6,0
2025,15706464,White,667,Spain,Male,35,4,97585.32,2,0,0,57213.46,0
2025,15725028,Chialuka,679,France,Male,29,3,0.0,2,1,1,63687.06,0
2025,15633944,McKay,644,Spain,Male,32,3,136659.74,1,1,1,14187.78,0
2025,15611318,Kruglova,599,Spain,Male,33,4,51690.89,1,1,0,111622.76,1
2025,15623668,Johnson,653,Germany,Male,31,2,154741.45,2,0,0,25183.01,0
2025,15696361,Chung,648,Germany,Male,31,7,125681.51,1,0,1,129980.93,0
2025,15637891,Docherty,613,Germany,Female,43,4,140681.68,1,0,1,20134.07,0
2025,15789865,Nnaife,620,France,Male,28,9,71902.52,1,0,1,190208.23,0
2025,15722479,Ikenna,707,France,Male,37,1,0.0,2,0,1,6035.51,0
2025,15688264,Nkemdilim,629,France,Female,43,0,0.0,2,1,1,41263.69,0
2025,15686670,Duke,588,France,Female,36,2,0.0,2,1,0,92536.0,1
2025,15689268,Fitzpatrick,584,France,Male,36,9,0.0,1,1,1,105818.51,0
2025,15570508,Azubuike,600,France,Male,49,7,90218.9,1,1,0,91347.76,0
2025,15617065,Pan,650,Spain,Male,42,4,194532.66,1,1,0,171045.31,1
2025,15802106,Craig,418,France,Male,34,8,155973.88,1,1,0,154208.96,0
2025,15670646,Moore,499,Spain,Female,42,0,147187.84,1,1,1,14868.94,1
2025,15578722,Bradley,689,France,Male,39,4,0.0,2,1,0,196112.45,0
2025,15815095,Burfitt,850,Spain,Male,54,7,108185.81,2,0,0,24093.4,1
2025,15763194,Milanesi,643,France,Male,34,7,0.0,2,0,1,100304.13,0
2025,15567834,Nieves,719,France,Male,49,5,105918.1,1,1,1,16246.59,0
2025,15713160,Lin,669,Spain,Male,25,7,157228.61,2,1,0,124382.9,0
2025,15568878,Cheng,654,Spain,Male,34,5,0.0,2,1,0,159311.46,0
2025,15736420,Macdonald,596,France,Male,21,4,210433.08,2,0,1,197297.77,1
2025,15570947,Bruny,615,Spain,Female,29,7,143330.56,2,1,1,126396.01,0
2025,15751137,Lei,850,Germany,Female,36,3,169025.83,1,1,0,174235.06,0
2025,15726167,Scott,655,France,Male,37,4,0.0,2,1,1,142415.97,0
2025,15716347,Griffin,663,Germany,Male,37,7,143625.83,2,0,1,176487.05,0
2025,15641715,Ts'ui,599,France,Male,34,8,0.0,2,1,1,174196.68,0
2025,15625311,Dickinson,589,Germany,Female,41,7,92618.62,1,1,1,101178.85,0
2025,15660144,Balashov,660,France,Male,38,4,0.0,2,0,0,88080.43,0
2025,15690898,Bogolyubova,696,France,Male,44,8,161889.79,1,0,0,75562.47,0
2025,15764922,Tu,596,Spain,Male,20,3,187294.46,1,1,0,103456.47,0
2025,15795079,Nnaife,596,Spain,Male,67,6,0.0,2,1,1,138350.74,0
2025,15673747,Ayers,519,France,Female,22,8,0.0,1,0,1,167553.06,0
2025,15808386,Cocci,721,Germany,Female,45,7,138523.2,1,0,0,59604.45,1
2025,15744044,Fiorentini,572,Germany,Male,47,4,99353.42,1,1,0,196549.85,1
2025,15802071,Levi,762,Germany,Male,35,1,117458.51,1,0,1,178361.48,1
2025,15694677,Bennetts,733,France,Male,39,1,0.0,2,1,1,141841.31,0
2025,15742009,Hsueh,489,Spain,Male,58,4,0.0,2,1,1,191419.32,0
2025,15742297,Sinclair,715,France,Male,35,2,141005.47,1,1,1,60407.93,0
2025,15688059,Chin,807,Germany,Female,42,9,105356.09,2,1,1,130489.37,0
2025,15647191,Lucchesi,677,France,Male,36,4,0.0,2,1,0,7824.31,0
2025,15622507,Hamilton,748,Germany,Female,40,3,103499.09,2,0,0,38153.19,0
2025,15646521,Fan,634,Spain,Female,36,1,0.0,1,1,1,143960.72,0
2025,15625501,Wall,570,Germany,Male,38,1,127201.58,1,1,0,147168.28,1
2025,15790630,Olisaemeka,619,France,Female,48,4,0.0,1,0,0,18094.96,1
2025,15664720,Kovalyova,714,Spain,Male,33,8,122017.19,1,0,0,162515.17,0
2025,15591248,Chukwumaobim,628,France,Female,29,9,71996.29,1,1,1,34857.46,0
2025,15812918,Scott,432,France,Female,27,6,62339.81,2,0,0,53874.67,0
2025,15636626,Morrison,718,France,Male,35,3,97560.16,1,1,1,53511.74,0
2025,15804235,Zetticci,698,France,Female,37,2,166178.02,2,1,1,71972.95,0
2025,15673907,Alexander,659,France,Male,20,8,0.0,2,0,0,112572.02,0
2025,15748499,Johnson,550,Germany,Male,33,4,118400.91,1,0,1,13999.64,1
2025,15598266,Martin,610,France,Male,40,9,0.0,1,1,1,149602.54,0
2025,15717065,Balashov,686,France,Female,35,8,105419.73,1,1,0,35356.46,0
2025,15638272,Tien,609,Spain,Male,32,4,99883.16,1,1,1,120594.85,0
2025,15671987,Meagher,567,Spain,Male,35,8,153137.74,1,1,0,88659.07,0
2025,15784526,Chen,616,France,Male,44,5,102016.38,1,0,1,178235.37,1
2025,15593694,Williams,814,France,Male,49,8,0.0,2,0,0,157822.54,0
2025,15789014,Scott,600,France,Female,26,6,108909.12,1,1,0,82547.01,0
2025,15703177,Bell,654,France,Female,35,2,90865.8,1,1,1,86764.46,0
2025,15660263,Olisaemeka,622,France,Male,40,4,99799.76,2,1,0,197372.13,0
2025,15599272,Harrington,795,France,Female,36,1,151844.64,1,1,1,135388.89,0
2025,15608804,Allan,824,Germany,Male,49,8,133231.48,1,1,1,67885.37,0
2025,15587038,Ogochukwu,654,Spain,Female,32,2,0.0,1,1,1,51972.92,1
2025,15657228,Anderson,545,Germany,Male,37,9,95829.13,2,0,1,104936.88,0
2025,15686913,Kung,757,France,Male,38,0,0.0,1,1,0,83263.06,0
2025,15632275,Trevisano,718,France,Male,29,2,0.0,1,1,0,126336.72,0
2025,15814116,Castiglione,583,France,Female,42,7,0.0,2,1,0,144039.05,0
2025,15665087,Bergamaschi,595,Germany,Female,26,8,118547.72,1,1,1,151192.18,0
2025,15800554,Perry,850,France,Female,81,1,0.0,2,1,1,59568.24,0
2025,15611409,Sun,676,Spain,Male,35,0,0.0,2,0,0,139911.58,0
2025,15642063,Kelechi,692,France,Male,40,6,163505.16,1,0,0,90424.09,0
2025,15786539,Olisaemeka,808,France,Male,32,1,0.0,2,1,1,46200.71,0
2025,15735330,Sung,553,France,Male,37,1,0.0,1,1,0,30461.55,0
2025,15777893,Davide,777,France,Male,43,1,0.0,2,1,0,21785.91,0
2025,15791326,Nnamdi,566,France,Male,34,3,0.0,1,0,0,188135.69,0
2025,15735221,Sousa,697,France,Female,42,10,0.0,2,1,0,61312.15,0
2025,15785705,Thomson,705,Germany,Female,44,10,106731.58,1,1,0,137419.87,1
2025,15792107,Black,719,Spain,Female,35,8,0.0,1,1,1,165162.4,0
2025,15569917,Obijiaku,706,Spain,Male,30,6,87609.68,2,0,0,137674.55,1
2025,15721504,King,731,Spain,Male,41,3,0.0,2,1,0,101371.72,0
2025,15696120,Wallace,701,Spain,Female,30,2,0.0,2,1,0,115650.63,0
2025,15675176,Price,512,France,Male,51,6,144953.31,1,1,1,165035.17,0
2025,15700046,Yuan,635,France,Male,41,4,103544.88,2,1,0,193746.55,0
2025,15782089,Mullen,685,France,Male,33,6,0.0,1,1,0,58458.26,0
2025,15706394,Howell,609,France,Male,53,7,0.0,2,0,1,52332.85,0
2025,15759387,McIntosh,598,Germany,Male,38,1,101487.18,1,1,1,75959.1,1
2025,15642448,Onyemauchechukwu,656,Spain,Male,28,8,120047.77,1,1,1,137173.39,0
2025,15791944,Harker,697,France,Male,32,7,175464.85,3,1,0,116442.42,1
2025,15778345,Stevens,749,France,Female,33,1,74385.98,1,1,0,20164.47,0
2025,15687634,Glover,561,Germany,Male,49,5,94754.0,1,1,1,26691.31,0
2025,15666096,Ibekwe,676,Spain,Male,27,4,0.0,1,0,1,107955.67,0
2025,15581700,Paterson,615,Germany,Male,43,3,86920.86,1,1,1,150048.37,0
2025,15700511,Hanson,708,Germany,Male,42,9,176702.36,2,1,1,104804.74,0
2025,15773789,Pavlova,594,Spain,Female,38,7,96858.35,1,1,0,77511.45,0
2025,15600027,Meng,579,Spain,Male,33,1,0.0,2,1,1,54816.57,0
2025,15569595,Walker,678,France,Female,50,6,0.0,1,1,0,8199.5,0
2025,15762392,Ilyina,683,Spain,Male,30,1,113257.2,1,1,1,65035.02,0
2025,15791769,Gardener,691,France,Female,29,9,116536.43,1,1,0,51987.99,0
2025,15712483,Chidi,608,Spain,Female,28,4,0.0,2,1,0,10899.63,1
2025,15636454,Fu,691,France,Female,60,6,101070.69,1,1,0,177355.8,1
2025,15749964,Jones,610,France,Female,27,4,87262.4,2,1,0,182720.07,0
2025,15678779,Quezada,502,France,Male,33,7,0.0,2,0,1,4082.52,0
2025,15796413,Green,794,France,Male,46,6,0.0,2,1,0,195325.74,0
2025,15624423,Liu,850,France,Male,28,8,99986.98,1,1,0,196582.55,0
2025,15591107,Flemming,723,Germany,Female,68,3,110357.0,1,0,0,141977.54,1
2025,15727811,Ts'ui,661,Germany,Female,47,0,109493.62,1,0,0,188324.01,1
2025,15707681,Pokrovsky,501,Germany,Male,38,9,88977.39,2,0,1,133403.07,0
2025,15769356,Stevenson,520,Germany,Female,23,3,116022.53,2,1,1,37577.66,0
2025,15667460,Moore,797,France,Male,31,9,0.0,2,1,1,24748.89,0
2025,15632669,Rees,722,Spain,Female,32,4,0.0,2,1,1,113666.48,0
2025,15698522,Thomas,660,Germany,Male,39,9,134599.33,2,1,0,183095.87,0
2025,15665374,Dumolo,610,Spain,Female,31,5,0.0,2,0,0,63736.36,0
2025,15810716,Kerr,750,Germany,Male,42,8,151836.36,2,1,0,68695.38,0
2025,15776921,Geoghegan,431,Germany,Male,45,5,83624.55,2,0,0,36899.62,0
2025,15608916,Ndubueze,573,France,Male,40,7,147754.68,1,1,1,110454.46,0
2025,15730150,Otutodilichukwu,540,Spain,Male,37,0,120825.7,1,1,0,28257.89,0
2025,15606554,Douglas,797,France,Male,29,1,0.0,1,0,1,149991.32,0
2025,15611794,Galloway,526,Germany,Male,61,6,133845.28,2,1,1,45180.8,0
2025,15788634,Romani,750,Spain,Female,37,2,113817.06,1,0,0,88333.74,0
2025,15660871,Ch'ang,665,France,Male,28,8,137300.23,1,1,0,90174.83,0
2025,15790689,Hibbins,647,Spain,Male,32,9,80958.36,1,1,1,128590.73,0
2025,15740356,Palmer,660,Germany,Male,26,4,115021.76,1,0,1,162443.05,0
2025,15675450,Burt,718,France,Male,48,9,0.0,2,1,1,72105.63,0
2025,15776494,Siciliano,754,France,Male,61,5,146622.35,1,1,1,41815.22,1
2025,15602043,Buccho,770,Germany,Female,46,5,141788.63,2,0,0,164967.21,0
2025,15807335,Spencer,676,Spain,Female,64,4,116954.32,1,1,1,91149.48,0
2025,15637315,Melvin,601,Spain,Female,41,3,0.0,2,1,0,54342.83,0
2025,15715184,Capon,752,Spain,Female,31,4,144637.86,2,1,0,40496.72,0
2025,15806081,Fleming,608,Germany,Female,48,2,127924.25,2,1,0,32202.61,0
2025,15647306,Gibbs,777,France,Female,29,9,131240.61,1,1,1,163746.09,1
2025,15574119,Okwuadigbo,598,Spain,Female,64,1,62979.93,1,1,1,152273.57,0
2025,15707559,Clark,682,France,Female,30,9,0.0,2,1,1,195104.91,0
2025,15582129,Hsia,517,France,Male,62,1,43772.66,3,1,0,187756.24,1
2025,15787196,T'ien,692,Spain,Male,46,2,0.0,2,1,1,105983.09,0
2025,15677955,Tsui,757,Germany,Male,33,1,122088.67,1,1,0,42581.09,0
2025,15794875,Hung,691,Spain,Male,35,6,0.0,2,0,1,178038.17,0
2025,15631756,Tuan,482,France,Female,35,5,147813.05,2,0,0,109029.72,0
2025,15593622,Service,635,France,Male,43,10,122198.21,2,0,1,179144.54,0
2025,15722473,Faulkner,713,France,Male,41,3,0.0,2,1,0,55772.04,0
2025,15718531,Ukaegbunam,554,France,Female,35,8,0.0,2,1,1,176779.46,0
2025,15606232,Holloway,621,Spain,Female,36,7,116338.68,1,1,1,155743.48,0
2025,15684358,Kang,711,France,Male,41,3,0.0,2,1,1,193747.57,0
2025,15814237,Watkins,627,Germany,Male,30,3,128770.88,2,1,1,40199.01,0
2025,15751177,Milne,685,Germany,Female,44,2,119657.53,1,1,0,145387.05,1
2025,15685243,Jamieson,736,France,Female,63,10,0.0,2,0,1,502.7,0
2025,15638730,Macleod,711,France,Female,21,0,82844.33,2,0,1,1408.68,0
2025,15697034,Norris,583,Spain,Female,22,2,0.0,2,0,1,5985.36,0
2025,15595991,Hsiung,585,France,Male,54,8,87105.32,1,1,1,55346.14,0
2025,15681332,Tate,437,France,Female,43,6,0.0,1,1,0,148330.97,1
2025,15756299,Davis,741,France,Female,64,2,69311.16,1,1,1,59237.72,0
2025,15566380,Drury,586,Spain,Female,33,10,66948.67,2,1,1,140759.03,0
2025,15674671,Conway,551,Spain,Male,76,2,128410.71,2,1,1,181718.73,0
2025,15607176,Kang,674,France,Male,22,3,0.0,1,1,1,173940.59,0
2025,15604497,Beale,458,Germany,Male,44,7,84386.57,1,1,0,178642.73,0
2025,15774164,Coles,502,Germany,Male,33,5,174673.65,2,1,0,33300.56,0
2025,15795759,Bergamaschi,698,Germany,Female,52,1,107906.75,1,1,0,168886.39,1
2025,15693893,Davis,684,Germany,Male,59,9,122471.09,1,0,1,15807.07,0
2025,15672499,Iadanza,635,France,Male,34,3,134692.4,2,1,1,83773.02,0
2025,15750410,Jordan,680,France,Female,25,4,123816.5,1,1,1,90162.35,0
2025,15592751,Okwudiliolisa,684,Germany,Female,63,3,81245.79,1,1,0,69643.31,1
2025,15616029,Adams,705,France,Male,32,7,0.0,2,1,0,7921.57,0
2025,15735968,Hsing,605,France,Male,41,10,0.0,2,0,1,97213.09,0
2025,15600173,Manna,595,France,Female,33,9,0.0,2,1,1,41447.86,0
2025,15664849,Colon,573,Spain,Male,46,3,65269.23,1,0,1,189988.65,1
2025,15762455,Yeh,624,Spain,Male,33,6,66220.17,1,0,1,170819.01,0
2025,15678497,Lederer,850,Spain,Male,48,2,0.0,1,1,0,169425.3,1
2025,15606003,Abramowitz,566,France,Female,21,3,0.0,2,1,1,3626.47,0
2025,15702416,Cecil,734,France,Male,43,7,107805.67,1,0,0,182505.68,0
2025,15766288,Ikechukwu,586,Germany,Female,36,5,103700.69,1,1,0,194072.56,1
2025,15622774,Kao,648,France,Male,34,0,0.0,1,1,1,167931.81,0
2025,15643908,Turnbull,433,France,Female,49,10,0.0,1,1,1,87711.61,0
2025,15627395,Manners,643,Germany,Male,41,7,154902.66,1,1,1,49667.28,0
2025,15621457,Chu,850,France,Male,27,6,96654.72,2,0,0,152740.16,0
2025,15764726,Kerr,563,France,Male,22,3,137583.04,1,0,1,5791.85,0
2025,15716501,Moon,659,France,Male,32,9,95377.13,1,0,1,187551.24,0
2025,15659677,Beluchi,746,France,Male,47,8,142382.03,1,1,1,62086.62,0
2025,15748995,Ifeajuna,691,Spain,Male,30,9,0.0,2,0,1,10963.04,0
2025,15697201,Yocum,640,Spain,Female,46,3,0.0,1,1,1,156260.08,0
2025,15693771,Y?an,651,Spain,Female,45,8,95922.9,1,1,0,84782.42,1
2025,15569867,Chinweuba,529,France,Female,29,8,0.0,2,1,0,19842.11,0
2025,15760456,Eberechukwu,731,France,Female,38,10,123711.73,2,1,0,171340.68,1
2025,15652782,Chibuzo,678,Germany,Male,48,2,101099.9,2,0,1,193476.04,0
2025,15707025,Fang,648,Spain,Female,31,5,0.0,2,1,1,5199.02,0
2025,15628144,Soares,635,France,Female,72,4,74812.84,1,0,1,27448.33,0
2025,15683560,Gallo,642,France,Female,40,7,0.0,2,1,0,183963.34,0
2025,15653275,Lei,785,Spain,Female,54,1,0.0,2,1,0,45113.92,1
2025,15622182,Daniels,628,Germany,Female,28,3,153538.13,2,1,0,110776.01,0
2025,15783338,Williams,449,Spain,Male,32,0,155619.36,1,1,1,166692.03,0
2025,15712960,Olisanugo,613,Spain,Male,37,3,171653.17,1,0,1,5353.12,0
2025,15579287,Rossi,581,France,Male,35,4,0.0,2,0,1,86383.82,0
2025,15570931,Grant,620,France,Male,61,5,0.0,1,0,0,31641.52,1
2025,15610936,Becher,562,France,Male,33,6,0.0,2,1,0,111590.35,0
2025,15572706,Smith,589,France,Male,37,5,0.0,1,1,0,61324.87,0
2025,15773273,Runyon,730,Spain,Male,38,5,118866.36,1,1,1,163317.5,0
2025,15800482,Bradshaw,586,Spain,Female,33,7,0.0,2,1,1,168261.4,0
2025,15732644,Evans,567,Spain,Female,54,5,92316.31,2,1,0,158590.66,1
2025,15587311,Dobbs,582,Spain,Male,33,6,0.0,2,0,1,72970.93,0
2025,15775886,Su,670,France,Male,36,3,0.0,1,1,0,140754.19,1
2025,15761717,Ch'ien,720,France,Male,26,10,51962.91,2,1,0,45507.24,0
2025,15583755,McClemans,592,Germany,Male,33,2,156570.86,1,1,1,37140.2,0
2025,15774250,Gallo,532,France,Male,42,1,159024.71,1,1,0,100982.93,1
2025,15681476,Foveaux,520,France,Female,39,1,73493.17,1,0,1,109626.13,1
2025,15790448,Calabresi,473,France,Female,35,6,69617.36,1,1,0,143345.69,0
2025,15626898,Teng,743,France,Male,30,7,77599.23,1,0,0,144407.1,0
2025,15644297,Austin,732,Germany,Male,38,5,178787.54,1,1,1,195760.53,0
2025,15731569,Hudson,850,France,Male,81,5,0.0,2,1,1,44827.47,0
2025,15636812,Rose,583,France,Male,40,9,112701.04,1,0,0,29213.63,0
2025,15577398,Ch'eng,850,France,Male,30,6,86449.39,1,1,1,188809.23,0
2025,15756848,Edmondson,633,Spain,Male,42,10,0.0,1,0,1,79408.17,0
2025,15656005,Millar,592,Germany,Male,31,7,124593.23,1,1,0,86079.67,0
2025,15794356,Toscani,641,Germany,Male,42,3,121765.37,2,1,1,166516.84,0
2025,15588341,Chigozie,647,Spain,Male,47,10,99835.17,1,0,1,89103.05,0
2025,15627042,Reilly,555,France,Female,26,7,0.0,2,1,0,93122.41,0
2025,15627517,Taylor,497,Spain,Male,27,7,149400.27,1,0,0,167522.19,0
2025,15803032,Yen,599,Germany,Male,38,9,89111.63,1,0,0,157239.6,0
2025,15665129,Kapustin,545,Germany,Male,33,1,132527.9,2,0,1,107429.71,0
2025,15678206,Yeh,464,France,Male,46,6,161798.53,1,1,0,182944.47,0
2025,15678427,Genovese,696,Germany,Female,27,2,96129.32,2,1,1,5983.7,0
2025,15793331,Blair,812,France,Male,32,5,133050.97,2,1,0,89385.92,0
2025,15699532,Okagbue,516,France,Male,51,8,120124.35,2,0,1,168773.54,0
2025,15605827,Khan,645,France,Male,39,8,0.0,2,0,0,96864.36,0
2025,15614137,MacDonald,685,France,Female,40,7,0.0,2,1,0,103898.59,0
2025,15713440,Barese,519,Germany,Female,21,1,151701.45,3,1,1,170138.68,1
2025,15709639,Wilson,717,France,Female,22,5,112465.06,1,1,1,92977.75,0
2025,15753895,Blue,590,Spain,Male,37,1,0.0,2,0,0,133535.99,0
2025,15645815,Mills,615,France,Male,45,5,0.0,2,1,1,164886.64,0
2025,15632848,Ferrari,634,France,Female,36,1,69518.95,1,1,0,116238.39,0
2025,15703068,Nixon,716,Germany,Male,41,8,126145.54,2,1,1,138051.19,0
2025,15791513,Manfrin,647,France,Male,41,4,138937.35,1,1,1,101617.64,1
2025,15787756,Nkemdirim,467,Germany,Male,51,10,114514.71,2,1,0,177784.68,1
2025,15759555,Murphy,569,Spain,Male,41,2,0.0,2,1,0,134272.57,0
2025,15631406,Munro,459,Germany,Male,50,5,109387.9,1,1,0,155721.15,0
2025,15616676,Donnelly,632,Germany,Male,23,3,122478.51,1,1,0,147230.77,1
2025,15732113,Butters,671,Spain,Male,50,8,0.0,1,0,1,2560.11,0
2025,15755642,Bulgakov,667,France,Male,34,5,0.0,2,1,1,102908.63,0
2025,15756824,Giordano,613,Germany,Female,50,5,101242.98,2,1,0,12493.61,0
2025,15773520,Begg,672,France,Female,43,4,92599.55,2,1,1,167336.78,0
2025,15701439,Fanucci,698,Spain,Female,50,1,0.0,4,1,0,88566.9,1
2025,15717489,Martin,835,France,Male,23,9,0.0,1,1,0,19793.73,1
2025,15708193,Liu,707,France,Male,33,2,0.0,2,0,0,130866.95,0
2025,15697801,Sokolova,605,Germany,Female,56,1,74129.18,2,1,1,62199.78,1
2025,15770121,Bancroft,623,France,Female,34,9,0.0,1,1,0,24255.21,0
2025,15800524,Nnanna,686,Germany,Male,29,3,185379.02,1,1,0,64679.07,0
2025,15736078,Ting,730,Germany,Female,33,7,130367.87,1,1,0,15142.1,1
2025,15698184,Marshall,484,France,Female,50,2,90408.16,2,0,0,48170.57,0
2025,15696834,Cone,530,France,Female,29,5,0.0,2,0,0,121451.21,0
2025,15583764,Wilkes,791,Germany,Male,31,1,130240.33,1,0,0,96546.55,0
2025,15688849,Martin,609,France,Male,48,1,108019.27,3,1,1,184524.65,1
2025,15601030,Patel,777,Germany,Female,34,5,96693.66,1,1,1,172618.52,0
2025,15774551,K?,772,Spain,Male,36,3,112029.83,1,1,1,186948.35,0
2025,15774847,Knight,593,France,Male,50,6,171740.69,1,0,0,20893.61,0
2025,15619340,Obijiaku,597,Spain,Male,38,1,0.0,2,1,0,41303.29,0
2025,15601324,Black,697,France,Female,48,1,0.0,2,1,1,87400.53,0
2025,15750772,Walker,671,France,Female,38,6,132129.72,1,0,1,76068.95,0
2025,15635116,Burgos,659,Spain,Male,60,2,0.0,1,1,0,177480.45,1
2025,15764892,Spinelli,590,Spain,Female,51,10,84474.62,2,1,1,190937.09,0
2025,15751524,Chigozie,677,Germany,Female,36,10,68806.84,1,1,0,33075.24,0
2025,15670552,Peavy,560,France,Female,31,3,115141.18,1,1,0,39806.75,0
2025,15676645,Parry,523,France,Male,45,5,0.0,2,1,1,121428.2,0
2025,15733872,Marino,791,Germany,Female,33,10,130229.71,2,0,0,54019.93,1
2025,15666982,Spears,629,Germany,Female,38,9,123948.85,1,1,0,76053.07,0
2025,15682928,Chiazagomekpere,695,Spain,Male,39,4,65521.2,1,1,1,1243.97,0
2025,15588928,Maslow,704,France,Male,47,5,0.0,2,1,1,145338.61,0
2025,15656249,Esposito,720,France,Female,34,3,118307.57,2,1,1,136120.29,0
2025,15716605,Chukwufumnanya,710,Germany,Female,24,7,103099.17,2,1,0,173276.62,0
2025,15770539,Walters,792,France,Male,30,1,127187.86,1,1,1,113553.42,0
2025,15738936,Stevenson,760,Germany,Male,29,5,103607.24,2,0,1,86334.64,0
2025,15725772,Ch'in,654,Spain,Female,36,2,0.0,2,1,1,146652.11,0
2025,15692106,Rose,606,Spain,Female,25,3,147386.72,3,1,0,45482.04,1
2025,15791533,Ch'ien,367,Spain,Male,42,6,93608.28,1,1,0,168816.73,1
2025,15715715,Artyomova,799,Spain,Male,38,2,0.0,2,1,1,59297.34,0
2025,15647333,Fleming,621,France,Male,27,4,137003.68,1,1,0,21254.06,0
2025,15581370,Andreyeva,681,Spain,Male,38,2,99811.44,2,1,0,23531.5,0
2025,15769783,Allan,542,Spain,Male,37,8,0.0,1,1,1,807.06,0
2025,15732293,Chia,759,Spain,Male,31,8,0.0,2,1,1,99086.74,0
2025,15568032,Moore,757,Germany,Male,31,1,127320.36,3,1,0,163170.32,0
2025,15606601,Rishel,561,France,Female,22,6,186788.96,2,1,0,73286.8,0
2025,15605916,Uvarova,659,France,Female,50,3,0.0,1,1,0,183399.12,1
2025,15812356,Doherty,722,Germany,Female,40,6,89175.06,2,0,1,152883.95,0
2025,15623314,Tucker,506,Germany,Female,59,3,190353.08,1,1,0,78365.75,0
2025,15613292,Ch'eng,715,France,Male,21,8,0.0,2,1,0,68666.63,0
2025,15813871,Hs?,690,France,Male,47,2,0.0,2,1,0,151375.73,0
2025,15620746,Lorenzo,632,France,Male,42,4,126115.6,1,1,0,100998.5,0
2025,15706537,Pirogov,577,Germany,Female,59,7,111396.97,1,0,1,191070.01,0
2025,15741180,Eddy,617,France,Male,54,6,102141.9,1,1,1,45325.26,0
2025,15577359,Bezrukov,767,Spain,Male,47,5,0.0,1,1,0,121964.46,1
2025,15747647,Iadanza,589,Spain,Female,27,4,0.0,2,1,0,144181.48,0
2025,15636551,Nixon,711,France,Female,29,3,130181.47,2,1,0,31811.44,0
2025,15621004,Chukwuhaenye,603,France,Male,32,7,0.0,1,1,0,198055.94,1
2025,15748352,Endrizzi,598,Spain,Male,34,0,104488.17,1,0,1,43249.67,0
2025,15635500,Seleznyov,605,Germany,Male,75,2,61319.63,1,0,1,186655.11,0
2025,15607560,Groom,572,France,Female,39,2,0.0,2,1,1,555.28,0
2025,15727177,Manfrin,557,France,Male,42,6,177822.03,1,1,0,150944.31,1
2025,15603328,Lucchesi,483,France,Male,27,1,77805.66,1,1,1,2101.89,0
2025,15804937,Cambage,702,France,Male,50,3,0.0,2,0,0,94949.84,0
2025,15804142,Tan,670,Spain,Female,57,3,175575.95,2,1,0,99061.75,1
2025,15608845,Tao,804,Spain,Female,38,3,124197.22,1,1,0,74692.06,0
2025,15702434,Hsieh,850,France,Female,30,3,0.0,2,1,0,116692.8,0
2025,15632609,Burdekin,554,France,Female,39,10,160132.75,1,1,0,32824.15,0
2025,15755239,Maughan,758,Germany,Male,32,4,162657.64,2,1,1,115525.13,0
2025,15670528,Franz,787,Germany,Male,43,0,132217.45,1,1,0,20955.03,1
2025,15732704,Piazza,582,Spain,Male,25,9,148042.97,2,1,0,52341.15,0
2025,15677796,Becher,766,Germany,Male,47,9,129289.98,1,1,0,169935.46,1
2025,15672905,Sani,679,Spain,Female,40,7,0.0,2,1,1,163757.29,0
2025,15569626,Miller,577,Spain,Male,35,5,110080.3,1,1,1,109794.31,0
2025,15746515,Greece,750,France,Male,36,7,136492.92,3,1,1,26500.29,1
2025,15699753,Zakharov,590,France,Male,41,1,89086.31,1,1,0,24499.97,0
2025,15703199,Golibe,619,Spain,Male,38,3,96143.47,1,0,0,98994.92,0
2025,15584453,Burtch,555,Spain,Male,32,10,0.0,2,0,1,168605.96,0
2025,15712608,Costa,787,Germany,Female,42,2,74483.97,2,0,1,44273.91,0
2025,15703544,Hung,559,Spain,Male,34,0,0.0,1,1,0,182988.94,0
2025,15790744,Nash,850,France,Female,34,9,92899.27,2,1,0,97465.89,0
2025,15731267,Rizzo,797,France,Male,37,4,75263.7,1,1,0,85801.77,0
2025,15757015,Davies,783,Germany,Female,41,5,106640.5,1,1,0,176945.96,0
2025,15605534,Turnbull,644,Germany,Female,51,4,95560.04,1,0,0,72628.84,1
2025,15777060,Olszewski,770,France,Female,33,4,0.0,1,1,0,26080.54,1
2025,15719898,Young,556,France,Male,36,7,154872.08,2,1,1,32044.64,0
2025,15589698,De Luca,555,Germany,Male,42,6,107104.5,1,1,1,41304.44,1
2025,15624343,Napolitani,650,Spain,Female,50,7,129667.77,1,0,0,42028.16,0
2025,15602354,Ginikanwa,564,Germany,Male,33,3,109341.87,1,1,0,75632.78,0
2025,15579183,Spaull,586,France,Male,64,1,0.0,2,1,1,53710.23,0
2025,15584899,Siciliani,617,France,Female,35,5,0.0,2,0,1,13066.3,0
2025,15723658,Voronina,712,Spain,Female,30,6,0.0,2,1,0,152417.97,0
2025,15737414,Shen,647,France,Male,35,4,123761.68,1,1,0,83910.4,0
2025,15792453,More,602,Spain,Female,42,1,138912.17,1,1,1,139494.75,0
2025,15695197,Tochukwu,553,Germany,Female,25,7,128524.19,2,1,0,20682.46,0
2025,15712813,Nevzorova,520,Germany,Male,43,3,150805.17,3,0,1,25333.03,1
2025,15793324,McKenzie,695,Spain,Male,32,9,0.0,3,0,1,38533.79,0
2025,15757759,Okwuoma,807,Spain,Female,28,7,165969.26,3,1,0,156122.13,1
2025,15611729,Kerr,703,Germany,Male,39,1,141559.5,1,1,1,31257.1,1
2025,15641413,Crawford,587,Germany,Female,49,7,155393.98,2,1,0,13308.2,1
2025,15792004,Heath,731,Spain,Female,26,3,0.0,2,1,0,37697.29,0
2025,15603035,Vincent,651,France,Male,34,3,0.0,2,1,1,105599.65,0
2025,15577107,Milne,657,Spain,Female,22,6,0.0,3,0,1,168412.07,1
2025,15677336,Aitken,557,Germany,Male,57,1,120043.13,1,1,0,132370.75,1
2025,15704657,Denman,601,France,Male,39,3,72647.64,1,1,0,41777.9,1
2025,15701319,Baxter,614,Germany,Female,37,6,96340.81,2,1,1,139377.24,1
2025,15641110,Abron,708,France,Male,41,0,0.0,1,1,0,128400.62,0
2025,15806570,Y?an,763,France,Female,53,4,0.0,1,1,0,77203.72,1
2025,15715345,Sergeyeva,743,Spain,Male,25,6,0.0,2,1,0,129740.11,0
2025,15755521,Ma,660,France,Female,48,0,90044.32,2,0,1,187604.97,1
2025,15579074,Obiajulu,619,Germany,Male,38,10,84651.79,1,1,1,184754.26,0
2025,15641158,Belcher,739,Germany,Male,32,3,102128.27,1,1,0,63981.37,1
2025,15752507,K?,769,Germany,Male,60,9,148846.39,1,1,0,192831.67,1
2025,15655082,Pape,607,France,Female,48,4,112070.86,3,1,0,173568.3,1
2025,15801351,Milanesi,583,France,Male,40,3,0.0,2,1,0,47728.0,0
2025,15675626,Dawson,726,France,Male,28,2,0.0,1,0,0,98060.51,0
2025,15609913,Clark,743,France,Female,46,9,0.0,1,1,0,113436.08,0
2025,15758031,Lazarev,760,Spain,Male,38,3,91241.85,1,0,1,80682.35,0
2025,15731026,Han,683,Germany,Female,39,2,100062.16,2,1,0,109201.43,0
2025,15743076,Pai,669,Spain,Male,29,9,0.0,1,1,1,93901.61,0
2025,15756321,Johnston,612,Spain,Female,52,5,144772.69,1,0,0,98302.57,1
2025,15775703,Lo,702,France,Male,26,2,71281.29,1,1,1,108747.12,1
2025,15642636,Glossop,755,France,Male,29,9,117035.89,1,1,1,21862.19,0
2025,15806771,Yefremova,753,France,Female,40,0,3768.69,2,1,0,177065.24,1
2025,15566735,Obialo,548,Germany,Female,36,2,108913.84,2,1,1,140460.01,0
2025,15775949,Trevisani,612,France,Female,38,7,110615.47,1,1,1,193502.93,0
2025,15586752,Parkes,628,Germany,Male,33,8,152143.89,1,1,1,32174.03,0
2025,15658233,Naylor,724,France,Female,41,5,109798.25,1,0,1,149593.61,0
2025,15755330,Forbes,512,Germany,Male,41,7,122403.24,1,0,1,37439.9,1
2025,15617538,Nwankwo,834,Spain,Male,40,7,0.0,2,0,0,45038.74,0
2025,15677828,Chalmers,598,France,Female,34,4,0.0,2,0,0,60894.26,0
2025,15678333,Parry-Okeden,683,France,Female,26,7,0.0,2,1,0,86619.77,0
2025,15684669,Parkes,567,France,Female,41,9,137891.35,1,1,0,142009.46,1
2025,15760063,Chiedozie,595,Spain,Male,23,7,0.0,2,1,1,168085.97,0
2025,15568164,Istomin,850,France,Female,34,4,71379.53,2,1,1,154000.99,0
2025,15601569,Ndubueze,598,France,Female,40,2,171178.25,1,1,0,137980.58,1
2025,15709621,Wan,662,France,Male,31,3,0.0,2,0,1,27731.05,0
2025,15574830,Townsley,633,Germany,Male,58,2,128137.42,2,1,0,147635.33,1
2025,15603082,Yashina,701,France,Male,51,9,0.0,2,0,0,61961.57,0
2025,15685947,Henderson,556,Germany,Male,42,0,115915.53,2,0,1,125435.47,1
2025,15601012,Abdullah,802,France,Female,60,3,92887.06,1,1,0,39473.63,1
2025,15724269,Yao,670,France,Male,25,7,0.0,2,1,1,144723.38,0
2025,15585985,Wang,746,France,Male,48,5,165282.42,1,1,0,153786.46,1
2025,15699257,Kerr,651,Spain,Male,42,2,143145.87,2,1,0,43612.06,0
2025,15740237,Millar,671,Germany,Male,36,2,116695.27,1,0,0,193201.86,0
2025,15574858,Page,530,France,Male,37,8,0.0,2,1,1,287.99,0
2025,15791535,Caraway,592,France,Male,28,5,137222.77,1,0,0,39608.58,0
2025,15769353,Jenkins,550,France,Female,40,8,150490.32,1,0,0,166468.21,1
2025,15716420,Kelly,612,Spain,Male,39,5,170288.38,1,1,1,59601.15,0
2025,15633525,Payne,631,France,Male,29,7,0.0,2,0,1,125877.22,0
2025,15579207,Watkins,545,France,Male,37,3,91184.01,1,1,0,105476.65,0
2025,15586931,Hunter,694,Spain,Male,39,3,0.0,1,1,1,95625.03,0
2025,15623858,Charteris,603,France,Male,45,9,0.0,1,0,0,148516.79,0
2025,15703354,Aksenov,808,France,Female,33,2,103516.87,1,1,0,113907.8,0
2025,15768566,K?,706,France,Male,34,8,0.0,2,1,1,37479.97,0
2025,15676576,Stephenson,646,France,Female,43,8,143061.88,1,1,0,61937.6,0
2025,15607690,Hsing,689,Germany,Male,47,2,118812.5,2,0,0,31121.42,0
2025,15632850,T'ang,731,France,Male,37,8,0.0,2,1,1,170338.35,0
2025,15749345,Simpson,468,France,Female,22,1,76318.64,1,1,1,194783.12,0
2025,15699095,Chandler,603,France,Female,24,3,0.0,1,1,1,198826.03,1
2025,15752622,Kerr,729,France,Female,32,7,38550.06,1,0,1,179230.23,0
2025,15570857,Kambinachi,677,Germany,Female,39,0,111213.64,2,1,1,147578.26,0
2025,15587676,Alexeieva,699,France,Male,30,9,0.0,1,1,1,108162.13,0
2025,15733460,Martin,622,Spain,Male,36,9,0.0,2,1,1,104852.6,0
2025,15795290,Nikitina,767,France,Female,42,2,133616.39,1,1,0,28615.8,0
2025,15569976,Woronoff,754,Germany,Male,65,1,136186.44,1,1,1,121529.59,1
2025,15702277,Smith,650,France,Male,34,4,106005.54,1,0,1,142995.32,0
2025,15801915,Rendall,529,France,Female,31,6,152310.55,1,1,0,13054.25,0
2025,15637829,Sharpe,691,France,Female,34,7,0.0,2,0,1,161559.12,0
2025,15638774,Chong,719,Spain,Female,40,9,0.0,2,1,0,182224.14,0
2025,15668774,Chiemenam,758,Germany,Female,23,5,122739.1,1,1,0,102460.84,1
2025,15684348,Zhdanova,656,France,Male,63,8,0.0,2,0,1,57014.43,0
2025,15702541,Fraser,551,France,Female,59,2,166968.28,1,1,0,159483.76,1
2025,15774258,Gorbunov,678,France,Male,40,1,0.0,2,1,1,187343.4,0
2025,15666197,Boni,430,Germany,Female,38,8,153058.64,1,1,0,99377.27,0
2025,15773639,Truscott,745,Germany,Male,35,4,98270.34,1,1,0,133617.43,0
2025,15777830,Hutchinson,639,France,Female,42,4,0.0,2,0,0,167682.37,0
2025,15759690,Smith,751,France,Male,42,4,0.0,2,1,1,81442.6,0
2025,15801414,Bitter,767,France,Female,35,2,0.0,2,0,0,144251.38,0
2025,15608701,Chialuka,651,Germany,Male,29,3,121890.06,1,1,0,54530.51,1
2025,15654891,He,811,France,Male,30,6,0.0,2,1,1,180591.32,0
2025,15669282,Uchechukwu,636,France,Female,20,10,124266.86,1,0,0,100566.81,0
2025,15792726,Sung,470,France,Female,25,8,127974.06,2,1,1,183259.35,0
2025,15593241,Tochukwu,444,France,Male,43,3,0.0,2,1,1,159131.21,0
2025,15760450,Rutherford,512,France,Male,43,1,0.0,2,1,1,52471.36,0
2025,15650454,Tran,641,France,Male,57,5,0.0,2,1,1,122449.18,0
2025,15770631,Sutherland,730,Spain,Male,25,5,167385.81,1,1,1,56307.51,0
2025,15637599,Cremonesi,510,Germany,Female,44,4,123070.89,1,1,0,28461.29,1
2025,15785920,Black,687,Germany,Male,35,1,125141.24,2,1,1,148537.07,0
2025,15658987,Kane,557,France,Female,46,4,96173.17,2,1,1,116378.31,0
2025,15799641,Bruno,540,Spain,Male,39,2,0.0,2,1,0,81995.92,0
2025,15707637,Zikoranachukwudimma,765,France,Female,56,1,0.0,1,1,0,13228.93,1
2025,15753092,He,791,Germany,Male,35,5,129828.58,1,1,1,181918.26,1
2025,15782939,Storey,747,France,Male,42,4,80214.36,1,1,0,115241.96,1
2025,15590676,Kharlamova,735,France,Male,34,1,141796.43,1,1,0,45858.49,0
2025,15783097,Lombardo,813,Germany,Male,27,6,111348.15,1,1,0,46422.46,0
2025,15632439,Pinto,698,France,Female,39,4,0.0,2,0,1,47455.82,0
2025,15690589,Udinesi,541,France,Male,37,9,212314.03,1,0,1,148814.54,0
2025,15804064,Docherty,742,France,Female,35,2,79126.17,1,1,1,126997.53,0
2025,15754443,Fadden,443,France,Female,35,9,108308.0,1,1,0,129031.19,1
2025,15683522,Kennedy,678,Germany,Female,37,2,113383.07,1,1,1,135123.96,0
2025,15576022,Nwachinemelu,565,France,Male,38,5,0.0,2,0,1,80630.32,0
2025,15635502,Ch'iu,443,France,Male,44,2,0.0,1,1,0,159165.7,0
2025,15627298,Vinogradova,589,France,Male,37,7,85146.48,2,1,0,86490.09,1
2025,15689671,Packham,775,Spain,Male,27,4,0.0,1,1,1,40807.26,0
2025,15567437,Emenike,734,Germany,Female,30,7,123040.38,1,1,1,76503.06,0
2025,15634373,Yang,764,France,Male,30,5,0.0,2,0,1,105155.66,0
2025,15624397,Moore,627,France,Male,43,8,71240.3,1,0,1,127734.16,0
2025,15615219,Obielumani,518,France,Male,59,5,138772.15,1,0,1,123872.0,0
2025,15673971,Houghton,655,Germany,Female,44,6,146498.76,1,1,0,64853.51,1
2025,15632263,Pagnotto,574,Spain,Male,30,5,120355.0,1,1,0,137793.35,0
2025,15720110,Oluchukwu,795,France,Male,32,2,117265.21,1,1,1,198317.23,0
2025,15619045,Baxter,776,France,Female,43,4,0.0,2,0,1,162137.5,0
2025,15697510,Tien,707,Spain,Female,52,7,0.0,1,1,0,109688.82,1
2025,15757981,Loggia,748,France,Male,66,8,0.0,1,1,1,163331.65,0
2025,15638159,Trentino,649,Spain,Female,36,6,86607.39,1,0,0,19825.09,0
2025,15656901,Nnonso,615,France,Male,59,8,0.0,2,1,1,165576.55,0
2025,15592123,Buccho,768,France,Male,30,6,0.0,2,1,1,199454.37,0
2025,15590810,Fallaci,638,Germany,Female,41,9,144326.09,1,1,0,73979.85,1
2025,15572356,Tsai,689,Spain,Male,73,1,108555.07,1,0,1,167969.15,0
2025,15603247,Bruner,743,Germany,Female,35,1,146781.24,1,1,0,189307.7,0
2025,15691792,Young,416,Spain,Male,35,8,0.0,1,0,0,119712.78,0
2025,15766137,Muir,497,France,Male,34,2,0.0,2,1,1,83087.13,0
2025,15716608,Walker,651,Spain,Male,38,2,0.0,3,1,0,67029.82,1
2025,15630349,Hollis,543,Spain,Male,23,5,0.0,2,1,0,117832.39,0
2025,15647890,Su,691,France,Male,37,9,149405.18,1,1,1,146411.6,0
2025,15606115,P'eng,510,France,Female,52,6,191665.21,1,1,1,131312.56,1
2025,15714642,Hawkins,792,Spain,Female,40,7,0.0,1,1,0,141652.2,0
2025,15773973,Hill,765,France,Male,41,2,0.0,2,0,1,191215.61,0
2025,15598940,Achebe,681,Germany,Male,38,6,181804.34,2,1,1,57517.71,0
2025,15624993,Chiang,753,France,Female,36,7,128518.98,1,1,1,44567.83,1
2025,15710034,T'ao,637,Germany,Male,43,1,135645.29,2,0,1,101382.86,1
2025,15800806,Pai,685,Spain,Male,31,7,122449.31,2,1,1,180769.55,0
2025,15570485,Udegbunam,558,Spain,Male,40,4,161766.87,1,0,0,92378.54,0
2025,15777708,Liao,824,Spain,Female,38,3,0.0,2,1,0,192800.25,0
2025,15809736,Steigrad,664,France,Male,46,2,0.0,1,1,1,177423.02,1
2025,15731148,Isayeva,558,France,Male,33,0,108477.49,1,1,1,109096.71,1
2025,15646969,Anayolisa,776,Spain,Male,33,2,0.0,2,1,1,176921.0,0
2025,15790717,Osinachi,695,Spain,Male,35,7,0.0,2,1,0,160387.98,0
2025,15752097,Chiazagomekpere,708,Spain,Male,38,8,99640.89,1,1,0,12429.22,0
2025,15761713,Johnstone,678,France,Female,43,7,178074.33,1,0,0,110405.9,0
2025,15639004,Chiemezie,668,France,Male,72,2,0.0,2,1,1,70783.61,0
2025,15653773,Shaw,457,France,Female,38,7,164496.99,1,1,1,163327.27,0
2025,15733597,Y?an,669,France,Female,41,0,150219.41,2,0,0,107839.03,0
2025,15699524,Howells,466,France,Female,30,3,0.0,1,1,0,193984.6,0
2025,15626475,Gamble,685,France,Male,30,2,0.0,2,1,1,140889.32,0
2025,15603764,Chang,560,France,Male,49,4,0.0,1,1,1,100075.1,1
2025,15707696,Lu,471,Spain,Female,28,5,0.0,2,1,1,22356.97,0
2025,15749583,Bellucci,686,Germany,Female,38,2,93569.86,3,0,0,10137.34,1
2025,15790489,Lo Duca,534,Spain,Male,34,5,170600.78,1,0,1,5240.53,0
2025,15612670,Berry,631,Spain,Female,46,10,0.0,2,1,1,129508.96,0
2025,15677939,Ch'eng,584,France,Female,41,3,0.0,2,1,1,160095.48,0
2025,15611599,Curtis,604,France,Female,71,2,0.0,2,1,1,49506.82,0
2025,15633474,Whitehead,586,France,Male,51,2,138553.57,1,1,1,92406.22,0
2025,15661745,Browne,557,France,Male,36,3,0.0,1,0,1,144078.02,0
2025,15797065,Goloubev,613,Spain,Female,32,0,0.0,2,0,1,126675.62,0
2025,15746695,Wunder,429,France,Female,39,6,48023.83,1,1,0,74870.99,0
2025,15804962,Nnaife,606,France,Male,36,1,155655.46,1,1,1,192387.51,1
2025,15665378,Shen,499,France,Female,46,6,0.0,2,1,0,73457.55,0
2025,15808566,Hs?,516,France,Male,46,2,0.0,2,1,1,169122.54,0
2025,15805463,Board,682,Germany,Male,32,2,105163.88,2,1,1,164170.46,0
2025,15709136,Adams,620,France,Male,28,8,0.0,2,1,1,199909.32,0
2025,15761487,Yefimova,678,France,Female,55,5,0.0,1,0,1,196794.11,1
2025,15700394,Palermo,713,Spain,Female,26,4,122857.46,2,1,0,144682.17,1
2025,15722991,McGregor,567,France,Male,54,9,96402.96,1,0,0,52035.29,1
2025,15709780,Azuka,667,France,Female,37,9,71786.9,2,1,1,67734.79,0
2025,15616745,Hs?,542,Spain,Male,35,2,174894.53,1,1,1,22314.55,0
2025,15649239,Vasilieva,731,Spain,Male,46,10,0.0,2,1,0,153015.42,0
2025,15581626,Mancini,664,France,Male,54,8,0.0,1,1,1,162719.69,1
2025,15710726,Hughes,573,France,Male,52,8,0.0,2,0,1,178229.04,0
2025,15627195,Parrott,568,Germany,Male,26,1,112930.28,2,1,0,22095.73,0
2025,15796993,McCollum,741,France,Male,52,1,171236.3,2,0,0,21834.4,1
2025,15579131,Ricci,835,France,Male,25,7,0.0,2,1,1,83449.65,0
2025,15572428,Rieke,717,Germany,Female,33,0,115777.23,1,1,1,81508.1,0
2025,15583849,Ts'ai,408,France,Male,40,3,0.0,2,0,0,124874.23,0
2025,15796617,McGregor,720,France,Male,29,2,0.0,2,1,0,39925.52,0
2025,15765857,Genovesi,623,Spain,Male,41,2,142412.13,1,1,0,28778.98,0
2025,15726289,Cawood,645,France,Male,25,0,174400.36,1,1,0,42669.37,0
2025,15695932,Yelverton,766,Spain,Male,36,5,78381.13,1,0,1,153831.6,0
2025,15687558,Mault,640,Germany,Female,31,10,118613.34,1,1,0,168469.65,0
2025,15745201,Frewin,612,France,Female,43,4,139496.35,2,1,1,77128.23,0
2025,15578156,Anenechukwu,615,Spain,Male,32,5,138521.83,1,1,1,56897.1,0
2025,15723153,Wearing,708,Spain,Male,33,3,0.0,2,1,0,138613.21,0
2025,15756118,T'ao,661,Spain,Male,20,8,0.0,1,1,0,110252.53,0
2025,15684934,Rose,726,France,Male,31,9,0.0,2,1,1,106117.3,0
2025,15776936,Whitworth,475,France,Male,40,7,160818.08,1,0,1,169642.13,1
2025,15729087,Suttor,751,Germany,Male,54,9,156367.6,2,0,1,116179.92,0
2025,15626383,Tang,596,Spain,Male,60,7,121907.97,1,0,1,30314.04,0
2025,15597385,Siddons,573,Spain,Male,41,5,0.0,2,0,1,14479.29,0
2025,15807194,Iweobiegbulam,718,Spain,Male,34,5,113922.44,2,1,0,30772.22,0
2025,15712199,Ijendu,655,Germany,Female,61,2,183997.7,2,1,1,161217.18,0
2025,15658435,Hingston,781,France,Female,27,5,0.0,2,0,0,72969.9,0
2025,15586029,Davis,806,Germany,Male,34,2,96152.68,2,1,0,143711.02,0
2025,15772337,Lawrence,723,Germany,Female,49,0,153855.52,1,1,1,180862.26,1
2025,15749951,Sacco,766,Germany,Male,27,5,126285.73,1,1,0,177614.17,1
2025,15640855,T'ien,729,Germany,Male,40,5,113574.61,2,1,0,103396.08,0
2025,15597949,Gilbert,768,Germany,Female,47,5,104552.61,1,1,0,48137.08,1
2025,15764153,Rowe,704,France,Female,33,0,130499.09,2,1,1,74804.36,0
2025,15802560,Moran,470,Spain,Female,48,6,140576.11,1,1,1,116971.05,0
2025,15753110,McKay,720,Spain,Male,64,3,45752.78,2,1,0,79623.28,1
2025,15632816,Williams,521,Germany,Female,49,2,127948.57,1,1,1,182765.14,0
2025,15656937,Johnston,468,Spain,Male,26,1,131643.25,1,1,0,64436.16,0
2025,15610643,De Luca,435,Germany,Male,44,3,151739.65,1,1,0,167461.5,0
2025,15777315,Hill,529,France,Male,43,6,93616.35,2,0,0,98348.66,0
2025,15611058,Eluemuno,702,Germany,Female,60,5,138597.54,2,1,1,41536.59,1
2025,15630413,Howarth,608,France,Female,41,5,0.0,2,1,1,72462.25,0
2025,15648858,King,666,France,Female,27,1,85225.21,1,0,1,64511.44,0
2025,15705448,Gilbert,647,Germany,Male,52,7,130013.12,1,1,1,190806.36,1
2025,15730488,Richmond,516,Spain,Female,27,1,0.0,1,0,1,112311.15,0
2025,15741078,Greece,736,France,Male,54,7,111729.47,2,0,1,84920.49,0
2025,15743545,Nworie,647,Spain,Female,29,2,0.0,2,1,0,179032.68,0
2025,15791316,Boni,714,France,Male,35,3,0.0,2,1,1,95623.28,0
2025,15630195,Johnstone,745,France,Female,40,6,131184.67,1,1,1,49815.62,0
2025,15671334,Nixon,527,France,Male,31,4,0.0,1,1,0,169361.89,0
2025,15574169,Trevisano,595,Germany,Female,32,0,92466.21,1,1,0,4721.3,0
2025,15713559,Onyemauchechukwu,473,Germany,Female,32,5,146602.25,2,1,1,72946.95,0
2025,15622470,Yeh,772,Spain,Male,41,10,96032.22,1,1,1,75825.57,0
2025,15711062,Thomas,633,Germany,Male,40,5,86172.81,2,1,1,117279.49,0
2025,15600280,Tao,703,France,Female,32,6,0.0,2,0,0,33606.52,0
2025,15804052,Scott,710,Spain,Male,23,6,0.0,2,1,1,134188.11,0
2025,15693526,Ku,618,France,Female,40,0,0.0,1,1,0,119059.13,0
2025,15666095,Costa,753,Spain,Male,51,4,79811.72,2,0,1,68260.27,1
2025,15643487,Sal,630,Spain,Male,39,10,105473.74,1,0,0,58854.88,1
2025,15771668,Henderson,578,France,Male,59,10,185966.64,1,0,0,9445.42,1
2025,15621768,Chukwuhaenye,712,Spain,Male,45,6,112994.65,1,0,0,198398.68,0
2025,15691323,Bianchi,672,Germany,Male,40,4,89025.88,2,1,0,188892.19,0
2025,15747974,Sabbatini,614,France,Male,49,1,0.0,2,1,0,192440.54,0
2025,15611315,Ts'ao,708,Germany,Female,23,4,71433.08,1,1,0,103697.57,0
2025,15802368,Ch'eng,608,France,Female,47,6,0.0,1,1,1,126012.57,0
2025,15767488,Berry,680,Spain,Male,36,7,0.0,2,1,0,20109.21,0
2025,15645353,Chubb,607,France,Male,26,1,0.0,1,1,0,29818.2,0
2025,15652615,Ferri,742,France,Male,39,8,140004.96,1,1,1,92985.78,0
2025,15676091,Iloerika,543,France,Male,42,7,0.0,1,1,1,56650.47,0
2025,15716984,Palermo,695,Spain,Female,56,4,0.0,2,1,0,84644.76,0
2025,15715078,Nkemakolam,584,France,Male,35,6,161613.94,2,1,1,148238.16,0
2025,15764708,Chiabuotu,572,France,Male,30,6,117696.67,1,1,0,100843.82,0
2025,15771535,Tsui,794,Spain,Female,37,9,0.0,2,1,0,68008.85,0
2025,15609083,Tretiakova,544,France,Female,26,6,0.0,1,1,0,100200.4,1
2025,15737971,Cowen,646,France,Female,30,5,0.0,2,1,0,13935.32,0
2025,15758750,Iweobiegbunam,564,France,Male,31,0,110527.17,1,1,1,87060.77,0
2025,15643770,Yu,682,France,Female,52,5,112670.48,1,1,0,21085.17,1
2025,15744717,Duffy,726,France,Female,44,2,0.0,2,1,1,26733.86,0
2025,15712596,Huang,499,France,Male,31,4,0.0,1,1,0,25950.49,0
2025,15600399,Trentino,598,France,Male,60,4,0.0,1,1,0,197727.14,1
2025,15620750,Sugden,559,France,Male,28,3,141099.43,1,1,1,15607.27,0
2025,15584928,Ugochukwutubelum,594,Germany,Female,32,4,120074.97,2,1,1,162961.79,0
2025,15644977,Goddard,776,France,Female,31,5,0.0,2,1,0,92647.94,0
2025,15749679,Beck,699,France,Male,39,2,109724.38,1,1,1,180022.39,0
2025,15629010,Beam,847,Germany,Female,35,5,111743.43,1,1,1,183584.14,0
2025,15767781,Godfrey,648,France,Male,38,10,82697.28,1,1,0,74846.67,0
2025,15635388,Austin,640,Spain,Male,47,6,89047.14,1,1,0,116286.25,0
2025,15815534,Guidry,505,Spain,Male,37,0,134006.39,1,1,1,93736.69,0
2025,15648638,Chia,629,Spain,Male,34,6,0.0,2,1,0,190347.72,0
2025,15800805,Maher,451,France,Female,31,7,140931.82,1,0,1,20388.77,0
2025,15677117,Crawford,629,France,Female,61,6,0.0,2,1,1,133672.61,0
2025,15667438,Ferguson,675,France,Female,38,1,104016.88,1,0,0,22068.83,1
2025,15682273,Burns,683,France,Female,38,5,127616.56,1,1,0,123846.07,0
2025,15785183,Chukwuebuka,596,Spain,Male,29,2,0.0,2,1,1,1591.19,0
2025,15712903,Diaz,499,France,Female,21,3,176511.08,1,1,1,153920.22,0
2025,15740160,Okwukwe,616,France,Male,31,1,0.0,2,1,1,54706.75,0
2025,15793425,Watt,560,Spain,Female,33,9,0.0,1,0,1,183358.21,0
2025,15623989,Griffin,435,France,Male,54,3,0.0,1,1,0,156910.46,1
2025,15614847,Townsend,674,France,Female,45,6,72494.69,1,0,1,140041.78,0
2025,15713632,Ham,551,Spain,Female,48,5,95679.29,1,0,0,94978.1,0
2025,15676810,Jen,561,France,Female,31,1,81480.27,2,1,1,65234.6,0
2025,15571917,Eluemuno,771,Germany,Female,38,5,137657.71,2,1,0,72985.61,0
2025,15574608,Sidorova,713,France,Male,36,8,133889.35,1,1,1,143265.65,0
2025,15740868,Pirogova,658,Germany,Female,45,9,134562.8,1,1,1,159268.67,0
2025,15583857,Siciliano,623,Spain,Female,43,4,123536.52,2,0,0,154908.52,0
2025,15752534,Mironov,744,France,Male,36,10,0.0,2,1,1,182867.84,0
2025,15598046,Su,662,France,Female,39,5,139562.05,2,1,0,61636.22,0
2025,15643330,Chukwuemeka,594,France,Male,37,2,0.0,2,0,1,95864.5,0
2025,15680405,P'eng,685,France,Male,40,2,168001.34,2,1,1,167400.29,0
2025,15733032,Butler,651,Spain,Male,47,2,0.0,2,1,1,119808.64,0
2025,15608381,Dean,585,Germany,Male,50,2,125845.66,1,1,0,9439.31,1
2025,15757912,Bradley,722,Germany,Female,37,0,125977.81,1,0,0,160162.42,0
2025,15766355,Lettiere,550,Germany,Male,49,0,108806.96,3,1,0,61446.92,1
2025,15778489,Bolton,780,Germany,Male,71,9,142550.25,2,1,1,122506.78,0
2025,15601787,Greco,641,Germany,Male,35,2,103711.56,1,0,1,192464.21,1
2025,15659305,Webster,605,Germany,Male,19,8,166133.28,1,1,1,107994.99,0
2025,15638882,Cardell,710,Germany,Female,62,9,148214.36,1,1,0,48571.14,1
2025,15714680,Bianchi,755,France,Female,78,5,121206.96,1,1,1,76016.49,0
2025,15594450,Tomlinson,695,France,Male,49,9,159458.53,1,1,0,135841.35,0
2025,15797751,Pai,466,Germany,Female,47,5,102085.72,1,1,1,183536.24,1
2025,15722845,Meldrum,665,Spain,Male,29,1,182781.74,2,1,1,63732.9,0
2025,15702061,Findlay,654,France,Male,29,7,0.0,2,1,1,149184.15,0
2025,15720050,Barrett,727,France,Female,28,2,110997.76,1,1,0,101433.76,0
2025,15802809,Vidal,660,Spain,Female,36,0,84438.57,1,1,1,181449.51,0
2025,15807239,Lung,664,France,Female,34,7,93920.47,1,0,0,179913.98,0
2025,15749093,Tretyakova,801,France,Male,43,4,158713.08,2,0,0,98586.14,0
2025,15689344,Montgomery,615,Spain,Male,42,4,0.0,3,0,1,120321.09,0
2025,15814405,Chesnokova,418,France,Female,46,9,0.0,1,1,1,81014.5,1
2025,15729359,Chambers,837,France,Female,29,9,0.0,2,1,1,41866.26,0
2025,15671934,Veale,552,Germany,Male,39,2,132906.88,1,0,1,149384.43,0
2025,15749114,Bailey,634,Spain,Male,35,3,0.0,2,1,1,19515.48,0
2025,15753229,Genovese,802,France,Male,29,9,127414.55,1,1,1,134459.12,0
2025,15657306,Kershaw,567,France,Female,47,2,0.0,1,0,0,110900.43,1
2025,15626042,Webb,690,Spain,Female,26,2,0.0,2,1,1,93255.85,0
2025,15597109,Vanzetti,627,France,Male,70,1,94416.78,1,0,1,145299.5,0
2025,15739997,Capon,716,France,Female,23,2,94464.81,2,0,1,185900.88,0
2025,15594576,Zhdanov,524,France,Male,32,1,144875.71,1,0,0,187740.04,0
2025,15707138,Nagy,679,Spain,Male,39,5,0.0,2,1,1,100060.54,0
2025,15756954,Lombardo,538,France,Female,32,2,0.0,1,1,1,80130.54,0
2025,15800961,Ugorji,627,Germany,Male,52,1,76101.81,2,0,1,177238.35,0
2025,15672467,Coles,766,France,Female,52,7,92510.9,2,0,1,66193.61,0
2025,15652835,Liang,419,Spain,Female,27,2,121580.42,1,0,1,134720.51,0
2025,15767818,Graham,640,France,Male,55,10,132436.34,1,1,0,978.66,0
2025,15591150,Nwebube,570,Spain,Male,34,10,0.0,2,0,1,183387.12,0
2025,15737732,Onwuemelie,751,France,Female,44,10,0.0,2,1,0,170634.49,0
2025,15750407,Hunt,768,Germany,Female,43,2,129264.05,2,0,0,19150.14,0
2025,15795370,Mazure,648,Germany,Male,37,6,131753.41,1,1,0,86894.67,0
2025,15589589,Bryan,613,France,Male,34,5,144094.2,1,1,0,44510.26,0
2025,15666200,Lombardo,689,France,Female,40,1,0.0,2,1,1,119446.64,0
2025,15683977,Owens,687,Spain,Female,72,4,0.0,2,1,1,50267.69,0
2025,15582903,Edwards,643,France,Male,39,7,0.0,2,1,1,170392.59,0
2025,15635752,Lo,685,Germany,Male,38,4,111798.06,2,1,1,102184.66,0
2025,15804864,Chu,670,France,Female,27,5,79336.61,1,1,1,26170.08,0
2025,15692226,Onwumelu,705,France,Female,31,3,142905.51,1,1,1,58134.97,0
2025,15702656,Yobachi,651,France,Female,33,1,96834.78,1,1,0,108764.69,0
2025,15606552,Akabueze,741,France,Male,37,9,105261.76,2,1,1,149503.54,0
2025,15687001,Chiemenam,596,Germany,Male,54,1,123544.0,1,1,1,120314.75,1
2025,15580953,Forbes,544,France,Male,30,4,73218.89,1,0,1,126796.69,0
2025,15628274,Ferri,583,Germany,Male,35,8,149995.72,2,1,0,42143.55,0
2025,15784010,Williamson,666,Germany,Male,33,2,124125.26,1,1,0,81884.8,0
2025,15748616,Napolitani,599,France,Male,27,5,0.0,2,1,0,30546.4,0
2025,15769402,Carpenter,667,France,Male,27,7,156811.74,1,1,1,149402.59,0
2025,15603481,Robinson,689,Spain,Female,55,4,0.0,2,1,1,58442.25,0
2025,15723604,Collins,639,France,Male,39,6,150555.83,1,1,0,30414.17,0
2025,15737385,Curtis,800,Spain,Female,46,6,0.0,2,1,0,171928.04,0
2025,15786035,Gosnell,740,France,Male,39,9,0.0,2,1,0,19047.23,0
2025,15815259,Fang,835,France,Female,56,2,0.0,2,1,1,39820.13,0
2025,15734850,Milanesi,676,Spain,Male,36,1,82729.49,1,1,0,113810.12,0
2025,15674573,Gearhart,713,France,Female,25,4,121172.97,1,1,1,56268.98,0
2025,15690733,Angelo,608,Spain,Male,45,4,0.0,2,0,0,36697.48,1
2025,15631481,Thomson,673,France,Male,51,8,79563.36,2,1,1,172200.91,0
2025,15651900,Bergamaschi,782,Germany,Female,53,1,81571.05,1,1,0,182960.46,1
2025,15710687,Mills,593,France,Female,33,0,95927.04,1,1,0,199478.05,0
2025,15599211,Findlay,707,France,Male,40,1,0.0,2,1,0,14090.4,1
2025,15622370,Boyle,813,Germany,Male,30,1,116416.94,1,0,1,85808.22,0
2025,15605130,Seccombe,753,France,Male,32,6,177729.13,1,1,1,161642.08,0
2025,15672574,Uspenskaya,850,Spain,Female,32,5,0.0,1,1,1,3830.59,0
2025,15775192,Rounsevell,732,Germany,Female,48,4,102962.62,1,1,0,120852.85,1
2025,15645600,Obidimkpa,739,Spain,Female,27,8,98926.4,1,1,1,106969.98,0
2025,15698792,Keldie,671,France,Female,48,6,119769.77,1,0,1,66032.65,0
2025,15571281,Ts'ao,651,France,Male,28,10,79562.98,1,1,1,74687.37,0
2025,15565879,Riley,845,France,Female,28,9,0.0,2,1,1,56185.98,0
2025,15714920,Balashov,585,Germany,Male,44,7,163867.86,1,1,1,112333.22,0
2025,15664504,Beede,418,France,Male,35,7,0.0,2,1,1,88878.15,0
2025,15665521,Chiazagomekpele,642,Germany,Male,18,5,111183.53,2,0,1,10063.75,0
2025,15682868,Elliott,850,France,Female,40,9,99816.46,1,1,1,163989.66,1
2025,15584452,Bozeman,667,France,Male,41,6,0.0,2,0,0,167181.77,0
2025,15733361,Davide,651,Germany,Female,45,6,86714.06,1,1,0,85869.89,1
2025,15572767,Shelby,777,France,Male,29,2,0.0,2,1,0,124489.88,0
2025,15590337,Golubov,659,France,Male,29,6,123192.12,1,1,1,56971.41,1
2025,15634551,Williamson,727,Germany,Male,46,3,115248.11,4,1,0,130752.01,1
2025,15621140,Nwebube,644,Spain,Male,37,9,0.0,2,1,1,96442.86,0
2025,15728043,Udinese,648,Germany,Female,37,7,138503.51,2,1,0,57215.85,0
2025,15570073,Marian,721,Spain,Male,57,1,0.0,1,1,1,195940.96,0
2025,15772604,Chiemezie,578,Spain,Male,36,1,157267.95,2,1,0,141533.19,0
2025,15688563,Marchesi,694,Germany,Male,31,4,141989.27,2,1,0,26116.82,0
2025,15772009,Scott,664,France,Female,41,5,0.0,1,1,1,152054.33,0
2025,15655360,Chikelu,782,Germany,Female,72,5,148666.99,1,1,0,2605.65,1
2025,15801411,Green,623,Spain,Male,46,4,0.0,1,1,0,5549.11,1
2025,15658409,Mao,686,France,Male,41,5,128876.71,3,1,1,106939.34,1
2025,15810010,Dahlenburg,678,Germany,Male,36,6,118448.15,2,1,0,53172.02,0
2025,15720083,Fiorentino,554,Spain,Male,42,1,0.0,2,0,1,183492.9,0
2025,15677522,Rossi,593,France,Male,33,1,0.0,2,0,0,9984.4,0
2025,15716085,Norris,739,Spain,Female,41,8,0.0,1,1,0,191694.77,1
2025,15604732,Milani,483,France,Female,30,9,0.0,2,0,0,136356.97,0
2025,15807120,Oluchukwu,841,Germany,Female,52,3,112383.03,1,1,0,85516.37,1
2025,15709256,Glover,850,France,Female,28,9,0.0,2,1,1,164864.67,0
2025,15608588,Mackinlay,563,Germany,Male,41,2,100520.92,1,1,1,19412.8,1
2025,15610557,McCarthy,695,Spain,Female,35,7,79858.13,2,1,1,127977.66,0
2025,15786418,Chiu,546,France,Female,20,6,0.0,1,0,1,20508.85,0
2025,15755084,Bezrukova,531,France,Male,37,7,121854.45,1,1,0,147521.35,0
2025,15797692,Volkova,659,France,Female,33,7,89939.62,1,1,0,136540.09,0
2025,15603135,Boni,634,Germany,Female,59,3,95727.05,1,0,0,97939.4,1
2025,15806918,Ireland,674,France,Male,28,5,0.0,1,1,1,151925.25,0
2025,15586522,Hunter,608,Spain,Male,37,2,130461.02,1,1,0,21967.15,0
2025,15737025,Roberts,635,France,Male,33,1,0.0,3,0,0,178067.33,1
2025,15615931,Aitken,746,France,Female,37,4,0.0,2,0,1,171039.56,0
2025,15779973,Gibbons,684,Germany,Male,35,3,99967.76,1,1,1,176882.08,0
2025,15618750,Phillips,590,France,Male,31,8,112211.61,1,1,0,26261.42,0
2025,15668309,Maslow,350,France,Female,40,0,111098.85,1,1,1,172321.21,1
2025,15732437,Rowley,504,Germany,Female,44,0,131873.07,2,1,1,158036.72,1
2025,15566139,Ts'ui,526,France,Female,37,5,53573.18,1,1,0,62830.97,0
2025,15580805,Marino,655,France,Male,27,10,0.0,2,1,0,51620.94,0
2025,15803654,Wei,790,France,Female,31,2,151290.16,1,1,1,172437.12,0
2025,15650924,Foster,761,Spain,Female,32,4,103515.39,2,1,1,177622.38,0
2025,15682778,Fedorov,680,France,Male,34,9,0.0,2,1,1,95686.6,0
2025,15679693,Walker,625,France,Male,31,5,0.0,2,0,1,90.07,0
2025,15788025,Tseng,715,France,Female,38,0,0.0,2,1,1,332.81,0
2025,15580493,Chin,469,France,Male,33,1,127818.52,1,1,0,163477.22,0
2025,15726720,Blinova,480,France,Female,40,7,0.0,1,1,0,170332.67,1
2025,15735799,Maconochie,527,Germany,Male,58,3,137318.42,1,1,1,126144.96,0
2025,15603221,Burgess,696,Germany,Male,32,4,84421.62,1,0,1,52314.71,0
2025,15751926,Trentino,821,Germany,Male,42,3,87807.29,2,1,1,64613.81,0
2025,15595036,Doherty,726,Germany,Male,30,7,92847.59,1,1,0,146154.06,0
2025,15781689,Macadam,758,Spain,Male,35,5,0.0,2,1,0,95009.6,0
2025,15696054,Tychonoff,596,France,Male,37,2,0.0,1,0,1,121175.86,0
2025,15597739,Tu,674,France,Male,37,3,0.0,1,1,0,158049.9,0
2025,15651336,Chidiebere,756,France,Female,32,4,0.0,2,1,0,147040.25,0
2025,15723013,Sutherland,613,Germany,Male,28,7,76656.4,2,1,1,185483.24,0
2025,15718064,Chia,635,Spain,Male,29,2,0.0,2,0,0,117173.8,0
2025,15694628,Walker,686,Germany,Female,39,4,157731.6,2,1,0,162820.6,0
2025,15635775,Watt,781,France,Male,33,3,89276.48,1,1,0,6959.0,0
2025,15771997,Bryant,791,France,Female,31,10,75499.24,1,1,0,22184.14,0
2025,15791674,Sutherland,846,France,Female,34,10,142388.61,2,0,1,68393.64,1
2025,15693690,Iweobiegbunam,574,Spain,Male,52,7,115532.52,1,1,0,196257.67,0
2025,15609735,Campbell,533,Germany,Male,51,6,127545.56,2,0,0,79559.02,1
2025,15759872,L?,625,France,Male,22,9,0.0,2,1,0,157072.91,0
2025,15687431,Faria,642,France,Female,41,7,115171.71,1,1,1,37674.47,0
2025,15624677,Marquez,543,Germany,Female,37,3,122304.65,2,0,0,33998.7,0
2025,15646366,Trevisani,521,Germany,Male,41,8,120586.54,1,0,1,20491.15,0
2025,15704053,T'ang,710,Spain,Male,62,3,131078.42,2,1,0,119348.76,1
2025,15724321,Baresi,516,Germany,Female,47,9,128298.74,1,0,0,149614.17,1
2025,15724876,McGregor,560,France,Female,38,5,83714.41,1,1,1,33245.97,0
2025,15807728,Ferri,530,France,Female,45,1,0.0,1,0,1,190663.89,1
2025,15638487,She,586,Germany,Male,38,2,136858.42,1,0,1,189143.94,0
2025,15622192,Young,724,Spain,Male,39,3,0.0,2,0,1,95562.81,0
2025,15644103,Wells,659,Spain,Male,78,2,151675.65,1,0,1,49978.67,0
2025,15664547,Black,760,France,Male,37,7,0.0,1,0,0,32863.24,1
2025,15572021,Ts'ao,798,Germany,Female,29,8,80204.11,2,1,0,70223.22,0
2025,15620577,Wood,715,France,Male,45,4,0.0,2,1,1,55043.93,0
2025,15775761,Iweobiegbunam,610,Germany,Female,69,5,86038.21,3,0,0,192743.06,1
2025,15680201,Marcelo,627,Germany,Male,24,5,102773.2,2,1,0,56793.02,1
2025,15781530,Hsieh,690,France,Male,21,8,0.0,2,1,1,155782.89,0
2025,15804009,Amechi,806,Germany,Male,36,8,167983.17,2,1,1,106714.28,0
2025,15696047,Chimezie,501,France,Male,35,6,99760.84,1,1,1,13591.52,0
2025,15701160,Azubuike,556,Germany,Female,43,4,125890.72,1,1,1,74854.97,0
2025,15790093,Aguirre,627,France,Female,27,2,0.0,2,1,0,125451.01,0
2025,15632143,Lung,652,France,Male,31,2,119148.55,1,0,0,149740.22,0
2025,15734917,Castiglione,708,Germany,Male,21,8,133974.36,2,1,0,50294.09,0
2025,15569526,Morales,601,France,Male,40,10,98627.13,2,0,0,77977.69,0
2025,15698462,Chiu,532,France,Male,36,4,0.0,2,1,1,132798.78,0
2025,15700714,Hollis,747,France,Male,29,7,0.0,2,1,1,141706.43,0
2025,15777743,Cattaneo,705,France,Female,39,3,92224.56,1,1,1,54517.25,0
2025,15650424,Bryant,641,France,Female,48,3,147341.43,1,1,1,157458.61,1
2025,15728829,Weigel,509,France,Male,18,7,102983.91,1,1,0,171770.58,0
2025,15752626,Genovese,553,France,Male,32,7,64082.09,1,0,1,109159.58,0
2025,15571756,Ohearn,724,France,Female,28,5,0.0,1,1,0,59351.68,0
2025,15814040,Munroe,610,France,Female,45,1,0.0,2,1,1,199657.46,0
2025,15787168,Y?,819,Spain,Female,28,8,168253.21,1,1,1,102799.14,0
2025,15794236,Thorpe,642,Germany,Male,22,10,111812.52,2,1,1,183045.46,0
2025,15721383,Harvey,627,Spain,Male,40,10,0.0,2,1,1,194792.42,0
2025,15578878,Hancock,569,Spain,Female,30,3,139528.23,1,1,1,33230.37,0
2025,15596136,Folliero,637,France,Female,36,9,166939.88,1,1,1,72504.76,0
2025,15772421,Tretiakov,645,Germany,Female,31,1,128927.93,1,1,1,2850.01,0
2025,15711572,O'Kane,705,Germany,Female,31,9,110941.93,2,1,0,163484.8,0
2025,15745431,Chinonyelum,604,France,Male,34,7,0.0,2,1,1,188078.55,0
2025,15762762,Onyekachukwu,648,Germany,Female,45,5,118886.55,1,0,0,51636.7,0
2025,15629793,Banks,652,Spain,Male,28,8,156823.7,2,1,0,198251.52,0
2025,15781298,Hughes,808,Germany,Male,39,3,124216.93,1,0,1,171442.36,0
2025,15622658,Lai,551,France,Female,26,2,144258.52,1,1,0,49778.79,0
2025,15686917,Tu,789,Spain,Female,40,4,0.0,2,1,0,137402.27,0
2025,15593283,Higgins,705,Germany,Female,48,1,156848.13,2,1,1,99475.95,1
2025,15809124,T'ien,750,France,Male,38,5,151532.4,1,1,1,46555.15,0
2025,15664035,Parsons,590,Spain,Female,38,9,0.0,2,1,1,148750.16,0
2025,15762708,Chiemezie,619,Spain,Female,38,10,119658.49,1,1,1,8646.58,0
2025,15776211,Toscani,678,France,Female,34,6,0.0,2,1,1,124592.84,0
2025,15626012,Obidimkpa,459,France,Male,26,4,149879.66,1,0,0,50016.17,0
2025,15718765,Maclean,501,Spain,Male,43,6,104533.24,1,0,0,81123.59,1
2025,15576615,Giordano,719,Spain,Male,37,10,145382.61,1,1,0,80408.59,0
2025,15752650,Saad,681,Spain,Female,37,6,121231.39,1,1,1,146366.08,0
2025,15619514,Bull,507,Germany,Male,40,3,120105.43,1,1,0,92075.01,1
2025,15652999,Milne,742,Germany,Male,33,1,137937.95,1,1,1,51387.1,0
2025,15691950,Parry,591,France,Male,49,3,0.0,2,1,0,50123.44,0
2025,15632446,Allan,667,France,Male,24,4,0.0,2,0,0,180329.83,0
2025,15587640,Rowntree,718,France,Female,43,0,93143.39,1,1,0,167554.86,0
2025,15578374,Gilroy,620,Spain,Male,36,7,169312.72,1,1,0,45414.09,0
2025,15770041,Manna,728,Spain,Female,43,8,128412.61,1,0,1,139024.31,0
2025,15785490,Okeke,771,France,Male,50,3,105229.72,1,1,1,16281.68,1
2025,15577695,Zito,678,France,Male,41,2,148088.11,1,1,0,14083.12,0
2025,15686974,Sergeyeva,751,France,Female,48,4,0.0,1,0,1,30165.06,1
2025,15796764,Bruno,684,Germany,Female,56,3,127585.98,3,1,1,80593.49,1
2025,15797665,Docherty,730,France,Female,27,7,0.0,2,1,0,144099.48,0
2025,15776229,MacPherson,682,France,Male,44,3,115282.3,1,0,0,23766.4,0
2025,15574480,Ubanwa,652,Spain,Male,31,1,132862.59,1,0,0,158054.49,0
2025,15765375,Butusov,797,France,Female,46,8,0.0,1,0,0,162668.33,0
2025,15653037,Parks,609,France,Male,77,1,0.0,1,0,1,18708.76,0
2025,15782475,Edith,700,France,Female,42,8,0.0,2,1,1,105305.72,0
2025,15808971,Lajoie,693,Spain,Female,57,9,0.0,2,1,1,135502.77,0
2025,15791972,Bergamaschi,748,France,Female,20,7,0.0,2,0,0,10792.42,0
2025,15674000,Cattaneo,645,France,Male,44,10,0.0,2,0,1,166707.22,0
2025,15618171,James,669,France,Female,33,9,0.0,2,0,1,107221.03,0
2025,15798615,Wan,850,France,Female,47,9,137301.87,1,1,0,44351.77,0
2025,15763874,Ho,635,Spain,Male,46,8,0.0,2,1,1,60739.16,0
2025,15696355,Cleveland,724,Germany,Male,37,6,125489.4,1,1,0,118570.53,0
2025,15739850,Trentino,645,France,Male,45,6,155417.61,1,0,1,3449.22,0
2025,15611338,Kashiwagi,714,Spain,Male,29,4,0.0,2,1,1,37605.9,0
2025,15566543,Aldridge,573,Spain,Male,44,9,0.0,2,1,0,107124.17,0
2025,15603794,Pugliesi,623,France,Male,48,5,118469.38,1,1,1,158590.25,0
2025,15587133,Thompson,518,France,Male,42,7,151027.05,2,1,0,119377.36,0
2025,15721377,Chou,833,France,Female,34,3,144751.81,1,0,0,166472.81,0
2025,15703563,P'eng,774,France,Male,40,9,93017.47,2,1,0,191608.97,0
2025,15692664,Diribe,677,France,Female,58,1,90022.85,1,0,1,2988.28,0
2025,15672754,Burbidge,498,Germany,Male,42,3,152039.7,1,1,1,53445.17,1
2025,15768163,Griffin,655,Germany,Female,46,7,137145.12,1,1,0,115146.4,1
2025,15656710,Cocci,613,France,Male,40,4,0.0,1,0,0,151325.24,0
2025,15696175,Echezonachukwu,602,Germany,Male,35,7,90602.42,2,1,1,51695.41,0
2025,15581736,Bartlett,673,Germany,Male,47,1,183579.54,2,0,1,34047.54,0
2025,15588839,Mancini,606,Spain,Male,30,8,180307.73,2,1,1,1914.41,0
2025,15589329,Pirozzi,775,France,Male,30,4,0.0,2,1,0,49337.84,0
2025,15798964,Nkemakonam,714,Germany,Male,33,3,35016.6,1,1,0,53667.08,0
2025,15719294,Wood,800,France,Female,29,2,0.0,2,0,0,167773.55,0
2025,15584532,Liu,709,France,Female,36,7,0.0,1,0,1,42085.58,1
