CustomerId,Surname,Geography,Gender,Age,CreditScore,Balance,EstimatedSalary,NumOfProducts,IsActiveMember,Exited,Cluster
15634602,Hargrave,France,Female,42,619,0.0,101348.88,1,1,1,0
15647311,Hill,Spain,Female,41,608,83807.86,112542.58,1,1,0,1
15619304,Onio,France,Female,42,502,159660.8,113931.57,3,0,1,1
15701354,Boni,France,Female,39,699,0.0,93826.63,2,0,0,0
15737888,Mitchell,Spain,Female,43,850,125510.82,79084.1,1,1,0,1
15574012,Chu,Spain,Male,44,645,113755.78,149756.71,2,0,1,1
15592531,Bartlett,France,Male,50,822,0.0,10062.8,2,1,0,0
15656148,Obinna,Germany,Female,29,376,115046.74,119346.88,4,0,1,1
15792365,He,France,Male,44,501,142051.07,74940.5,2,1,0,1
15592389,H?,France,Male,27,684,134603.88,71725.73,1,1,0,1
15767821,Bearce,France,Male,31,528,102016.72,80181.12,2,0,0,1
15737173,Andrews,Spain,Male,24,497,0.0,76390.01,2,0,0,0
15632264,Kay,France,Female,34,476,0.0,26260.98,2,0,0,0
15691483,Chin,France,Female,25,549,0.0,190857.79,2,0,0,0
15600882,Scott,Spain,Female,35,635,0.0,65951.65,2,1,0,0
15643966,Goforth,Germany,Male,45,616,143129.41,64327.26,2,1,0,1
15737452,Romeo,Germany,Male,58,653,132602.88,5097.67,1,0,1,1
15788218,Henderson,Spain,Female,24,549,0.0,14406.41,2,1,0,0
15661507,Muldrow,Spain,Male,45,587,0.0,158684.81,1,0,0,0
15568982,Hao,France,Female,24,726,0.0,54724.03,2,1,0,0
15577657,McDonald,France,Male,41,732,0.0,170886.17,2,1,0,0
15597945,Dellucci,Spain,Female,32,636,0.0,138555.46,2,0,0,0
15699309,Gerasimov,Spain,Female,38,510,0.0,118913.53,1,0,1,0
15725737,Mosman,France,Male,46,669,0.0,8487.75,2,1,0,0
15625047,Yen,France,Female,38,846,0.0,187616.16,1,1,0,0
15738191,Maclean,France,Male,25,577,0.0,124508.29,2,1,0,0
15736816,Young,Germany,Male,36,756,136815.64,170041.95,1,1,0,1
15700772,Nebechi,France,Male,44,571,0.0,38433.35,2,0,0,0
15728693,McWilliams,Germany,Female,43,574,141349.43,100187.43,1,1,0,1
15656300,Lucciano,France,Male,29,411,59697.17,53483.21,2,1,0,0
15589475,Azikiwe,Spain,Female,39,591,0.0,140469.38,3,0,1,0
15706552,Odinakachukwu,France,Male,36,533,85311.7,156731.91,1,1,0,1
15750181,Sanderson,Germany,Male,41,553,110112.54,81898.81,2,0,0,1
15659428,Maggard,Spain,Female,42,520,0.0,34410.55,2,1,0,0
15732963,Clements,Spain,Female,29,722,0.0,142033.07,2,1,0,0
15794171,Lombardo,France,Female,45,475,134264.04,27822.99,1,0,1,1
15788448,Watson,Spain,Male,31,490,145260.23,114066.77,1,1,0,1
15729599,Lorenzo,Spain,Male,33,804,76548.6,98453.45,1,1,0,1
15717426,Armstrong,France,Male,36,850,0.0,40812.9,1,1,0,0
15585768,Cameron,Germany,Male,41,582,70349.48,178074.04,2,1,0,1
15619360,Hsiao,Spain,Male,40,472,0.0,70154.22,1,0,0,0
15738148,Clarke,France,Female,51,465,122522.32,181297.65,1,0,1,1
15687946,Osborne,France,Female,61,556,117419.35,94153.83,1,1,0,1
15755196,Lavine,France,Female,49,834,131394.56,194365.76,1,0,1,1
15684171,Bianchi,Spain,Female,61,660,155931.11,158338.39,1,1,0,1
15754849,Tyler,Germany,Female,32,776,109421.13,126517.46,2,1,0,1
15602280,Martin,Germany,Female,27,829,112045.67,119708.21,1,1,1,1
15771573,Okagbue,Germany,Female,39,637,137843.8,117622.8,1,1,1,1
15766205,Yin,Germany,Male,38,550,103391.38,90878.13,1,1,0,1
15771873,Buccho,Germany,Female,37,776,103769.22,194099.12,2,0,0,1
15616550,Chidiebele,Germany,Male,44,698,116363.37,198059.16,2,0,0,1
15768193,Trevisani,Germany,Male,36,585,146050.97,86424.57,2,0,0,1
15683553,O'Brien,France,Female,33,788,0.0,116978.19,2,0,0,0
15702298,Parkhill,Germany,Male,41,655,125561.97,164040.94,1,0,1,1
15569590,Yoo,Germany,Male,42,601,98495.72,40014.76,1,0,1,1
15760861,Phillipps,France,Male,43,619,125211.92,113410.49,1,1,0,1
15630053,Tsao,France,Male,45,656,127864.4,87107.57,1,0,0,1
15647091,Endrizzi,Germany,Male,19,725,75888.2,45613.75,1,0,0,1
15623944,T'ien,Spain,Female,66,511,0.0,1643.11,1,0,1,0
15804771,Velazquez,France,Male,51,614,40685.92,46775.28,1,1,0,1
15651280,Hunter,Germany,Male,35,742,136857.0,84509.57,1,0,0,1
15773469,Clark,Germany,Female,27,687,152328.88,126494.82,2,0,0,1
15702014,Jeffrey,Spain,Male,33,555,56084.69,178798.13,2,0,0,1
15751208,Pirozzi,Spain,Male,56,684,78707.16,99398.36,1,1,0,1
15592461,Jackson,Germany,Male,26,603,109166.37,92840.67,1,1,0,1
15789484,Hammond,Germany,Female,36,751,169831.46,27758.36,2,1,0,1
15696061,Brownless,Germany,Female,34,581,101633.04,110431.51,1,0,0,1
15641582,Chibugo,Germany,Male,43,735,123180.01,196673.28,2,1,0,1
15638424,Glauert,Germany,Female,35,661,150725.53,113656.85,2,1,0,1
15755648,Pisano,France,Female,21,675,98373.26,18203.0,1,0,0,1
15703793,Konovalova,Germany,Male,58,738,133745.44,28373.86,4,0,1,1
15620344,McKee,France,Male,29,813,0.0,33953.87,1,0,0,0
15812518,Palermo,Spain,Female,37,657,163607.18,44203.55,1,1,0,1
15779052,Ballard,Germany,Female,25,604,157780.84,58426.81,2,1,0,1
15770811,Wallace,France,Male,36,519,0.0,145562.4,2,1,0,0
15780961,Cavenagh,France,Female,21,735,178718.19,22388.0,2,0,0,1
15614049,Hu,France,Male,55,664,0.0,139161.64,2,1,0,0
15662085,Read,France,Female,32,678,0.0,148210.64,1,1,0,0
15575185,Bushell,Spain,Male,33,757,77253.22,194239.63,1,1,0,1
15803136,Postle,Germany,Female,41,416,122189.66,98301.61,2,0,0,1
15706021,Buley,France,Female,34,665,96645.54,171413.66,2,0,0,1
15663706,Leonard,France,Female,32,777,0.0,136458.19,1,0,1,0
15641732,Mills,France,Female,36,543,0.0,26019.59,2,0,0,0
15701164,Onyeorulu,France,Female,34,506,90307.62,159235.29,1,1,0,1
15738751,Beit,France,Female,46,493,0.0,1907.66,2,0,0,0
15805254,Ndukaku,Spain,Female,75,652,0.0,114675.75,2,1,0,0
15762418,Gant,Spain,Male,22,750,121681.82,128643.35,1,0,1,1
15625759,Rowley,France,Male,30,729,0.0,151869.35,2,0,0,0
15622897,Sharpe,France,Female,46,646,0.0,93251.42,3,0,1,0
15767954,Osborne,Germany,Female,28,635,81623.67,156791.36,2,1,0,1
15757535,Heap,Spain,Female,44,647,0.0,174205.22,3,1,1,0
15731511,Ritchie,France,Male,45,808,118626.55,147132.46,2,0,0,1
15809248,Cole,France,Female,36,524,0.0,109614.57,2,0,0,0
15640635,Capon,France,Male,29,769,0.0,172290.61,2,1,0,0
15676966,Capon,Spain,Male,42,730,0.0,85982.47,2,1,0,0
15699461,Fiorentini,Spain,Male,35,515,176273.95,121277.78,1,1,0,1
15738721,Graham,Spain,Male,41,773,102827.44,64595.25,1,1,0,1
15693683,Yuille,Germany,Male,29,814,97086.4,197276.13,2,1,0,1
15604348,Allard,Spain,Male,22,710,0.0,99645.04,2,0,0,0
15633059,Fanucci,France,Male,34,413,0.0,6534.18,2,0,0,0
15808582,Fu,France,Female,40,665,0.0,161848.03,1,1,0,0
15743192,Hung,France,Female,44,623,0.0,167162.43,2,0,0,0
15580146,Hung,France,Male,31,738,82674.15,41970.72,1,0,0,1
15776605,Bradley,Spain,Male,36,528,0.0,60536.56,2,0,0,0
15804919,Dunbabin,Spain,Female,65,670,0.0,177655.68,1,1,1,0
15613854,Mauldon,Spain,Female,46,622,107073.27,30984.59,2,1,1,1
15599195,Stiger,Germany,Male,32,582,88938.62,10054.53,1,1,0,1
15812878,Parsons,Germany,Female,36,785,99806.85,36976.52,1,1,0,1
15602312,Walkom,Spain,Male,33,605,150092.8,71862.79,1,0,0,1
15744689,T'ang,Germany,Male,35,479,92833.89,99449.86,1,0,1,1
15803526,Eremenko,Germany,Male,30,685,90536.81,63082.88,1,1,0,1
15665790,Rowntree,Germany,Male,39,538,108055.1,27231.26,2,0,0,1
15715951,Thorpe,France,Male,42,562,100238.35,86797.41,1,0,0,1
15591100,Chiemela,Spain,Male,36,675,106190.55,22994.32,1,1,0,1
15609618,Fanucci,Germany,Male,28,721,154475.54,101300.94,2,1,1,1
15675522,Ko,Germany,Female,30,628,132351.29,74169.13,2,1,0,1
15705512,Welch,Germany,Female,37,668,167864.4,115638.29,1,0,0,1
15698028,Duncan,France,Female,41,506,0.0,31766.3,2,0,0,0
15661670,Chidozie,Germany,Female,31,524,107818.63,199725.39,1,0,1,1
15600781,Wu,Germany,Male,34,699,185173.81,120834.48,2,0,0,1
15682472,Culbreth,France,Male,34,828,129433.34,38131.77,2,0,0,1
15580203,Kennedy,Spain,Male,39,674,120193.42,100130.95,1,0,0,1
15690673,Cameron,France,Female,39,656,0.0,141069.88,2,0,0,0
15760085,Calabresi,Germany,Female,48,684,126384.42,198129.36,1,1,0,1
15779659,Zetticci,France,Female,28,625,0.0,183646.41,1,0,0,0
15627360,Fuller,France,Male,42,432,152603.45,110265.24,1,0,1,1
15671137,MacDonald,France,Female,52,549,0.0,8636.05,1,1,1,0
15782688,Piccio,Germany,Male,56,625,148507.24,46824.08,1,0,1,1
15575492,Kennedy,France,Female,41,828,0.0,171378.77,2,0,0,0
15591607,Fernie,France,Male,24,770,101827.07,167256.35,1,0,0,1
15740404,He,France,Female,34,758,0.0,124226.16,2,1,0,0
15718369,Kaodilinakachukwu,Germany,Female,33,795,130862.43,114935.21,1,1,0,1
15677871,Cocci,France,Male,38,687,122570.87,35608.88,1,1,0,1
15642004,Alekseeva,France,Male,25,686,0.0,16459.37,2,1,0,0
15712543,Chinweike,Germany,Male,39,789,124828.46,124411.08,2,1,0,1
15584518,Arthur,Germany,Female,50,589,144895.05,34941.23,2,1,0,1
15802381,Li,Germany,Female,34,461,63663.93,167784.28,1,1,0,1
15610156,Ma,France,Male,40,637,133463.1,93165.34,1,1,0,1
15594408,Chia,Spain,Female,48,584,213146.2,75161.25,1,0,1,1
15640905,Vasin,Spain,Female,35,579,129490.36,8590.83,2,1,1,1
15698932,Groves,Germany,Male,44,756,137452.09,189543.9,1,0,0,1
15724944,Tien,France,Male,34,663,0.0,180427.24,2,1,0,0
15628145,Forwood,France,Female,43,682,125851.93,193318.33,1,1,0,1
15713483,Greeves,Spain,Male,52,793,0.0,159123.82,1,0,1,0
15612350,Taylor,France,Female,31,691,40915.55,126213.84,1,0,1,1
15800703,Madukwe,Spain,Female,21,485,113157.22,54141.5,1,1,0,1
15705707,Bennelong,Spain,Female,29,635,138296.94,141075.51,2,0,0,1
15754105,Olisanugo,France,Male,37,650,106967.18,24495.03,1,0,0,1
15703264,Chukwufumnanya,France,Male,44,735,120681.63,74836.34,1,0,0,1
15794413,Harris,France,Male,32,416,0.0,878.87,2,1,0,0
15650237,Morgan,Spain,Female,32,754,0.0,89520.75,2,0,0,0
15759618,Alexeeva,France,Female,48,535,0.0,149892.79,1,0,1,0
15811589,Metcalfe,Spain,Male,42,716,0.0,180800.42,2,0,0,0
15689044,Humphries,France,Male,37,539,127609.59,98646.22,1,0,0,1
15709368,Milne,France,Female,43,614,0.0,109041.53,2,1,0,0
15679145,Chou,Spain,Male,57,706,0.0,17941.16,1,0,1,0
15655007,Li,France,Female,33,758,0.0,82996.47,2,0,0,0
15623595,Clayton,Spain,Female,28,586,0.0,92067.35,2,1,0,0
15589975,Maclean,France,Female,73,646,97259.25,104719.66,1,1,0,1
15804017,Chigolum,Germany,Female,33,631,123246.7,112687.57,1,0,0,1
15692132,Wilkinson,Spain,Female,22,717,101060.25,84699.56,1,1,0,1
15641122,Wei,France,Male,30,684,0.0,83473.82,2,0,0,0
15630910,Treacy,France,Female,49,800,108007.36,47125.11,1,0,0,1
15680772,Hu,Spain,Female,36,721,0.0,106977.8,2,1,0,0
15658929,Taverner,Spain,Male,29,683,133702.89,55582.54,1,0,1,1
15585388,Sherman,Germany,Male,31,660,125189.75,139874.43,2,1,0,1
15724623,Taubman,Germany,Female,24,704,113034.22,162503.48,1,0,1,1
15588537,Robinson,Spain,Female,41,615,109013.23,196499.96,1,0,0,1
15574692,Pinto,Spain,Female,39,667,0.0,40721.24,2,0,1,0
15611325,Wood,Germany,Male,24,682,57929.81,53134.3,2,0,0,1
15587562,Hawkins,France,Female,29,484,130114.39,164017.89,1,0,0,1
15613172,Sun,Germany,Male,27,628,95826.49,155996.96,2,0,0,1
15651022,Yost,Germany,Male,44,480,129608.57,5472.7,1,0,1,1
15586310,Ting,France,Male,30,578,169462.09,112187.11,1,0,0,1
15625524,Rowe,France,Male,40,512,0.0,146457.83,2,1,0,0
15755209,Fu,Spain,Female,35,484,133868.21,27286.1,1,1,0,1
15645248,Ho,France,Female,30,510,0.0,130553.47,2,1,0,0
15790355,Okechukwu,Germany,Male,36,606,190479.48,179351.89,2,0,0,1
15762615,Campbell,Spain,Female,40,597,101993.12,94774.12,1,1,0,1
15625426,Ashbolt,Germany,Female,55,754,161608.81,8080.85,1,0,1,1
15716334,Rozier,Spain,Female,45,850,122311.21,19482.5,1,1,0,1
15789669,Hsia,France,Male,65,510,0.0,48071.61,2,1,0,0
15621075,Ogbonnaya,Germany,Female,45,778,162150.42,174531.27,2,0,0,1
15810845,T'ang,France,Male,42,636,0.0,55470.78,2,1,0,0
15719377,Cocci,France,Female,50,804,0.0,8546.87,1,1,1,0
15654506,Chang,France,Male,32,514,0.0,95857.18,2,0,0,0
15771977,T'ao,France,Female,39,730,99010.67,194945.8,1,0,0,1
15708710,Ford,Spain,Female,37,525,0.0,131521.72,1,1,0,0
15726676,Marshall,Spain,Male,30,616,0.0,196108.51,2,1,0,0
15587421,Tsai,Germany,Female,34,687,111388.18,148564.76,2,0,0,1
15726931,Onwumelu,France,Female,41,715,56214.85,92982.61,2,0,1,1
15771086,Graham,France,Female,36,512,84327.77,17675.36,2,0,0,1
15756850,Golovanov,France,Male,40,479,0.0,114996.43,2,0,0,0
15702741,Potts,France,Male,32,601,93012.89,86957.42,1,0,0,1
15679200,Crawford,Spain,Male,29,580,61710.44,128077.8,2,0,0,1
15594815,Aleshire,France,Male,35,807,174790.15,600.36,1,1,0,1
15635905,Moran,Spain,Female,32,616,0.0,43001.46,2,1,0,0
15777892,Samsonova,Germany,Male,37,721,107720.64,158591.12,1,1,0,1
15656176,Jenkins,France,Male,57,501,0.0,47847.19,2,1,0,0
15811127,Volkov,France,Male,35,521,96423.84,10488.44,1,0,0,1
15604482,Chiemezie,Spain,Male,30,850,141040.01,5978.2,1,1,0,1
15622911,Jude,France,Male,42,759,105420.18,121409.06,1,1,0,1
15600974,He,Spain,Male,50,516,0.0,146145.93,1,1,1,0
15727868,Onuora,France,Female,38,711,129022.06,14374.86,2,1,1,1
15627801,Ginikanwa,Spain,Male,33,512,176666.62,94670.77,1,0,0,1
15773039,Ku,France,Male,37,550,0.0,179670.31,1,1,0,0
15755262,McDonald,Spain,Female,41,608,89763.84,199304.74,1,0,1,1
15679531,Collins,France,Male,34,618,134954.53,151954.39,1,1,0,1
15684181,Hackett,France,Male,45,643,0.0,142513.5,1,0,1,0
15612087,Dike,France,Male,45,671,106376.85,158264.62,1,1,0,1
15752047,Trevisano,Germany,Male,33,689,161814.64,169381.9,2,0,0,1
15624592,Tan,France,Male,31,603,0.0,169915.02,2,1,0,0
15573152,Glassman,France,Female,41,620,0.0,88852.47,2,0,0,0
15594917,Miller,France,Female,34,676,63095.01,40645.81,1,1,0,1
15785542,Kornilova,Germany,Male,26,572,118287.01,60427.3,2,0,0,1
15723488,Watson,Germany,Male,47,668,106854.21,157959.02,1,1,1,1
15680920,Marchesi,France,Male,46,695,49512.55,133007.34,1,0,0,1
15786308,Millar,Spain,Female,33,730,0.0,176576.62,2,0,0,0
15659366,Shih,France,Male,43,807,105799.32,34888.04,2,0,1,1
15774854,Fuller,France,Male,54,592,0.0,28737.71,1,1,1,0
15725311,Hay,France,Female,31,726,114722.05,98178.57,2,1,0,1
15787155,Yang,Spain,Male,30,514,0.0,125010.24,1,1,0,0
15727829,McIntyre,France,Male,42,567,0.0,167984.61,2,1,0,0
15733247,Stevenson,France,Male,33,850,0.0,4861.72,1,0,1,0
15568748,Poole,Germany,Male,45,671,99564.22,108872.45,1,1,1,1
15699029,Bagley,France,Male,37,670,170557.91,198252.88,2,0,0,1
15774393,Ch'ien,France,Female,30,694,0.0,26960.31,2,1,0,0
15676895,Cattaneo,Germany,Female,39,547,74596.15,85746.52,3,1,1,1
15637753,O'Sullivan,Germany,Male,50,751,96888.39,77206.25,1,0,1,1
15605461,Lucas,Germany,Female,29,594,130830.22,61048.53,1,0,0,1
15808473,Ringrose,France,Male,72,673,0.0,111981.19,2,1,0,0
15627000,Freeman,France,Male,40,610,0.0,62232.6,2,0,0,0
15787174,Sergeyev,France,Female,37,512,0.0,156105.03,2,1,0,0
15723886,Fiore,Germany,Male,20,767,119714.25,150135.38,2,1,0,1
15704769,Smith,France,Female,67,585,113978.97,93146.11,2,1,0,1
15772896,Dumetochukwu,Germany,Male,42,763,100160.75,33462.94,1,0,1,1
15711540,Pacheco,France,Female,29,712,0.0,144375.0,1,1,0,0
15764866,Synnot,Germany,Female,43,539,116220.5,55803.96,3,0,1,1
15794056,Johnston,France,Female,46,668,0.0,89048.46,3,0,1,0
15795149,Stevens,France,Male,28,703,81173.83,162812.16,2,1,0,1
15812009,Grant,Spain,Male,38,662,0.0,136259.65,2,0,0,0
15651001,Tsao,Germany,Female,39,725,116803.8,124052.97,1,0,0,1
15813844,Barnes,France,Male,37,703,105961.68,74158.8,2,1,0,1
15596175,McIntosh,Germany,Male,67,659,117411.6,45071.09,1,1,1,1
15576269,Madison,Spain,Male,34,523,0.0,62030.06,2,0,0,0
15797219,Ifesinachi,France,Female,40,635,123497.58,131953.23,1,0,1,1
15685500,Glazkov,Germany,Male,26,772,152400.51,79414.0,2,0,0,1
15599792,Dimauro,France,Female,26,545,0.0,199638.56,2,1,0,0
15657566,Wieck,Germany,Male,24,634,103097.85,157577.29,1,1,0,1
15772423,Liao,Germany,Male,54,739,126418.14,134420.75,1,0,1,1
15628112,Hughes,Germany,Female,36,771,77846.9,99805.99,1,0,0,1
15753754,Morrison,Spain,Female,34,587,0.0,97932.68,2,1,0,0
15793726,Matveyeva,France,Female,79,681,0.0,170968.99,2,1,0,0
15694717,Ku,Germany,Male,37,544,79731.91,57558.95,1,1,0,1
15665834,Cheatham,Spain,Male,28,696,0.0,176713.47,1,0,0,0
15765297,Yao,Spain,Male,41,766,0.0,34283.23,2,1,0,0
15636684,Kirkland,France,Male,34,727,0.0,198637.34,2,1,0,0
15592979,Rose,Germany,Female,34,671,37266.67,156917.12,2,0,0,1
15750803,Jess,France,Female,30,693,127992.25,50457.2,1,1,0,1
15607178,Welch,Germany,Male,38,850,54901.01,140075.55,1,1,0,1
15713853,Ifeajuna,Germany,Male,42,732,108748.08,65323.11,2,1,0,1
15673481,Morton,Spain,Female,48,726,99906.19,64323.24,1,0,0,1
15686776,Rossi,France,Female,32,557,184686.41,14956.44,2,0,0,1
15673693,Reppert,France,Female,26,682,110654.02,111879.21,1,1,0,1
15700696,Kang,Spain,Male,31,738,79019.8,18606.23,1,1,0,1
15813163,Ch'iu,Spain,Female,36,531,99240.51,123137.01,1,0,0,1
15653857,Wallis,France,Male,34,498,0.0,148528.24,2,1,0,0
15777076,Clark,France,Male,36,651,0.0,13898.31,2,0,0,0
15717398,Fielding,Spain,Female,39,549,0.0,81259.25,1,0,1,0
15799217,Zetticci,Germany,Female,35,791,52436.2,161051.75,1,0,0,1
15787071,Dulhunty,Spain,Male,41,650,0.0,191599.67,2,1,0,0
15619955,Bevington,Germany,Male,34,733,100337.96,48559.19,3,0,1,1
15796505,Boyle,Germany,Female,34,811,149297.19,186339.74,2,1,0,1
15725166,Newton,France,Male,30,707,0.0,33159.37,2,0,0,0
15800116,Bowman,Germany,Male,28,712,145605.44,93883.53,1,1,0,1
15758685,Dubinina,Spain,Female,37,706,0.0,110899.3,2,1,0,0
15694456,Toscani,France,Male,62,756,0.0,11199.04,1,1,1,0
15767339,Chiazagomekpere,France,Female,53,777,0.0,189992.97,2,0,0,0
15683562,Allen,France,Male,35,646,84026.86,164255.69,1,1,0,1
15782210,K'ung,France,Male,46,714,0.0,152167.79,1,0,1,0
15668893,Wilsmore,France,Male,39,782,0.0,33949.67,2,1,0,0
15669169,Hargreaves,Spain,Male,29,775,0.0,68143.93,2,1,0,0
15643024,Huang,Germany,Male,35,479,138718.92,47251.79,1,1,1,1
15699389,Ch'ien,France,Male,42,807,118274.71,25885.72,1,1,0,1
15708608,Wallwork,France,Female,22,799,174185.98,192633.85,2,1,0,1
15626144,Chu,France,Male,40,675,113208.86,34577.36,2,0,0,1
15573112,Kang,Spain,Male,29,602,103907.28,161229.84,1,0,0,1
15790678,Davidson,France,Female,32,475,119023.28,100816.29,1,0,0,1
15727556,O'Donnell,Spain,Female,26,744,166297.89,181694.44,1,1,0,1
15697307,Nnachetam,Spain,Male,34,588,0.0,79078.91,2,0,0,0
15652266,Chidiebele,Germany,Male,42,703,63227.0,137316.32,1,1,0,1
15607098,Ahmed,Spain,Female,41,747,94521.17,194926.86,2,0,0,1
15655774,Booth,France,Male,27,583,0.0,51285.49,2,0,0,0
15590241,Chuang,Spain,Female,34,750,112822.26,150401.53,1,0,1,1
15785819,Shao,France,Male,38,681,0.0,112491.96,2,1,0,0
15723654,Tsao,France,Male,25,773,135903.33,73656.38,1,0,0,1
15774510,Tien,France,Female,31,714,125169.26,106636.89,1,1,0,1
15684173,Chang,Spain,Female,44,687,0.0,155853.52,3,0,1,0
15650068,Johnson,France,Male,58,511,149117.31,162599.51,1,1,0,1
15811490,French,France,Male,33,627,0.0,103737.82,2,1,0,0
15803976,Efremov,France,Female,31,694,0.0,160990.27,2,0,0,0
15682541,Hartley,Spain,Female,36,616,132311.71,15462.84,1,0,0,1
15695699,Calabrese,France,Male,35,687,0.0,10334.05,2,0,0,0
15624188,Chiu,France,Female,33,712,0.0,190686.16,2,1,0,0
15812191,Brennan,France,Male,33,553,118082.89,94440.45,1,0,0,1
15636673,Onwuatuegwu,France,Male,31,667,119266.69,28257.63,1,1,0,1
15594898,Hewitt,France,Male,43,731,0.0,170034.95,1,1,1,0
15660211,Shih,Germany,Male,35,629,156847.29,31824.29,2,0,0,1
15773972,Balashov,France,Male,50,614,137104.47,127166.49,1,0,1,1
15746726,Doyle,Germany,Male,31,438,78398.69,44937.01,1,0,0,1
15712287,Pokrovskii,France,Female,80,652,0.0,188603.07,2,1,0,0
15702919,Collins,Germany,Male,30,729,63669.42,145111.37,1,0,0,1
15674398,Russo,France,Male,38,642,0.0,171463.83,2,0,0,0
15797960,Skinner,Germany,Female,59,806,135296.33,182822.5,1,0,0,1
15631868,Robertson,Spain,Male,36,744,153804.44,87213.33,1,1,0,1
15581539,Atkinson,Spain,Male,37,474,0.0,57175.32,2,0,0,0
15662736,Doyle,France,Male,49,559,147069.78,120540.83,1,0,1,1
15666252,Ritchie,Spain,Male,42,706,0.0,28714.34,2,1,0,0
15677512,McEncroe,Spain,Female,22,628,0.0,85426.28,1,0,0,0
15626114,Pearson,France,Male,24,429,95741.75,46170.75,1,0,0,1
15810834,Gordon,Spain,Female,57,525,145965.33,64448.36,1,1,0,1
15678910,Ts'ai,France,Female,30,680,141441.75,16278.97,1,1,0,1
15694408,Lung,France,Male,40,749,139290.41,182855.42,1,0,1,1
15585215,Yuan,France,Female,31,763,0.0,50404.72,2,0,0,0
15682757,Pardey,France,Male,30,734,0.0,107640.25,2,0,0,0
15736601,Tai,France,Male,35,716,144428.87,134132.65,1,0,0,1
15601848,Scott,France,Male,35,594,0.0,103480.69,2,0,0,0
15736008,Hunter,France,Female,46,644,95441.27,108761.05,1,0,1,1
15669064,Mazzanti,Germany,Male,35,671,144848.74,179012.3,1,1,0,1
15624528,L?,Germany,Male,26,664,116244.14,95145.14,2,1,0,1
15598493,Beach,France,Male,50,656,0.0,72143.44,2,1,0,0
15601274,Hsieh,Spain,Female,40,667,146502.07,19162.89,1,0,0,1
15702669,Faulkner,Germany,Male,44,663,117028.6,144680.18,2,1,0,1
15728669,Knowles,Germany,Female,30,584,112013.81,177772.03,1,0,1,1
15742668,Day,Spain,Female,37,626,108269.37,5597.94,1,0,0,1
15697441,Hsueh,France,Male,29,485,182123.79,116828.51,1,0,1,1
15740476,Tsao,Germany,Female,32,659,150923.74,174652.51,2,1,0,1
15648064,Kennedy,France,Male,33,649,0.0,2010.98,2,0,0,0
15636624,Nwabugwu,Spain,Female,39,805,165272.13,14109.85,1,0,1,1
15807923,Young,Germany,Female,39,716,115301.31,43527.4,1,0,1,1
15745844,Kerr,Germany,Female,40,642,129502.49,86099.23,2,1,1,1
15786170,Tien,France,Male,31,659,118342.26,161574.19,1,0,0,1
15681081,Marrero,Spain,Female,47,545,0.0,38970.14,2,1,0,0
15684484,White,France,Male,22,543,0.0,127587.22,2,0,0,0
15785869,Pisano,France,Female,25,718,0.0,30380.12,2,0,0,0
15763859,Brown,France,Female,43,840,0.0,90908.95,2,0,0,0
15658935,Freeman,Germany,Female,34,630,106937.05,138275.01,2,0,0,1
15747358,Russell,Germany,Male,59,643,170331.37,32171.79,1,1,0,1
15735203,Seleznyov,Germany,Female,32,654,114510.85,126143.23,1,1,0,1
15576256,Yusupova,France,Male,39,582,0.0,129892.93,2,1,0,0
15659420,Foley,Spain,Male,32,659,107594.11,102416.84,2,1,0,1
15593365,Shih,Spain,Male,39,762,81273.13,18719.67,1,1,0,1
15777352,Ikedinachukwu,Spain,Female,32,568,169399.6,61936.22,1,0,0,1
15812007,Power,Spain,Male,25,670,0.0,78358.94,2,1,0,0
15625461,Amos,France,Female,45,613,187841.99,147224.27,2,1,0,1
15739438,Reed,France,Male,30,539,0.0,160979.66,2,0,0,0
15611759,Simmons,Spain,Female,57,850,126776.3,132298.49,2,1,0,1
15661629,Ricci,Spain,Male,34,522,126436.29,174248.52,1,0,1,1
15633950,Yen,France,Male,41,737,101960.74,123547.28,1,1,0,1
15592386,Campbell,France,Male,58,520,0.0,32790.02,2,1,0,0
15803716,West,Spain,Male,28,706,0.0,181543.67,2,1,0,0
15696674,Robinson,Germany,Female,45,643,150842.93,2319.96,1,1,1,1
15706365,Bianchi,France,Female,50,648,102535.57,189543.19,1,1,0,1
15745088,Chen,Germany,Female,29,443,99027.61,10940.4,2,0,0,1
15676715,Madukaego,France,Male,68,640,0.0,199493.38,2,1,0,0
15613085,Ibrahimova,Spain,Female,33,628,0.0,188193.25,1,1,0,0
15633537,Nolan,Germany,Female,42,540,87271.41,172572.64,2,0,0,1
15594720,Scott,Germany,Female,35,460,102742.91,189339.6,2,1,0,1
15684042,Blair,Germany,Male,34,636,40105.51,53512.16,2,1,0,0
15583303,Monaldo,France,Female,29,593,152265.43,34004.44,1,0,0,1
15611579,Sutherland,Spain,Male,42,801,141947.67,10598.29,1,1,0,1
15774696,Cole,Germany,Female,75,640,106307.91,113428.77,2,1,0,1
15694506,Briggs,Germany,Male,31,611,107884.81,183487.98,2,1,0,1
15688074,Gregory,Germany,Male,31,802,125013.72,187658.09,1,1,0,1
15759537,Bianchi,Germany,Male,35,717,58469.37,172459.39,2,1,0,1
15758449,Angelo,France,Female,39,769,0.0,21016.0,1,1,0,0
15583456,Gardiner,Germany,Male,45,745,117231.63,122381.02,3,1,1,1
15667871,Kerr,Spain,Male,35,572,152390.26,128123.66,1,0,0,1
15677371,Ko,Spain,Female,30,629,34013.63,19570.63,1,0,0,1
15629677,Distefano,Spain,Female,39,687,0.0,188150.6,3,0,1,0
15713578,Farrell,France,Female,50,483,0.0,111020.24,2,1,0,0
15591509,Milano,France,Male,36,690,101583.11,123775.15,2,0,0,1
15568240,Ting,Germany,Female,30,492,77168.87,146700.22,2,1,0,1
15622993,Boyd,Germany,Male,28,709,124695.72,145251.35,2,0,0,1
15689294,Onyemaechi,Germany,Male,44,705,105934.96,82463.69,1,0,0,1
15720910,Black,France,Female,66,560,0.0,15928.49,1,1,0,0
15721181,Oliver,Spain,Male,46,611,0.0,45886.33,2,0,0,0
15776433,Greco,Spain,Male,62,730,0.0,186489.95,2,1,0,0
15748936,Whitehead,Spain,Female,45,709,0.0,162922.65,2,1,0,0
15717225,Ikemefuna,France,Female,21,544,161525.96,9262.77,2,0,0,1
15685226,Morrison,Germany,Female,29,712,147199.07,84932.4,1,1,0,1
15785611,Onyeoruru,Germany,Male,38,752,183102.29,71557.12,1,1,0,1
15573456,Cunningham,Spain,Male,46,648,127209.0,77405.95,2,0,1,1
15684548,Demidov,Spain,Male,38,556,0.0,417.41,2,0,1,0
15620505,Celis,Spain,Female,24,594,97378.54,71405.17,1,1,0,1
15807432,Cheng,Germany,Female,37,645,136925.09,153400.24,2,1,0,1
15584766,Knight,France,Male,33,557,54503.55,371.05,1,1,0,1
15612187,Morin,Germany,Male,32,547,155726.85,67789.99,1,0,0,1
15762218,Mills,France,Female,39,701,0.0,145894.9,2,1,0,0
15646372,Outhwaite,France,Female,66,616,135842.41,183840.51,1,0,1,1
15690452,Tung,France,Male,52,605,63349.75,108887.44,1,0,0,1
15747795,Pai,Germany,Female,38,593,129499.42,154071.27,1,1,0,1
15781589,Carpenter,Spain,Male,52,751,0.0,179291.85,2,1,0,0
15732674,Fennell,Spain,Male,36,443,70438.01,56937.43,2,1,0,1
15642291,Fontaine,France,Male,23,685,0.0,112239.03,2,1,0,0
15692761,Pratt,France,Male,36,718,0.0,45909.87,1,0,0,0
15578045,Mitchell,Spain,Female,49,538,141434.04,173779.25,1,0,1,1
15745354,Franklin,Spain,Female,37,611,0.0,125696.26,2,0,0,0
15701376,K'ung,Germany,Male,37,668,152958.29,159585.61,2,1,0,1
15691625,Ko,Germany,Female,41,537,138306.34,106761.47,1,0,0,1
15566594,McKenzie,Spain,Male,23,709,0.0,129590.18,2,0,0,0
15760431,Pino,France,Male,38,850,0.0,80006.65,2,1,0,0
15686302,Fisk,Spain,Female,31,745,124328.84,140451.52,1,1,0,1
15801559,Chiang,Germany,Female,41,693,181461.48,187929.43,3,1,1,1
15810432,Moseley,Spain,Male,35,795,0.0,167155.36,2,0,0,0
15809616,Hsiung,Spain,Male,26,626,0.0,191420.71,2,0,0,0
15720559,Heath,Germany,Female,61,487,110368.03,11384.45,1,0,1,1
15695632,Dellucci,France,Female,39,556,89588.35,94898.1,1,1,0,1
15659843,Li,France,Female,46,643,0.0,106781.59,2,0,0,0
15615624,De Salis,France,Female,28,605,0.0,159508.52,2,0,0,0
15810418,T'ang,Germany,Female,60,756,115924.89,93524.19,1,0,1,1
15716186,Richardson,France,Female,38,586,0.0,87168.46,2,0,0,0
15674551,Fitch,Germany,Male,40,535,111756.5,8128.32,1,0,1,1
15622834,Stevenson,France,Female,35,678,0.0,125518.32,1,0,0,0
15566111,Estes,France,Male,39,596,0.0,48963.59,1,0,0,0
15784597,Lattimore,France,Male,26,648,162923.85,98368.24,1,0,0,1
15652883,Chung,Germany,Male,39,492,124576.65,148584.61,2,0,0,1
15806964,Utz,France,Male,45,702,80793.58,27474.81,1,1,0,1
15576313,Wei,Germany,Female,40,486,71340.09,76192.21,1,0,0,1
15806467,Boyle,Germany,Male,40,568,99282.63,134600.94,1,0,1,1
15597602,Nwachinemelu,Germany,Male,57,619,137946.39,72467.99,1,1,1,1
15743040,Kuznetsova,Germany,Male,41,724,127892.57,199645.45,2,1,0,1
15705521,Pisani,Germany,Female,33,548,101084.36,42749.85,1,0,0,1
15595039,Manna,Germany,Female,37,545,114754.08,136050.44,1,0,1,1
15799384,Collier,France,Male,33,683,0.0,73564.44,1,0,0,0
15581197,Ricci,France,Female,51,762,99286.98,85578.63,1,1,0,1
15693737,Carr,Germany,Female,30,627,79871.02,129826.89,2,0,0,1
15624623,Hs?,France,Male,35,516,104088.59,119666.0,2,0,0,1
15783501,Findlay,France,Female,38,800,168190.33,68052.08,2,0,0,1
15690134,Hughes,Germany,Female,42,464,85679.25,164104.74,1,1,0,1
15782735,Chukwuemeka,France,Female,35,626,0.0,80190.36,1,0,0,0
15611088,Genovese,France,Female,31,790,0.0,84126.75,2,0,0,0
15672145,Swift,France,Female,34,534,121551.58,70179.0,2,1,0,1
15732628,Ugoji,France,Male,46,745,122220.19,118024.1,1,1,0,1
15787470,Parkinson,Spain,Male,47,553,116528.15,145704.19,1,0,1,1
15803406,Ross,France,Female,26,748,77780.29,183049.41,1,1,0,1
15730460,Oleary,France,Male,37,722,0.0,120906.83,1,0,0,0
15644572,Turnbull,France,Male,40,501,125832.2,100433.83,1,1,0,1
15694860,Uspensky,France,Female,38,675,68065.8,138777.0,1,0,1,1
15658169,Cook,Spain,Female,47,778,127299.34,124694.99,2,0,0,1
15794396,Newbold,Germany,Female,38,494,174937.64,40084.32,1,0,0,1
15785798,Uchechukwu,France,Male,40,850,0.0,119232.33,2,1,0,0
15710825,Ch'en,Spain,Male,31,592,110071.1,43921.36,1,0,0,1
15668444,He,Spain,Female,44,590,139432.37,62222.81,1,0,0,1
15726631,Hilton,France,Female,39,758,127357.76,56577.0,1,1,0,1
15733797,Sal,France,Male,36,506,0.0,164253.35,2,0,0,0
15747960,Eluemuno,France,Male,33,733,0.0,7666.73,1,1,0,0
15634632,Titus,France,Male,38,711,0.0,68487.51,2,0,0,0
15707362,Yin,Germany,Male,43,514,95556.31,199273.98,1,1,1,1
15662976,Lettiere,Spain,Male,37,637,0.0,186062.36,1,1,0,0
15732778,Templeman,Germany,Male,29,468,111681.98,195711.16,2,1,0,1
15718443,Chibuzo,France,Male,39,539,0.0,36692.17,2,0,0,0
15670039,Sun,Spain,Female,25,509,108738.71,106920.57,2,0,0,1
15773792,Evans,France,Female,32,662,133950.37,48725.68,1,1,1,1
15613786,Ogbonnaya,Spain,Male,26,818,0.0,167036.94,2,1,0,0
15726032,Enyinnaya,France,Male,33,608,89968.69,68777.26,1,0,0,1
15663252,Olisanugo,Spain,Female,32,850,0.0,18924.92,2,1,0,0
15593782,Brookes,Germany,Female,38,816,130878.75,71905.77,3,0,1,1
15633283,Padovano,France,Male,35,536,0.0,64833.28,2,0,0,0
15749167,Fisk,France,Male,35,753,0.0,184843.77,2,1,0,0
15759298,Shih,Spain,Male,27,631,134169.62,176730.02,1,1,0,1
15683625,Hare,France,Male,37,703,149762.08,20629.4,1,0,1,1
15635367,Muir,France,Male,26,774,93844.69,28415.36,1,0,0,1
15681705,Fanucci,France,Male,28,785,0.0,77231.27,2,0,0,0
15603156,Elewechi,France,Female,33,571,0.0,102750.7,2,0,0,0
15591986,Johnston,Germany,Male,46,621,141078.37,34580.8,1,0,1,1
15798888,Pisano,Germany,Female,31,605,117992.59,183598.77,1,1,0,1
15809722,Ankudinov,France,Female,40,611,100812.33,147358.27,2,0,0,1
15677538,Nwokike,France,Male,38,569,0.0,108469.2,1,1,0,0
15797736,Smith,France,Male,29,658,80262.6,20612.82,1,1,0,1
15695585,Atkins,Spain,Male,34,788,156478.62,181196.76,1,1,0,1
15744398,Burns,France,Female,23,525,0.0,160249.1,2,0,0,0
15750658,Obiuto,France,Male,37,798,0.0,110783.28,3,0,0,0
15578186,Pirozzi,Germany,Male,37,486,115217.99,144995.33,2,0,0,1
15676519,George,Spain,Male,61,615,0.0,150227.85,2,0,1,0
15637954,Lewis,France,Female,35,730,155470.55,53718.28,1,1,0,1
15758639,Moran,France,Male,37,641,0.0,75248.3,2,0,0,0
15613772,Dalrymple,France,Male,39,542,135096.77,14353.43,1,1,1,1
15731744,Carslaw,France,Male,30,692,0.0,130486.57,2,1,0,0
15807709,Kirby,Germany,Female,55,714,180075.22,100127.71,1,1,0,1
15714689,Houghton,Spain,Male,29,591,97541.24,196356.17,1,1,0,1
15699005,Martin,France,Female,41,710,156067.05,9983.88,1,1,0,1
15624170,Tan,France,Female,38,639,81550.94,118974.77,2,1,0,1
15725679,Hsia,France,Female,47,531,0.0,194998.34,1,0,1,0
15585865,Westerberg,France,Female,38,673,170061.92,134901.34,2,0,1,1
15804256,Hale,Germany,Male,36,765,92310.54,72924.56,2,1,0,1
15662403,Kryukova,France,Female,32,622,169089.38,101057.95,2,0,0,1
15733616,Sopuluchukwu,France,Male,40,806,80613.93,142838.64,1,1,0,1
15591995,Barry,Germany,Male,26,757,121581.56,127059.04,2,1,0,1
15677020,Selezneva,France,Female,58,570,0.0,116503.92,1,1,1,0
15727688,Chizuoke,Spain,Male,32,555,0.0,54405.79,2,1,0,0
15715941,Lueck,France,Male,54,692,0.0,88721.84,2,1,0,0
15714485,Udinese,France,Male,60,774,85891.55,74135.48,1,0,1,1
15730059,Udobata,Spain,Male,44,638,77637.35,111346.22,2,1,0,1
15715527,Freeman,Spain,Female,41,543,0.0,194902.16,1,0,0,0
15576623,Outlaw,France,Male,31,584,0.0,31474.27,2,0,0,0
15805565,Obiuto,Germany,Male,30,691,116927.89,21198.39,1,0,0,1
15677307,Lo,Germany,Female,40,684,137326.65,186976.6,1,0,0,1
15773890,Okechukwu,France,Male,22,733,0.0,117202.19,2,1,0,0
15598883,King,Spain,Female,37,599,0.0,143739.29,2,1,0,0
15568506,Forbes,Germany,Female,31,524,67238.98,161811.23,2,1,0,1
15761043,Macleod,Germany,Female,38,632,86569.76,98090.91,2,0,0,1
15782236,Gibbs,Spain,Male,34,735,0.0,71095.41,2,0,0,0
15593601,Isayev,France,Male,34,734,133598.4,13107.24,1,1,0,1
15682048,Pisano,France,Female,51,605,136188.78,67110.59,1,1,1,1
15746902,Belstead,Spain,Male,38,793,0.0,88225.02,2,0,0,0
15752081,Vassiliev,France,Female,56,468,0.0,62256.87,3,1,1,0
15781307,Schneider,Germany,Male,37,779,120092.52,135925.72,2,0,0,1
15775912,Mazzanti,France,Male,48,698,101238.24,177815.87,2,1,1,1
15745417,Knipe,France,Male,58,707,89685.92,126471.13,1,1,0,1
15671256,Macartney,France,Female,35,850,211774.31,188574.12,1,0,1,1
15653547,Madukwe,France,Male,56,850,131317.48,119175.45,1,1,0,1
15595766,Watts,Spain,Male,37,527,93722.73,139093.73,2,1,0,1
15742358,Humphreys,Germany,Male,32,696,101160.99,115916.55,1,1,0,1
15763274,Wu,France,Male,48,661,120320.54,96463.25,1,0,0,1
15786063,Chin,France,Female,31,776,0.0,112349.51,2,1,0,0
15600258,Chesnokova,France,Male,43,701,0.0,165303.79,2,1,0,0
15573318,Kung,France,Male,26,610,0.0,166031.08,2,0,0,0
15653849,Lu,Germany,Female,48,572,152827.99,38411.79,1,0,1,1
15694272,Nkemakolam,France,Male,30,673,64097.75,77783.35,1,1,0,1
15736112,Walton,Spain,Female,57,519,119035.35,29871.79,2,1,0,1
15749851,Brookes,Spain,Female,26,702,135219.57,59747.63,1,1,0,1
15663478,Baldwin,France,Male,32,729,93694.42,79919.13,1,1,0,1
15592300,Mai,Spain,Male,35,543,59408.63,76773.53,1,0,0,1
15567832,Shih,France,Female,40,550,114354.95,54018.93,1,0,0,1
15776780,He,France,Male,59,608,0.0,70649.64,1,0,1,0
15592846,Fiorentini,Germany,Male,35,639,128173.9,59093.39,2,0,0,1
15739803,Lucciano,Spain,Male,34,686,0.0,127569.8,2,0,0,0
15794142,Ferreira,Germany,Female,62,564,114931.35,18260.98,3,1,1,1
15762729,Ukaegbunam,Germany,Female,28,745,111071.36,73275.96,1,0,1,1
15667896,De Luca,France,Male,37,833,151226.18,136129.49,2,1,0,1
15626578,Milne,France,Male,26,622,0.0,153237.59,2,1,0,0
15776223,Davide,France,Female,42,597,64740.12,106841.12,1,1,0,1
15705953,Kodilinyechukwu,Spain,Male,51,721,169312.13,109078.35,1,0,1,1
15802593,Little,France,Female,49,504,0.0,87822.14,3,1,1,0
15615457,Burns,Spain,Female,44,842,112652.08,126644.98,2,0,0,1
15708916,Paterson,France,Male,38,587,0.0,47414.15,2,0,0,0
15720187,Han,Germany,Female,30,479,143964.36,41879.99,2,0,0,1
15595440,Kryukova,France,Male,49,508,122451.46,75808.1,2,1,0,1
15600651,Ijendu,France,Male,24,749,0.0,47911.03,3,1,0,0
15750141,Reichard,Germany,Female,36,721,65253.07,28737.78,2,0,0,1
15657284,Day,Germany,Male,47,674,106901.94,2079.2,1,1,1,1
15763063,Price,Spain,Female,25,685,128509.63,121562.33,1,0,0,1
15709324,Bruce,France,Male,34,417,0.0,55003.79,2,0,0,0
15711309,Sumrall,Germany,Male,33,574,129834.67,193131.42,1,0,0,1
15775318,Lu,Spain,Female,51,590,154962.99,191932.27,3,1,1,1
15705515,Lazarev,Germany,Male,40,587,138241.9,159418.1,2,0,0,1
15634844,Miller,Germany,Male,41,598,91536.93,191468.78,1,0,1,1
15717046,Wentworth-Shields,Spain,Male,53,741,0.0,38913.68,2,1,0,0
15571816,Ritchie,Spain,Female,70,850,0.0,705.18,1,1,0,0
15670080,Mackenzie,Germany,Female,29,584,105204.01,138490.03,1,1,0,1
15800440,Power,Spain,Male,61,650,152968.73,82970.69,1,1,0,1
15665678,Tan,Spain,Male,36,607,158261.68,76744.72,1,1,0,1
15665956,Pendergrass,France,Female,46,509,0.0,71244.59,1,0,1,0
15788126,Evans,Spain,Female,38,689,121021.05,12182.15,1,1,0,1
15811773,Hsia,France,Male,36,543,0.0,141210.5,2,1,0,0
15651674,Billson,Spain,Female,54,438,0.0,191763.07,1,0,1,0
15689614,Teng,Spain,Female,63,687,137715.66,37938.74,1,1,0,1
15795564,Moretti,Germany,Male,31,737,121192.22,74890.58,2,1,0,1
15706647,Jordan,France,Male,31,761,0.0,166698.18,3,1,0,0
15728505,Ts'ao,France,Male,44,601,100486.18,62678.53,2,1,0,1
15730076,Osborne,France,Male,45,651,0.0,67740.08,1,0,1,0
15622003,Carslaw,France,Male,35,745,92566.53,161519.77,2,0,0,1
15607312,Ch'ang,Spain,Female,49,648,0.0,159835.78,2,1,1,0
15644753,Hung,Spain,Male,40,848,110929.96,30876.84,1,1,0,1
15653620,Gordon,France,Female,27,546,0.0,14858.1,2,1,0,0
15761986,Obialo,Spain,Female,32,439,138901.61,75685.97,1,0,0,1
15633922,Gray,France,Male,30,755,123217.66,144183.1,2,1,0,1
15734674,Lin,France,Female,41,593,0.0,65170.66,1,0,0,0
15658032,Hopkins,France,Male,39,701,0.0,82526.92,2,1,0,0
15692671,Dobson,Spain,Male,36,701,0.0,169161.46,2,0,0,0
15737741,McKay,Spain,Female,33,607,108431.87,109291.39,2,1,1,1
15576352,Revell,Spain,Female,57,586,0.0,6057.81,2,1,0,0
15753719,Rickards,Germany,Female,30,547,72392.41,77077.14,1,0,0,1
15803689,Begum,Germany,Female,51,647,119741.77,54954.51,2,0,1,1
15718057,Onyinyechukwuka,France,Female,51,760,100946.71,179614.8,1,0,1,1
15722010,Zuyev,Spain,Male,53,621,170491.84,35588.07,1,0,1,1
15680998,Nwankwo,France,Male,44,725,0.0,117356.14,1,1,0,0
15614782,Hao,France,Male,36,526,0.0,160696.72,1,0,0,0
15591047,Ma,Spain,Female,47,519,157296.02,147278.43,2,0,1,1
15788291,Okwuadigbo,Germany,Female,38,713,144606.22,56594.36,1,1,1,1
15604044,Mitchell,France,Male,38,700,134811.3,1299.75,1,0,0,1
15679587,Chan,France,Female,34,666,115897.12,25095.03,1,1,0,1
15775153,Buchi,Spain,Male,32,630,82034.0,146326.45,1,0,0,1
15603925,Greco,Spain,Female,26,779,174318.13,38296.21,2,1,0,1
15680970,Lombardi,Germany,Female,41,611,114206.84,164061.6,1,0,0,1
15697183,Uchenna,Spain,Male,43,685,0.0,107811.28,2,0,0,0
15567446,Coffman,Germany,Male,39,646,111574.41,30838.51,1,1,0,1
15637476,Alexandrova,Germany,Female,57,683,162448.69,9221.78,1,0,1,1
15714939,Fallaci,Germany,Female,34,484,148249.54,33738.27,1,1,0,1
15683503,Hudson,France,Female,43,601,0.0,110916.15,3,1,1,0
15645569,Mai,Spain,Female,26,762,123709.46,169654.57,2,1,0,1
15782569,Stout,France,Female,72,687,0.0,69829.4,1,1,0,0
15592387,Burke,France,Male,30,566,0.0,54926.51,1,0,1,0
15609286,Chadwick,France,Male,37,702,150525.8,94728.49,1,1,0,1
15814035,Lawrence,France,Male,29,601,0.0,80393.27,1,1,0,0
15661249,Bellucci,France,Male,53,699,0.0,111307.98,2,1,0,0
15629117,Harper,France,Male,28,584,0.0,19834.32,2,0,0,0
15607170,Boyle,France,Male,35,699,0.0,78397.24,2,1,0,0
15586585,Duncan,Germany,Female,51,698,111018.98,86410.28,1,0,0,1
15686611,Moss,France,Male,30,495,129755.99,172749.65,1,0,0,1
15603203,Avdeyeva,France,Female,27,650,0.0,1002.39,2,0,0,0
15619857,Crawford,France,Female,64,605,129555.7,13601.79,1,1,0,1
15805062,Lynton,Spain,Male,38,667,87202.38,77866.91,1,1,0,1
15660271,Duncan,Germany,Male,26,688,146133.39,175296.76,1,1,0,1
15745295,Gether,Spain,Female,31,727,0.0,121751.04,1,0,1,0
15719352,Davidson,Spain,Male,39,754,170184.99,89593.26,2,0,0,1
15766575,Larionova,Germany,Female,62,612,140745.33,193437.89,1,0,1,1
15594594,Loggia,Spain,Male,42,546,139070.51,86945.0,1,1,0,1
15646161,Steinhoff,Spain,Female,37,673,0.0,183318.79,2,1,0,0
15682585,Guerra,France,Male,35,593,114193.24,71154.1,1,0,0,1
15603134,Pai,Spain,Female,40,656,167878.5,151887.16,1,1,0,1
15636444,Craig,Germany,Female,53,535,141616.55,75888.65,2,1,0,1
15773456,Lazareva,Germany,Male,36,678,145747.67,89566.74,2,1,0,1
15745307,Ch'iu,Spain,Female,48,477,129120.64,26475.79,1,1,0,1
15604119,Alderete,Spain,Male,35,850,110349.82,126355.8,1,0,0,1
15626900,Kung,France,Male,29,427,141325.56,93839.3,1,1,0,1
15605447,Palermo,France,Male,49,752,78653.84,7698.6,1,0,0,1
15589030,Ts'ai,France,Male,47,649,0.0,145593.85,2,1,0,0
15692463,Rahman,Spain,Female,28,799,142253.65,45042.56,1,0,0,1
15712403,McMillan,France,Female,61,589,0.0,61108.56,1,0,1,0
15811762,Pickering,Germany,Female,54,583,115988.86,57553.98,1,0,1,1
15718673,Mirams,Spain,Female,33,839,75592.43,62674.42,1,0,0,1
15724282,Tsao,Germany,Male,44,540,164113.04,12120.79,2,1,0,1
15738181,Douglas,France,Male,31,850,67996.23,50129.87,2,0,1,1
15633648,Jideofor,Spain,Female,51,696,0.0,55022.43,2,0,0,0
15603323,Bell,Spain,Female,33,660,0.0,117834.91,2,0,0,0
15583725,Mairinger,France,Male,48,682,138778.15,168840.23,1,1,0,1
15588350,McIntyre,France,Female,43,744,147832.15,24234.11,1,1,0,1
15798398,Pagnotto,France,Female,36,785,135438.4,190627.01,1,0,0,1
15784844,K'ung,Spain,Male,48,752,116060.08,156618.38,1,0,1,1
15580684,Feng,France,Female,29,706,112564.62,42334.38,1,0,0,1
15809663,Donaldson,France,Female,27,583,125406.58,110784.42,1,1,0,1
15640078,Chambers,Germany,Female,39,660,135134.99,173683.0,1,0,1,1
15698786,Marcelo,France,Female,39,819,133102.92,27046.46,1,0,1,1
15569807,Ejimofor,France,Female,34,673,42157.08,20598.59,1,0,1,1
15730830,Dale,France,Female,30,752,0.0,104991.28,2,1,0,0
15805112,Pokrovsky,France,Male,38,578,82259.29,8996.97,1,0,0,1
15633064,Stonebraker,France,Female,36,438,0.0,64420.5,2,0,0,0
15703119,Liang,France,Male,38,652,0.0,145700.22,2,1,0,0
15730447,Anderson,France,Female,49,629,0.0,196335.48,2,1,0,0
15813850,Christian,France,Male,52,720,0.0,14781.12,1,1,0,0
15711889,Mao,France,Male,42,668,150461.07,108139.23,1,0,0,1
15664610,Campbell,Germany,Male,48,459,133994.52,19287.06,1,1,1,1
15751710,Ginikanwa,Spain,Male,31,729,164870.81,9567.39,2,1,0,1
15692926,Toscani,Germany,Male,25,498,121702.73,132210.49,1,1,0,1
15813741,Nnachetam,Spain,Male,25,549,193858.2,21600.11,1,1,0,1
15698474,Sagese,Germany,Female,54,601,131039.97,199661.5,2,1,0,1
15568595,Fleming,France,Male,64,544,113829.45,124341.49,1,1,0,1
15603065,Grubb,France,Female,30,751,0.0,15766.1,2,0,0,0
15592937,Napolitani,Germany,Female,41,632,81877.38,33642.21,1,1,0,1
15699637,Anenechi,Spain,Male,57,694,116326.07,117704.65,1,1,0,1
15667215,Chandler,France,Male,31,678,0.0,58803.28,2,1,0,0
15788659,Howells,France,Male,46,695,0.0,137537.22,2,1,0,0
15763218,Akeroyd,France,Female,41,661,0.0,131300.68,2,1,0,0
15645772,Onwumelu,France,Male,33,661,0.0,84174.81,2,1,0,0
15725511,Wallace,France,Female,31,559,127070.73,160941.78,1,1,0,1
15575024,Uwaezuoke,France,Male,29,503,0.0,143954.99,2,1,0,0
15640825,Loyau,Spain,Male,46,695,122549.64,56297.85,1,1,0,1
15662397,Small,France,Female,42,640,176099.13,8404.73,1,1,0,1
15576368,Bledsoe,Germany,Female,48,624,122388.38,30020.09,2,0,0,1
15674991,Kao,France,Male,42,667,0.0,58137.42,2,1,0,0
15721024,Wickens,France,Male,26,642,0.0,47472.68,1,0,0,0
15745621,Wertheim,Spain,Female,32,640,118879.35,19131.71,2,1,0,1
15642394,He,Spain,Male,35,529,0.0,187288.5,2,1,0,0
15754605,Jarvis,France,Female,39,563,0.0,17603.81,2,1,0,0
15607040,P'an,Spain,Female,38,593,88736.44,67020.03,2,0,0,1
15715142,Repina,Germany,Male,45,739,102703.62,147802.94,1,1,1,1
15810978,Pugliesi,Spain,Female,70,788,0.0,41610.62,2,1,0,0
15668886,Blakey,Spain,Female,38,684,0.0,44255.65,2,0,0,0
15780804,Nucci,France,Male,55,482,97318.25,78416.14,1,1,0,1
15613880,Higinbotham,Spain,Male,58,591,128468.69,137254.55,1,1,0,1
15775238,Achebe,Germany,Female,41,651,133432.59,151303.48,1,1,0,1
15786905,Russo,Germany,Female,40,749,141782.57,86333.63,2,0,0,1
15747867,Trevisani,France,Male,24,583,135125.28,89801.9,1,0,0,1
15600337,Dobie,Spain,Male,42,661,178820.91,29358.57,1,0,1,1
15801277,Maccallum,France,Female,31,715,112212.14,181600.72,2,1,0,1
15579334,Watkins,Germany,Female,45,769,126674.81,124118.71,1,0,1,1
15802741,Mitchel,France,Female,51,625,136294.97,38867.46,1,0,1,1
15720649,Ferdinand,France,Female,36,641,66392.64,31106.67,1,0,0,1
15589493,Otitodilinna,Germany,Male,27,716,122552.34,67611.36,2,0,0,1
15688251,Mamelu,France,Male,43,767,76408.85,77837.63,2,0,0,1
15665238,Beneventi,Germany,Male,36,745,145071.24,6078.46,1,0,0,1
15740900,Perrodin,France,Male,34,589,0.0,177896.92,2,1,0,0
15681068,Chinagorom,France,Female,45,796,109730.22,123882.73,1,1,0,1
15748625,Napolitano,France,Male,57,664,0.0,15304.08,2,1,0,0
15727299,Edgar,Spain,Male,62,445,64119.38,76569.64,1,1,1,1
15620204,Walker,Germany,Female,57,543,106138.33,120657.32,2,1,1,1
15669516,Steele,Spain,Male,36,746,0.0,16436.56,2,1,0,0
15736534,Elkins,Germany,Male,33,742,181656.51,107667.91,1,1,0,1
15803457,Hao,France,Female,32,750,0.0,95611.47,2,0,0,0
15659098,Toscano,France,Male,30,669,95128.86,19799.26,1,0,0,1
15603436,Savage,Spain,Female,49,594,126615.94,123214.74,2,1,0,1
15566292,Okwuadigbo,Spain,Male,36,574,0.0,71709.12,2,1,0,0
15808621,Mordvinova,Germany,Male,36,659,76190.48,149066.14,2,1,0,1
15580148,Welch,Germany,Male,40,750,168286.81,20451.99,3,0,1,1
15776231,Kent,Germany,Male,35,626,88109.81,32825.5,1,1,0,1
15773809,Campbell,France,Male,42,620,0.0,6232.31,2,0,0,0
15649423,Cooper,France,Female,35,580,0.0,10357.03,2,1,0,0
15734886,Mazzi,France,Female,34,686,123971.51,147794.63,2,0,0,1
15722548,Fisher,France,Male,48,540,148116.48,116973.48,1,0,0,1
15650288,Summers,Germany,Male,35,634,116269.01,129964.94,1,0,0,1
15629448,Brady,Spain,Male,38,632,120599.21,92816.86,1,0,0,1
15716164,Nicholls,France,Female,41,501,144260.5,172114.67,1,0,0,1
15807609,Yuan,Spain,Female,25,650,86605.5,16649.31,3,0,1,0
15578977,Robinson,France,Male,34,786,0.0,144517.19,2,0,0,0
15677369,Golubov,Germany,Female,37,554,58629.97,182038.6,1,0,0,1
15804072,Chen,Spain,Female,42,701,0.0,24210.56,2,0,0,0
15696859,Oldham,France,Male,45,474,0.0,172175.9,2,0,0,0
15653780,Kambinachi,France,Female,43,621,0.0,47578.45,1,1,0,0
15721658,Fleming,Spain,Female,56,672,209767.31,150694.42,2,1,1,1
15578761,Cunningham,Spain,Female,42,459,129634.25,177683.02,2,1,1,1
15736879,Obinna,France,Male,23,669,0.0,66088.83,2,0,0,0
15571973,Chinwemma,France,Female,38,776,169824.46,169291.7,1,0,0,1
15626742,Carpenter,France,Male,36,694,97530.25,117140.41,1,1,0,1
15672692,Yin,France,Female,42,787,145988.65,79510.37,2,1,0,1
15673570,Olsen,France,Male,37,580,0.0,77108.66,2,1,0,0
15767432,Ts'ai,France,Female,25,711,0.0,9679.28,3,1,0,0
15654238,Jen,France,Female,40,673,137494.28,81753.92,1,0,0,1
15612525,Preston,France,Female,57,499,0.0,131372.38,1,0,1,0
15812750,Ozioma,France,Male,24,591,147360.0,25310.82,1,1,0,1
15790757,Cody,France,Female,25,769,0.0,187925.75,2,0,0,0
15723873,Ponomarev,Spain,Male,31,657,125167.02,98820.39,1,0,0,1
15744607,Martin,Germany,Male,43,738,121152.05,64166.7,2,0,1,1
15612966,Milani,Germany,Female,60,545,128981.07,176924.21,1,1,1,1
15784209,Tang,France,Male,47,497,0.0,90055.08,1,1,0,0
15794278,Romani,Spain,Male,67,816,151858.98,72814.31,1,1,0,1
15766741,McIntyre,France,Male,36,525,114628.4,168290.06,1,1,0,1
15661036,Davis,France,Male,46,725,0.0,161767.38,2,0,0,0
15705639,Onyemauchechukwu,France,Female,28,692,95059.02,44420.18,2,0,0,1
15637414,Gell,France,Female,24,618,128736.39,37147.61,1,1,0,1
15716835,Rossi,France,Male,24,546,156325.38,125381.02,1,1,0,1
15696231,Chiwetelu,France,Male,29,635,105405.97,149853.89,1,1,0,1
15641675,Kirillova,France,Female,49,611,88915.37,161435.02,3,0,1,1
15670755,Shaw,France,Male,60,650,0.0,102925.76,2,1,0,0
15640059,Smith,France,Male,40,606,0.0,70899.27,2,1,0,0
15787619,Hsieh,France,Male,18,844,160980.03,145936.28,1,0,0,1
15587535,Onyemauchechukwu,Spain,Female,46,450,177619.71,54227.06,1,0,0,1
15813034,Martin,Spain,Male,38,727,62276.99,59280.79,1,1,0,1
15698839,Okwudilichukwu,Germany,Male,46,460,127559.97,126952.5,2,1,0,1
15790314,Onuoha,France,Male,41,649,0.0,130567.02,2,1,0,0
15634245,Muecke,Germany,Female,47,758,95523.16,73294.48,1,0,0,1
15677305,Hsieh,France,Female,35,490,107749.03,3937.37,1,1,0,1
15661526,Anderson,Germany,Male,37,815,110777.26,2383.59,2,0,0,1
15685997,Azubuike,Spain,Female,39,838,166733.92,14279.44,2,0,0,1
15660101,Nnonso,France,Male,31,803,157120.86,141300.53,2,0,0,1
15637979,Fuller,Germany,Female,36,664,127160.78,78140.75,2,0,0,1
15815364,Ashley,Spain,Female,28,736,0.0,117431.1,2,1,0,0
15647099,Ts'ui,France,Female,37,633,156091.97,72008.61,1,0,0,1
15625944,Buccho,France,Male,58,664,98668.18,60887.58,1,1,0,1
15583212,Chidozie,France,Female,43,600,134022.06,194764.83,1,0,0,1
15582741,Maclean,France,Female,35,693,124151.09,88705.14,1,0,1,1
15637876,Burns,Germany,Female,36,663,77253.5,35817.97,1,0,1,1
15622750,Chu,Germany,Female,21,742,114292.48,31520.4,1,0,0,1
15672056,Kenenna,Germany,Male,43,710,140080.32,157908.19,3,1,1,1
15812351,Beluchi,Spain,Female,27,710,135277.96,142200.15,1,0,0,1
15810864,Williamson,France,Female,82,700,0.0,182055.36,2,1,0,0
15677921,Bobrov,Germany,Male,60,720,115920.62,157552.08,2,0,1,1
15724296,Kerr,Spain,Male,41,684,119782.72,120284.67,2,0,0,1
15685329,McKenzie,France,Female,63,531,114715.71,24506.95,1,1,1,1
15584091,Pitts,Germany,Female,36,742,129748.54,47271.61,2,0,1,1
15640442,Standish,France,Male,31,717,129722.57,41176.6,1,0,0,1
15639314,Cartwright,France,Male,32,589,0.0,9468.64,2,1,0,0
15685320,Johnstone,France,Male,36,767,139180.2,123880.19,1,0,0,1
15789158,Nikitina,Germany,Male,49,636,113599.74,158887.09,2,0,1,1
15752137,McElroy,France,Male,33,648,134944.0,117036.38,1,1,0,1
15712551,Shen,Germany,Female,58,622,116922.25,120415.61,1,0,1,1
15628936,Archer,Spain,Male,28,692,118945.09,16064.25,1,0,1,1
15797227,Otutodilinna,France,Male,28,754,0.0,52615.62,2,1,0,0
15769974,Shih,Spain,Female,35,679,119182.73,121210.09,1,0,0,1
15737051,Denisov,France,Male,27,639,0.0,192247.35,2,0,0,0
15585595,Owens,France,Female,28,774,71264.02,68759.57,2,1,0,1
15654060,P'eng,France,Male,41,517,0.0,75937.47,2,1,0,0
15745196,Verco,France,Female,35,571,0.0,84569.13,2,0,0,0
15571221,Bergamaschi,Germany,Male,58,747,116313.57,190696.35,1,1,1,1
15660155,Lorenzo,Spain,Male,36,792,92140.15,67468.67,1,1,0,1
15605284,Outtrim,France,Male,26,688,0.0,104435.94,2,1,0,0
15694366,Hou,Germany,Male,42,714,177640.09,47166.55,1,1,0,1
15600739,Galkin,Spain,Female,35,562,0.0,119899.52,2,0,0,0
15653253,Pagnotto,Spain,Male,48,704,167997.6,173498.45,1,1,0,1
15763431,Echezonachukwu,France,Male,36,698,82275.35,93249.26,2,1,0,1
15643696,Young,France,Male,49,611,0.0,142917.54,2,1,0,0
15707473,Summers,Germany,Female,48,850,111962.99,111755.8,1,0,0,1
15769504,Munro,Germany,Female,34,743,131736.88,108543.21,1,1,0,1
15776807,Brennan,France,Male,29,654,0.0,180345.44,1,0,0,0
15686870,Ball,Germany,Male,36,761,108239.11,99444.02,2,0,0,1
15668747,Virgo,France,Female,46,702,98444.19,109563.28,1,1,0,1
15766908,Trevisani,Germany,Male,32,488,114540.38,92568.07,1,0,0,1
15570134,Padovano,France,Female,35,683,187530.66,37976.36,2,1,0,1
15567367,Tao,Germany,Female,42,601,133636.16,103315.74,1,1,0,1
15747542,Perez,France,Male,52,605,0.0,173952.5,2,1,0,0
15762238,Fraser,Germany,Female,44,671,84745.03,34673.98,2,1,0,1
15681554,Alley,Germany,Female,31,614,120599.38,46163.44,2,1,0,1
15712825,Howells,Spain,Female,29,511,0.0,140676.98,2,1,0,0
15640280,Cameron,France,Male,39,850,127771.35,151738.54,2,1,0,1
15756026,Hooper,Spain,Female,46,790,0.0,14679.81,1,0,1,0
15613319,Rice,France,Female,33,793,0.0,175544.02,1,0,0,0
15798906,Cox,France,Male,69,628,0.0,181964.6,2,1,0,0
15708917,Martin,Germany,Male,53,598,167772.96,136886.86,1,1,0,1
15778463,Ikenna,France,Female,37,657,95845.6,122218.23,1,0,0,1
15699430,Davide,France,Female,35,618,0.0,180439.75,2,0,0,0
15649992,Alexander,Spain,Male,65,681,134714.7,190419.81,2,1,0,1
15578980,Piazza,Spain,Female,33,516,0.0,58685.59,2,1,0,0
15775306,Ni,Germany,Male,28,421,122384.22,89017.38,3,1,1,1
15641655,Black,France,Female,26,700,0.0,50051.42,2,0,0,0
15619708,Harker,France,Male,25,745,157993.15,146041.45,2,0,0,1
15734565,Hughes,France,Male,29,696,0.0,191166.09,2,0,0,0
15806438,Chiabuotu,Germany,Female,42,580,123331.36,103516.08,1,0,1,1
15591969,Kuo,Spain,Male,27,497,75263.16,164825.04,1,1,0,1
15747807,Gallagher,France,Female,43,720,137824.03,172557.77,2,0,0,1
15596939,Calabresi,Germany,Male,36,659,132578.92,84320.94,2,0,0,1
15716155,Shaw,France,Female,36,841,156021.31,122662.98,1,0,0,1
15765311,Zhirov,Spain,Male,34,642,0.0,72085.1,1,0,0,0
15757811,Lloyd,Spain,Female,69,732,137453.43,110932.24,1,1,1,1
15603830,Palmer,Spain,Male,36,600,0.0,143635.36,2,0,0,0
15660602,Ch'eng,Germany,Male,33,464,164284.72,3710.34,2,1,0,1
15660535,Avent,France,Female,47,680,0.0,179843.33,2,1,0,0
15666633,Huang,Spain,Male,56,758,0.0,10643.38,2,1,0,0
15596914,Shaw,Germany,Female,31,630,112373.49,131167.98,2,1,0,1
15639788,Yuan,France,Female,39,577,0.0,10553.31,2,0,0,0
15695846,Hawkins,France,Female,34,684,0.0,130928.22,2,1,0,0
15726234,Trentini,Spain,Female,41,708,0.0,157003.99,1,1,0,0
15797964,Cameron,Germany,Female,29,732,154333.82,138527.56,1,1,0,1
15625881,Koehler,Germany,Male,37,634,111432.77,167032.49,2,1,0,1
15780628,Wu,France,Female,30,633,0.0,41642.29,2,0,0,0
15575883,Manna,France,Male,34,559,137390.11,9677.0,2,0,0,1
15585036,Okoli,Spain,Female,37,694,0.0,147012.22,2,1,0,0
15589488,Ch'eng,Germany,Female,56,686,111642.08,80553.87,1,1,0,1
15585888,Nwokezuike,Spain,Female,48,553,0.0,30730.95,1,1,1,0
15727915,Artemiev,France,Male,36,507,83543.37,140134.43,1,0,0,1
15707567,Esposito,Germany,Male,50,732,145338.76,91936.1,1,0,1,1
15737792,Abbie,France,Female,31,818,186796.37,178252.63,1,0,0,1
15599433,Fanucci,Germany,Male,35,660,58641.43,198674.08,1,1,0,1
15672012,Jen,Spain,Female,41,773,0.0,28266.9,1,0,1,0
15806983,Moss,France,Male,44,640,137148.68,92381.01,1,0,0,1
15592222,Lo,France,Male,49,505,80001.23,135180.11,1,0,0,1
15608968,Averyanov,Germany,Male,21,714,86402.52,27330.59,2,0,0,1
15586959,Unaipon,France,Female,42,468,0.0,125305.34,2,0,0,0
15646558,Clamp,Spain,Male,51,611,122874.74,149648.45,1,1,0,1
15725811,Lim,France,Male,25,705,97544.29,59887.15,1,1,0,1
15572265,Wu,Germany,Male,46,646,170826.55,45041.32,2,0,0,1
15794048,Wan,Germany,Female,48,667,97133.92,113316.77,2,0,1,1
15677610,Chambers,Germany,Female,41,511,153895.65,39087.42,1,1,0,1
15745012,Pettit,France,Female,43,653,0.0,7330.59,2,1,0,0
15601589,Baresi,France,Female,57,675,0.0,95463.29,2,1,0,0
15686436,Newbery,Spain,Male,32,523,0.0,167848.02,2,0,0,0
15693864,Iheanacho,Germany,Female,49,567,134956.02,93953.84,1,0,1,1
15760550,Duncan,Spain,Male,39,741,143637.58,174227.66,2,1,0,1
15686137,Barry,Spain,Male,32,456,147506.25,135399.21,1,1,0,1
15809087,Landry,France,Male,64,598,0.0,195635.3,2,0,1,0
15807663,McGregor,France,Male,43,667,190227.46,97508.04,1,0,1,1
15809100,Nucci,France,Female,32,548,172448.77,188083.77,1,0,1,1
15794916,Pirogov,France,Male,41,725,113980.21,116704.25,1,1,0,1
15614215,Oguejiofor,France,Male,53,717,0.0,97614.87,2,1,0,0
15805449,Ugochukwu,France,Male,38,594,0.0,186884.04,2,0,0,0
15686983,Rohu,Germany,Female,25,678,76968.12,131501.72,2,1,0,1
15808017,Cary,France,Male,38,545,88293.13,24302.95,2,1,0,1
15756804,O'Loghlen,France,Female,48,636,170833.46,110510.28,1,0,1,1
15646810,Quinn,Germany,Male,44,603,108122.39,108488.33,2,0,1,1
15710424,Page,France,Male,36,435,0.0,197015.2,1,1,0,0
15799422,Evans,France,Female,40,535,0.0,27689.77,1,1,0,0
15692750,McGregor,Germany,Female,45,629,129818.39,9217.55,3,0,1,1
15794549,Andrews,France,Female,35,722,163943.89,15068.18,2,1,0,1
15803764,Stanley,France,Male,28,561,0.0,7797.01,2,0,0,0
15674840,Chiazagomekpere,France,Female,38,645,101430.3,4400.32,2,1,0,1
15653762,Chidiebele,France,Female,39,501,117301.66,182025.95,1,0,0,1
15581229,Gregory,Germany,Female,32,502,173340.83,122763.95,1,1,0,1
15800228,Bednall,Spain,Female,42,652,0.0,38152.01,2,1,0,0
15656333,Jen,France,Female,33,574,134348.57,63163.99,1,0,0,1
15697497,She,France,Female,45,518,105525.65,73418.29,2,1,0,1
15585362,Simmons,France,Female,60,749,0.0,17978.68,1,0,1,0
15571928,Fraser,France,Female,43,679,0.0,115136.51,3,0,1,0
15785519,May,France,Male,36,565,106192.1,149575.59,1,0,0,1
15743007,Seabrook,France,Female,45,643,45144.43,60917.24,1,0,1,1
15777211,Herrera,France,Male,65,515,92113.61,142548.33,1,1,0,1
15721935,Kincaid,France,Male,25,521,0.0,157878.67,2,1,0,0
15591711,Sleeman,Spain,Male,38,739,128366.44,12796.43,1,0,0,1
15625021,Hung,France,Male,42,585,0.0,18657.77,2,1,0,0
15702968,Artemieva,Germany,Male,74,733,106545.53,134589.58,1,1,0,1
15600462,Barwell,France,Female,43,542,145618.37,10350.74,1,1,0,1
15768104,Wright,Spain,Male,37,788,141541.25,66013.27,1,0,0,1
15780140,Bellucci,Germany,Male,32,435,57017.06,5907.11,2,1,0,0
15585255,Moore,France,Male,42,577,0.0,74077.91,1,0,0,0
15772781,Ball,France,Female,51,703,0.0,77294.56,3,1,1,0
15669987,Sung,Germany,Female,35,728,125884.95,54359.02,2,0,1,1
15697000,Mello,Germany,Male,32,728,61825.5,156124.93,1,1,0,1
15733119,Mistry,France,Male,35,718,0.0,94820.85,2,0,0,0
15782390,T'ien,France,Female,40,621,0.0,155155.25,1,0,0,0
15654700,Fallaci,France,Female,40,523,102967.41,128702.1,1,0,1,1
15632210,Hill,Germany,Male,25,657,171770.55,22745.5,1,0,0,1
15642041,Burns,Germany,Male,40,727,93051.64,71865.31,2,0,1,1
15709737,Hunter,France,Male,36,643,161064.64,84294.82,2,1,0,1
15792388,Li,France,Female,48,645,90612.34,149139.13,1,1,0,1
15786014,Ku,France,Male,28,568,145105.64,185489.11,2,0,0,1
15794580,Ch'en,France,Male,58,599,0.0,176407.15,1,0,1,0
15675964,Chukwukadibia,France,Female,45,672,0.0,92027.69,1,1,1,0
15814275,Zikoranachidimma,France,Male,33,685,174912.72,43932.54,1,1,0,1
15724848,Oluchukwu,France,Female,46,516,104947.72,115789.25,1,0,1,1
15754713,Rivera,Spain,Male,31,685,135213.71,125777.28,1,1,0,1
15693814,Niu,Spain,Male,25,806,0.0,18461.9,2,0,0,0
15599660,Bennett,France,Male,36,604,116229.85,79633.38,2,1,0,1
15746490,Wollstonecraft,Spain,Female,53,648,111201.41,121542.29,1,1,0,1
15566091,Thomsen,Spain,Female,32,545,0.0,94739.2,1,0,0,0
15655961,Palermo,Germany,Male,27,756,131899.0,93302.29,1,0,0,1
15710404,Chinwendu,France,Male,35,569,124525.52,193793.78,1,1,0,1
15775625,McKenzie,France,Male,47,596,0.0,74835.65,1,0,0,0
15792328,James,France,Male,39,475,0.0,56999.9,1,1,1,0
15719856,Lamb,France,Female,45,646,47134.75,57236.44,1,1,0,1
15593773,Olejuru,Spain,Male,35,784,0.0,81483.64,2,0,0,0
15733114,Hay,Spain,Male,45,552,0.0,26752.56,2,0,0,0
15797748,Lu,France,Male,44,729,0.0,9200.54,2,1,0,0
15743411,Chiawuotu,Spain,Male,61,609,0.0,22447.85,1,0,1,0
15753337,Yeates,France,Male,51,555,0.0,189122.89,3,0,1,0
15601026,Gallagher,Germany,Female,19,572,138657.08,16161.82,1,1,0,1
15658485,Heath,France,Female,34,785,70302.48,68600.36,1,1,0,1
15636731,Ts'ai,Germany,Female,36,714,101609.01,447.73,2,1,0,1
15628303,Thurgood,Spain,Male,35,738,0.0,15650.73,1,1,0,0
15633461,Pai,Germany,Male,38,639,130170.82,149599.62,1,1,0,1
15677135,Lorenzo,Germany,Male,61,520,133802.29,90304.01,2,1,0,1
15590876,Knupp,France,Female,24,764,106234.02,115676.38,1,0,0,1
15790782,Baryshnikov,Spain,Male,39,661,132628.98,38812.67,1,0,0,1
15700476,Azubuike,Germany,Male,41,564,103522.75,34338.21,2,1,0,1
15634141,Shephard,Germany,Female,42,708,192390.52,823.36,2,0,0,1
15737795,Scott,Spain,Male,36,512,0.0,135482.26,1,1,1,0
15790299,Williamson,Spain,Male,37,592,0.0,10656.89,3,1,0,0
15675316,Avdeeva,France,Female,38,619,0.0,116467.35,2,1,0,0
15613630,Tang,France,Male,52,775,109922.61,96823.32,1,1,1,1
15662100,Hsu,Germany,Female,44,850,128605.32,171096.2,1,1,0,1
15668032,Buchanan,France,Female,37,577,0.0,79881.39,1,1,0,0
15599289,Yeh,France,Female,37,724,68598.56,157862.82,1,0,0,1
15754084,Palazzi,Spain,Male,35,710,106518.52,127951.81,1,1,0,1
15676521,Y?an,France,Female,31,696,0.0,191074.11,2,0,0,0
15804586,Lin,France,Female,46,376,0.0,157333.69,1,0,1,0
15781465,Schofield,Germany,Female,29,675,121326.42,133457.52,1,0,0,1
15729362,Lombardi,France,Male,36,745,67226.37,130789.6,1,0,0,1
15709295,Wall,Spain,Female,25,697,82931.85,128373.88,2,1,0,1
15745324,Milani,Spain,Female,39,599,0.0,194273.2,1,0,1,0
15741336,Ejimofor,France,Female,38,715,118590.41,5684.17,1,1,1,1
15783659,Blackburn,France,Male,67,659,145981.87,131043.2,1,1,0,1
15620981,Wickham,France,Female,48,684,73309.38,21228.34,1,0,1,1
15630328,Bird,France,Female,48,635,130796.33,43250.3,2,1,0,1
15785899,Ch'en,Germany,Male,33,789,151607.56,4389.4,1,0,0,1
15606149,Wood,Germany,Female,66,571,111577.01,189271.9,1,1,0,1
15671139,Brizendine,Spain,Male,39,694,107042.74,102284.2,1,1,0,1
15660429,Ch'in,Spain,Female,42,665,156371.61,156774.94,2,1,1,1
15571002,Yusupov,France,Female,44,706,129605.99,69865.49,1,0,0,1
15631681,Jibunoh,Spain,Female,43,807,0.0,85523.24,2,1,0,0
15731522,Ts'ui,Spain,Female,67,771,0.0,51219.8,2,1,0,0
15619529,Ndukaku,Spain,Male,27,531,132576.25,7222.92,1,0,0,1
15628034,Wilder,France,Female,37,629,129101.3,23971.33,1,1,0,1
15686164,Maclean,Germany,Female,31,850,108822.4,132173.31,1,1,0,1
15582797,Ch'iu,Spain,Male,35,685,137948.51,113639.64,1,0,0,1
15753831,Cox,Spain,Male,32,642,100433.8,39768.59,1,1,0,1
15731815,Nepean,Spain,Male,63,529,96134.11,108732.96,3,0,1,1
15580956,McNess,Germany,Female,43,683,115888.04,117349.19,1,1,1,1
15602084,Coles,France,Female,42,663,124626.07,78004.5,1,1,0,1
15589805,Benson,France,Female,34,563,139810.34,152417.79,1,1,0,1
15720893,Gilbert,Spain,Female,34,637,0.0,26057.08,2,0,0,0
15641009,Wilhelm,France,Male,37,544,84496.71,79972.09,1,0,0,1
15605926,Sinclair,Germany,Male,70,649,116854.71,107125.79,2,1,0,1
15805955,L?,France,Female,48,638,138333.03,47679.14,1,1,0,1
15801488,Buckner,France,Male,25,723,0.0,134509.47,2,1,0,0
15605918,Padovesi,Germany,Male,43,635,78992.75,153265.31,2,0,0,1
15779711,Gray,Spain,Female,38,750,97257.41,179883.04,2,1,0,1
15705620,Lu,France,Male,34,730,122453.37,138882.98,2,0,0,1
15685357,Wright,Spain,Female,36,750,112940.07,9855.81,1,1,0,1
15570060,Palerma,France,Female,43,586,132558.26,67046.83,1,0,1,1
15582616,Y?an,France,Female,38,520,0.0,56388.63,2,0,0,0
15799515,Wei,France,Female,48,652,133297.24,77764.37,1,0,0,1
15642937,Padovesi,France,Female,46,550,0.0,130590.35,2,0,0,0
15624729,Tsao,France,Male,27,594,197041.8,151912.49,1,0,0,1
15566156,Franklin,Germany,Female,44,749,71497.79,151083.8,2,0,0,1
15792360,Clark,France,Male,32,668,0.0,777.37,2,1,0,0
15807008,McGregor,Germany,Female,35,614,128100.28,69454.24,1,0,1,1
15704770,Pan,France,Male,25,773,124532.78,11723.57,2,1,0,1
15756475,Kenniff,Germany,Male,31,551,82293.82,91565.25,2,1,0,1
15655339,Spencer,France,Male,36,566,142120.91,79616.37,1,0,0,1
15613749,Lees,Spain,Male,34,569,151839.26,102299.81,1,0,1,1
15664521,David,Spain,Male,31,659,149620.88,104533.51,2,1,0,1
15681206,Hsing,France,Female,49,722,168197.66,140765.57,1,0,1,1
15745527,Burke,France,Male,37,655,93147.0,66214.13,2,0,0,1
15806926,Watson,France,Female,35,615,97440.02,139816.1,2,1,0,1
15724563,Hawkins,Germany,Female,42,752,65046.08,140139.28,2,1,0,1
15782899,Ginn,Spain,Female,28,661,95357.49,102297.15,1,0,0,1
15623521,Sozonov,Spain,Male,43,838,123105.88,145765.83,2,0,0,1
15810218,Sun,Spain,Male,29,610,0.0,83912.24,3,1,0,0
15645621,Hunter,Spain,Male,44,811,0.0,78439.73,2,1,0,0
15608114,Manfrin,Spain,Male,62,587,121286.27,6776.92,1,1,0,1
15659557,Artamonova,Germany,Female,28,811,167738.82,9903.42,2,1,0,1
15787772,Hansen,France,Female,38,759,104091.29,91561.91,1,0,0,1
15691111,Pai,Germany,Female,42,648,121980.56,4027.02,2,0,0,1
15592089,Larsen,France,Female,43,788,0.0,116111.51,2,1,0,0
15633897,Owen,Germany,Male,39,725,50880.98,184023.54,2,1,0,1
15701301,Murphy,France,Female,42,646,175159.9,67124.48,2,0,1,1
15723685,Ekechukwu,Germany,Female,26,601,105514.69,50070.59,2,0,0,1
15701602,Ayers,Germany,Male,52,521,116497.31,53793.1,3,0,1,1
15739189,Johnson,Spain,Female,33,561,0.0,45261.47,2,0,0,0
15573086,Millar,France,Male,42,564,99824.45,36721.4,1,1,0,1
15569050,Farrell,France,Male,45,444,0.0,130009.85,1,0,1,0
15750765,Sanders,Spain,Male,71,650,0.0,175380.77,1,1,0,0
15799811,Herrera,France,Male,40,724,0.0,127847.25,1,0,1,0
15698442,Eberechukwu,Spain,Male,35,719,122964.88,138231.7,1,1,0,1
15655274,Bardin,France,Female,29,548,0.0,48673.18,2,1,0,0
15603594,Nwankwo,Spain,Male,24,635,0.0,70668.77,2,1,0,0
15585961,Talbot,Spain,Female,43,496,0.0,199505.53,2,1,0,0
15686936,McGregor,France,Female,37,676,89634.69,169583.18,1,1,1,1
15770424,Onyeorulu,Germany,Male,40,541,95710.11,49063.42,2,0,0,1
15587451,Goold,Germany,Male,41,778,139706.31,63337.19,1,0,0,1
15602010,Zikoranaudodimma,Germany,Female,45,850,103909.86,60083.11,1,0,1,1
15600583,Garner,France,Male,31,633,0.0,48606.71,1,0,0,0
15654673,Onyinyechukwuka,France,Male,49,625,173434.9,165580.93,1,0,1,1
15717164,Genovese,Spain,Male,32,485,102238.01,194010.12,2,1,0,1
15765014,Mai,France,Female,48,547,179380.74,69263.1,2,1,0,1
15682639,Marshall,France,Male,32,642,0.0,88698.83,2,1,0,0
15729279,Naylor,France,Female,25,718,108691.95,63030.97,1,0,0,1
15759805,Pinto,France,Female,32,582,0.0,59668.81,2,0,0,0
15767864,Fulton,France,Male,33,628,0.0,184230.23,2,0,0,0
15769948,Palerma,Germany,Male,35,737,133377.8,64050.19,1,1,0,1
15686345,McCaffrey,Spain,Male,34,828,0.0,81853.98,2,1,0,0
15688071,Collins,Spain,Male,53,609,0.0,154642.91,1,1,0,0
15681174,Zuev,France,Male,39,730,116537.6,145679.6,1,0,0,1
15667521,Crawford,France,Female,22,631,0.0,30781.77,2,0,0,0
15750243,Genovese,Spain,Male,40,830,0.0,81622.52,2,1,0,0
15695475,Maclean,France,Male,29,645,130131.08,196474.35,2,1,0,1
15689176,Fabro,France,Male,46,663,0.0,176276.1,2,1,0,0
15652955,Price,Spain,Male,30,678,0.0,35113.08,1,0,0,0
15668958,Chatfield,France,Male,30,521,107316.09,64299.82,1,0,0,1
15631054,Volkova,France,Female,24,625,0.0,180969.55,2,1,0,0
15581479,Archer,France,Male,30,523,83181.29,138176.78,1,1,0,1
15577478,Ch'iu,France,Female,72,714,0.0,86733.61,1,1,0,0
15780870,McKay,Spain,Male,67,580,153946.14,7418.92,1,1,0,1
15692317,Craig,France,Male,30,722,0.0,166376.54,2,0,0,0
15593969,Abramovich,Spain,Female,39,630,135483.17,140881.2,1,0,1,1
15570417,Chien,France,Male,35,579,0.0,4460.2,2,0,0,0
15779059,Timms,France,Female,38,670,119624.54,110472.12,2,1,0,1
15785980,Williford,Spain,Male,34,588,121132.26,86460.28,2,0,0,1
15644200,Hamilton,Spain,Female,42,807,0.0,16500.66,1,0,1,0
15793949,Cheng,France,Female,48,726,0.0,114020.06,1,0,1,0
15645103,Su,Germany,Male,25,812,54817.55,131660.31,1,0,0,1
15705860,McKenzie,Germany,Male,40,631,107949.45,52449.62,1,0,1,1
15623828,Akobundu,France,Male,30,682,0.0,161465.31,1,1,0,0
15715003,Ko,Spain,Female,49,625,80816.45,20018.79,1,1,0,1
15623471,Marcelo,Germany,Male,38,607,98205.77,176318.27,1,0,0,1
15798348,Chukwuebuka,Spain,Female,50,600,94684.27,50488.91,1,1,0,1
15743016,MacDonald,Spain,Female,22,602,141604.76,30379.6,1,0,0,1
15769499,Lampungmeiua,Spain,Female,74,545,0.0,161326.73,2,1,0,0
15798521,Tai,Spain,Male,33,675,0.0,45348.08,2,0,0,0
15706534,Enyinnaya,France,Female,47,581,122949.14,180251.68,1,0,1,1
15706186,McKenzie,Germany,Male,33,640,81677.22,34925.56,2,0,0,1
15812197,Kline,France,Male,38,850,80293.98,126555.74,1,0,0,1
15650933,Ma,Spain,Female,48,490,155413.06,187921.3,1,0,0,1
15692991,Wood,Spain,Female,38,710,0.0,136390.88,2,1,0,0
15631189,Riggs,Germany,Male,38,613,67111.65,78566.64,1,0,1,1
15762198,Capon,France,Male,34,812,103818.43,166038.27,1,1,0,1
15699598,Smith,France,Female,20,723,0.0,140385.33,2,1,0,0
15692744,Davison,France,Male,36,512,152169.12,38629.3,2,0,1,1
15688963,Ingram,France,Female,52,731,0.0,24998.75,1,1,1,0
15599131,Dilke,Germany,Male,26,650,214346.96,128815.33,2,0,0,1
15680303,Gibson,France,Male,57,594,0.0,19376.56,1,0,1,0
15628674,Iadanza,France,Male,40,844,113348.14,31904.31,1,0,1,1
15648075,Hebert,Germany,Female,47,686,170935.94,173179.79,1,0,1,1
15586970,Pinto,Germany,Male,52,695,103023.26,22485.64,1,1,0,1
15625698,Dumetochukwu,Spain,Female,23,624,0.0,196668.51,2,1,0,0
15790497,Ross,Spain,Male,37,503,0.0,136506.86,2,0,0,0
15682618,Jamieson,France,Female,31,535,111855.04,36278.89,2,1,0,1
15762937,Chiganu,Germany,Female,32,743,140348.56,163254.39,2,1,0,1
15750929,Burgess,Spain,Male,39,702,0.0,99654.13,2,0,0,0
15729832,Cheng,France,Male,29,658,145512.84,20207.02,1,0,0,1
15633650,Woods,Germany,Female,41,677,146720.98,4195.84,2,1,0,1
15748856,Liang,France,Male,32,664,107209.73,112340.2,1,1,0,1
15589195,Bluett,Germany,Female,38,766,130933.74,2035.94,1,1,0,1
15699911,Chapman,Spain,Female,35,461,0.0,132295.95,1,0,0,0
15663438,Andrejew,Spain,Male,36,688,89772.3,177383.68,1,0,1,1
15692583,Udobata,France,Female,32,678,0.0,90284.47,2,0,0,0
15591257,Ejimofor,France,Male,24,796,0.0,61349.37,2,0,0,0
15646513,Spyer,France,Male,42,803,0.0,196466.83,1,0,1,0
15708063,Walker,France,Male,36,712,100749.5,70758.37,3,0,1,1
15696098,Palermo,France,Female,31,498,0.0,13892.57,2,0,0,0
15645517,Philip,Spain,Male,22,850,0.0,9684.52,2,1,0,0
15649744,Fallaci,France,Female,51,628,123981.31,40546.15,2,1,0,1
15604304,Perry,Germany,Female,34,539,91622.42,136603.42,1,1,0,1
15784092,Henderson,France,Male,36,732,126195.81,133172.48,1,1,0,1
15585198,Bergamaschi,France,Male,41,715,94267.9,152821.12,1,1,1,1
15624347,Fokine,France,Male,40,651,0.0,147715.83,2,1,0,0
15621687,Mackay,France,Male,34,813,0.0,43169.15,2,0,0,0
15689081,Wu,France,Male,29,692,0.0,76755.99,1,0,1,0
15813168,Maslova,Germany,Female,39,756,100717.85,73406.04,3,1,1,1
15604295,Wei,France,Male,36,543,0.0,176728.28,2,0,0,0
15724127,McLean,France,Female,26,790,141581.71,98309.27,2,0,0,1
15673055,Sung,Spain,Male,38,494,0.0,6203.66,2,1,0,0
15768201,Paterson,France,Female,39,850,148586.64,176791.27,1,1,0,1
15782219,Fanucci,Spain,Male,29,703,0.0,50679.48,2,0,0,0
15746410,Thompson,Spain,Male,38,432,0.0,150580.88,2,0,0,0
15780144,Tisdall,Germany,Female,32,512,123403.85,80120.19,2,0,0,1
15590476,Onochie,France,Male,28,589,0.0,151645.96,2,0,0,0
15624293,Mironova,France,Female,46,514,106511.85,55072.32,1,0,0,1
15618182,Ndubueze,France,Female,38,678,0.0,115068.99,2,0,0,0
15660316,Stephenson,Germany,Female,34,420,135549.9,149471.13,1,0,1,1
15678886,Golubev,Germany,Male,38,679,110555.37,46522.68,2,0,0,1
15616330,Liao,France,Male,31,595,0.0,189995.86,2,0,0,0
15592229,Mullan,France,Female,52,713,185891.54,46369.57,1,1,1,1
15798424,Glover,Germany,Male,59,833,130854.59,30722.52,1,1,1,1
15714750,Northey,France,Female,42,690,92578.14,70810.6,2,0,0,1
15648800,Paterson,Germany,Female,21,731,132312.06,106663.46,1,0,1,1
15626147,Maclean,France,Female,62,608,144976.5,175836.03,1,0,1,1
15626608,Howarde,Spain,Male,48,479,87070.23,85646.41,1,1,0,1
15723250,Teng,France,Male,42,519,0.0,101485.72,2,1,0,0
15592583,Colman,France,Female,47,731,115414.19,191734.67,3,0,1,1
15759381,Johnson,Spain,Male,61,617,91070.43,101839.77,1,1,0,1
15585241,Butcher,Spain,Male,29,756,117412.19,4888.91,2,0,0,1
15589358,Stanley,Germany,Male,31,848,90018.45,193132.98,2,0,0,1
15672704,Jackson,France,Female,24,809,0.0,193518.76,2,0,0,0
15789955,Hu,Germany,Male,56,698,112414.81,93982.02,2,0,1,1
15596800,Hill,Germany,Male,33,779,158456.76,197000.92,1,1,1,1
15627305,Pan,Spain,Male,35,606,0.0,106837.06,1,0,1,0
15645316,Han,Germany,Female,58,612,149641.53,115161.28,1,1,0,1
15593973,Wilkie,Spain,Female,33,663,122528.18,196260.3,1,0,0,1
15647301,Bray,Germany,Female,45,549,143734.01,96404.38,2,1,0,1
15750258,Ann,France,Female,32,675,155663.31,97658.66,1,0,0,1
15685309,Souter,France,Female,35,669,0.0,49108.23,1,1,1,0
15628205,Greco,Germany,Female,34,571,101736.66,195651.66,1,1,0,1
15733974,Mao,Spain,Male,37,500,125822.21,111698.0,1,0,0,1
15762110,Anderson,France,Male,37,628,0.0,171707.93,2,1,0,0
15706899,Ma,France,Male,34,559,0.0,66721.98,2,1,0,0
15732660,Black,France,Female,27,769,0.0,57876.05,1,1,0,0
15656121,Medvedeva,Germany,Male,31,733,157791.07,177994.81,2,0,0,1
15614220,Benson,France,Male,22,750,0.0,105125.65,2,1,0,0
15645269,Duncan,France,Female,42,583,0.0,17439.66,2,0,0,0
15698510,Onwudiwe,Germany,Male,42,468,181627.14,172668.39,2,0,0,1
15569247,Mitchell,Spain,Female,57,727,109679.72,753.37,1,1,0,1
15566251,Ferrari,France,Female,37,618,96652.86,98686.4,1,0,1,1
15716134,Russo,France,Male,40,617,190008.32,107047.92,2,1,0,1
15763625,Hazon,Spain,Male,41,793,0.0,152153.74,2,0,0,0
15605965,Henderson,France,Male,43,630,0.0,34338.04,2,1,0,0
15694821,Hardy,Germany,Male,43,765,148962.76,173878.87,1,1,1,1
15601688,Piccio,France,Male,28,546,0.0,159254.29,1,0,0,0
15575581,Dickson,Germany,Female,30,614,131344.52,54776.64,2,0,0,1
15671209,Holden,Germany,Female,29,593,101713.84,134594.99,3,0,0,1
15616529,Hsieh,Spain,Male,34,613,0.0,41724.72,1,1,0,0
15773906,Doherty,France,Male,38,655,0.0,110527.71,2,0,0,0
15722993,Page,France,Female,27,700,137963.07,8996.79,1,0,0,1
15752463,Samuel,Spain,Female,29,826,129938.07,190200.53,1,1,0,1
15589754,Malloy,Germany,Male,45,652,151421.44,115333.43,1,1,0,1
15669899,Fitts,Germany,Female,45,755,135643.0,143619.52,1,0,1,1
15766887,Iadanza,Spain,Male,39,538,122773.5,58467.08,2,1,0,1
15768006,Wu,France,Male,34,729,152303.8,12128.69,1,0,0,1
15741295,Yefimova,France,Male,49,615,0.0,49872.33,2,1,0,0
15811327,Pan,Spain,Male,54,700,79415.67,139735.54,1,1,0,1
15690007,Ts'ui,Germany,Female,58,434,125801.03,60891.8,2,0,1,1
15690664,Liang,Spain,Male,37,729,0.0,100862.54,2,0,0,0
15719348,Tsao,France,Male,35,513,0.0,76640.29,1,0,1,0
15781802,Abramov,France,Male,41,755,104817.41,126013.58,1,0,1,1
15752731,Millar,France,Female,30,615,0.0,87347.82,1,0,0,0
15600997,Demuth,Germany,Female,32,747,67495.04,77370.37,2,1,0,1
15750776,Genovese,France,Female,36,850,164850.54,62722.44,1,1,0,1
15723907,Lawless,Germany,Female,49,712,154776.42,196257.68,2,0,0,1
15633419,Brooks,Germany,Female,28,622,143124.63,81723.8,2,0,0,1
15702430,Ignatyeva,France,Female,35,548,0.0,31299.71,1,1,0,0
15710456,Balmain,France,Female,27,607,0.0,63495.86,2,0,0,0
15650351,Millar,France,Female,38,653,102133.38,166520.96,1,1,0,1
15590820,Ecuyer,Spain,Male,26,699,79932.41,150242.44,1,0,0,1
15640454,Parkhill,Germany,Male,40,693,120711.73,27345.18,1,0,1,1
15697789,Li Fonti,Germany,Female,43,647,122717.53,87000.39,2,1,0,1
15808182,Beneventi,Spain,Female,36,478,92363.3,44912.7,2,0,0,1
15588670,Despeissis,Spain,Female,40,705,203715.15,179978.68,1,0,1,1
15721292,Atkins,Spain,Male,39,719,0.0,145759.7,2,0,0,0
15604217,Williams,France,Male,34,726,0.0,14121.61,2,0,0,0
15651369,Wright,France,Male,21,626,0.0,66232.23,2,0,0,0
15782454,Hancock,France,Male,49,552,0.0,190296.76,1,1,1,0
15814032,Hsieh,Germany,Female,31,807,93460.47,172782.69,2,0,0,1
15570326,Wilkins,France,Male,34,621,0.0,99128.13,2,1,0,0
15624428,Longo,Germany,Female,24,651,40224.7,178341.33,1,1,0,1
15755638,Mancini,France,Female,43,673,168069.73,146992.24,1,1,1,1
15600992,Madukaego,France,Male,36,652,0.0,151314.98,2,1,0,0
15755649,Winter-Irving,Germany,Male,47,584,130538.77,92915.84,1,0,0,1
15795228,Stewart,France,Male,37,756,132623.6,58974.0,1,1,0,1
15589257,Grant,France,Female,35,670,103465.02,174627.06,2,1,0,1
15719302,Brennan,France,Female,50,765,126547.8,79579.94,1,1,1,1
15639882,She,France,Male,30,528,128262.72,50771.16,2,0,0,1
15791279,Murray,France,Male,40,701,169742.64,153537.55,1,1,1,1
15636935,Rischbieth,France,Female,29,797,0.0,132975.39,2,1,0,0
15686909,Lung,Germany,Male,27,639,150795.81,85208.93,1,1,0,1
15589572,Otutodilichukwu,Spain,Female,61,785,129855.72,170214.82,2,0,1,1
15779947,Thomas,Spain,Female,28,363,146098.43,100615.14,3,0,1,1
15573769,Fiorentini,France,Female,24,764,0.0,186105.99,2,0,0,0
15578866,Hughes,France,Female,43,676,0.0,55119.53,1,1,0,0
15739131,Whitworth,Germany,Male,28,718,65643.3,28760.99,1,0,0,1
15813444,McIntosh,Spain,Female,34,590,0.0,171021.44,2,0,0,0
15678058,Ayers,France,Male,38,584,104584.16,176678.72,1,0,0,1
15769169,Trentino,France,Male,41,645,0.0,28667.56,1,1,0,0
15804602,Boyd,Germany,Male,30,772,99785.28,197238.03,2,0,0,1
15651052,McMasters,Germany,Male,46,399,127655.22,139994.68,1,0,1,1
15724334,Alekseyeva,France,Male,22,529,0.0,151169.83,1,0,0,0
15569451,Miller,France,Male,35,463,101257.16,118113.64,1,1,0,1
15650098,Baranova,France,Female,40,630,0.0,34453.17,2,1,0,0
15724307,Mitchell,France,Male,76,780,121313.88,64872.33,1,1,0,1
15599268,Yobachi,Spain,Male,32,584,0.0,10956.82,2,0,0,0
15594864,Huang,Germany,Male,30,752,81523.38,36885.85,1,1,0,1
15616451,Genovese,France,Female,47,697,128252.66,168053.4,1,1,0,1
15715667,Sorokina,France,Female,32,850,0.0,155227.0,2,0,0,0
15658969,Gray,France,Male,51,711,0.0,38409.79,3,0,1,0
15738174,Ervin,France,Female,32,452,0.0,75279.39,2,1,0,0
15813590,Vance,Spain,Male,42,610,0.0,158302.59,2,0,1,0
15624229,Noble,France,Female,22,694,0.0,11525.72,2,1,0,0
15674148,Milanesi,Spain,Male,33,579,0.0,94993.04,1,0,1,0
15625080,Parkin,Spain,Female,54,745,0.0,173912.29,1,0,1,0
15682528,Cremonesi,France,Male,33,572,0.0,41139.05,1,1,0,0
15696900,Burns,Germany,Male,29,505,145541.56,58019.95,2,1,0,1
15730038,Docherty,France,Female,23,706,0.0,164128.41,1,0,1,0
15812272,Ugonna,Germany,Male,44,693,124601.58,46998.13,2,1,1,1
15654654,L?,Germany,Female,33,725,115182.84,177279.41,2,1,0,1
15697625,Bevan,France,Male,37,791,163789.49,75832.53,2,0,0,1
15616280,Hsia,France,Male,46,536,65733.41,61094.53,1,0,0,1
15654229,O'Neill,Spain,Male,47,699,0.0,30117.44,2,1,0,0
15628298,Johnstone,Spain,Female,47,500,128486.11,179227.12,1,0,0,1
15733387,Pham,Spain,Female,53,707,109663.47,52110.45,1,1,0,1
15775572,Bergamaschi,Germany,Female,42,531,88324.31,75248.75,2,0,0,1
15613844,Murphy,France,Female,28,557,146445.24,184317.74,2,0,0,1
15578515,Osinachi,France,Female,38,659,0.0,158553.1,2,0,0,0
15607598,Muravyov,Spain,Female,31,575,0.0,95686.42,2,1,0,0
15742480,Igwebuike,Germany,Male,36,775,109949.05,71682.54,2,1,0,1
15749482,Zack,Spain,Male,30,772,78653.05,1790.48,1,0,0,1
15607537,Crawford,Germany,Male,46,587,107850.82,139431.0,1,0,1,1
15575410,Chidiegwu,Germany,Female,39,667,83765.35,118358.54,2,0,0,1
15684865,Lucchesi,France,Female,66,771,143773.07,130827.88,1,1,0,1
15600700,Pan,Germany,Male,63,523,116227.27,119404.63,1,1,0,1
15774155,Trevisani,Germany,Male,33,662,103471.52,162703.0,1,1,0,1
15634267,Yudin,France,Male,42,717,0.0,172665.21,2,0,0,0
15619626,Wade,France,Male,24,746,137492.35,170142.09,2,1,0,1
15660422,Chung,France,Male,28,569,0.0,73977.23,2,0,0,0
15617934,Septimus,France,Male,36,579,129829.59,60906.12,1,1,0,1
15760774,Hargraves,France,Female,21,519,146329.57,194867.27,2,1,0,1
15813132,Chukwukadibia,Germany,Male,30,696,114027.7,193716.56,1,1,0,1
15593331,Sidorov,Germany,Male,25,693,146580.69,14633.35,1,1,0,1
15616709,Bunton,Germany,Female,38,587,132122.42,31730.32,2,0,0,1
15658052,Cameron,France,Female,44,626,81553.93,20063.63,1,0,1,1
15721189,Kung,France,Female,66,666,0.0,99792.82,2,1,0,0
15711288,Hay,France,Male,24,512,0.0,37654.31,2,0,0,0
15770030,Conti,Spain,Female,28,689,0.0,192449.02,2,1,0,0
15803681,Sims,France,Female,26,803,0.0,181208.47,2,1,0,0
15702789,Carter,Germany,Male,32,548,175214.71,155165.61,1,1,0,1
15814930,McGregor,Germany,Female,40,588,125534.51,121504.18,1,0,1,1
15658306,Lo,France,Male,68,693,97705.99,61569.07,1,1,0,1
15699523,Chu,Germany,Female,55,499,126817.65,123269.71,2,0,0,1
15610383,Dumetolisa,France,Female,46,628,46870.43,31272.14,4,0,1,0
15615032,Peng,Spain,Male,46,624,0.0,62825.03,2,1,0,0
15781989,Drake-Brockman,France,Male,42,733,120094.93,184056.45,1,0,0,1
15647402,Wan,France,Female,38,628,0.0,48924.73,2,1,0,0
15740494,Cameron,France,Female,33,633,0.0,191111.02,2,0,0,0
15701265,Tretiakov,Germany,Female,36,559,104356.94,54184.06,2,1,0,1
15743532,Ball,Germany,Male,27,704,147004.34,64381.33,1,0,1,1
15794870,Sal,Germany,Male,38,744,73023.17,78770.86,2,0,0,1
15747591,Chung,Spain,Female,40,665,173432.55,116766.79,1,1,0,1
15726557,Lai,France,Female,42,638,165679.92,32916.29,1,0,0,1
15732199,Gether,Spain,Male,31,837,104678.62,50972.6,1,1,0,1
15662291,Davidson,France,Female,55,534,116973.26,122066.5,3,0,1,1
15749050,Justice,France,Female,36,548,0.0,65996.9,1,0,0,0
15781586,Osonduagwuike,Germany,Male,38,837,126732.85,79577.38,1,1,0,1
15617078,Ewing,France,Female,44,658,148481.09,130529.13,1,0,0,1
15723339,Chin,France,Female,38,554,137654.05,172629.67,2,1,0,1
15671322,Chiang,Germany,Male,30,724,115315.04,15216.53,1,0,0,1
15793854,Ahmed,France,Male,42,723,99095.73,17512.53,1,1,0,1
15756539,Marshall,Germany,Female,39,585,165610.41,131852.01,2,0,0,1
15612064,Tsou,France,Male,33,474,0.0,181945.52,2,0,1,0
15625916,Chien,Spain,Male,32,562,161628.66,91482.5,1,0,0,1
15683195,Ubanwa,France,Male,32,719,146605.27,77119.45,1,1,0,1
15690182,Kapustin,Germany,Male,37,635,113488.68,95611.74,1,0,1,1
15721719,Calabresi,France,Male,42,743,77002.2,80428.42,2,1,0,1
15641690,Hsiao,Spain,Male,67,681,0.0,163714.92,2,1,0,0
15634896,Grant,France,Female,39,521,0.0,27375.15,2,1,0,0
15671590,H?,Spain,Male,25,741,0.0,73873.65,2,1,0,0
15779182,Chia,Spain,Male,46,790,182364.53,139266.48,1,0,1,1
15778287,Ugoji,France,Male,35,622,0.0,131772.51,2,1,0,0
15609510,Gregory,France,Male,45,669,149364.58,173454.07,1,1,0,1
15742229,Mackay,France,Male,59,583,127450.14,67552.71,1,1,0,1
15658532,Nnamutaezinwa,Spain,Female,63,520,162278.32,34765.33,1,1,0,1
15590993,Findlay,Spain,Male,37,579,152212.88,120219.14,2,0,0,1
15565701,Ferri,Spain,Female,39,698,161993.89,90212.38,1,0,0,1
15597239,Ku,Spain,Male,39,548,131468.44,164975.82,1,0,0,1
15688880,Amechi,Germany,Male,40,672,102980.44,1285.81,1,0,1,1
15813917,Kirk,Germany,Male,31,653,143321.97,83679.46,1,0,0,1
15679611,Andrews,Spain,Female,37,734,130404.92,34548.74,1,0,0,1
15636589,Murray,France,Female,41,794,0.0,74275.08,2,1,0,0
15687752,Griffin,France,Male,30,641,87505.47,7278.57,2,1,0,1
15584363,Longstaff,France,Male,30,824,133634.02,162053.92,1,1,0,1
15737748,McWilliam,Spain,Female,33,534,151233.62,199336.63,1,0,0,1
15803365,Coffee,Spain,Male,55,653,70263.83,62347.71,1,1,0,1
15793247,Hancock,France,Male,34,498,0.0,91711.66,2,1,0,0
15572360,Clark,France,Male,30,683,57657.49,79240.9,1,0,0,1
15795166,Creswell,Germany,Male,42,618,153572.31,76679.6,2,1,0,1
15724620,Dodds,France,Male,37,538,134752.08,162511.55,1,0,0,1
15800856,Ewen,Spain,Male,34,643,83132.09,21360.88,1,1,0,1
15671097,Carter,France,Female,31,428,0.0,54487.43,2,0,0,0
15683930,Ch'iu,Germany,Female,32,593,134096.53,53931.05,2,0,1,1
15749004,Tsao,France,Female,31,718,118100.59,103165.15,2,0,0,1
15800434,Burgess,Germany,Male,52,811,76915.4,146359.81,1,0,1,1
15709117,Fanucci,Spain,Female,46,823,81576.75,28370.95,1,1,1,1
15638806,Blackburn,Spain,Male,49,645,0.0,10023.15,2,0,0,0
15662294,Bennett,France,Male,33,710,118327.17,192928.82,2,1,0,1
15690079,Boniwell,Spain,Male,30,591,124857.69,50485.7,2,0,0,1
15759317,Vasilieva,Germany,Female,27,748,90971.85,131662.47,1,1,0,1
15750497,Longo,France,Female,37,850,153147.75,152235.3,1,1,0,1
15596181,Kwemto,France,Male,38,542,65942.26,68093.23,1,1,1,1
15576602,Lawrence,France,Male,38,809,0.0,80061.31,2,1,0,0
15644833,Duncan,France,Male,54,675,0.0,149583.67,1,0,1,0
15734634,Bocharova,Spain,Female,27,607,100912.19,7631.27,1,0,0,1
15808689,Morres,France,Female,31,850,0.0,33082.81,2,1,0,0
15720702,Shih,France,Male,37,789,0.0,121883.87,1,0,1,0
15665077,Vogel,France,Female,43,598,0.0,100722.72,3,1,1,0
15763612,T'an,Germany,Male,41,756,124439.49,47093.11,2,1,0,1
15596493,Wisdom,France,Female,47,687,0.0,177624.01,2,1,0,0
15704483,Lorenzo,France,Male,40,724,0.0,106149.48,2,0,0,0
15598846,Shahan,France,Female,44,700,58781.76,16874.92,1,0,0,1
15629244,Bryant,Spain,Male,50,635,159453.64,54560.79,2,0,1,1
15765537,Liang,Germany,Male,26,687,142721.52,153605.75,1,1,0,1
15729975,Chidozie,France,Female,46,613,167795.6,44390.38,1,1,0,1
15682773,Hayward,France,Female,38,781,128345.69,63218.85,2,0,0,1
15688007,Liu,Spain,Male,20,703,165260.98,41626.78,1,1,0,1
15574331,Alexeeva,Germany,Female,62,593,118233.81,24765.53,1,1,1,1
15645572,Calabresi,France,Female,40,743,0.0,28280.8,1,0,1,0
15742854,Lettiere,Spain,Female,46,640,0.0,89043.19,2,0,0,0
15575417,Chou,Germany,Male,37,849,143452.74,17294.12,2,1,0,1
15796721,Nnamutaezinwa,France,Male,38,778,145018.49,126702.41,2,1,0,1
15734942,Nnamutaezinwa,Germany,Female,38,539,82407.51,13123.41,1,0,0,1
15664772,Greece,Germany,Male,28,489,79460.98,167973.63,2,1,0,1
15576683,Yin,Spain,Female,43,568,0.0,125870.79,1,0,1,0
15682563,Larionova,Spain,Male,38,618,126473.99,91972.49,1,0,0,1
15650889,Golubev,Germany,Female,30,710,133537.1,155593.74,2,0,0,1
15612108,Norman,France,Male,52,625,164978.01,67788.49,1,1,0,1
15761132,Capon,Spain,Male,46,682,128029.72,62615.35,1,1,0,1
15645511,Chukwudi,Spain,Male,43,727,97403.18,107415.02,1,1,1,1
15609824,Fedorov,France,Female,41,794,176845.41,166526.26,3,0,1,1
15640268,Avdeeva,Spain,Male,71,652,0.0,120107.1,1,1,0,0
15645778,Reid,Spain,Male,42,670,81589.04,188227.8,1,0,0,1
15691104,Kennedy,Germany,Female,40,460,119507.58,91560.63,2,0,1,1
15714567,Chan,Spain,Female,26,568,0.0,166495.2,2,0,0,0
15777826,Wofford,France,Male,30,643,94443.77,165614.4,1,1,0,1
15668445,Mai,France,Male,37,521,0.0,86372.24,2,1,0,0
15576162,King,France,Male,32,615,92199.84,2755.53,1,1,0,1
15778135,T'ao,Spain,Male,43,575,0.0,83594.51,1,0,0,0
15613141,Hsu,France,Female,41,717,135756.96,103706.41,1,1,0,1
15635435,White,France,Female,54,648,120633.42,5924.38,1,0,1,1
15596552,Stephens,Germany,Male,48,535,134542.73,58203.67,1,1,1,1
15623644,Frolov,Spain,Male,29,626,0.0,49361.84,2,0,0,0
15683403,Lombardi,Spain,Male,52,611,0.0,73585.18,1,1,1,0
15615029,Munro,Spain,Male,39,734,0.0,95135.27,1,1,0,0
15769005,Hayward,France,Male,49,709,154344.49,38794.57,2,1,0,1
15746326,Fields,France,Male,43,591,0.0,198926.36,2,1,0,0
15722364,Onwumelu,France,Male,43,664,189026.53,56099.86,2,1,0,1
15704954,Suffolk,France,Male,37,431,120764.08,117023.08,1,1,0,1
15694409,Tsao,Germany,Female,22,647,97975.82,62083.0,2,1,0,1
15754068,Judd,France,Male,32,578,0.0,141822.8,2,1,0,0
15683841,Hamilton,Germany,Male,41,555,113270.2,185387.14,2,1,0,1
15789095,T'ang,Spain,Male,30,775,0.0,57461.13,2,1,0,0
15719958,Degtyarev,Germany,Male,39,850,124548.99,120380.12,2,1,0,1
15689514,Kang,France,Male,43,625,201696.07,133020.9,1,0,1,1
15621353,Hudson,Spain,Female,37,645,0.0,13589.93,2,0,0,0
15627232,Jibunoh,Germany,Male,44,608,114203.47,77830.36,1,1,1,1
15745843,Kinlaw,Spain,Female,31,689,0.0,136610.02,2,1,0,0
15722902,Chizuoke,Germany,Male,50,652,125437.64,17160.94,1,1,1,1
15791767,Lucciano,France,Female,26,769,0.0,176843.53,2,0,0,0
15792722,Omeokachie,France,Female,43,611,64897.75,114996.33,1,0,0,1
15723006,Gorbunova,France,Male,38,489,0.0,196990.79,2,1,0,0
15771942,Tikhonov,Germany,Female,46,528,135555.66,133146.03,1,0,1,1
15774738,Campa,France,Male,44,632,107764.75,185667.72,1,0,0,1
15574004,Mancini,France,Female,27,429,117307.44,24020.49,2,1,0,1
15587233,Donoghue,France,Male,41,457,73700.12,185750.02,3,1,1,1
15808228,Tuan,Spain,Female,44,768,60603.4,178045.97,1,1,0,1
15682834,Johnstone,Spain,Female,35,715,40169.88,199857.47,2,1,0,1
15571752,Romani,Germany,Female,32,668,92041.87,43595.9,1,1,0,1
15743067,Fuller,Germany,Male,26,625,130483.95,122810.53,1,0,0,1
15714466,Baxter,France,Female,41,846,0.0,3440.47,3,0,1,0
15617982,Pirozzi,Spain,Female,42,661,0.0,35989.41,2,0,0,0
15696637,Sung,France,Female,23,571,151097.28,17163.75,1,1,0,1
15690647,Rogers,Spain,Female,46,582,67563.31,44506.09,1,0,1,1
15672756,Mills,France,Female,35,716,112808.18,17848.3,1,1,0,1
15704586,Osonduagwuike,France,Female,42,758,0.0,76209.56,2,1,0,0
15674526,Byrne,France,Male,66,725,86459.8,141476.56,1,1,0,1
15775295,McIntyre,France,Female,40,630,118633.08,60032.46,1,1,1,1
15684196,Aitken,France,Female,55,627,159441.27,100686.11,1,0,1,1
15727281,Macintyre,France,Female,27,653,0.0,96429.29,2,0,0,0
15787835,Simpson,Germany,Female,38,775,125212.65,15795.88,2,1,1,1
15730540,Simpson,Spain,Male,45,794,88656.37,116547.31,2,0,0,1
15646276,Metcalfe,France,Female,32,831,146033.62,191260.74,1,0,0,1
15582180,Lees,France,Male,29,561,120268.13,173870.39,1,1,0,1
15697095,Zetticci,Spain,Male,46,705,0.0,117273.35,2,0,0,0
15748797,Dale,Spain,Female,33,636,0.0,92277.47,1,0,1,0
15754796,Byrne,Germany,Female,46,487,135070.58,44244.49,2,1,1,1
15628947,Praed,France,Female,38,693,0.0,78133.48,2,0,1,0
15775546,Laurens,Spain,Female,29,517,0.0,103402.88,2,0,0,0
15670481,Woods,France,Female,27,684,122550.05,137835.82,2,1,0,1
15619029,Bykov,Spain,Female,43,620,0.0,20670.1,2,0,0,0
15613282,Vorobyova,France,Male,29,757,130306.49,77469.38,1,0,0,1
15721487,Pirogova,France,Female,27,739,0.0,57572.38,1,1,0,0
15797276,Sturt,Spain,Female,41,662,90350.77,75884.65,1,0,1,1
15612494,Panicucci,France,Female,44,359,128747.69,146955.71,1,0,1,1
15629617,Cook,Spain,Male,23,572,126873.52,67040.12,1,1,0,1
15600821,Hardy,France,Male,69,721,108424.19,178418.35,1,1,0,1
15579062,Chu,France,Male,32,707,0.0,30807.02,2,0,0,0
15814268,Franklin,France,Female,40,444,84350.07,143835.76,1,0,0,1
15710164,P'eng,France,Female,73,523,0.0,130883.9,2,0,1,0
15693904,Chiang,Germany,Female,30,685,84958.6,194343.72,2,1,0,1
15588986,Grant,Germany,Female,29,673,99097.36,9796.69,1,1,0,1
15797733,Udobata,Germany,Male,30,503,136622.55,47310.24,2,0,0,1
15620507,Siciliani,Germany,Female,30,485,156771.68,141148.21,1,1,0,1
15685150,Evans,Germany,Male,28,799,167658.33,111138.25,2,1,0,1
15667651,Young,Spain,Female,33,585,0.0,114182.07,2,0,0,0
15774166,Mitchell,Germany,Female,24,607,109483.54,127560.77,2,1,0,1
15649280,Lucchese,Germany,Female,40,521,134504.78,18082.06,1,0,0,1
15705657,Hewitt,France,Female,44,535,114427.86,136330.26,1,1,0,1
15753969,K'ung,Spain,Male,45,724,83888.54,34121.81,1,1,0,1
15742378,Swaim,Germany,Male,32,520,110029.77,56246.69,1,0,0,1
15794874,Quinones,Spain,Male,41,696,127523.75,191417.42,1,1,0,1
15589221,Kennedy,Germany,Male,30,657,139762.13,23317.88,2,1,0,1
15596671,Endrizzi,Spain,Female,42,603,91611.12,144675.3,1,0,1,1
15583668,Ludowici,France,Female,42,726,109471.79,175161.05,1,1,0,1
15710206,Larson,France,Female,39,591,150500.64,14928.8,1,0,0,1
15799966,Chigolum,Germany,Female,59,792,101609.77,161479.19,1,0,1,1
15794560,Maclean,France,Male,57,550,0.0,133501.94,1,1,0,0
15626485,Lu,France,Female,26,601,78892.23,23703.52,1,1,0,1
15703143,Tuan,France,Female,29,820,82344.84,115985.38,1,1,0,1
15809772,Glover,France,Male,48,667,0.0,43229.2,1,0,0,0
15687959,Landman,Spain,Female,44,573,0.0,94862.93,1,1,0,0
15585282,Trevisano,France,Male,62,755,127706.33,142377.69,2,1,0,1
15714993,Longo,France,Female,41,552,124349.34,135635.25,1,0,0,1
15596021,K?,Spain,Male,44,598,0.0,148487.9,2,0,0,0
15646615,Muir,Germany,Male,28,576,119336.29,58976.85,2,1,0,1
15742632,Alexeyeva,France,Female,31,670,0.0,76254.83,1,1,0,0
15574068,Norman,Germany,Male,56,504,104217.3,55857.48,1,0,1,1
15806967,Simmons,France,Female,65,778,0.0,77867.23,1,1,0,0
15796334,Chukwualuka,Germany,Male,39,558,144757.02,22878.16,1,0,1,1
15688713,McCall,Spain,Male,44,627,0.0,114469.55,1,1,0,0
15796179,Moore,France,Male,43,683,0.0,96754.8,1,0,0,0
15598751,Ingram,France,Female,43,556,0.0,125154.57,3,0,1,0
15703019,Okeke,France,Female,38,583,0.0,113597.64,2,1,0,0
15646302,Shao,France,Female,24,705,100169.51,121408.55,1,0,0,1
15680855,Iloabuchi,France,Male,33,637,145731.83,109219.43,1,1,0,1
15697311,Nebechukwu,Spain,Male,56,697,110802.03,50230.31,1,1,1,1
15585367,Diribe,Germany,Female,46,555,120392.99,177719.88,1,0,1,1
15726556,Macgroarty,Germany,Female,26,594,135067.52,131211.86,2,0,0,1
15676242,Artemova,Spain,Male,31,632,136556.44,82152.83,1,0,1,1
15684198,McDonald,France,Female,38,551,0.0,216.27,2,1,0,0
15774882,Mazzanti,France,Female,35,687,99587.43,1713.1,1,1,1,1
15714227,Kelly,France,Female,53,672,0.0,136910.18,1,1,0,0
15608653,Davison,Spain,Female,34,521,70731.07,20243.97,1,1,1,1
15784280,Reilly,Germany,Male,35,686,109342.82,86043.27,2,1,0,1
15789546,Ojiofor,Spain,Male,28,639,0.0,126561.07,2,0,0,0
15590320,Shelton,France,Male,66,850,0.0,64350.8,2,1,0,0
15678385,Lange,France,Male,25,465,78247.31,10472.31,2,1,0,0
15571778,Trentini,France,Female,55,817,117561.49,95941.55,1,0,1,1
15657085,Gardiner,France,Male,23,578,88980.32,125222.36,1,1,0,1
15640627,Wan,Spain,Male,34,611,0.0,170950.58,2,0,0,0
15566211,Hsu,Germany,Female,41,616,103560.57,236.45,1,0,1,1
15669293,Hovell,France,Male,37,517,113308.84,31517.16,1,1,0,1
15595067,Zhirov,Spain,Female,40,637,0.0,181610.6,2,1,0,0
15753566,Espinosa,France,Female,32,806,63763.49,156593.09,1,0,0,1
15650391,Wallace,France,Female,29,633,169988.35,4272.0,1,0,0,1
15681843,Barbour,Germany,Female,35,624,180303.24,163587.9,2,0,0,1
15814846,Ozerova,France,Male,52,691,0.0,175843.68,1,0,1,0
15670374,Wright,Germany,Female,49,819,120656.86,166164.3,4,0,1,1
15762332,Ulyanova,Germany,Female,31,568,61592.14,61796.64,2,1,0,0
15700223,Steiner,France,Male,48,806,164701.68,21439.49,1,1,0,1
15729956,Akabueze,Spain,Female,26,726,80780.16,19225.85,1,1,0,1
15594862,Aleksandrova,France,Male,36,552,0.0,132547.02,2,0,0,0
15598782,Pinto,Germany,Female,30,755,154221.37,62688.55,2,1,0,1
15745080,Griffiths,France,Male,26,634,0.0,21760.96,1,0,0,0
15703399,McNeil,France,Female,26,756,101641.14,154460.68,2,1,0,1
15732175,Bruno,France,Male,37,776,0.0,8065.0,1,1,0,0
15630725,Johnson,France,Female,45,649,92786.66,173365.9,1,0,1,1
15640260,Okorie,Germany,Male,32,595,131081.66,69428.79,2,1,0,1
15716822,Moen,France,Male,30,646,98014.74,12757.14,1,1,0,1
15583748,McGuigan,Spain,Male,38,592,0.0,180426.2,2,0,0,0
15605968,Fancher,France,Male,26,574,97460.1,43093.67,1,1,0,1
15790683,Matthews,France,Male,36,850,104077.19,68594.0,2,1,0,1
15607713,Kaeppel,Spain,Female,29,850,0.0,197996.65,2,1,0,0
15700212,Shih,France,Female,46,475,0.0,122953.0,2,0,1,0
15626710,Yudina,France,Female,39,642,0.0,76821.24,1,1,0,0
15716491,Akabueze,Spain,Female,51,710,93656.95,141400.51,1,1,1,1
15625824,Kornilova,Spain,Male,30,596,121345.88,41921.75,4,0,1,1
15617705,Ozioma,France,Female,39,609,141675.23,175664.25,1,1,0,1
15761976,Su,Spain,Female,31,797,0.0,117916.63,2,0,0,0
15634891,Jamison,Germany,Female,43,504,102365.49,194690.77,1,0,1,1
15744517,Esposito,Spain,Male,50,735,0.0,166677.35,1,0,1,0
15686963,Hardiman,Spain,Female,30,680,0.0,160131.58,1,0,0,0
15808189,Woodard,France,Male,52,449,0.0,123622.0,2,1,0,0
15580845,Chienezie,Germany,Male,57,685,101868.51,113483.96,1,1,0,1
15799156,Okwuadigbo,Spain,Male,38,569,0.0,79618.79,2,0,0,0
15694296,Chineze,France,Male,35,631,112392.45,24472.23,2,0,0,1
15677049,O'Brien,Germany,Female,25,595,106570.34,177025.79,2,1,0,1
15583595,Tao,France,Female,28,461,0.0,103349.74,1,1,0,0
15590146,Mao,France,Male,50,630,81947.76,63606.22,1,1,1,1
15801548,Buckland,France,Female,31,661,144162.3,14490.79,2,1,0,1
15660833,Flannery,Germany,Male,39,796,86350.87,105080.53,2,0,0,1
15762277,Jamieson,France,Male,47,710,158623.14,83499.89,1,0,1,1
15791302,Swift,France,Male,32,741,0.0,143598.7,2,0,0,0
15798975,Doherty,Germany,Male,48,606,132403.56,36091.91,1,0,1,1
15599956,Payne,France,Male,27,747,0.0,13007.89,2,0,0,0
15577274,Genovese,Germany,Female,43,549,134985.66,6101.41,1,0,0,1
15701200,Lucciano,France,Male,36,576,0.0,48314.0,2,1,0,0
15638149,Rowley,France,Male,37,528,103772.45,197111.99,1,0,0,1
15786199,Hsing,France,Male,33,535,133040.32,110299.78,1,1,0,1
15701765,Vincent,Spain,Female,37,575,0.0,30114.32,2,0,0,0
15586974,Pearce,France,Male,39,656,0.0,98894.64,2,1,0,0
15729040,Lamb,France,Male,42,440,0.0,49826.68,2,0,0,0
15788676,Riley,Spain,Male,38,539,71460.67,10074.05,2,1,0,0
15602497,Honore,Spain,Male,39,850,133214.13,20769.88,1,1,0,1
15701333,Blackburn,France,Female,37,646,96558.66,163427.18,1,0,0,1
15812071,Endrizzi,France,Male,54,744,93806.31,140068.77,2,1,0,1
15634375,Duncan,Spain,Female,36,710,0.0,83206.19,2,0,0,0
15738267,Macarthur,France,Female,64,544,124043.8,111402.97,1,1,1,1
15786800,Gould,Germany,Male,52,723,131694.97,92873.5,1,1,1,1
15591130,Medvedev,Spain,Female,29,507,0.0,94780.9,2,1,0,0
15720662,Sholes,France,Female,35,787,106266.8,16607.15,1,1,0,1
15751531,Shaw,Spain,Male,41,598,0.0,161954.43,2,1,0,0
15653595,Ts'ai,France,Male,51,796,0.0,194733.28,2,1,0,0
15568360,Rolon,Spain,Female,41,569,139840.36,163524.7,1,1,0,1
15781210,Reid,France,Male,34,711,0.0,48260.19,2,0,0,0
15668058,Chinwendu,Germany,Male,35,661,124098.54,86678.48,1,0,0,1
15597131,Fu,France,Male,32,415,145807.59,3064.65,1,1,0,1
15697283,Mackenzie,Spain,Male,23,578,0.0,112124.98,2,0,0,0
15640953,Bligh,France,Female,26,611,107508.93,120801.65,2,1,0,1
15715031,Davidson,France,Female,28,600,0.0,52193.23,2,1,0,0
15589660,Lamble,Germany,Female,32,661,145980.23,56636.28,1,1,0,1
15769818,Moore,France,Female,37,850,212778.2,69372.88,1,1,0,1
15782736,Jose,Germany,Female,47,573,152522.47,164038.07,1,1,1,1
15614818,Trevisani,Spain,Female,33,764,168964.77,118982.51,1,1,0,1
15794014,Schofield,France,Female,34,838,0.0,27472.07,2,0,0,0
15732448,Stewart,France,Female,28,821,0.0,36754.13,1,1,0,0
15723411,Jamieson,Spain,Female,36,607,98266.3,46416.36,1,1,0,1
15797686,Howard,France,Male,38,558,113000.92,152872.39,1,1,0,1
15605950,Onwuamaeze,Germany,Male,23,530,137060.88,165227.23,2,1,0,1
15812497,D'Albertis,Germany,Male,37,654,112146.12,75927.35,1,0,0,1
15690678,Brooks,France,Female,33,530,129307.32,172930.28,1,1,0,1
15747677,Gordon,Spain,Male,69,656,163975.09,36108.5,1,1,0,1
15618926,Nwachukwu,Spain,Male,43,520,0.0,36202.74,2,1,0,0
15673908,Chinweike,Germany,Female,42,602,158414.85,131886.46,1,1,0,1
15727944,Simpkinson,Germany,Female,48,701,92072.68,133992.36,1,1,0,1
15807294,Walker,Spain,Female,30,653,88243.29,96658.26,2,1,0,1
15618581,Diribe,Spain,Male,25,668,0.0,135112.09,2,1,0,0
15584364,Trentini,France,Male,48,652,59486.31,163944.18,1,0,1,1
15599552,Conway,Spain,Female,54,639,0.0,53843.71,2,1,0,0
15749177,Maslow,Spain,Female,52,730,0.0,122398.84,2,1,0,0
15718779,Clark,France,Male,34,780,0.0,64804.04,1,1,0,0
15568106,L?,France,Female,38,592,119278.01,19370.73,2,1,0,1
15779481,Swadling,France,Male,34,628,158741.43,126192.54,2,1,0,1
15709994,Gallo,France,Female,40,658,140596.95,135459.02,1,1,1,1
15772777,Onyemachukwu,Spain,Female,29,850,0.0,94815.04,2,1,0,0
15706815,Samoylova,Germany,Male,37,515,90432.92,188366.04,1,1,1,1
15618018,Dickson,France,Female,35,571,104783.81,178512.52,2,1,0,1
15671032,He,Germany,Male,42,760,77992.97,97906.38,2,1,0,1
15634281,P'an,Germany,Female,43,720,110822.9,72861.94,1,0,0,1
15766374,Leak,Germany,Male,42,632,119624.6,195978.86,2,1,0,1
15600991,Artemieva,Germany,Male,31,694,109052.59,19448.93,2,1,1,1
15777576,Frost,Spain,Female,40,559,139129.44,32635.54,1,1,0,1
15742613,Warner,Germany,Female,42,773,152324.66,171733.22,2,0,0,1
15649523,Kennedy,France,Male,38,581,0.0,46176.22,2,0,0,0
15651063,Ifeatu,Germany,Female,37,524,127480.58,179634.69,2,0,0,1
15683124,Evans,France,Male,53,713,115029.4,191521.32,1,0,1,1
15618314,Chu,France,Male,40,676,114005.78,67998.45,1,1,0,1
15670823,Hsueh,Germany,Female,42,651,116646.76,44731.8,1,0,1,1
15607133,Shih,Spain,Female,49,717,110864.38,124532.9,2,1,1,1
15615012,Fan,France,Male,23,594,156267.59,160968.44,1,0,0,1
15725141,Whiddon,France,Female,44,716,109528.28,27341.63,1,0,1,1
15623560,Onyekachukwu,France,Female,35,668,102482.76,53994.64,1,1,0,1
15693018,Ermakova,Germany,Male,23,678,115563.71,91633.53,1,1,0,1
15636756,Marino,France,Male,23,545,0.0,189613.12,2,0,0,0
15647474,Niu,France,Female,40,613,95624.36,60706.33,2,1,0,1
15576714,Manna,Spain,Female,21,687,0.0,154767.34,2,1,0,0
15585047,Onyemere,France,Male,28,715,160376.61,196853.11,1,0,0,1
15743976,Archer,Germany,Male,41,618,37702.79,195775.48,1,1,0,1
15793881,Mitchell,France,Female,35,721,118273.83,3086.89,1,1,0,1
15576517,Everingham,Germany,Female,34,445,131082.17,70618.0,2,1,0,1
15631072,Huie,France,Male,38,690,94456.0,55034.02,2,1,0,1
15730394,Crowther,France,Female,43,709,0.0,168035.62,2,0,1,0
15631460,Swift,Spain,Female,42,671,0.0,128449.33,2,1,0,0
15692002,Skelton,France,Male,33,538,93791.38,199249.29,1,1,0,1
15595282,White,France,Female,33,735,0.0,149474.69,2,0,0,0
15789548,Giordano,France,Female,37,592,0.0,126726.33,2,1,0,0
15758035,Bateson,France,Male,61,747,155973.13,147554.26,1,1,0,1
15617518,Hu,Germany,Male,36,675,89409.95,149399.7,1,1,0,1
15651802,Day,Spain,Female,39,632,97854.37,93536.38,2,0,0,1
15631813,Beneventi,France,Male,39,621,0.0,58883.91,2,1,0,0
15729668,Elizabeth,Spain,Male,29,521,60280.62,154271.41,1,0,0,1
15741728,Atkins,Spain,Male,36,591,135216.8,122022.89,1,1,0,1
15576676,Serrano,Germany,Female,28,706,124923.35,50299.14,2,1,0,1
15711378,Willis,France,Male,38,677,0.0,187800.63,2,0,0,0
15765520,Stevenson,Germany,Male,27,769,188614.07,171344.09,1,0,0,1
15656726,Ch'ien,France,Male,32,771,62321.62,40920.59,1,1,0,1
15647842,Cunningham,Germany,Female,48,601,120782.7,63940.68,1,0,1,1
15719309,Stephens,France,Female,42,670,115961.58,29483.87,2,1,0,1
15748718,Gordon,France,Male,28,517,115062.61,179056.23,1,0,0,1
15594404,Bevan,France,Female,49,834,160602.25,129273.94,2,0,0,1
15751158,Mashman,France,Female,42,571,108825.34,55558.51,3,0,1,1
15593470,Tu,Germany,Female,36,576,166287.85,23305.85,1,1,0,1
15695129,Milanesi,France,Female,31,718,152663.77,17128.64,1,1,0,1
15640865,Romano,Germany,Female,31,636,80844.69,74641.9,2,1,0,1
15714080,Goliwe,Germany,Female,40,566,97001.36,154486.01,2,0,0,1
15648721,Hsueh,France,Male,64,711,0.0,3185.67,2,1,0,0
15801466,Gray,France,Female,39,574,122524.61,88463.63,2,0,0,1
15750248,Wright,France,Female,35,619,132292.63,65682.93,1,0,0,1
15758726,Chiemeka,France,Female,24,588,0.0,140586.08,2,1,0,0
15781553,Chung,Germany,Female,49,760,91502.99,117232.9,1,0,1,1
15649121,Pinto,France,Male,52,665,0.0,116137.01,1,0,1,0
15674811,Kellway,Germany,Male,29,739,59385.98,105533.96,2,1,0,1
15646037,Sopuluchi,France,Male,77,641,0.0,81514.06,3,1,0,0
15722578,Spitzer,Germany,Female,21,685,97956.5,164966.27,1,1,0,1
15665695,Potter,France,Female,49,594,0.0,23631.55,2,1,0,0
15801062,Matthews,Spain,Female,40,557,0.0,105433.53,2,1,0,0
15662955,Nicholls,France,Male,27,697,141223.68,90591.15,2,0,0,1
15770309,McDonald,France,Male,18,656,151762.74,127014.32,1,1,0,1
15657386,Fiorentini,Germany,Male,43,712,141749.74,90905.26,2,1,0,1
15777797,Kovalyova,Spain,Male,38,689,75075.14,8651.92,1,1,1,1
15783955,Miah,France,Female,25,697,165686.11,15467.98,2,0,0,1
15804516,Builder,France,Male,38,589,0.0,79915.28,1,0,0,0
15681758,Baddeley,Spain,Female,25,525,0.0,69361.95,2,0,0,0
15630321,Hu,France,Male,44,680,0.0,86935.08,2,0,0,0
15588248,Hs?,France,Female,28,617,0.0,7597.83,2,1,1,0
15591932,Ford,France,Male,32,680,92961.61,116957.6,1,0,0,1
15810347,Todd,Spain,Female,30,662,0.0,157884.83,2,1,0,0
15595303,Johnston,Germany,Male,46,736,130812.91,77981.54,1,1,1,1
15634950,Obiajulu,Germany,Male,57,657,107174.58,126369.55,1,1,1,1
15685372,Azubuike,Spain,Male,54,350,152677.48,191973.49,1,1,1,1
15745827,Padovesi,France,Male,30,617,132005.77,142940.39,1,0,0,1
15755868,Farmer,France,Male,35,562,0.0,48869.67,1,0,0,0
15735222,Ignatieff,Spain,Female,23,705,0.0,73131.73,2,1,0,0
15604804,Lu,France,Female,33,516,127305.5,120037.36,1,1,0,1
15718944,Artemiev,France,Female,37,573,0.0,193995.37,2,0,0,0
15678626,Okonkwo,Spain,Female,31,538,0.0,179453.66,2,0,0,0
15571550,Dore,France,Male,39,699,0.0,80963.92,1,0,0,0
15723053,T'ang,Germany,Male,32,504,170291.22,15658.99,2,1,0,1
15661528,Ashbolt,Spain,Male,47,583,102562.23,92708.1,1,0,0,1
15754177,Bazarova,Spain,Male,53,712,111061.01,26542.17,2,0,0,1
15683544,Buccho,Spain,Male,62,626,0.0,65010.74,1,1,0,0
15708048,Burn,France,Female,34,631,124379.14,106892.91,1,0,0,1
15701109,Andreyev,France,Female,37,663,0.0,185210.63,1,1,0,0
15600110,Endrizzi,Germany,Female,41,506,57745.76,4035.46,1,0,0,1
15651533,Brown,Germany,Female,50,570,129293.74,177805.44,1,0,1,1
15777904,Nock,France,Female,45,703,0.0,68831.72,2,1,0,0
15655574,Okeke,Germany,Female,40,698,150777.1,114732.62,1,0,0,1
15569423,Cunningham,Spain,Male,41,731,0.0,22299.27,2,0,0,0
15718106,Kelley,France,Male,34,625,0.0,197283.2,2,0,0,0
15585067,Wilson,Spain,Male,31,634,108632.48,179485.96,1,1,1,1
15675501,Woods,France,Male,59,616,153861.1,17699.48,1,1,0,1
15633233,McFarland,France,Male,56,500,100374.58,118490.8,1,0,1,1
15667134,Cisneros,France,Male,32,446,0.0,133292.94,2,0,0,0
15659105,Borchgrevink,France,Female,47,669,61196.54,58170.24,1,0,0,1
15575409,Rozhkova,Germany,Male,31,581,116891.72,107137.3,1,0,0,1
15752342,Bradley,Germany,Female,54,704,133656.91,145071.33,3,0,1,1
15654851,Obialo,France,Male,44,748,92911.52,85495.24,1,1,0,1
15741429,Hudson,Spain,Female,31,680,119825.75,101139.3,2,1,0,1
15682356,Veltri,France,Female,37,655,111852.84,10511.13,2,0,0,1
15806447,Mazzanti,Germany,Male,32,690,106683.52,137916.49,2,1,0,1
15800229,Thorpe,Germany,Male,40,695,139022.24,193383.13,1,1,0,1
15663441,Golibe,Germany,Female,40,700,148571.07,189826.96,1,0,1,1
15791991,Udinesi,France,Male,52,773,0.0,144113.42,1,1,0,0
15775082,Stewart,France,Male,42,749,129776.72,143538.51,2,1,0,1
15579706,Curtis,France,Female,46,611,0.0,77677.14,1,0,1,0
15718247,Hayden,Spain,Female,46,606,0.0,183717.94,2,1,0,0
15755722,H?,France,Male,24,554,0.0,92180.62,1,0,0,0
15582259,Campbell,France,Female,37,567,0.0,28690.9,2,1,0,0
15716994,Green,Spain,Male,24,559,114739.92,85891.02,1,0,1,1
15586880,P'eng,Germany,Male,41,594,122545.65,42050.24,2,1,0,1
15713854,Cremonesi,France,Female,37,513,0.0,110142.34,2,0,0,0
15780835,Liang,Germany,Female,26,652,131908.35,179269.79,1,1,0,1
15675896,Gough,Germany,Female,42,680,105722.69,90558.24,1,1,1,1
15658459,Bates,Spain,Male,33,784,0.0,162022.47,2,0,0,0
15658057,Padovesi,Spain,Female,44,812,0.0,66926.83,3,0,1,0
15801767,Yin,Spain,Female,40,784,0.0,108891.3,2,0,0,0
15569178,Kharlamov,France,Female,18,570,82767.42,71811.9,1,0,0,1
15731478,Nicholls,France,Female,42,712,87842.98,92223.59,1,0,0,1
15811236,Burns,Spain,Male,39,705,133261.13,78065.9,1,1,0,1
15746749,Fleming,Spain,Female,32,681,0.0,59679.9,2,1,0,0
15662758,Watson,France,Male,41,620,97925.11,85000.32,1,0,0,1
15709387,Obiajulu,France,Male,52,711,0.0,159808.95,1,1,0,0
15572093,Han,France,Female,24,613,140453.91,129001.3,1,0,0,1
15713826,Ferguson,Germany,Female,20,613,117356.19,113557.7,1,0,1,1
15570205,Tao,Spain,Male,36,682,0.0,147758.51,2,1,0,0
15589348,Le Grand,Spain,Male,37,850,137204.77,28865.59,1,1,0,1
15804610,Valdez,France,Female,41,601,0.0,160607.06,2,1,0,0
15700854,Cunningham,Spain,Male,35,595,0.0,100015.79,1,0,1,0
15758836,Godfrey,Spain,Male,36,675,54098.18,54478.52,2,1,0,1
15772933,Mai,Spain,Male,31,591,0.0,141677.33,1,1,0,0
15809006,Walker,France,Male,23,602,113758.48,84077.6,2,0,0,1
15689612,Pirozzi,Spain,Female,34,554,0.0,106981.03,1,1,0,0
15744614,Feng,France,Male,37,541,118636.92,73551.44,1,1,0,1
15704250,Akabueze,France,Male,34,506,0.0,115842.1,2,0,0,0
15700255,Robson,Germany,Male,44,814,95488.82,107013.59,2,0,0,1
15669410,Yevdokimova,France,Male,30,683,110829.52,24938.84,2,0,0,1
15807595,Ijendu,Germany,Male,51,485,144244.59,51113.14,2,0,0,1
15664523,Colombo,Germany,Female,31,696,122021.92,33828.64,2,0,0,1
15642833,Akubundu,France,Female,30,608,0.0,128875.86,2,0,0,0
15605279,Francis,France,Male,50,792,0.0,194700.81,4,1,1,0
15713644,Marshall,Spain,Male,22,686,0.0,158974.45,2,0,0,0
15750466,Rhodes,Germany,Male,42,790,85839.62,198182.73,1,0,0,1
15739054,Y?,France,Female,29,654,96974.97,141404.07,1,1,0,1
15612771,Bell,France,Male,35,452,148172.44,4175.68,1,1,0,1
15788483,Kerr,Spain,Male,38,719,0.0,126876.47,1,0,0,0
15732832,Jideofor,France,Female,40,707,0.0,41052.82,2,0,0,0
15772892,Robertson,France,Female,49,699,0.0,105760.01,1,0,0,0
15713843,Kao,Spain,Male,30,850,0.0,27937.12,2,1,0,0
15567993,Palmer,Spain,Male,28,828,134766.85,79355.87,1,0,0,1
15617603,Mackay,Germany,Male,30,850,123210.56,102180.27,2,1,0,1
15744983,Burgmann,Spain,Male,47,712,139887.01,95719.73,1,1,0,1
15630419,Davis,France,Male,44,634,149961.11,57121.51,1,0,0,1
15738828,Milano,Germany,Male,45,730,152880.97,162478.11,1,0,0,1
15778025,Dellucci,Germany,Male,43,685,108589.47,194808.51,2,1,0,1
15799479,Coles,Spain,Male,33,809,0.0,124045.65,1,1,0,0
15684269,Gray,Spain,Female,35,707,56674.48,17987.4,1,0,1,1
15762745,Macvitie,Spain,Male,32,648,0.0,133653.38,1,0,0,0
15746970,Townsend,Spain,Female,57,760,0.0,25101.17,2,1,0,0
15725024,Pope,Germany,Female,33,805,105663.56,33330.89,2,1,0,1
15592116,Jensen,France,Female,39,585,0.0,2401.26,2,0,0,0
15624391,Thomson,Spain,Female,30,595,100683.54,178361.04,1,1,0,1
15567422,Chiazagomekpele,France,Male,42,630,0.0,162697.93,2,0,0,0
15612627,Ozuluonye,Germany,Male,29,627,139541.58,80607.33,2,0,0,1
15574879,Wright,Germany,Female,37,631,121801.72,23146.62,2,1,0,1
15745107,Lung,Germany,Male,38,776,112281.7,89893.6,1,1,0,1
15734491,Lombardo,Spain,Female,36,676,0.0,3173.31,2,1,0,0
15675320,Leonard,Spain,Female,40,758,93499.82,123218.81,2,0,0,1
15643824,Johnston,France,Male,33,637,132255.99,74588.41,2,1,0,1
15643438,P'eng,France,Male,20,850,0.0,31288.77,2,0,0,0
15721730,Amechi,Spain,Female,44,601,0.0,58561.31,2,0,0,0
15680727,Fang,France,Male,49,735,121973.28,148804.36,1,0,0,1
15752508,Docherty,Germany,Male,32,614,99462.8,51117.06,2,1,0,1
15808846,Horton,Germany,Female,21,672,165878.76,164537.17,2,1,0,1
15727251,Vincent,France,Male,30,642,117494.27,61977.82,1,0,0,1
15663489,Onio,Germany,Female,29,633,138577.34,193362.99,1,0,0,1
15683677,Schiavone,Spain,Male,39,769,0.0,47722.79,1,1,0,0
15596414,Chandler,Spain,Male,41,796,107525.07,18510.41,1,0,0,1
15730639,Fiorentino,France,Male,23,715,139224.92,65057.71,2,0,0,1
15672132,Butusov,France,Female,42,695,121453.63,46374.64,1,0,0,1
15742638,Wang,France,Female,25,747,0.0,42039.67,2,1,0,0
15578603,Alexeieva,Germany,Female,54,584,77354.37,138192.98,1,0,1,1
15726088,Vinogradova,France,Male,40,476,0.0,22735.45,1,1,0,0
15682533,Hughes,France,Female,39,850,79259.99,186910.74,1,1,0,1
15772995,Ts'ao,France,Male,30,529,116295.29,75285.47,1,0,0,1
15765694,Bage,Spain,Female,59,584,0.0,130260.11,1,1,1,0
15659486,Yudina,Germany,Male,34,586,74309.81,15034.93,1,0,0,1
15568963,Naquin,Germany,Male,34,674,152797.9,175709.4,1,0,1,1
15703820,Endrizzi,France,Male,42,552,133701.07,101069.71,2,0,1,1
15569410,Tang,Germany,Female,33,601,114430.18,153012.13,2,1,0,1
15632256,Schroeder,France,Male,29,541,127504.57,86173.92,1,0,0,1
15724466,Swearingen,Germany,Female,41,744,84113.41,197548.63,1,0,0,1
15777639,McGregor,Spain,Female,23,595,101126.66,37042.8,2,0,0,1
15802501,Onyeorulu,Germany,Male,33,724,103564.83,121085.72,2,0,0,1
15778410,Clarke,Spain,Female,52,533,0.0,194113.99,1,1,1,0
15670702,Smith,France,Male,37,618,168178.21,101273.23,2,1,0,1
15704763,Kozlova,Germany,Female,39,523,143903.11,118711.75,1,1,1,1
15645544,Nekrasov,Germany,Female,30,642,129753.69,582.53,1,0,0,1
15757646,Olague,France,Male,35,584,0.0,192381.21,2,0,0,0
15701121,Holt,France,Male,38,521,110641.18,136507.69,1,1,1,1
15796313,Olsen,France,Female,36,662,166909.2,138871.12,2,0,1,1
15815660,Mazzi,France,Female,34,758,154139.45,60728.89,1,1,0,1
15602844,Niu,France,Male,38,717,97459.06,189175.71,1,0,0,1
15636238,Graham,France,Male,40,611,0.0,102547.56,2,1,0,0
15770101,Millar,Germany,Male,43,766,112088.04,36706.56,2,1,0,1
15645543,Bell,France,Female,34,636,0.0,44756.25,2,1,0,0
15596397,Kelly,France,Female,48,814,0.0,132870.15,2,1,0,0
15770525,T'an,Spain,Male,28,760,141038.57,16287.38,2,0,0,1
15684267,Davila,Germany,Male,39,607,84468.67,121945.42,2,1,0,1
15689980,Willis,Spain,Female,36,725,118520.26,131173.9,1,0,1,1
15633260,Dumetochukwu,France,Male,37,600,142663.46,88669.89,1,1,0,1
15756471,Giles,Germany,Male,27,656,118627.16,160835.3,2,1,0,1
15721303,O'Meara,Spain,Male,34,640,137523.02,24761.36,1,0,0,1
15802256,Yao,France,Male,28,439,110976.23,138526.96,2,0,0,1
15725664,Wallace,France,Female,38,549,107283.4,157442.75,1,0,0,1
15674851,T'ien,France,Male,38,622,0.0,105295.77,2,0,0,0
15701946,Ndubueze,France,Male,34,715,124314.45,97782.92,1,0,0,1
15748947,Chukwuraenye,France,Female,41,657,95858.37,68255.88,1,1,0,1
15673342,K'ung,France,Male,36,703,0.0,108790.95,2,0,0,0
15601008,Stevenson,France,Male,33,802,0.0,143706.18,2,0,0,0
15771636,Marshall,Spain,Female,36,793,0.0,148993.47,1,0,0,0
15642002,Hayward,France,Female,35,554,117707.18,95277.15,2,0,1,1
15693381,Tipton,Spain,Male,38,533,135289.33,152956.33,2,1,0,1
15607691,Gibson,France,Male,36,658,174060.46,94925.62,1,1,0,1
15589380,Fraser,Germany,Male,40,713,114446.84,87308.18,2,1,0,1
15603846,Fang,Spain,Male,37,711,0.0,83978.86,2,0,1,0
15753549,Dubinina,France,Male,25,669,157848.53,37543.93,1,0,1,1
15725355,Morey,France,Female,43,439,0.0,104889.3,1,1,0,0
15773017,Todd,Spain,Female,37,763,0.0,149705.25,2,1,0,0
15625641,Forbes,Germany,Female,74,697,108071.36,16445.79,2,1,0,1
15776467,De Salis,Spain,Female,35,702,14262.8,54689.16,2,0,0,0
15746451,Barry,Spain,Male,41,686,102749.72,194913.86,1,1,0,1
15777922,Afamefuna,Spain,Male,36,629,161757.87,146371.72,2,1,0,1
15606841,Ibbott,France,Male,38,823,0.0,156603.7,2,0,0,0
15757648,Marshall,Germany,Female,35,683,95698.79,182566.76,1,1,0,1
15677173,Law,France,Male,37,555,124969.13,60194.05,1,0,0,1
15764170,Pinto,Germany,Male,44,647,93960.35,36579.53,1,0,1,1
15610446,Chinedum,France,Female,51,714,88308.87,5862.53,3,0,1,1
15612776,McKay,Spain,Female,39,850,0.0,143030.09,2,1,0,0
15794122,Otutodilinna,France,Female,59,713,0.0,62700.08,2,1,0,0
15774931,She,France,Male,30,452,112935.87,99017.34,1,1,0,1
15779247,Pai,Spain,Female,24,683,98567.1,187987.01,1,0,0,1
15707078,Kruglov,France,Female,26,577,180530.51,123454.62,1,0,0,1
15605263,Chin,France,Male,33,552,140931.57,10921.5,1,1,0,1
15607381,King,Germany,Female,31,769,148913.72,53817.23,2,0,0,1
15683471,Hansen,France,Male,38,691,0.0,81617.4,2,0,0,0
15605037,Ting,France,Female,49,818,0.0,192298.84,1,1,1,0
15576085,Stone,France,Male,41,739,0.0,143882.25,2,0,0,0
15770435,McLean,France,Female,50,639,115335.32,53130.41,2,1,0,1
15592994,Zikoranachidimma,France,Female,65,651,0.0,190454.04,2,1,0,0
15624068,Fu,France,Female,26,779,0.0,111906.0,2,1,0,0
15595221,Trevisano,Germany,Female,33,850,134678.13,113177.95,1,0,0,1
15637131,Fallaci,France,Male,38,829,0.0,30529.88,2,0,0,0
15613471,Wiley,Germany,Male,31,579,90547.48,18800.13,2,1,0,1
15583499,Chiagoziem,France,Male,32,510,103324.78,46127.7,1,1,0,1
15752816,Murray,France,Male,29,531,114590.58,75585.48,1,0,0,1
15804075,Chuang,Germany,Female,36,628,91286.51,63085.94,1,0,0,1
15800517,Huang,Spain,Male,32,633,163340.12,74415.2,2,1,0,1
15712319,Chukwukere,Spain,Male,45,714,150900.29,139889.15,2,1,0,1
15797389,Hsia,Spain,Male,23,604,124577.33,7267.25,1,1,0,1
15621432,Lee,Spain,Male,35,630,0.0,186826.22,2,0,0,0
15779390,Theus,Spain,Female,31,850,91292.7,162149.07,1,1,0,1
15711219,Jennings,Germany,Female,57,788,93716.72,180150.49,1,1,1,1
15770498,Parker,France,Female,37,798,111723.08,83478.12,1,1,0,1
15678727,Tan,Germany,Male,45,770,110765.68,26163.74,1,0,1,1
15573893,Barry,Germany,Male,25,569,173459.45,44381.06,2,1,0,1
15740104,Tuan,Spain,Female,22,425,169649.73,136365.0,2,1,1,1
15792649,Patterson,Spain,Female,31,547,0.0,99294.22,2,0,0,0
15605275,Ofodile,Germany,Male,45,725,116917.07,173464.43,1,0,1,1
15572467,Chandler,France,Male,37,506,0.0,127543.81,2,1,0,0
15738219,Nash,France,Female,36,632,0.0,52526.65,2,1,0,0
15600710,Atkinson,France,Male,22,620,0.0,32589.45,1,0,0,0
15804394,Brenan,Germany,Male,32,663,130627.66,47161.25,1,0,1,1
15694188,Obidimkpa,Spain,Female,46,700,56580.95,45424.13,2,1,0,1
15583718,Terry,Germany,Male,38,696,142316.14,8018.49,1,1,0,1
15802478,Spring,Spain,Male,31,767,0.0,195668.0,2,1,0,0
15619343,Mahmood,France,Male,56,561,152759.0,133167.11,2,0,1,1
15758813,Campbell,Germany,Male,39,350,109733.2,123602.11,2,0,1,1
15761374,Bellucci,France,Male,54,706,117444.51,186238.85,1,1,0,1
15569209,Amaechi,Spain,Female,34,464,76001.57,158668.87,1,1,0,1
15788539,Foxall,France,Female,34,501,107747.57,9249.36,1,0,0,1
15747222,Bentley,Spain,Female,35,745,0.0,116581.1,2,1,0,0
15769346,Baird,France,Female,36,587,134997.49,44688.08,2,0,0,1
15699634,Howard,France,Female,48,667,0.0,148608.39,2,1,0,0
15589076,Henry,France,Male,36,737,0.0,188670.9,1,1,1,0
15812338,Sopuluchukwu,Spain,Female,30,485,0.0,107067.37,1,0,0,0
15758845,Rocher,Spain,Female,37,590,64345.21,61759.33,1,1,1,1
15685844,White,Germany,Female,35,518,141665.63,192776.64,1,1,0,1
15583090,Komar,Spain,Female,29,581,0.0,46735.19,2,0,0,0
15587581,Russo,Germany,Female,33,785,136624.6,169117.74,2,1,0,1
15633640,Loewenthal,France,Female,52,799,161209.66,89081.41,1,1,0,1
15573741,Aliyeva,Spain,Male,38,698,95010.92,105227.86,1,1,0,1
15633574,Montes,France,Female,41,730,167545.32,128246.81,1,0,0,1
15711455,Kuo,Germany,Female,36,740,109044.6,94554.74,1,0,1,1
15570601,Cheng,France,Female,47,785,122031.55,33823.5,1,1,1,1
15690925,McIntosh,Spain,Female,29,527,27755.97,97468.44,1,0,1,1
15709338,T'ao,France,Female,29,544,118560.55,164137.36,1,1,0,1
15780746,Tyndall,France,Male,61,705,0.0,191313.7,2,1,0,0
15681956,Bailey,France,Male,34,684,0.0,65257.57,2,1,0,0
15778190,Onyekaozulu,Spain,Female,28,639,97840.72,178222.77,1,1,0,1
15786852,Nwachukwu,Germany,Female,38,565,158651.29,179445.28,2,1,0,1
15726494,Romani,France,Male,44,481,175303.06,65500.53,1,0,1,1
15641183,Chin,Spain,Male,25,731,96950.21,97877.92,1,0,0,1
15805312,Bellucci,France,Male,45,607,123859.6,113051.57,1,1,0,1
15636572,Christmas,France,Female,32,760,0.0,105969.05,2,1,0,0
15632575,Moore,France,Female,70,559,0.0,122996.76,1,1,0,0
15740164,Genovesi,France,Female,33,715,85227.84,68087.15,1,1,0,1
15574947,Cartwright,France,Male,36,656,97786.08,21478.36,2,1,0,1
15597909,Johnstone,Germany,Male,33,652,128135.99,158437.73,1,0,0,1
15782574,Warner,Spain,Male,33,624,0.0,76551.7,2,0,0,0
15734999,Stephenson,Spain,Male,36,634,85996.19,15887.68,1,0,0,1
15706593,Ellis,Spain,Female,50,850,0.0,33741.84,2,1,0,0
15766686,Nebechi,Germany,Female,39,659,104502.11,20652.69,1,0,0,1
15590268,Chu,Spain,Male,35,529,95772.97,112781.5,1,1,0,1
15763055,Onuchukwu,Spain,Male,31,572,98108.79,119996.95,1,1,0,1
15664754,Steele,Germany,Male,39,640,131607.28,6981.43,4,1,1,1
15643630,Quaife,Spain,Male,55,770,63127.41,185211.28,2,0,1,1
15641043,Scott,Spain,Male,35,648,0.0,78436.36,2,1,0,0
15768095,Yeh,France,Male,31,579,0.0,139048.0,1,1,0,0
15811314,Y?,Germany,Female,36,589,140355.56,136329.96,2,0,0,1
15669922,Conti,Spain,Female,36,530,0.0,14721.8,2,1,0,0
15707114,Holder,France,Male,30,831,0.0,3430.38,2,1,0,0
15670602,Burgess,Germany,Male,24,790,107418.27,160450.21,1,1,0,1
15713479,Ozuluonye,France,Male,35,656,0.0,1485.27,2,0,0,0
15663830,De Luca,Spain,Male,32,563,0.0,19720.08,2,1,0,0
15566958,Li Fonti,Spain,Male,39,667,167557.12,41183.02,1,1,0,1
15680918,Freeman,Spain,Male,34,613,117300.02,139410.08,1,0,0,1
15663921,Pisani,France,Male,60,429,0.0,163691.48,2,1,0,0
15716324,Ignatieff,France,Female,23,665,143672.9,115147.33,1,1,0,1
15796969,Lahti,France,Male,33,731,0.0,74945.11,2,1,0,0
15574783,Perkins,France,Female,37,584,0.0,180363.56,2,1,0,0
15773487,Conway,Germany,Female,31,634,76798.92,196021.73,1,0,0,1
15802486,Hayes,France,Male,34,488,0.0,125979.36,2,1,0,0
15783398,Rizzo,Spain,Female,49,535,115309.75,111421.77,1,0,0,1
15649418,Krylov,France,Female,29,776,178171.04,115818.51,2,1,0,1
15604588,Li Fonti,Spain,Female,38,850,0.0,179360.76,2,1,0,0
15735428,Talbot,Spain,Female,37,673,0.0,82351.06,2,0,0,0
15629078,Matthias,Germany,Female,45,850,127258.79,192744.23,1,1,1,1
15806880,Boyle,Spain,Female,30,627,0.0,113408.47,1,1,0,0
15754999,Ch'eng,France,Female,33,570,0.0,124641.42,1,1,0,0
15781034,Mason,Spain,Male,67,796,0.0,54871.02,2,1,0,0
15622017,Bruno,Spain,Female,33,773,0.0,98820.09,1,1,0,0
15705885,Smeaton,Spain,Male,36,752,0.0,45570.84,2,1,0,0
15677382,Miller,Spain,Female,69,625,107569.96,182336.45,1,1,0,1
15566843,Gotch,Germany,Male,20,535,134874.4,118825.56,1,1,0,1
15608387,Fu,France,Female,29,786,0.0,103372.79,2,0,0,0
15810786,O'Toole,France,Female,67,620,0.0,43486.73,2,1,0,0
15626983,Ledford,Spain,Female,48,605,0.0,40062.99,2,1,0,0
15773605,Iadanza,Spain,Female,32,670,0.0,46175.7,2,0,0,0
15811261,Alaniz,Spain,Male,42,617,70105.87,120830.73,1,1,0,1
15590606,Saunders,France,Male,41,595,0.0,5967.09,2,0,0,0
15576644,Lin,Germany,Female,29,687,78939.15,122134.56,1,0,1,1
15750264,Pinto,Germany,Male,30,757,105128.85,62972.13,2,1,0,1
15741554,Streeter,Spain,Male,31,746,113836.27,174815.54,1,1,0,1
15769051,Shaw,Spain,Male,25,503,0.0,192841.13,1,1,0,0
15812198,Chen,Germany,Male,48,543,100900.5,33310.72,1,0,1,1
15699772,Barclay,Germany,Female,40,428,129248.11,72876.43,2,0,1,1
15744105,Kodilinyechukwu,France,Female,28,768,109118.05,50911.41,2,1,0,1
15739858,Otitodilichukwu,France,Male,56,618,0.0,142400.27,1,1,1,0
15723720,McKenzie,France,Female,31,591,0.0,48778.46,2,1,0,0
15638355,Woods,France,Female,35,658,126397.66,156361.58,1,0,1,1
15805637,Hsing,France,Male,36,625,108546.16,133807.77,3,0,1,1
15629575,Wheare,France,Male,36,717,148061.89,179128.69,1,0,1,1
15586243,Yobachi,France,Male,44,667,122277.87,91810.71,1,1,0,1
15757931,Fang,France,Male,24,804,0.0,173195.33,2,0,0,0
15716023,Pearson,France,Male,31,693,0.0,182270.88,2,1,0,0
15647782,Brown,Germany,Male,36,729,152899.24,177130.33,2,0,0,1
15716609,L?,Germany,Male,54,484,134388.11,49954.79,1,0,1,1
15623791,Padovesi,Spain,Female,40,632,109740.62,141896.74,1,0,0,1
15627262,Soto,Germany,Male,23,536,92366.72,120661.71,2,0,0,1
15652693,Greco,France,Female,26,573,129109.02,149814.68,1,0,1,1
15586993,Giordano,Spain,Female,56,655,0.0,41782.7,2,1,0,0
15815560,Bogle,Germany,Male,74,666,105102.5,46172.47,1,1,0,1
15584930,Grimmett,Germany,Male,30,726,111375.32,2704.09,2,0,0,1
15799031,Ayers,France,Male,39,523,0.0,6726.53,2,0,0,0
15810457,Miller,Germany,Female,33,728,150412.14,170764.08,2,0,0,1
15697879,Webb,France,Male,30,701,156660.72,45742.42,2,0,0,1
15594902,Lombardi,France,Male,38,518,90957.81,162304.59,1,1,0,1
15799710,Wei,France,Male,37,739,104960.46,80883.82,1,1,0,1
15659651,Ross,Germany,Female,31,531,117052.82,118508.09,1,0,1,1
15645956,Jideofor,Spain,Male,44,452,88915.85,69697.74,1,0,0,1
15651713,King,France,Male,45,684,148071.39,183575.01,1,0,0,1
15737265,Nwokeocha,Germany,Male,39,728,152182.83,161203.6,1,0,0,1
15687310,Humphries,Spain,Male,39,783,0.0,143752.77,2,0,0,0
15607347,Olisaemeka,France,Male,22,734,130056.23,121894.31,1,0,1,1
15698321,Yobanna,Germany,Male,34,648,95039.73,147055.87,2,1,0,1
15657812,Ch'iu,France,Male,52,688,0.0,172033.57,2,1,0,0
15569187,Fleming,Spain,Male,35,680,0.0,143774.06,2,0,0,0
15681562,Trevisan,France,Female,43,516,112773.73,139366.58,2,1,0,1
15615456,Aleksandrova,France,Female,37,680,123806.28,81776.84,1,0,1,1
15589793,Onwuamaeze,France,Male,53,604,144453.75,190998.96,1,0,1,1
15781884,Knox,Germany,Male,27,624,94667.29,4470.52,2,1,0,1
15675190,Chia,France,Male,21,623,0.0,135851.3,2,1,0,0
15600734,Townsend,Spain,Male,51,624,174397.21,172372.63,2,1,0,1
15779176,Dike,Germany,Female,58,565,108888.24,135875.51,3,1,1,1
15605286,Moyes,France,Male,55,565,118803.35,128124.7,2,1,1,1
15674922,Beavers,France,Male,54,710,171137.62,167023.95,1,1,1,1
15737506,Tretiakova,France,Male,42,645,0.0,149807.01,1,0,0,0
15780514,Fuller,France,Male,33,707,136678.52,54290.62,1,0,0,1
15623647,Dellucci,Spain,Female,36,655,135515.76,86013.96,1,0,0,1
15668472,Ritchie,Spain,Female,24,705,177799.83,79886.06,2,0,0,1
15692416,Aikenhead,Spain,Female,52,358,143542.36,141959.11,3,0,1,1
15771139,Douglas,Germany,Male,34,578,147487.23,66680.77,2,0,0,1
15738318,Kung,France,Female,40,800,97764.41,98640.15,1,0,1,1
15772243,MacDonald,France,Female,33,612,0.0,142797.5,1,0,1,0
15638463,Okwudilichukwu,Germany,Female,48,681,139480.18,163581.67,1,1,0,1
15598088,Ni,Spain,Male,25,559,0.0,163221.22,2,1,0,0
15693468,Simmons,Spain,Female,39,488,140553.46,12440.44,1,0,0,1
15671930,H?,France,Female,36,717,0.0,145551.6,2,1,0,0
15762268,Hancock,France,Female,41,666,141162.08,50908.48,1,0,0,1
15780954,Cran,Spain,Male,26,582,65848.36,30149.21,2,0,0,1
15700174,McKay,Spain,Female,30,733,83319.28,57769.2,1,0,0,1
15635728,P'an,France,Male,41,693,0.0,156381.47,2,0,0,0
15679283,Parkhill,France,Female,33,694,129731.64,178123.86,2,0,0,1
15591386,Golubova,France,Female,35,622,0.0,51112.8,2,0,0,0
15694192,Nwankwo,Spain,Female,38,598,0.0,173783.38,2,0,0,0
15585901,Johnson,Spain,Male,35,717,0.0,174770.14,3,0,1,0
15792329,Mao,Germany,Male,37,494,107106.33,172063.09,2,0,0,1
15635597,Echezonachukwu,France,Male,33,644,0.0,155294.17,2,1,0,0
15775880,McElyea,France,Female,30,554,0.0,40320.3,2,1,0,0
15630913,Rosas,Spain,Female,69,476,105303.73,134260.34,1,1,0,1
15756680,Phillips,France,Male,28,667,165798.1,147090.9,1,0,0,1
15587913,Palerma,Spain,Female,40,748,0.0,132368.47,2,0,0,0
15737605,Morris,Spain,Female,45,531,126495.57,164741.5,2,1,0,1
15627876,Pavlova,Spain,Female,47,719,116393.59,63051.32,1,0,1,1
15772601,Lu,Germany,Female,41,845,81733.74,199761.29,2,0,0,1
15758606,Yamamoto,France,Male,54,738,0.0,55725.04,1,1,1,0
15657107,Angelo,Spain,Female,46,563,106171.68,163145.5,1,0,1,1
15622454,Zaitsev,Spain,Male,28,695,96020.86,57992.49,1,1,0,1
15775803,Cawker,Spain,Male,41,841,0.0,193093.77,2,1,0,0
15570859,Froggatt,Germany,Male,36,626,181671.16,57531.14,2,1,0,1
15748381,Gorbunov,France,Female,29,613,185709.28,77242.19,2,1,0,1
15787189,Tai,Germany,Male,60,824,134250.17,153046.16,3,0,1,1
15666055,Rowe,France,Female,49,705,0.0,63405.2,1,0,1,0
15617648,Mikkelsen,France,Female,44,584,95671.75,106564.88,2,1,0,1
15755678,Kovalyov,France,Male,62,534,0.0,42763.12,2,0,1,0
15624781,Mbanefo,France,Female,34,672,142151.75,168753.34,2,1,0,1
15779497,Ts'ai,France,Male,43,603,127823.93,19483.35,1,1,0,1
15567399,Enderby,Germany,Male,43,633,144164.29,158646.46,1,1,0,1
15613656,Lombardi,France,Male,58,842,63492.94,83172.19,1,1,0,1
15734311,Hamilton,France,Female,27,661,0.0,76889.79,2,1,0,0
15657214,Hsia,France,Male,74,601,0.0,51554.58,2,1,0,0
15799350,Mao,France,Male,41,632,106134.46,105570.39,1,1,0,1
15729970,Ugochukwu,Germany,Male,29,684,127269.75,79495.01,1,1,0,1
15725835,West,Germany,Female,32,785,124493.03,52583.79,2,1,1,1
15745543,Hughes,France,Male,39,687,0.0,26848.25,2,0,0,0
15727384,Chukwuemeka,Germany,Female,43,705,146547.78,10072.55,1,1,1,1
15666916,Lira,France,Male,43,639,99610.92,187296.78,2,0,0,1
15732917,Li,Germany,Male,46,729,117837.43,104016.61,1,0,1,1
15612050,Castiglione,Spain,Female,48,556,168522.37,151310.16,1,1,0,1
15726267,Paterson,France,Male,32,570,117337.54,62810.91,2,1,0,1
15780124,Blair,France,Male,74,841,108131.53,60830.38,1,1,0,1
15742238,Dellucci,Germany,Male,35,705,136496.12,116672.02,2,0,0,1
15679024,Udinesi,France,Male,32,553,116324.53,77304.49,1,0,0,1
15715297,Yuan,Germany,Female,40,779,75470.23,52894.01,1,1,0,1
15633612,Yuryeva,France,Male,28,696,172646.82,116471.43,1,1,0,1
15602929,Wilson,Spain,Female,37,728,0.0,4539.38,1,0,0,0
15696703,Dean,Germany,Male,27,691,160358.68,142367.72,2,0,0,1
15756668,Ross,France,Male,30,706,98415.37,110520.48,1,1,0,1
15565779,Kent,Germany,Female,30,627,57809.32,188258.49,1,0,0,1
15795519,Vasiliev,Germany,Female,18,716,128743.8,197322.13,1,0,0,1
15761477,Golibe,Germany,Male,24,501,130806.42,80241.14,2,0,0,1
15731890,Chukwukere,France,Male,41,601,123971.16,172814.99,1,1,0,1
15633043,Fedorova,Spain,Female,39,545,0.0,38410.74,1,0,1,0
15752953,Chien,France,Male,45,634,0.0,17622.82,2,0,0,0
15603088,Rossi,Spain,Female,23,451,0.0,48021.71,2,1,0,0
15606613,Samson,France,Female,59,655,0.0,88958.49,1,0,1,0
15635939,Fenton,France,Female,39,458,0.0,116343.09,2,0,0,0
15666043,Mackey,France,Male,33,520,156297.58,166102.61,2,1,0,1
15746190,Payton,Spain,Female,28,624,0.0,104353.26,2,1,0,0
15591357,Cowger,France,Male,51,765,123372.3,115429.32,1,1,0,1
15658716,Banks,Germany,Female,37,667,92171.35,178106.34,3,0,1,1
15679909,Pugliesi,Spain,Male,41,665,0.0,132152.32,2,0,0,0
15634262,Fantin,Germany,Male,34,709,148375.19,21521.38,2,1,0,1
15799825,Bentley,France,Female,44,583,0.0,27431.62,2,1,0,0
15756875,Freeman,Spain,Male,34,782,147422.44,42143.61,1,1,0,1
15678146,Wong,Spain,Female,24,668,173962.32,106457.11,1,0,1,1
15710743,Onwuamaeze,France,Male,47,621,0.0,133831.37,1,1,1,0
15595831,Shen,Germany,Female,64,579,145215.43,164083.72,1,1,0,1
15626684,Huang,France,Female,38,547,167539.97,159207.34,1,1,0,1
15709846,Yeh,France,Female,39,840,94968.97,84487.62,1,0,0,1
15635459,Shih,Germany,Female,27,667,106116.5,3674.71,2,0,0,1
15642544,Henderson,France,Male,34,723,0.0,12092.03,2,1,0,0
15566494,Fang,France,Male,45,487,0.0,77475.73,2,0,0,0
15655238,Dellucci,France,Female,31,668,0.0,41291.73,2,0,0,0
15733429,Chou,Germany,Male,34,520,120018.86,343.38,2,1,0,1
15814536,Conti,France,Male,37,549,112541.54,47432.43,2,0,0,1
15771702,Roberts,France,Female,35,567,166118.45,127827.18,2,0,0,1
15723008,Lo Duca,France,Female,45,720,102882.4,35633.15,2,1,1,1
15797160,Glover,France,Female,49,492,0.0,182865.09,1,1,1,0
15792222,Johnstone,France,Female,37,712,106881.5,169386.81,2,0,0,1
15644765,Ashton,Germany,Male,26,689,120727.97,149073.88,1,1,0,1
15610686,Melton,France,Male,63,850,169832.57,184107.26,1,0,1,1
15730868,Marshall,France,Male,41,747,0.0,22750.17,2,1,0,0
15705991,Kenenna,Germany,Male,38,469,113599.42,11950.29,1,0,0,1
15577078,Zakharov,Spain,Male,38,539,0.0,152880.07,1,1,1,0
15679550,Chukwualuka,France,Male,32,743,0.0,175252.78,2,0,0,0
15787655,Chu,France,Male,47,707,0.0,174303.29,2,0,0,0
15668081,Capon,Spain,Female,50,581,0.0,80701.72,2,1,0,0
15747980,Cattaneo,Spain,Male,38,737,146282.79,198516.2,2,0,0,1
15710295,Patrick,Germany,Female,38,445,119413.62,175756.36,2,0,0,1
15724443,Taylor,Germany,Female,29,703,122084.63,82824.08,1,1,0,1
15571305,Stephenson,Germany,Female,35,588,103060.63,179866.01,1,0,1,1
15569503,Yeh,France,Male,44,765,0.0,159899.97,2,1,0,0
15581840,DeRose,France,Male,33,626,0.0,138504.28,2,0,0,0
15772262,Vavilov,Germany,Male,37,545,110483.86,127394.67,1,1,0,1
15767794,Browne,France,Male,31,744,120718.28,58961.49,1,1,0,1
15629338,Collingridge de Tourcey,Spain,Female,31,658,36566.96,103644.98,1,0,1,1
15790379,Rowe,Germany,Male,28,629,108601.0,119647.7,1,1,0,1
15750684,Jibunoh,France,Female,42,719,0.0,28465.86,1,0,1,0
15697214,Korovin,Spain,Female,36,686,0.0,152979.14,2,1,0,0
15711015,Hammonds,France,Male,36,743,0.0,190911.02,2,1,0,0
15573309,Ward,Spain,Female,48,626,0.0,95794.98,2,1,0,0
15805303,Olisanugo,Germany,Male,44,661,141136.62,189742.78,1,0,1,1
15741385,Gallop,Germany,Male,45,710,108231.37,188574.08,1,1,0,1
15780254,Gartrell,France,Male,40,654,0.0,183872.88,1,0,1,0
15744843,K'ung,Spain,Female,34,569,144855.34,196555.32,1,0,0,1
15815626,Oluchi,France,Male,63,640,68432.45,112503.24,2,1,1,1
15784736,Jamieson,France,Male,45,562,136855.24,46864.0,1,0,0,1
15813412,Barlow,France,Female,55,721,44020.89,65864.4,1,0,1,1
15809143,White,Germany,Male,32,456,133060.63,125167.92,1,1,0,1
15617617,Stewart,Spain,Male,39,811,0.0,177519.39,2,1,0,0
15779738,Buccho,France,Male,24,534,0.0,169653.32,1,1,0,0
15668669,Benson,France,Female,36,423,97665.61,118372.55,1,0,1,1
15687477,Thompson,Germany,Male,28,594,185013.02,16481.12,1,0,0,1
15578908,Todd,Spain,Female,32,725,0.0,138525.19,2,1,0,0
15687658,Burgin,France,Female,52,716,65971.61,14608.0,2,0,1,1
15615020,Nnaife,Germany,Female,41,595,150463.11,81548.38,2,1,0,1
15608886,Okwudiliolisa,France,Female,33,679,0.0,69608.48,2,0,0,0
15602551,Johnson,Spain,Male,39,667,0.0,68873.8,2,0,0,0
15672945,Parkes,France,Female,37,661,136425.18,81102.81,1,0,0,1
15757408,Lo,Spain,Male,38,655,250898.09,81054.0,3,1,1,1
15806132,Martin,France,Male,55,555,146798.81,74149.77,1,1,0,1
15813022,Kapustina,Spain,Male,70,531,0.0,99503.19,2,0,0,0
15673578,Page,Germany,Female,40,611,128486.91,10109.47,2,0,0,1
15757916,Amaechi,France,Female,38,600,0.0,58855.85,2,1,0,0
15689168,Munro,Spain,Male,37,531,143407.29,84402.46,2,1,0,1
15769216,Panicucci,France,Female,43,601,0.0,49713.87,1,0,1,0
15593295,Greathouse,France,Male,57,548,76165.65,133537.53,1,1,0,1
15804814,Ts'ui,France,Male,40,759,0.0,124615.59,2,0,0,0
15778934,Napolitani,Spain,Female,49,678,0.0,98090.69,2,1,0,0
15802351,Beers,Germany,Female,33,755,90560.3,42607.69,2,1,0,1
15630241,Tretyakova,France,Male,61,594,62391.22,192434.11,1,1,0,1
15719561,Lin,France,Male,42,768,0.0,60686.4,3,0,0,0
15615096,Costa,France,Female,31,492,0.0,49463.44,2,1,0,0
15659931,Ibezimako,Germany,Female,55,637,123378.2,81431.99,1,0,1,1
15714586,Marcelo,Spain,Female,42,646,99836.47,22909.56,1,1,0,1
15634949,Hay,Germany,Male,74,593,161434.36,65532.17,2,1,0,1
15589224,Moore,Spain,Male,41,596,0.0,141053.85,2,1,0,0
15795990,Lumholtz,Germany,Female,48,722,138311.76,3472.63,1,1,1,1
15603216,Simpson,France,Male,25,642,0.0,102083.78,2,0,0,0
15631201,Hill,Spain,Female,28,472,0.0,1801.77,2,0,0,0
15686255,Mouzon,Germany,Male,35,738,101744.84,85185.44,1,0,0,1
15746594,Wu,Spain,Male,33,732,0.0,119882.7,1,0,0,0
15718893,Pirozzi,Germany,Female,54,404,125456.07,83715.66,1,0,1,1
15671609,Ibeabuchi,France,Male,44,701,0.0,23425.78,2,0,0,0
15652540,Garnsey,France,Male,31,683,0.0,77326.78,2,1,0,0
15774857,Synnot,France,Female,27,460,0.0,156150.08,2,0,1,0
15791836,Wildman,France,Male,29,690,0.0,108577.97,2,0,0,0
15651554,Anenechukwu,Germany,Female,54,618,118449.21,133573.29,1,1,1,1
15583576,Tai,France,Male,30,671,0.0,102057.86,1,1,0,0
15732740,Plant,Spain,Female,32,765,178095.55,47247.56,1,0,0,1
15723320,Azubuike,Germany,Female,25,651,109175.14,114566.47,2,0,0,1
15603851,Galkin,France,Male,32,704,127785.17,184464.7,4,0,1,1
15777923,Johnston,France,Female,45,544,0.0,151401.33,2,1,0,0
15735719,Babbage,France,Female,40,790,0.0,70607.1,2,1,0,0
15703482,Walker,Germany,Male,34,710,134260.36,147074.67,2,0,0,1
15605835,Rice,France,Male,37,743,69143.91,105780.18,2,1,0,1
15664881,Norton,France,Male,34,702,100054.77,109496.45,1,0,0,1
15757568,Bogolyubov,France,Female,45,704,0.0,137739.45,1,1,0,0
15792660,Gibbons,France,Male,38,614,116248.88,105140.92,1,0,0,1
15599722,Chia,Spain,Female,43,609,86053.52,113276.46,2,1,1,1
15726354,Smith,France,Female,32,688,123157.95,172531.23,1,0,0,1
15610355,Hunter,France,Male,44,713,63438.91,64375.4,1,0,0,1
15704284,Ekechukwu,Germany,Male,57,736,95295.39,28434.44,1,0,1,1
15621893,Bellucci,France,Male,18,727,133550.67,46941.41,1,1,0,1
15588219,Ford,France,Female,38,850,106871.81,29333.01,2,0,0,1
15688619,Scott,Spain,Male,45,718,105266.32,193724.51,2,1,0,1
15765518,Gregson,France,Female,51,643,105229.53,34967.75,1,0,1,1
15616931,Moore,France,Male,41,653,102768.42,55663.85,1,0,0,1
15758372,Wallace,France,Male,18,674,0.0,55753.12,2,1,1,0
15782591,Cook,France,Male,35,690,112689.95,176962.31,1,0,0,1
15612109,Speth,France,Male,38,819,122334.26,181507.44,2,1,0,1
15613712,Boag,Spain,Male,34,634,0.0,61995.57,2,0,0,0
15639322,Grave,Spain,Male,33,633,137847.41,98349.13,2,0,0,1
15594349,Streeten,France,Male,49,850,122486.47,59748.19,1,1,0,1
15574167,Fox,France,Male,33,665,101286.11,159840.51,1,1,0,1
15811842,Artemyeva,Spain,Male,26,630,0.0,6656.64,2,1,0,0
15648794,Giordano,Spain,Male,57,836,101247.06,37141.62,1,0,1,1
15771211,Perkins,France,Male,38,668,86977.96,37094.75,1,1,0,1
15588614,Walton,France,Male,57,753,0.0,159475.08,1,0,1,0
15630698,Hay,France,Female,55,745,110123.59,51548.14,1,1,1,1
15694200,Gardner,France,Male,36,693,178111.82,58719.63,1,0,1,1
15721426,Milne,Germany,Male,65,606,126306.64,7861.68,3,0,1,1
15725997,She,France,Female,35,660,100768.77,19199.61,1,0,0,1
15762138,Hu,France,Male,42,608,0.0,178504.29,2,0,0,0
15750649,Uwakwe,France,Female,44,744,0.0,189016.14,2,1,0,0
15685706,Bird,France,Female,40,731,118991.79,156048.64,1,1,0,1
15641835,Anderson,France,Male,72,683,140997.26,52876.41,1,1,0,1
15586821,Bellew,France,Male,28,727,0.0,19653.08,2,1,0,0
15569678,Cocci,Germany,Male,32,561,166824.59,139451.98,1,0,0,1
15793842,Krichauff,France,Female,34,700,76322.69,128136.29,1,0,0,1
15667554,Cameron,France,Male,35,605,0.0,45206.57,2,1,0,0
15794479,Becker,Spain,Male,77,767,149083.7,190146.83,1,1,0,1
15585041,Ainsworth,France,Male,33,511,0.0,158313.87,2,1,0,0
15780650,Biryukov,France,Male,40,667,0.0,96670.2,1,1,0,0
15780846,Redding,France,Male,33,787,126588.81,62163.53,2,1,0,1
15805260,Wood,Germany,Female,56,705,143249.67,88428.41,1,0,1,1
15621629,Scott,Germany,Male,43,773,81844.91,35908.46,2,1,0,1
15662151,Gould,France,Male,40,554,0.0,168780.04,1,1,0,0
15747174,Hao,Germany,Male,58,526,190298.89,191263.76,2,1,0,1
15651585,Power,Germany,Male,35,661,117212.18,83052.03,1,1,0,1
15649738,White,France,Female,46,698,0.0,125962.02,2,1,0,0
15633108,Thorpe,France,Male,26,646,139848.17,164696.27,1,0,0,1
15769254,Tuan,Germany,Female,34,757,101861.36,187011.96,2,0,0,1
15704746,Inman,Spain,Male,35,699,167455.66,55324.49,2,1,0,1
15637644,Hanson,France,Female,24,667,0.0,34335.55,2,1,0,0
15609562,MacDonald,Spain,Female,43,774,116360.07,17004.14,1,0,0,1
15787459,Parkes,Spain,Male,40,745,88466.82,116331.42,1,0,0,1
15762902,Stanley,France,Female,42,649,0.0,22974.01,2,1,0,0
15738605,Fischer,Germany,Female,46,634,123642.36,49725.16,1,1,1,1
15724889,Chinweuba,Spain,Male,38,665,0.0,87412.74,1,1,0,0
15730735,Henning,France,Male,38,713,72286.84,26136.89,2,1,0,1
15689147,Ogochukwu,France,Female,40,652,0.0,126554.96,2,0,0,0
15730397,Narelle,Spain,Male,40,739,109681.61,193321.3,1,1,0,1
15762169,Bergman,Germany,Male,37,556,145018.64,90928.02,2,0,1,1
15589320,Sagese,Spain,Male,34,699,0.0,76510.46,1,1,0,0
15799211,Anenechi,Spain,Female,32,708,187487.63,120115.5,1,1,0,1
15798310,Palerma,France,Male,35,480,165692.91,197984.58,1,1,0,1
15609998,Okwudilichukwu,Germany,Female,59,700,137648.41,142977.05,1,0,1,1
15583548,Harrison,Spain,Female,47,525,118560.0,82522.61,1,0,1,1
15761763,Jamieson,France,Male,33,845,164385.53,150664.97,1,0,0,1
15764409,Goodman,France,Male,37,613,108286.5,114153.44,1,1,0,1
15710161,Ko,France,Female,34,850,0.0,171706.66,2,1,0,0
15735246,Norman,Spain,Female,58,798,0.0,119071.56,2,0,1,0
15791700,Ugochukwutubelum,Germany,Male,47,773,118079.47,143007.49,4,1,1,1
15670753,Uvarova,Spain,Male,35,614,127283.78,31302.35,1,1,0,1
15573876,Chia,Spain,Male,48,473,0.0,71139.8,2,0,0,0
15770174,Piazza,France,Male,29,762,141389.06,54122.89,1,0,0,1
15641114,Power,France,Male,37,701,130091.5,120031.29,1,1,0,1
15682435,P'eng,France,Male,35,600,143744.77,104076.51,2,0,0,1
15751788,Johnson,Spain,Male,28,850,97408.03,175853.64,1,1,0,1
15672598,Walker,Spain,Male,30,613,111927.45,175795.87,1,1,0,1
15762803,Innes,France,Male,31,509,0.0,15360.91,2,0,0,0
15812982,Francis,Spain,Male,38,509,0.0,168460.12,1,0,0,0
15597901,Chidozie,France,Male,34,609,0.0,181177.9,1,1,0,0
15731507,Mackenzie,France,Female,33,456,188285.68,58363.94,1,0,0,1
15809826,Craigie,France,Female,46,728,109705.52,20276.87,1,0,1,1
15764237,Manfrin,Spain,Male,33,663,0.0,91514.62,2,0,0,0
15769917,Onyekachi,Germany,Female,34,673,127122.79,76703.1,3,1,0,1
15641850,Pethard,France,Male,40,717,98241.04,110887.14,1,0,0,1
15770974,Nwabugwu,Germany,Female,37,741,170840.08,109843.16,2,0,0,1
15803749,DeRose,Germany,Female,41,498,87541.06,12577.21,2,1,1,1
15684999,Ch'eng,France,Female,26,850,62610.96,179365.1,2,1,0,1
15770225,Padovesi,France,Male,36,493,0.0,65816.53,2,1,0,0
15627484,Obielumani,France,Female,47,686,113328.93,124170.9,1,0,0,1
15610337,Stephens,Spain,Male,35,666,104832.49,175015.12,1,0,0,1
15752488,Emery,Spain,Female,31,733,102289.85,115441.66,1,1,0,1
15610056,Dufresne,Germany,Female,34,631,125227.82,128247.03,2,1,0,1
15806049,Lee,Germany,Female,49,714,140510.89,141914.94,1,0,0,1
15736069,Hsing,Germany,Female,35,767,132253.22,115566.57,1,0,1,1
15763662,Longo,Germany,Male,43,711,39043.29,175423.69,2,1,0,1
15615575,Vial,France,Male,34,722,0.0,133447.49,2,1,0,0
15691723,Chukwudi,Spain,Male,55,631,99685.06,114474.98,1,0,0,1
15774098,Grant,Germany,Male,38,701,125385.49,52044.66,2,1,0,1
15750808,Ma,Spain,Male,46,790,131365.37,180290.68,2,1,0,1
15744368,Sun,Spain,Male,58,633,98308.51,132034.13,1,1,0,1
15610594,Moss,France,Female,37,644,0.0,20968.88,2,0,0,0
15756125,Booth,Spain,Male,44,757,140856.16,158735.1,2,0,0,1
15623277,Ross,France,Female,30,696,0.0,196134.44,2,1,0,0
15795954,Ndukaku,France,Male,35,746,172274.01,22374.97,1,0,0,1
15671969,Pruneda,Spain,Male,36,649,0.0,161668.15,2,0,0,0
15791268,Neumann,Spain,Male,38,565,122447.76,67339.34,1,0,0,1
15713655,Calabrese,France,Female,38,720,0.0,56229.72,2,1,1,0
15633930,Yobachukwu,Spain,Female,56,648,157559.59,140991.23,2,0,1,1
15712849,Tung,Germany,Male,41,632,126550.7,177644.52,1,0,1,1
15639077,Marchesi,France,Female,30,622,158584.82,142342.55,3,0,1,1
15808784,Hess,France,Male,28,835,163569.61,154559.28,2,1,0,1
15648577,Pickering,France,Female,31,493,0.0,176570.28,1,1,1,0
15670345,Mazzi,Germany,Female,33,785,127211.45,191961.83,1,0,0,1
15633112,Madukaego,Germany,Male,42,681,118199.97,9452.88,2,0,1,1
15714397,Trentino,Germany,Female,30,621,101014.08,165257.31,2,1,0,1
15780038,Paterson,Spain,Male,38,756,119208.85,169763.89,1,0,1,1
15756305,Marchesi,France,Female,66,515,0.0,160663.11,2,1,0,0
15578799,Anayolisa,France,Female,58,625,53772.73,192072.1,1,1,1,1
15800326,Poole,Spain,Female,39,717,0.0,93275.61,2,0,0,0
15785485,Zhou,Germany,Female,41,595,138878.81,112269.67,1,1,0,1
15783958,Bates,Spain,Female,37,539,130922.81,2186.83,2,0,0,1
15727546,Olejuru,France,Male,35,762,0.0,43075.7,2,1,0,0
15739576,Bustard,Spain,Male,20,706,0.0,12368.11,2,1,0,0
15631333,Wade,Spain,Female,25,677,130866.19,42410.21,1,0,0,1
15604782,Tan,Germany,Female,33,733,187257.94,190430.81,1,1,0,1
15589643,Ngozichukwuka,Spain,Female,41,684,0.0,138394.37,1,1,0,0
15585533,Calabrese,France,Male,36,679,147733.64,172501.38,1,1,0,1
15681506,Lane,Spain,Male,43,478,0.0,197916.43,2,1,0,0
15630551,Forbes,France,Male,33,696,163139.27,7035.36,1,1,0,1
15698349,Davy,Spain,Female,35,686,0.0,159676.55,2,1,0,0
15776631,Ma,France,Female,36,466,119540.15,80603.99,1,1,0,1
15762216,Barrera,France,Female,41,686,129553.76,187599.8,2,0,0,1
15623927,Alexander,France,Male,55,576,0.0,94450.97,2,1,0,0
15681402,Ngozichukwuka,Germany,Female,61,763,66101.89,143981.27,1,1,0,1
15586264,Murray,France,Male,43,572,140431.98,26450.57,1,0,1,1
15594685,Hall,France,Female,49,757,0.0,164482.92,2,0,0,0
15812945,Padovesi,France,Female,29,582,0.0,84012.81,1,1,0,0
15734628,Lysaght,France,Female,35,623,0.0,101192.08,2,0,0,0
15629323,Kelechi,Germany,Female,37,617,116471.43,175324.74,2,0,1,1
15666823,Nebechi,France,Male,39,425,0.0,197226.32,2,0,0,0
15777553,Hanson,France,Female,56,659,123785.24,99504.03,1,0,1,1
15613097,Kao,France,Female,33,605,0.0,83700.66,2,1,0,0
15622217,Tu,France,Female,38,538,88758.95,28226.15,2,0,1,1
15703588,Palerma,Germany,Male,25,665,153611.83,35321.65,2,0,0,1
15570835,Fallaci,Germany,Female,57,491,112044.72,41229.73,1,1,1,1
15679299,Shen,Spain,Female,27,726,123826.07,78970.58,1,1,0,1
15808044,Ts'ui,France,Female,65,580,106804.26,107890.69,3,0,1,1
15579208,Chikezie,France,Female,48,550,0.0,191870.28,2,1,0,0
15684951,He,France,Female,59,542,68892.77,7905.06,2,0,1,1
15667620,Dreyer,France,Female,43,732,0.0,65731.53,2,0,0,0
15582960,Short,France,Female,33,473,125827.43,145698.73,1,1,0,1
15590730,Hunt,Spain,Male,34,745,0.0,50046.25,2,0,0,0
15763747,Ricci,France,Male,36,732,0.0,60830.24,2,1,0,0
15778320,Teng,Germany,Female,40,848,148495.64,158853.98,1,0,0,1
15642787,Ijendu,France,Male,37,572,133043.66,111243.09,1,0,0,1
15624633,Kibby,France,Male,45,702,74989.58,171014.69,1,1,0,1
15766765,Obiuto,Germany,Male,39,664,60263.23,170835.32,1,0,0,1
15783615,Ramos,Germany,Male,50,630,129370.91,47775.34,4,1,1,1
15640161,Calabrese,Germany,Male,44,618,157955.83,139297.71,2,0,0,1
15619889,Vasin,France,Male,26,556,0.0,195167.38,1,0,0,0
15579166,Munro,France,Female,30,619,70729.17,160948.87,1,1,0,1
15789097,Keeley,France,Male,48,644,0.0,44965.54,2,1,1,0
15674880,Archer,Spain,Male,50,658,0.0,52137.73,2,0,0,0
15778157,Murray,Spain,Male,27,598,90721.52,109296.18,2,0,0,1
15779064,Chidiegwu,France,Male,27,677,0.0,20092.89,2,1,0,0
15801265,Tang,Spain,Female,45,689,57784.22,197804.0,1,0,1,1
15589204,Farrar,France,Male,33,591,131765.72,118782.06,1,0,0,1
15664543,Shaw,France,Male,40,699,0.0,152876.13,1,1,1,0
15582714,Napolitani,Germany,Male,47,749,110022.74,135655.29,1,1,1,1
15797595,Greenhalgh,France,Female,40,709,131569.63,103970.58,1,1,0,1
15614034,Martin,Germany,Male,61,607,164523.5,35786.76,2,1,0,1
15763171,Hu,Germany,Female,25,650,114330.95,25325.07,1,1,0,1
15647266,Y?an,Spain,Female,45,651,135923.16,18732.84,1,0,0,1
15757577,Odili,France,Female,61,676,0.0,118522.73,2,1,0,0
15736656,H?,France,Female,49,723,0.0,89972.25,2,1,0,0
15635078,Chiemela,Spain,Male,45,714,124693.48,187194.15,1,1,0,1
15680141,Yuan,Spain,Female,35,759,147936.42,106785.7,1,1,0,1
15576945,Clements,France,Male,29,582,0.0,142516.35,1,0,0,0
15602034,Kolesnikov,France,Female,34,697,126558.92,73334.43,1,0,0,1
15732020,Rutherford,Germany,Male,57,610,106938.11,186612.47,2,1,0,1
15611029,Hsiung,Germany,Female,33,488,140002.35,123613.81,1,0,0,1
15621210,Angelo,Germany,Male,46,599,123444.72,31368.08,1,1,1,1
15569222,Mendes,France,Male,32,781,147107.91,40066.95,1,1,0,1
15664639,McGregor,France,Male,19,645,128514.84,175969.19,1,0,0,1
15724223,Bronner,France,Female,55,545,0.0,10034.77,1,0,1,0
15644621,Mironova,Germany,Female,40,597,106756.01,151167.94,2,0,0,1
15756056,Ku,Spain,Female,28,561,0.0,191387.76,2,0,0,0
15700353,Evans,France,Female,37,662,0.0,51229.17,2,0,0,0
15624388,Henderson,Germany,Female,50,649,155393.32,87351.42,1,1,1,1
15627212,Smith,France,Female,36,630,110414.48,48984.95,1,1,0,1
15648005,Russell,Spain,Male,33,672,0.0,182738.0,2,1,0,0
15681446,Sun,Germany,Female,37,636,157098.52,153535.27,1,1,0,1
15775888,McDonald,Germany,Female,38,593,85626.6,125079.65,1,1,0,1
15749019,Wong,Germany,Male,45,545,93796.42,162321.26,2,1,0,1
15709928,Niu,Spain,Female,41,567,0.0,3414.72,2,0,0,0
15784676,Fanucci,France,Male,51,583,125268.03,165082.25,2,0,0,1
15748116,Zetticci,France,Female,29,681,148143.84,52021.39,1,1,0,1
15612193,Hsia,Spain,Male,29,762,115545.33,148256.43,2,0,0,1
15762984,McIntosh,Spain,Male,35,648,0.0,122899.01,2,0,0,0
15613713,Kozlova,France,Male,30,644,44928.88,10771.46,1,1,0,1
15664204,Meany,Spain,Male,29,706,0.0,18255.51,2,1,0,0
15639415,Thompson,France,Male,35,850,162442.35,183566.78,1,0,0,1
15806332,Le Gallienne,Spain,Female,39,484,0.0,175224.12,2,1,0,0
15614929,Cheng,Germany,Male,28,508,96213.82,147913.56,2,0,0,1
15695492,P'eng,France,Female,29,439,156569.43,180598.66,1,0,0,1
15635972,Lloyd,Spain,Male,36,484,0.0,186136.48,2,0,0,0
15616380,Wheeler,Spain,Female,37,803,0.0,7455.2,2,0,0,0
15581440,Christie,Germany,Female,48,724,110463.25,80552.11,2,1,1,1
15654390,He,France,Male,33,640,154575.76,25722.28,1,0,1,1
15660688,King,Spain,Female,35,701,0.0,170996.86,2,0,0,0
15806307,Favors,France,Male,37,537,0.0,20603.32,2,1,0,0
15647975,Vida,Germany,Male,26,651,147037.32,141763.26,1,0,0,1
15595728,Thomas,Germany,Male,41,523,119276.31,122284.38,1,0,1,1
15735388,Wayn,France,Female,25,717,108664.85,190011.85,2,0,0,1
15788535,Tan,Spain,Male,44,593,0.0,128046.98,1,0,0,0
15765902,Gibson,Germany,Male,38,706,163034.82,135662.17,2,1,0,1
15642345,Y?,Germany,Female,49,714,93059.34,7571.51,1,0,1,1
15641250,Calabresi,Spain,Male,38,794,179581.31,23596.24,1,0,0,1
15706163,Enyinnaya,Germany,Male,46,518,113625.93,92727.42,1,0,1,1
15746708,Ritchie,Germany,Male,55,589,119961.48,65156.83,1,0,1,1
15775203,Chia,France,Male,45,824,129209.48,60151.77,1,0,0,1
15787907,Wang,Germany,Female,42,719,137227.04,149097.38,3,0,1,1
15646764,Lorenzo,Germany,Female,58,617,119024.75,35199.24,2,0,1,1
15678284,Pai,France,Male,35,651,74623.5,129451.29,3,0,1,1
15726791,Nuttall,Spain,Female,45,637,157929.45,145134.49,1,1,1,1
15813144,Osborne,France,Female,26,554,92606.86,192709.69,2,0,0,1
15669342,Ferri,Germany,Male,35,731,127862.93,139083.7,2,0,0,1
15710366,Hamilton,Spain,Female,42,569,0.0,83629.6,1,1,1,0
15614934,McEwan,Germany,Female,37,625,142711.81,35625.41,1,0,0,1
15588701,Lai,France,Female,38,592,0.0,35338.96,2,0,0,0
15665438,Hs?,France,Male,43,669,163159.85,15602.8,1,1,0,1
15644896,Thompson,Germany,Male,32,663,108586.86,182355.21,1,1,0,1
15670205,Boyd,Germany,Female,41,518,110624.99,89327.67,1,0,0,1
15635776,Trevisani,Germany,Female,43,686,154846.24,151903.6,2,1,0,1
15791053,Lucciano,Germany,Male,45,709,122917.71,11.58,1,1,1,1
15644005,Holman,France,Female,33,571,0.0,77519.62,2,1,0,0
15796343,Bazhenov,France,Female,31,707,82787.93,91423.69,2,0,0,1
15751057,Douglas,Germany,Male,32,701,102500.34,106287.77,1,0,0,1
15623430,Hill,France,Male,34,672,0.0,161800.77,2,0,0,0
15682600,Lo,Germany,Male,39,620,159492.79,80582.34,1,0,1,1
15769312,Forbes,Spain,Male,48,557,0.0,185094.48,2,1,0,0
15708212,Lin,Spain,Female,54,648,118241.02,172586.89,1,0,1,1
15650258,Sinclair,France,Female,35,479,113090.4,195649.79,1,0,0,1
15604345,Kemp,France,Female,22,730,65763.57,145792.01,1,1,0,1
15578297,Ebelegbulam,Germany,Female,43,737,125537.38,138510.01,1,0,1,1
15671789,Woods,France,Male,31,616,94263.91,168895.06,2,0,0,1
15726186,Genovese,Spain,Male,29,639,133434.57,97983.44,2,0,0,1
15764618,Tseng,Spain,Female,39,815,0.0,85167.88,1,1,0,0
15730738,Chiang,Spain,Male,31,786,0.0,18210.36,2,1,0,0
15637650,Williams,France,Male,50,549,94748.76,13608.18,2,1,0,1
15606267,Wilson,France,Female,38,622,98640.74,110457.99,1,1,0,1
15625904,Wang,France,Male,26,624,74681.9,31231.35,2,0,0,1
15654463,Moore,France,Male,34,841,0.0,141582.66,2,0,0,0
15774151,Iadanza,Spain,Female,41,614,179915.85,14666.35,1,0,1,1
15693259,Wallace,France,Male,30,676,128207.23,55400.17,1,1,0,1
15642468,Clark,France,Male,42,697,132739.26,174667.65,2,0,0,1
15758531,Y?,France,Female,40,732,0.0,154189.08,2,0,0,0
15728352,Yermakov,France,Male,27,623,120509.81,142170.44,1,0,0,1
15637240,Wei,France,Male,46,541,124547.13,94499.06,2,0,0,1
15595588,Chukwunonso,Spain,Female,39,773,0.0,182081.45,2,1,0,0
15778395,McIntyre,Germany,Male,34,762,88815.56,68562.26,2,0,1,1
15711825,Ts'ai,Spain,Female,35,655,82231.51,88798.02,2,0,0,1
15599251,Chung,Germany,Male,32,602,184715.86,113781.99,2,0,0,1
15570004,Tsou,France,Male,31,850,0.0,121866.87,2,0,0,0
15656912,Aitken,Spain,Male,51,649,0.0,150390.57,1,1,0,0
15657342,Dawson,Germany,Male,28,850,147972.19,60708.72,1,0,1,1
15716284,Ward,France,Male,43,543,0.0,78858.07,2,1,0,0
15672374,Pai,France,Male,52,672,170008.84,56407.42,1,0,1,1
15732476,Ifeanyichukwu,France,Female,27,600,0.0,125698.97,2,1,0,0
15747724,Briggs,Spain,Female,34,671,0.0,23235.38,1,0,0,0
15633877,Morrison,Spain,Female,42,706,95386.82,75732.25,1,1,0,1
15672516,Wall,Germany,Male,51,541,90373.28,179861.79,2,0,0,1
15607827,Nebechukwu,Germany,Male,34,711,133467.77,42976.64,2,1,0,1
15751336,Yao,Spain,Male,30,630,0.0,10486.69,2,1,0,0
15646539,Liao,France,Male,31,531,96288.26,56794.73,1,0,0,1
15756901,Ch'ang,France,Female,26,641,91547.84,28157.34,2,1,0,1
15809286,Burke,Germany,Male,37,631,138292.64,152422.91,2,0,1,1
15759021,Kay,France,Male,35,685,0.0,167033.83,1,0,0,0
15725039,McIntyre,Spain,Male,32,702,71667.74,126082.18,1,1,0,1
15579130,Chidiegwu,Germany,Female,43,708,118994.84,181499.77,1,0,1,1
15754112,Musgrove,Spain,Male,55,653,0.0,41967.03,2,1,0,0
15735522,Boulger,Germany,Male,37,654,145610.07,186300.59,2,0,0,1
15613326,Gow,France,Female,33,596,138162.81,85412.54,1,0,0,1
15739502,Amaechi,Germany,Female,31,549,135020.21,23343.18,2,1,0,1
15670914,Robe,France,Male,38,754,0.0,180698.32,2,0,0,0
15604073,Bibi,Germany,Female,25,815,135161.67,136071.05,1,1,0,1
15806027,Niu,France,Female,52,556,0.0,175149.2,1,0,1,0
15574886,Palerma,France,Male,32,706,94486.47,146949.74,1,1,0,1
15707120,Cocci,France,Male,46,850,117640.39,88920.68,1,0,0,1
15800845,Artemieva,Spain,Female,33,732,111379.55,45098.62,1,1,0,1
15603914,Arcuri,France,Male,40,614,0.0,20339.79,1,1,1,0
15722765,Owen,Spain,Female,57,580,136820.99,108528.74,1,1,0,1
15783305,Franklin,France,Female,46,593,98752.51,145560.38,1,0,0,1
15574842,Lorenzo,Germany,Female,25,653,158266.42,199357.24,3,1,0,1
15607837,Muriel,France,Female,29,746,105599.67,43106.17,1,1,0,1
15714877,MacDevitt,France,Female,29,662,0.0,137508.31,2,0,0,0
15782941,Chijindum,France,Male,31,573,0.0,91957.39,2,1,0,0
15630167,Gibson,Spain,Female,39,684,139723.9,120612.11,1,1,0,1
15759038,Whitehead,France,Female,41,793,141806.46,102921.17,1,0,0,1
15661821,Johnstone,Germany,Female,49,798,132571.67,31686.33,1,1,1,1
15728006,Endrizzi,France,Male,40,524,180516.9,180002.42,1,0,0,1
15712176,Burke,France,Male,31,816,0.0,28407.4,2,1,0,0
15689351,Johnson,Germany,Female,41,742,92805.72,73743.95,1,1,1,1
15782247,Yeh,France,Male,22,540,0.0,186233.26,3,1,1,0
15769064,Marshall,Germany,Male,39,537,135309.36,31728.86,1,0,1,1
15718153,Kao,Spain,Female,74,759,128917.84,48244.64,1,1,0,1
15613189,Browne,France,Female,52,774,56580.93,113266.28,1,0,1,1
15661734,Taylor,Germany,Male,42,608,131390.75,71178.09,2,0,0,1
15592645,Gibbons,Spain,Male,37,704,0.0,25684.93,2,0,0,0
15768387,Nott,France,Male,41,581,0.0,29737.14,2,0,0,0
15792525,Lei,Germany,Female,61,628,97361.66,149922.38,1,1,1,1
15586976,Alexeeva,France,Female,42,566,0.0,180702.12,1,0,1,0
15790659,Sheets,Spain,Male,59,701,0.0,27597.59,2,1,0,0
15691446,Tokaryev,Spain,Male,29,735,0.0,95025.27,2,1,0,0
15772632,Ts'ui,France,Female,34,680,0.0,167035.07,2,0,0,0
15706587,Johnston,France,Male,57,560,0.0,116781.71,2,1,0,0
15572461,Kung,Germany,Female,29,663,102714.65,21170.81,2,0,0,1
15654409,Unwin,France,Female,34,665,67816.72,29641.58,1,1,0,1
15568025,Hsueh,France,Male,51,758,81710.46,116520.07,1,1,0,1
15715769,Hao,France,Male,26,621,75237.54,44220.4,1,1,0,1
15667458,L?,Germany,Male,28,764,124023.18,166188.28,1,0,0,1
15567980,Frater,Germany,Female,46,537,100727.5,140857.76,1,1,1,1
15679294,Brennan,France,Female,46,589,107238.85,37024.28,2,0,0,1
15606507,Pisani,France,Male,24,555,0.0,27513.47,2,0,0,0
15578825,Golubev,France,Female,29,734,139994.66,17744.72,1,0,0,1
15619935,Vanmeter,Spain,Female,59,783,126224.87,4423.63,1,1,0,1
15636089,Hs?,Germany,Female,51,678,145751.03,109718.44,1,0,1,1
15727490,Scott,France,Male,47,661,0.0,107243.31,1,1,1,0
15591766,Crawford,Spain,Female,25,607,121166.89,115288.24,1,1,0,1
15641629,P'eng,Spain,Female,38,537,0.0,41233.97,2,1,0,0
15813303,Rearick,Spain,Male,88,513,0.0,52952.24,2,1,0,0
15756920,Genovesi,France,Male,63,576,70655.48,78955.8,1,0,1,1
15726403,Glenny,Germany,Male,41,660,129901.21,26025.6,1,0,1,1
15592765,Marks,France,Male,40,637,125470.81,174536.17,1,1,0,1
15704442,Fleming,France,Female,53,672,169406.33,147311.47,4,1,1,1
15641136,Davison,France,Male,32,629,0.0,77965.44,2,1,0,0
15725818,Chibuzo,Germany,Male,40,583,107041.3,5635.63,1,1,0,1
15612071,Wilson,Spain,Female,32,763,95153.77,81310.1,1,1,0,1
15719809,Endrizzi,Germany,Male,32,516,145166.09,111421.45,2,0,0,1
15716518,Yuryeva,France,Female,27,617,0.0,190269.21,2,0,0,0
15742210,Ugochukwu,France,Male,38,700,65962.63,100950.48,1,1,0,1
15630617,Lo Duca,Germany,Male,36,727,140418.81,113033.73,1,1,1,1
15720838,Gallo,Spain,Female,31,689,139799.63,120663.57,1,1,0,1
15595537,Trout,Germany,Male,49,626,171787.84,187192.23,2,0,0,1
15623196,Morley,France,Male,38,686,149238.97,97825.23,1,1,0,1
15679249,Chou,Germany,Female,57,351,163146.46,169621.69,1,0,1,1
15693199,Shao,France,Female,37,739,0.0,191557.1,2,0,1,0
15661219,Trentino,France,Male,32,627,0.0,103287.62,2,0,0,0
15617136,Mazzanti,Germany,Female,38,451,61482.47,167538.66,1,1,0,1
15760294,Endrizzi,France,Female,41,512,145150.28,64869.32,1,0,1,1
15652808,Monaldo,France,Female,41,774,126670.37,102426.06,1,0,0,1
15657139,Otutodilinna,France,Female,40,652,84390.8,107876.2,2,1,0,1
15803790,Allen,Germany,Male,37,638,89728.86,37294.88,2,1,0,1
15764105,Milne,France,Female,57,475,0.0,89248.99,2,0,0,0
15672610,Somadina,Spain,Male,40,567,118628.8,91973.63,1,0,0,1
15766896,Chieloka,France,Male,37,750,0.0,16870.2,2,0,0,0
15587735,Chukwuebuka,France,Male,39,850,96863.13,121681.19,1,1,0,1
15659501,Chioke,France,Female,38,753,142263.45,33730.43,1,1,0,1
15745001,Kovalev,Spain,Female,36,683,0.0,104786.59,2,0,0,0
15651140,Doherty,France,Female,32,710,0.0,94790.34,1,0,0,0
15571148,Baranov,Spain,Female,21,645,0.0,28726.07,2,0,0,0
15776824,Rossi,France,Male,28,714,122724.37,67057.27,1,1,0,1
15633141,Robinson,Germany,Female,35,696,174902.26,69079.85,1,0,0,1
15764174,Bidencope,Spain,Female,26,612,0.0,179780.74,2,1,0,0
15778155,T'ien,Germany,Female,31,520,108914.17,183572.39,1,1,1,1
15715920,De Bernales,Spain,Male,23,782,98052.66,142587.32,1,1,0,1
15671917,Wade,France,Male,46,666,123873.19,177844.06,1,1,0,1
15666548,Chung,Germany,Female,56,466,111920.13,197634.11,3,0,1,1
15625623,Stevenson,France,Female,45,567,0.0,121053.19,2,1,0,0
15748123,Chienezie,France,Male,20,613,0.0,149613.77,2,1,0,0
15648735,Cashin,France,Male,37,718,0.0,142.81,2,1,0,0
15634974,Seppelt,France,Female,37,614,75150.34,131766.67,4,1,1,1
15713378,Brownless,France,Male,38,711,0.0,53311.78,2,0,0,0
15753370,McDonald,Germany,Female,38,691,114753.76,107665.02,1,0,0,1
15782659,Mamelu,France,Male,32,527,0.0,109523.88,1,0,0,0
15583364,McGregor,France,Female,32,476,111871.93,112132.86,1,0,0,1
15625942,McDonald,Spain,Female,45,619,0.0,113645.4,2,0,0,0
15720284,Crawford,Germany,Female,37,607,135927.06,180890.4,1,0,0,1
15679642,Feng,Spain,Male,44,695,0.0,70974.13,2,1,0,0
15628007,Genovese,France,Male,33,653,0.0,53379.52,2,0,0,0
15661974,Pirozzi,France,Male,46,677,57037.74,158531.01,1,1,0,1
15689341,Gibbs,France,Female,50,655,0.0,179267.94,4,0,1,0
15607993,Milne,France,Female,52,625,79468.96,84606.03,1,1,0,1
15693267,Dickson,Germany,Female,34,679,121063.85,56984.58,1,0,0,1
15769522,O'Connor,France,Male,51,734,118537.47,116912.45,1,1,0,1
15755825,McGuirk,France,Male,39,666,0.0,102999.33,2,0,0,0
15598175,Toscani,Germany,Female,26,592,105082.07,132801.57,2,0,0,1
15744327,Ruth,France,Male,40,564,0.0,85455.62,1,0,1,0
15798666,Hughes,France,Female,36,814,0.0,98657.01,2,1,0,0
15577064,Onyekaozulu,Germany,Male,36,592,104702.65,107948.72,2,0,0,1
15759436,Aksenov,France,Female,50,758,95813.76,67944.09,3,1,1,1
15690231,K'ung,Spain,Female,62,612,167026.61,192892.05,2,1,0,1
15751561,Meng,Germany,Male,61,498,102453.26,187247.56,1,0,1,1
15739068,Nwoye,Germany,Male,25,638,148045.45,114722.42,2,1,0,1
15758056,Calabresi,France,Male,35,558,0.0,111687.57,2,0,0,0
15742269,Milano,France,Female,24,756,0.0,184182.25,2,0,0,0
15726490,Kirby,Spain,Male,52,782,0.0,52759.82,1,1,1,0
15738411,Ho,France,Male,34,505,104498.79,126451.14,1,1,0,1
15727919,Chukwuemeka,Spain,Female,29,671,0.0,12048.67,2,0,0,0
15709396,Hale,France,Male,42,801,0.0,95804.33,2,1,0,0
15654106,K?,France,Male,26,604,149542.52,197911.52,2,1,0,1
15621653,Rice,France,Female,29,716,87946.39,182531.74,1,1,0,1
15598086,Brown,France,Female,45,624,68639.57,168002.31,1,0,1,1
15752300,Sagese,Germany,Male,47,607,148826.32,79450.61,1,1,0,1
15658693,Aksyonova,France,Female,60,827,0.0,60615.83,2,1,0,0
15631838,Findlay,France,Male,61,606,108166.09,8643.21,2,1,0,1
15803804,Walker,Germany,Female,35,717,103214.71,172172.7,1,0,0,1
15578809,Hao,Germany,Male,40,651,134760.21,174434.06,2,0,1,1
15752026,Hammer,France,Male,58,691,0.0,194930.3,1,1,1,0
15723706,Abbott,France,Female,33,573,90124.64,137476.71,1,0,0,1
15752838,Lucas,Spain,Male,38,723,0.0,94415.6,2,1,0,0
15569571,Davydova,Germany,Female,46,584,87361.02,120376.87,2,0,1,1
15769703,West,Germany,Female,45,550,111257.59,97623.42,1,0,1,1
15679770,Smith,France,Female,61,611,131583.59,66238.23,4,1,1,1
15791102,Mai,Germany,Male,41,549,95020.8,131710.59,3,1,1,1
15655192,Fiorentino,Spain,Female,24,850,0.0,69052.87,2,1,0,0
15709487,Freeman,Germany,Male,34,668,80242.37,56780.97,2,0,0,1
15687130,Nkemjika,France,Female,43,686,0.0,170072.9,1,1,0,0
15755178,Ramos,France,Male,50,660,0.0,191849.15,3,1,1,0
15634772,Mario,Spain,Female,59,682,122661.39,84803.76,1,1,0,1
15617197,Chien,France,Male,50,524,0.0,31840.59,2,1,1,0
15631240,Dubinina,France,Female,36,645,0.0,12096.61,2,1,1,0
15784301,Wang,France,Male,42,850,0.0,44165.84,2,0,0,0
15631310,Hsieh,France,Female,53,537,0.0,91406.62,1,1,0,0
15756560,Moran,Spain,Female,46,599,81742.84,83282.21,2,0,0,1
15732270,Hung,Spain,Male,71,727,0.0,198446.91,1,1,1,0
15739357,Moss,Spain,Male,30,756,145127.85,7554.68,1,0,0,1
15771540,Fedorova,France,Male,38,755,148912.44,80416.16,1,0,0,1
15567486,Li,Spain,Female,41,634,0.0,164549.74,2,1,0,0
15714634,Nebechi,France,Male,26,837,89900.24,175477.03,2,0,0,1
15727021,Obialo,Germany,Female,30,727,119027.28,137903.54,2,1,0,1
15650670,Bateson,Germany,Female,40,567,105222.86,93795.86,2,0,0,1
15711834,Long,Spain,Female,30,650,0.0,67997.13,1,0,1,0
15729763,Nelson,Spain,Male,34,655,116114.93,49492.15,1,1,0,1
15646566,Bell,France,Female,58,763,187911.55,35825.18,1,1,0,1
15645463,Udinese,France,Female,27,843,0.0,67494.23,2,1,0,0
15672144,Mao,France,Female,38,667,144432.04,73963.17,1,1,1,1
15596088,Fanucci,France,Female,50,705,77065.9,145159.26,2,1,0,1
15614878,Yeh,Germany,Female,29,660,180520.29,123850.58,1,1,0,1
15635240,Onuoha,France,Male,42,553,0.0,23822.04,2,0,0,0
15775905,Moore,Germany,Female,47,612,130024.87,45750.21,1,1,1,1
15700657,Thornton,Germany,Female,40,641,110086.69,159773.14,1,0,0,1
15611905,Warlow-Davies,Spain,Female,31,513,174853.46,84238.63,1,0,0,1
15652527,Champion,France,Male,44,680,108724.98,72330.46,1,1,0,1
15785865,Mazzanti,France,Male,58,711,91285.13,26767.85,2,1,0,1
15645942,Macleod,Spain,Male,40,689,0.0,164768.82,2,1,0,0
15688691,Lei,Germany,Female,51,665,110610.41,1112.76,2,1,1,1
15592736,Lucchese,Germany,Male,54,551,102994.04,176680.16,1,0,1,1
15673529,Lombardo,Spain,Male,36,645,59893.85,43999.64,2,0,0,1
15724145,William,Germany,Male,29,616,149318.55,140746.13,1,0,0,1
15704629,Wright,France,Female,32,582,116409.55,152790.92,1,1,0,1
15597896,Ozoemena,Germany,Male,30,365,127760.07,81537.85,1,0,1,1
15731790,Boyle,Germany,Female,38,697,132591.36,7387.8,1,1,1,1
15634719,Chinwendu,France,Male,31,704,0.0,183038.33,2,0,0,0
15703205,Uwaezuoke,France,Female,46,656,113402.14,138849.06,2,1,0,1
15567333,Archambault,France,Female,31,712,0.0,170333.38,2,0,0,0
15754537,Ko,France,Male,40,748,0.0,60416.76,1,0,0,0
15612030,Udegbulam,France,Male,28,724,0.0,100240.2,2,1,0,0
15573242,Greene,France,Male,50,691,136953.47,2704.98,1,1,0,1
15601892,Hunter,France,Male,33,563,0.0,68815.05,2,1,0,0
15663885,Blinova,France,Male,32,741,0.0,64839.23,1,1,0,0
15701096,De Garis,France,Male,44,778,123863.64,144494.94,1,0,0,1
15710450,Okwudiliolisa,Spain,Male,22,848,120811.89,185510.34,1,1,0,1
15790846,Ts'ai,Germany,Male,38,634,148430.55,56055.72,1,1,0,1
15658956,Tuan,Germany,Male,40,505,47869.69,155061.97,2,1,0,1
15755223,Tseng,Germany,Male,53,692,150926.99,119817.19,2,0,0,1
15787318,Holmwood,Germany,Female,47,537,103163.35,16259.64,1,0,1,1
15737310,Thompson,France,Male,29,633,130206.28,184654.87,1,0,0,1
15763665,Y?,France,Female,28,833,136674.51,5278.78,2,0,0,1
15668818,Chidubem,Spain,Female,40,592,200322.45,113244.73,1,1,0,1
15765812,Trevisani,Spain,Male,48,587,0.0,8908.0,2,1,0,0
15704844,Hsiung,Spain,Male,62,550,80927.56,64490.67,1,1,0,1
15744582,Randall,France,Female,24,680,0.0,154971.63,3,0,1,0
15616700,Leach,Spain,Female,41,622,0.0,155786.39,2,1,0,0
15683521,Godfrey,Germany,Male,28,594,142574.71,129084.82,2,0,0,1
15583049,Wallace,Germany,Female,34,643,160426.07,188533.11,1,1,0,1
15643752,Wei,France,Male,25,540,116160.23,13411.67,1,0,0,1
15620398,Mitchell,Spain,Female,34,635,98683.47,15733.19,2,0,0,1
15715707,Light,France,Male,32,657,118829.03,73127.61,2,1,0,1
15814209,Capon,France,Male,31,814,118870.92,101704.19,1,0,0,1
15733768,Hou,France,Male,32,600,0.0,101986.16,1,1,0,0
15755242,Rowe,France,Female,46,682,0.0,114442.66,1,1,0,0
15729412,Holloway,France,Male,38,682,107192.38,15669.17,1,1,0,1
15746564,O'Sullivan,France,Male,42,566,108010.78,157486.1,1,1,0,1
15588446,Udinesi,Spain,Male,34,550,0.0,131281.28,2,0,0,0
15665221,Nwebube,France,Male,26,630,129837.72,197001.15,2,1,0,1
15640846,Chibueze,Germany,Female,58,546,106458.31,128881.87,4,0,1,1
15700209,Walker,France,Male,63,486,97009.15,85101.0,1,1,0,1
15658360,Gregory,Spain,Male,35,762,122929.42,149822.04,2,0,0,1
15602735,Kuo,Germany,Male,45,692,152296.83,108040.86,4,1,1,1
15724834,Wilson,France,Female,30,498,0.0,135795.53,2,0,0,0
15800062,Lanford,Spain,Male,49,850,0.0,25867.67,1,0,1,0
15685300,Meng,France,Male,35,603,128993.76,130483.56,2,0,0,1
15760102,Yeh,France,Female,36,551,0.0,183479.12,1,0,0,0
15787026,Onwuatuegwu,Germany,Male,27,627,185267.45,77027.34,2,1,0,1
15653696,Goliwe,France,Female,28,515,0.0,94141.75,2,0,0,0
15788946,Anthony,Spain,Female,29,605,116805.82,4092.75,1,0,0,1
15600724,Scott,Germany,Male,29,567,129750.68,109257.59,1,0,0,1
15574324,Genovese,Germany,Female,29,568,129177.01,104617.99,2,1,0,1
15707144,Onyeorulu,Germany,Male,25,571,82506.72,167705.07,2,0,0,1
15775891,Myers,Germany,Male,48,634,107247.69,103712.05,1,1,1,1
15711789,Davey,Spain,Female,42,768,0.0,161242.99,1,0,1,0
15600879,Parsons,Germany,Female,36,554,157780.93,6089.13,2,0,0,1
15681196,Chikere,France,Male,35,629,172170.36,159777.37,1,1,0,1
15716000,Hs?eh,Spain,Male,48,638,0.0,7919.08,2,1,0,0
15766776,Sal,France,Male,41,576,0.0,188274.6,1,1,0,0
15680278,Ts'ai,Spain,Female,42,661,75361.44,27608.12,1,0,1,1
15688637,Witt,France,Female,27,592,0.0,183569.25,2,1,0,0
15591179,Skelton,Spain,Male,30,702,0.0,145537.32,2,1,0,0
15677435,Kazantseva,France,Female,29,647,98263.46,164717.95,2,0,0,1
15698619,Bowhay,France,Male,43,593,0.0,76357.43,2,1,0,0
15581036,Beyer,Germany,Female,40,712,109308.79,120158.72,2,0,1,1
15622117,Fries,Spain,Female,31,625,0.0,151843.54,2,0,0,0
15599301,Tao,Germany,Female,28,538,164365.44,5698.97,1,1,0,1
15581548,Kaodilinakachukwu,Spain,Female,22,637,98800.0,122865.55,1,0,0,1
15586870,Ni,France,Male,27,632,193125.85,152665.85,1,1,0,1
15735263,Hsueh,France,Male,27,736,51522.75,192131.77,1,1,0,1
15765322,Connely,France,Male,23,755,84284.48,62851.6,2,1,0,1
15582944,Becker,Spain,Female,39,425,0.0,140941.47,2,0,0,0
15687162,Clayton,France,Male,51,461,119889.84,56767.67,1,0,1,1
15644962,Connolly,France,Male,21,745,137910.45,177235.23,1,1,0,1
15612615,Graham,France,Female,37,616,0.0,86242.18,2,0,0,0
15813439,Ch'ien,France,Male,33,587,100116.82,34215.58,1,0,0,1
15604544,Manfrin,Germany,Male,40,850,166082.15,44406.17,2,1,0,1
15761348,Kuo,France,Female,38,601,0.0,165196.65,2,0,0,0
15785078,Fomin,Spain,Male,26,730,0.0,34542.41,1,0,0,0
15759874,Chamberlain,France,Male,44,532,148595.55,74838.64,1,0,1,1
15643658,Barber,Germany,Male,53,850,94078.97,36980.54,2,0,0,1
15713267,Zimmer,Spain,Female,34,779,0.0,111676.63,2,1,0,0
15737782,Brazenor,France,Male,29,562,0.0,25858.68,1,1,0,0
15815490,Cocci,Germany,Male,40,670,164948.98,177028.0,3,0,1,1
15679410,Caldwell,France,Female,62,729,140549.4,30990.16,1,0,1,1
15756241,Yirawala,France,Female,44,767,152509.25,136915.15,1,1,0,1
15688409,Donaldson,France,Female,28,742,191864.51,108457.99,1,0,1,1
15742272,Ozerova,France,Female,44,669,96418.09,131609.48,1,0,1,1
15717898,Bruce,Spain,Male,32,542,131945.94,159737.56,1,1,0,1
15769582,Kang,France,Male,29,586,0.0,142238.54,2,1,0,0
15635660,Rossi,Germany,Male,30,612,142910.15,105890.55,1,0,1,1
15576723,Ts'ai,France,Female,37,740,0.0,194270.91,2,1,0,0
15591577,Moran,France,Male,35,584,146311.58,105443.47,1,1,0,1
15582325,Jennings,France,Male,52,524,87894.26,173899.42,1,0,1,1
15693947,Tokareva,France,Female,19,614,97445.49,122823.34,2,0,0,1
15760446,Pagnotto,France,Female,64,598,0.0,13181.37,1,1,1,0
15611105,Castella,Spain,Male,35,799,0.0,140780.8,2,1,0,0
15630920,Du Cane,France,Male,34,724,154485.74,78560.64,2,0,0,1
15574910,Ferguson,France,Male,50,601,115625.07,185855.21,1,0,0,1
15756472,Odinakachukwu,France,Male,25,804,108396.67,128276.95,1,0,0,1
15682890,Woronoff,Germany,Male,38,745,65095.41,140197.42,2,1,0,1
15641994,Meng,Germany,Male,43,667,103018.45,32462.39,1,0,1,1
15733297,Sinclair,France,Female,38,518,84764.79,162253.9,1,1,0,1
15767793,Hsu,France,Female,38,819,0.0,30498.7,2,0,0,0
15725698,Panicucci,Spain,Female,35,520,115680.81,90280.7,1,1,0,1
15813532,Burns,France,Female,39,625,0.0,32615.21,2,0,0,0
15576760,Onodugoadiegbemma,Germany,Male,36,673,73088.06,196142.26,2,0,0,1
15732102,Darling,Germany,Female,27,656,150905.03,16998.72,2,0,0,1
15739046,Maggard,Spain,Female,23,850,143054.85,62980.96,1,1,0,1
15631927,Thomas,Spain,Female,28,574,0.0,185660.3,2,0,0,0
15672115,Lettiere,France,Male,60,679,0.0,77331.77,2,1,0,0
15618765,Ponomaryov,Germany,Female,42,530,99948.45,97338.62,1,1,0,1
15679148,Oliver,France,Male,44,508,115451.05,67234.33,2,0,0,1
15728474,Chienezie,Germany,Male,32,558,108235.91,143783.28,1,1,0,1
15636999,Mao,France,Male,38,414,0.0,77661.12,1,1,1,0
15754261,Ho,Spain,Male,42,648,98795.61,89123.99,2,0,0,1
15629150,Lucchese,France,Female,37,721,0.0,70810.8,2,0,0,0
15736274,Prokhorova,France,Male,31,751,0.0,17550.49,2,0,0,0
15627697,Alekseyeva,France,Male,34,662,0.0,21497.27,2,1,0,0
15721585,Blacklock,Germany,Male,29,628,113146.98,124749.08,2,1,0,1
15639946,Sazonova,Germany,Female,39,597,162532.14,36051.46,3,0,1,1
15792176,Henty,Spain,Female,40,698,92053.44,143681.83,1,1,0,1
15699450,Li,France,Male,48,723,0.0,150694.58,2,1,0,0
15729954,Azuka,France,Female,28,586,0.0,170487.4,3,0,1,0
15600103,Alexander,Germany,Female,29,633,104944.1,97684.46,1,1,0,1
15786200,Brock,France,Male,31,564,0.0,53520.03,2,0,0,0
15797010,Shen,France,Female,31,649,0.0,15200.61,2,0,0,0
15670172,Padovesi,France,Female,30,622,107879.04,196894.62,1,1,0,1
15627352,Bulgakov,Germany,Male,46,459,110356.42,4969.13,1,0,1,1
15622494,Mazzanti,France,Male,27,718,0.0,26229.24,2,0,0,0
15585835,Lord,Spain,Female,34,655,109783.69,134034.32,2,0,0,1
15595071,Ramos,France,Male,22,696,149777.0,198032.93,1,1,0,1
15628203,Pai,France,Female,38,637,104339.56,119882.86,1,0,0,1
15667190,Yuan,Spain,Female,21,630,85818.18,133102.3,1,1,0,1
15780212,Mao,France,Male,37,592,212692.97,176395.02,1,0,0,1
15766869,Uspenskaya,Germany,Male,37,634,89696.84,193179.88,2,1,0,1
15775741,Powell,France,Female,28,608,0.0,125062.02,2,1,0,0
15628170,Brown,Germany,Female,32,565,68067.24,143287.58,1,0,0,1
15701318,Poole,Spain,Male,67,763,148564.66,87236.4,1,1,0,1
15710928,McChesney,France,Female,55,665,136354.16,93769.89,1,1,0,1
15682547,Lucchese,France,Male,38,649,122214.0,88965.46,1,1,0,1
15631170,Clements,France,Male,45,695,0.0,30793.61,2,1,0,0
15648702,Yuriev,Germany,Male,70,775,119684.88,74532.02,2,1,0,1
15783444,Endrizzi,France,Female,39,788,135139.33,113086.08,1,1,0,1
15809178,Pan,Germany,Female,42,569,146100.75,32574.01,1,0,1,1
15806688,Manfrin,Spain,Female,56,726,123110.9,130113.78,3,1,1,1
15576824,Kennedy,Germany,Female,44,564,111760.4,104722.47,3,1,1,1
15675422,Conway,France,Female,32,544,110728.39,14559.62,1,1,0,1
15681550,Lablanc,France,Female,41,614,121558.46,598.8,1,1,0,1
15812628,Dodd,Germany,Female,38,453,120623.21,129697.99,1,0,0,1
15597951,Muir,France,Female,58,471,114713.57,36315.03,1,1,0,1
15807045,Milanesi,Germany,Female,37,829,103457.76,1114.12,1,0,0,1
15581748,Shen,Germany,Male,57,754,101134.87,70954.41,2,1,0,1
15770420,Dillon,Germany,Male,46,749,78136.36,73470.98,2,1,0,1
15608230,Hoelscher,France,Male,23,667,0.0,91573.19,2,0,0,0
15730339,Bell,Spain,Male,30,670,133446.34,3154.95,1,0,0,1
15712584,Liao,France,Female,33,670,0.0,88187.81,2,1,0,0
15592816,Udokamma,Germany,Female,48,623,108076.33,118855.26,1,0,1,1
15641480,Sinnett,France,Male,32,571,131354.25,125256.53,1,0,0,1
15708505,Palerma,Germany,Female,37,641,62974.64,39016.43,2,1,0,1
15791131,Chimaijem,Germany,Female,30,551,143340.44,145796.49,1,0,0,1
15618225,Porter,Germany,Male,36,741,116993.43,168816.22,2,0,0,1
15644724,Fan,France,Male,31,472,58662.92,73322.0,2,1,0,1
15662098,Palmer,Spain,Male,41,650,128808.65,113677.53,3,0,1,1
15723894,Younger,France,Male,45,625,137555.44,124607.7,1,0,0,1
15787699,Burke,Germany,Male,34,650,142393.11,11276.48,1,1,0,1
15687738,Nwagugheuzo,France,Female,38,535,0.0,136620.64,2,0,0,0
15576126,Young,France,Female,41,649,125785.23,70523.92,1,1,0,1
15658889,Watson,France,Male,22,689,136444.25,51980.25,1,0,1,1
15667046,Tseng,Spain,Male,38,694,121527.4,113481.02,1,0,0,1
15669957,Drake,Germany,Male,52,655,144696.75,49025.79,1,1,0,1
15655794,Hanna,France,Male,36,620,0.0,145937.99,2,1,0,0
15599829,Padovesi,France,Female,35,577,0.0,25161.61,2,1,0,0
15753332,Loftus,Germany,Male,48,401,128140.17,175753.55,1,0,1,1
15671124,Buccho,France,Male,25,599,120383.41,24903.09,1,1,0,1
15767474,Lorenzo,France,Female,57,481,0.0,169719.35,3,1,1,0
15720671,Ibezimako,France,Male,42,704,129735.3,179565.57,2,1,0,1
15626787,Wei,Spain,Female,31,698,185078.26,115337.74,1,0,1,1
15774491,Ross,France,Female,28,480,0.0,48131.92,2,0,0,0
15579647,Oluchukwu,France,Male,42,682,0.0,160828.98,1,1,0,0
15625522,Walker,Spain,Male,31,700,0.0,145151.96,2,1,0,0
15765806,Wu,France,Male,29,492,144591.96,196293.76,1,1,0,1
15566708,Chidalu,France,Female,45,444,0.0,161653.5,2,0,1,0
15668347,Ingram,France,Male,36,624,0.0,84635.64,2,0,0,0
15575214,Ch'en,France,Male,37,709,0.0,159486.76,1,0,0,0
15591123,Iredale,Germany,Male,68,557,100194.44,38596.34,1,1,0,1
15573280,Gallagher,Germany,Male,50,646,145295.31,27814.74,2,1,0,1
15589018,Padilla,Germany,Male,28,719,106070.29,183893.31,2,1,0,1
15654495,Potter,Germany,Female,47,706,120621.89,140803.7,1,1,0,1
15597265,Mao,France,Male,38,660,0.0,146585.53,2,1,0,0
15733876,Schneider,France,Male,36,667,0.0,40062.29,2,1,0,0
15677217,Ibragimova,France,Male,30,705,0.0,181300.32,1,1,0,0
15747265,Huang,Germany,Female,27,598,171283.91,84136.12,1,1,0,1
15713379,Anderson,France,Male,26,669,0.0,197594.34,2,1,0,0
15730433,Nakayama,Germany,Female,38,580,128218.47,125953.83,1,0,1,1
15693347,Gardener,France,Female,32,676,0.0,75465.41,2,1,0,0
15715465,Aksenova,Germany,Male,28,714,77776.39,177737.07,1,0,0,1
15680736,Milne,Germany,Female,72,597,124978.19,7144.46,2,1,0,1
15610765,Onwumelu,France,Male,29,559,0.0,155639.76,2,0,0,0
15650034,Kudryashova,France,Female,28,564,0.0,162428.05,1,1,0,0
15782468,Hart,Spain,Male,51,850,109799.55,12457.76,2,1,1,1
15685109,Teng,France,Male,39,689,0.0,14917.09,2,0,0,0
15776233,Kruglova,Germany,Female,61,758,125397.21,182184.09,1,0,1,1
15761141,Palerma,Spain,Female,71,604,0.0,129984.2,2,1,0,0
15781702,Brookes,Germany,Male,38,733,111347.37,194872.97,2,1,0,1
15790235,Hsing,Spain,Male,40,778,104291.41,117507.11,2,1,0,1
15641416,Shaffer,Germany,Female,61,732,94867.18,157527.6,2,1,1,1
15775234,Laurie,France,Male,24,646,0.0,92612.88,2,0,0,0
15659475,Chung,France,Female,33,597,135703.59,74850.84,2,0,0,1
15642202,Whitfield,Germany,Female,37,821,106453.53,127413.0,2,1,0,1
15771417,Thomas,France,Male,43,640,132412.38,69584.3,1,0,1,1
15585100,Rioux,Germany,Female,40,511,124401.6,198814.24,1,0,1,1
15700487,Osonduagwuike,France,Male,46,805,118022.06,162643.15,3,0,1,1
15726589,Matveyev,Germany,Male,39,540,82531.11,114092.52,1,0,0,1
15747503,Hayward,Spain,Male,44,705,184552.12,68860.3,1,0,1,1
15595883,Nkemdirim,Germany,Male,39,540,127278.31,16150.34,1,1,0,1
15663826,Brim,Spain,Female,66,532,0.0,115227.02,1,1,0,0
15742820,Trevisano,France,Female,45,535,0.0,170621.55,2,1,0,0
15624793,Soubeiran,Germany,Male,23,627,184244.86,103099.22,1,0,0,1
15597930,Wilson,France,Male,52,646,59669.43,172495.81,1,0,1,1
15665110,Helena,France,Female,25,515,79543.59,38772.82,1,1,0,1
15770719,Duncan,France,Female,39,697,151553.19,44946.29,1,1,0,1
15731327,Hale,Germany,Male,27,652,166527.88,146007.7,2,1,0,1
15576044,Macdonald,Germany,Male,28,579,150329.15,145558.42,1,0,0,1
15775662,McKay,France,Male,43,760,121911.59,193312.33,1,0,0,1
15646817,Chiekwugo,France,Male,51,769,156773.78,40257.79,2,0,0,1
15596060,Skinner,Spain,Male,29,498,127864.26,46677.9,1,1,0,1
15723299,Sorokina,France,Male,53,774,113709.28,153887.93,1,1,1,1
15636982,Weller,Germany,Female,43,705,79974.55,103108.33,1,1,0,1
15751175,Bess,France,Female,44,648,0.0,58652.23,2,1,0,0
15618936,MacDonald,France,Female,51,688,0.0,91624.11,1,0,1,0
15787529,Gray,Spain,Male,38,592,0.0,65986.48,1,0,1,0
15780128,Ogbonnaya,France,Male,33,705,144427.96,113845.19,2,0,0,1
15615991,Udegbulam,France,Male,42,654,99263.09,67607.9,1,1,0,1
15757001,Mai,France,Female,32,624,79368.87,145471.94,2,1,0,1
15595388,Yeh,France,Female,30,594,0.0,124071.71,2,1,0,0
15699550,Babbage,Spain,Female,34,695,0.0,67502.12,2,1,0,0
15581620,Franklin,France,Male,28,597,0.0,78707.97,3,1,0,0
15600934,Randell,France,Female,52,758,125095.94,171189.83,1,0,1,1
15738672,Paterson,Germany,Female,40,737,162485.8,149381.32,2,0,0,1
15721307,Pickering,Germany,Male,37,694,95668.82,100335.55,2,0,0,1
15619280,Uspensky,France,Male,25,683,0.0,152698.24,2,0,0,0
15768244,Macleod,Spain,Female,30,538,0.0,41192.95,2,1,0,0
15806837,Nnaife,France,Male,37,669,0.0,132540.33,1,0,0,0
15643496,Randolph,France,Female,34,730,74197.38,96875.52,2,0,0,1
15813916,Kudryashova,France,Female,31,622,89688.94,152305.47,1,1,0,1
15626385,George,Spain,Female,33,714,103121.33,49672.01,2,1,0,1
15603582,Robertson,Spain,Female,34,569,0.0,133997.53,1,0,0,0
15764351,Yuryeva,Germany,Female,59,668,120170.07,50454.8,1,1,0,1
15667938,Hurst,France,Male,32,628,149136.31,16402.11,2,1,0,1
15576360,Ch'iu,France,Male,40,600,141136.79,67803.83,1,1,0,1
15628813,King,France,Female,43,693,152341.55,9241.78,1,0,0,1
15584190,Esposito,France,Male,36,704,120026.98,100601.73,2,1,0,1
15716449,Fraser,Spain,Male,33,527,132168.28,98734.15,1,0,0,1
15759913,Trentini,Germany,Male,43,553,85200.82,160574.09,2,1,0,1
15701555,Nicholls,Spain,Male,53,575,84903.33,26015.8,2,1,0,1
15758482,Montalvo,France,Female,32,626,0.0,187172.54,2,0,0,0
15758171,Tien,France,Male,20,582,0.0,55763.66,1,1,0,0
15680346,Chuang,Spain,Male,40,683,0.0,75848.22,1,0,0,0
15649124,Fang,France,Male,30,850,121535.18,40313.47,1,0,0,1
15812917,Kosisochukwu,Spain,Male,35,653,116662.96,23864.21,2,1,0,1
15768455,Young,France,Male,60,679,0.0,51380.9,2,1,0,0
15703059,Scott,Germany,Female,49,549,124829.16,93551.36,1,1,0,1
15646196,Yeh,Spain,Female,36,850,155180.56,169415.54,2,0,0,1
15585451,Vigano,Germany,Female,32,558,108262.87,6935.31,1,1,0,1
15714057,Windradyne,Spain,Male,40,528,0.0,25399.7,2,0,0,0
15748473,Curnow,France,Male,38,801,0.0,66256.27,2,0,0,0
15785782,Ugonna,Spain,Male,48,513,0.0,114709.13,1,1,1,0
15693233,De Neeve,Germany,Male,38,666,99812.88,158357.97,2,1,0,1
15757521,Ricci,France,Male,35,606,132164.26,164815.59,1,1,0,1
15812513,Nnaife,Germany,Male,45,599,103583.05,132127.69,1,0,1,1
15674950,Ebelechukwu,Germany,Male,39,544,142406.43,146637.45,2,0,0,1
15678572,Keating,Spain,Male,38,529,99842.5,90256.06,2,0,1,1
15713608,Tuan,France,Female,41,850,0.0,34827.43,2,1,0,0
15579262,Shearston,France,Male,41,497,0.0,22074.48,1,0,0,0
15610426,Tien,France,Female,39,764,81042.42,109805.17,1,1,0,1
15776454,Hamilton,France,Female,48,603,0.0,100478.6,1,0,1,0
15771483,Arnold,France,Male,40,609,0.0,97416.34,2,1,0,0
15648489,Ting,France,Male,53,487,199689.49,24207.86,1,1,1,1
15646609,Chao,France,Male,33,748,142645.43,69132.66,1,0,0,1
15693203,Powell,Spain,Female,75,710,0.0,9376.89,2,1,0,0
15813067,Williams,Germany,Female,45,432,110219.14,43046.7,1,0,1,1
15769829,Cheng,Spain,Male,51,534,0.0,20856.31,2,1,0,0
15662434,Zhdanova,France,Male,25,607,0.0,187048.72,2,0,0,0
15773503,Tsai,Spain,Male,32,551,0.0,53420.53,2,0,0,0
15705890,Nebechukwu,France,Male,45,674,142072.02,37013.29,1,0,0,1
15711398,Fetherstonhaugh,France,Female,25,525,0.0,89566.64,2,0,0,0
15752375,Ojiofor,Germany,Male,33,645,149564.61,149913.84,1,0,0,1
15659175,Severson,France,Female,43,755,0.0,18066.69,2,0,0,0
15597033,Speight,Germany,Male,37,708,153366.13,26912.34,1,1,0,1
15590228,Greenwalt,France,Male,21,715,76467.16,173511.72,1,1,0,1
15631848,Grover,France,Female,26,727,121508.28,146785.44,1,1,0,1
15654211,Milani,Spain,Female,27,559,0.0,1050.33,1,1,0,0
15707968,Akobundu,Spain,Male,36,545,73211.12,89587.34,2,0,1,1
15594084,Anderson,France,Male,22,524,0.0,74405.34,2,0,0,0
15651093,Chien,France,Female,55,707,0.0,54409.48,2,1,0,0
15798824,Kennedy,Spain,Male,38,671,92674.94,3647.57,2,0,0,1
15671591,Castiglione,Spain,Male,52,439,96196.24,198874.52,4,0,1,1
15707189,Marshall,Germany,Female,36,667,114391.62,53412.54,1,1,0,1
15733581,Duncan,Germany,Male,32,831,80262.66,194867.78,1,0,0,1
15641640,Uspenskaya,Spain,Female,33,545,173331.52,150452.88,1,0,0,1
15585284,Thomson,Spain,Female,35,604,147285.52,57807.05,1,1,0,1
15617866,Calabrese,Spain,Male,67,657,119785.47,107534.32,2,1,0,1
15667751,Herrera,Spain,Female,36,487,140137.15,194073.33,1,0,0,1
15669411,Muse,Germany,Female,52,750,107467.56,126233.18,1,0,1,1
15789425,Marsden,Germany,Female,37,694,98218.04,182354.46,2,0,1,1
15570943,Artemyeva,Germany,Female,35,711,133607.75,120586.32,1,1,0,1
15685829,McKay,France,Male,37,551,0.0,50578.4,2,1,0,0
15721917,Chuang,France,Female,38,559,95139.41,86575.46,1,1,0,1
15776047,Nicholls,France,Female,29,620,0.0,153392.28,2,1,0,0
15716024,Dennis,Spain,Male,42,660,0.0,115509.59,2,0,0,0
15675328,Knight,France,Female,37,449,0.0,82176.48,2,0,0,0
15604314,Webb,Germany,Female,26,703,97331.19,63717.49,1,0,0,1
15658339,Pugliesi,Germany,Male,37,795,139265.63,198745.94,2,1,0,1
15630402,Nebechukwu,France,Female,31,594,0.0,5719.11,1,1,0,0
15689616,Ward,Spain,Male,34,586,168094.01,20058.61,1,0,0,1
15774224,Nixon,Germany,Female,30,613,131563.88,170638.98,2,0,0,1
15701291,Chidubem,France,Male,44,601,0.0,30607.11,2,0,0,0
15719606,Rivers,France,Male,50,657,0.0,37171.46,2,0,0,0
15644119,Sochima,France,Male,31,531,0.0,42589.33,1,1,0,0
15646859,Heydon,Germany,Male,47,621,107363.29,66799.28,1,1,0,1
15606836,Lombardo,France,Female,33,782,94493.03,101866.39,1,1,0,1
15664150,Holland,Germany,Female,29,528,170214.23,49284.0,2,0,0,1
15624510,Tien,France,Male,52,696,139781.06,27445.4,1,0,1,1
15810944,Bryant,France,Female,35,586,0.0,70760.69,2,0,0,0
15668575,Hao,Spain,Female,26,626,148610.41,104502.02,3,1,1,1
15603246,Genovesi,France,Male,73,498,170241.7,165407.96,2,1,0,1
15804002,Kovalev,France,Female,33,691,128306.83,113580.79,1,1,0,1
15728773,Hsieh,France,Female,47,568,0.0,45978.39,2,1,0,0
15598044,Debellis,France,Female,35,715,0.0,152012.36,1,1,0,0
15694829,Chibueze,Germany,Male,32,680,175454.0,77349.92,1,1,0,1
15600575,Padovano,Spain,Male,41,802,0.0,47322.05,2,0,0,0
15727311,Yen,France,Female,22,539,100885.93,38772.65,2,1,0,1
15570769,Kibble,France,Male,69,494,93320.8,24489.44,1,1,0,1
15606274,Lori,Germany,Male,38,594,63176.44,14466.08,2,1,0,0
15746139,Enemuo,France,Male,33,596,139451.67,63142.12,1,0,0,1
15704987,Lu,France,Female,52,649,49113.75,41858.43,1,0,0,1
15628972,Nebeolisa,Germany,Male,32,699,123906.22,127443.82,3,1,1,1
15697686,Stewart,France,Female,40,787,0.0,84151.98,2,1,0,0
15733883,Ward,France,Male,28,604,0.0,58595.64,2,0,0,0
15617482,Milanesi,Germany,Female,52,489,131441.51,37240.11,1,0,1,1
15704583,Chikwado,France,Male,56,651,0.0,114522.68,1,0,1,0
15621083,Douglas,France,Male,57,698,136325.48,72549.27,2,1,1,1
15649487,Sal,Germany,Female,38,578,113150.44,176712.59,2,0,1,1
15736760,Douglas,Spain,Female,42,538,0.0,152855.96,1,0,0,0
15714658,Yates,France,Female,33,696,0.0,73371.65,2,1,0,0
15599081,Watt,Germany,Female,46,507,102785.16,70323.68,1,1,0,1
15705113,P'an,Spain,Male,34,685,83264.28,9663.28,1,0,0,1
15631159,H?,Germany,Male,41,705,72252.64,142514.66,2,1,0,1
15792818,Perry,Germany,Female,29,499,148051.52,118623.94,1,0,0,1
15633531,Lavrov,France,Female,76,717,138489.66,68400.14,1,1,0,1
15744529,Chiekwugo,France,Male,63,510,0.0,115291.86,2,1,0,0
15669656,Macdonald,France,Male,32,632,111589.33,170382.99,1,1,0,1
15581198,Jenkins,Germany,Female,39,668,122104.79,112946.67,1,0,1,1
15729054,Korovina,Germany,Male,32,744,96106.83,79812.77,1,1,0,1
15573452,Manning,Germany,Male,42,663,115930.87,19862.78,1,0,0,1
15776733,Wilson,Germany,Female,37,638,124513.66,158610.89,2,0,0,1
15724858,Begum,France,Female,54,688,0.0,191212.63,1,0,1,0
15713144,Ingrassia,Spain,Male,46,588,0.0,61931.21,1,0,0,0
15690188,Maclean,France,Male,33,631,0.0,58043.02,1,1,1,0
15689425,Olejuru,Spain,Male,35,687,100988.39,22247.27,2,0,0,1
15671766,Enyinnaya,France,Male,44,599,118577.24,31448.52,1,1,0,1
15782806,Watson,Spain,Male,28,718,0.0,146875.86,2,0,0,0
15764419,Langdon,France,Male,27,730,0.0,116081.93,2,1,0,0
15591915,Frolov,France,Female,39,533,0.0,73669.94,1,1,1,0
15772798,Chikezie,Spain,Female,28,711,0.0,93959.96,2,1,0,0
15792008,Zetticci,Spain,Female,26,555,0.0,158918.03,2,1,0,0
15715541,Yang,France,Female,42,850,113311.11,198193.75,1,1,0,1
15639277,Lin,France,Female,41,678,0.0,13160.03,1,0,0,0
15798850,Goddard,France,Male,32,576,0.0,4660.91,2,0,0,0
15776348,Rogers,Germany,Male,20,835,124365.42,180197.74,1,0,1,1
15727696,Zubareva,France,Male,42,592,147249.29,63023.02,2,1,0,1
15793813,Onochie,France,Male,36,774,103688.19,118971.74,1,1,0,1
15694395,Ts'ui,France,Female,29,620,138740.24,154700.61,2,0,0,1
15764195,Newsom,Spain,Male,39,519,111900.14,97577.17,1,1,0,1
15744919,Genovese,Spain,Female,37,734,152760.24,48990.5,1,1,0,1
15671655,Thorpe,Germany,Male,31,763,143966.3,140262.96,2,1,1,1
15654901,Horton,France,Male,51,733,141556.96,130189.53,1,0,0,1
15649136,Williamson,France,Female,43,650,0.0,16301.91,2,1,0,0
15775562,Shoobridge,France,Female,33,538,0.0,126962.41,2,0,0,0
15807481,Peng,France,Female,46,577,0.0,158750.53,1,1,0,0
15642885,Gray,France,Male,30,792,0.0,199644.2,2,0,0,0
15789109,Watson,France,Female,41,686,0.0,144272.71,1,1,1,0
15814004,Fyodorova,France,Male,29,589,0.0,98320.27,2,1,0,0
15673619,Bazhenov,France,Male,25,530,162560.32,64129.03,1,0,0,1
15595135,Solomon,Germany,Female,29,778,123229.46,181221.09,1,0,0,1
15583681,Layh,Spain,Male,31,616,76665.71,163809.08,2,1,0,1
15605000,John,France,Male,38,550,140278.99,171457.06,3,1,1,1
15718071,Tuan,France,Female,51,655,0.0,15801.02,2,1,0,0
15679760,Slattery,France,Male,46,721,115764.32,102950.79,2,0,0,1
15654574,Onyekachi,Germany,Male,36,499,131142.53,174918.46,2,0,0,1
15577178,Genovese,France,Male,45,511,68375.27,193160.25,1,0,1,1
15595324,Daniels,Germany,Female,39,579,117833.3,5831.0,3,0,1,1
15756932,Caldwell,Spain,Female,36,696,0.0,82298.59,2,1,0,0
15726358,Chiemenam,France,Male,34,681,0.0,130686.59,2,0,0,0
15595228,Wanliss,France,Male,45,815,0.0,52885.23,1,1,1,0
15782530,Bruce,Spain,Male,30,681,111093.01,68985.99,1,0,0,1
15592877,Wright,Spain,Male,42,641,132657.55,35367.19,1,0,0,1
15651983,Fang,France,Female,56,591,128882.49,196241.94,1,1,1,1
15746737,Eames,Germany,Male,59,565,69129.59,170705.53,1,1,0,1
15774179,Sutherland,France,Male,37,487,0.0,126477.41,2,1,0,0
15667265,Cavenagh,France,Male,39,729,121404.64,159618.17,1,1,0,1
15655123,Dumetolisa,Spain,Female,45,505,131355.3,195395.33,3,0,1,1
15595917,Mackay,France,Female,35,580,102097.33,168285.85,1,1,0,1
15668385,Dellucci,France,Male,40,642,154863.15,138052.51,1,1,0,1
15709476,Kenyon,Spain,Female,41,850,99945.93,71179.31,2,0,0,1
15711218,Parry,Germany,Male,39,616,121704.32,55556.3,2,0,0,1
15798659,Kennedy,Spain,Female,43,526,0.0,31705.19,2,0,0,0
15663939,Arnott,Germany,Male,35,523,138782.76,186118.93,1,1,0,1
15694946,Hanson,France,Male,35,663,0.0,195580.28,2,1,0,0
15631912,T'ao,France,Male,30,840,136291.71,54113.38,1,0,0,1
15768816,Shen,Germany,Male,42,570,107856.57,127528.84,2,0,0,1
15682268,Steere,Germany,Female,26,676,108348.66,60231.74,1,0,1,1
15684801,Abbott,France,Male,47,689,93871.95,156878.42,3,0,1,1
15636428,Sutherland,Spain,Female,45,703,0.0,182784.11,1,0,1,0
15809823,Thurgood,Germany,Male,19,491,125860.2,129690.5,1,0,0,1
15699284,Johnson,France,Male,49,584,172713.44,113860.81,1,0,0,1
15786993,Lung,France,Female,51,810,0.0,184524.74,2,1,0,0
15709441,Cocci,Spain,Female,59,745,0.0,36124.98,1,1,0,0
15710257,Matveyeva,France,Female,39,625,130786.92,121316.07,1,1,0,1
15582492,Moore,France,Female,29,535,112367.34,185630.76,1,0,0,1
15575694,Yobachukwu,Spain,Female,45,729,91091.06,71133.12,2,0,0,1
15756820,Fleming,France,Female,26,655,106198.5,32020.42,1,1,0,1
15766289,Dickinson,France,Male,47,751,142669.93,162760.96,2,0,0,1
15593014,Evseyev,France,Male,33,525,112833.35,175178.56,1,1,0,1
15584545,Aksenov,France,Female,40,532,0.0,177099.71,2,1,0,0
15675949,Fleming,Spain,Female,43,696,0.0,66406.37,2,1,0,0
15672091,Ulyanov,Germany,Female,32,786,104336.43,59559.81,2,0,0,1
15801658,Summers,France,Male,55,580,104305.74,175750.21,1,1,0,1
15706185,Clements,Germany,Male,47,596,140187.1,174311.3,2,1,0,1
15789863,Kazakova,France,Male,39,683,0.0,171716.81,2,0,0,0
15720943,Pirozzi,France,Female,45,747,114959.12,189362.39,1,0,1,1
15697997,Jamieson,France,Male,33,602,164704.38,180716.1,1,1,1,1
15665416,Ferri,France,Male,62,779,119096.55,116977.89,1,1,0,1
15660200,Mai,France,Male,31,551,0.0,185105.44,2,1,0,0
15619653,Hannaford,France,Male,47,666,0.0,35046.97,1,0,1,0
15773447,Fomin,Spain,Male,30,526,0.0,36251.0,1,0,0,0
15739160,Mahon,France,Female,41,849,115465.28,103174.5,1,0,0,1
15689237,Shaw,France,Female,27,471,0.0,122642.09,2,0,0,0
15679297,Volkova,Spain,Male,43,628,184926.61,122937.57,1,0,0,1
15591433,Miles,Germany,Male,43,674,85957.88,8757.39,2,0,0,1
15642725,Madison,France,Male,32,797,114084.6,125782.29,1,1,0,1
15701962,Scott,Spain,Female,29,590,166930.76,122487.73,2,0,0,1
15811613,Voss,France,Female,27,588,0.0,20066.38,1,0,0,0
15741049,Colebatch,France,Male,29,577,0.0,55473.15,2,1,0,0
15724423,Wilson,France,Female,38,571,107193.82,38962.94,2,0,0,1
15574305,T'ang,France,Male,36,680,116275.12,63795.8,1,1,0,1
15678168,Gibson,Spain,Female,27,648,0.0,163060.43,2,1,0,0
15697020,Hs?eh,France,Male,39,618,91068.56,26578.69,1,0,0,1
15610801,Pan,Germany,Male,41,648,123049.21,5066.76,1,1,0,1
15745232,Chikelu,France,Female,39,759,0.0,140497.67,2,1,0,0
15722758,Allan,France,Male,40,585,0.0,146156.98,2,0,0,0
15792102,Yefremova,France,Female,42,774,137781.65,199316.19,1,0,0,1
15675185,Chuang,Germany,Female,48,697,108128.96,103944.37,2,1,0,1
15801247,Fan,Spain,Male,39,605,105317.73,138021.36,2,0,0,1
15725660,Dellucci,France,Male,20,676,80569.73,68621.98,1,0,0,1
15638963,Garran,France,Female,22,678,174852.89,28149.06,1,1,0,1
15800061,Moretti,Spain,Female,45,495,89158.94,135169.76,3,0,1,1
15578006,Yao,France,Female,85,787,0.0,116537.96,2,1,0,0
15668504,Lucchesi,France,Male,36,770,89800.14,105922.69,1,1,0,1
15687491,Nkemdilim,Germany,Male,45,817,101207.75,88211.12,1,0,1,1
15610403,Anderson,France,Male,43,659,106086.42,26900.63,2,0,0,1
15741094,Sagese,France,Male,21,693,0.0,3494.02,2,1,0,0
15807909,Rubensohn,France,Male,47,744,0.0,113163.17,2,0,0,0
15666141,Baldwin,Spain,Female,26,829,101440.36,19324.5,2,1,0,1
15617134,Iqbal,France,Male,38,716,0.0,189678.7,2,0,0,0
15783029,Monaldo,France,Male,34,671,106603.74,26387.71,2,1,0,1
15622833,Mahon,Germany,Female,29,835,130420.2,106276.55,2,0,0,1
15746422,Muir,France,Female,38,636,0.0,45015.38,1,0,0,0
15750839,Burns,Spain,Male,29,649,45022.23,173495.77,1,1,0,1
15749130,Dyer,Germany,Male,27,621,74298.43,52581.96,1,1,0,1
15779862,Lyons,Germany,Female,31,658,133003.03,146339.27,1,1,1,1
15767871,H?,Spain,Male,48,784,0.0,182609.97,2,1,0,0
15679651,Gardiner,Spain,Female,37,783,136689.66,197890.65,1,0,0,1
15576219,Cameron,France,Male,32,615,0.0,6225.63,2,1,0,0
15699247,Chapman,France,Female,44,791,0.0,123977.86,2,1,1,0
15619087,Taylor,France,Male,53,762,102520.37,170195.4,1,1,0,1
15605327,Namatjira,France,Male,35,607,0.0,114190.3,2,1,0,0
15610140,He,France,Female,34,601,0.0,27022.57,2,0,0,0
15791174,Leibius,Spain,Male,67,540,88382.01,59457.0,1,1,0,1
15602373,White,France,Male,44,812,115049.15,165038.41,2,0,0,1
15762605,Wall,France,Male,58,685,104796.54,154181.41,1,1,0,1
15598840,Moretti,France,Male,33,680,123082.08,134960.98,1,0,0,1
15744279,Patterson,Spain,Female,58,680,0.0,65708.5,2,1,0,0
15670619,Coppin,France,Female,33,631,0.0,117374.22,2,0,0,0
15599533,Tsao,France,Female,43,569,0.0,77703.19,2,1,0,0
15757837,Kao,Germany,Male,33,584,88311.48,177651.38,2,1,0,1
15697574,Stewart,France,Female,40,582,0.0,60954.45,3,1,0,0
15578738,Tuan,France,Male,32,609,71872.19,151924.9,1,1,0,1
15762228,Barnes,Spain,Male,35,506,110046.93,26318.73,2,0,0,1
15614827,Sun,France,Male,42,503,104430.08,147557.71,1,1,0,1
15789815,Fallaci,France,Female,28,503,0.0,125918.17,2,0,0,0
15579781,Buccho,Germany,Male,31,806,138653.51,190803.37,1,0,0,1
15587013,Tien,France,Female,31,653,102575.04,11043.54,1,1,0,1
15570932,Pirozzi,France,Male,43,666,137780.74,119100.05,2,1,1,1
15794661,Liu,Spain,Male,32,674,0.0,140579.17,2,0,0,0
15581654,Long,France,Male,32,798,0.0,37731.95,2,1,0,0
15644296,Scott,France,Female,30,740,105209.54,1852.58,1,0,0,1
15614420,Gerasimova,Germany,Female,32,531,109570.21,172049.84,2,1,0,1
15609653,Ifeatu,Germany,Female,44,614,118715.86,133591.11,1,0,1,1
15594577,De Luca,France,Male,35,556,0.0,192751.18,2,1,0,0
15584114,Ogbonnaya,Germany,Female,43,678,153393.18,193828.27,2,1,0,1
15673367,Humffray,Germany,Male,33,587,132603.36,55775.72,1,0,0,1
15685576,Degtyaryov,Spain,Female,36,527,0.0,102280.29,2,1,0,0
15774727,Monaldo,Germany,Female,34,757,129398.01,44965.44,2,0,0,1
15694288,Cawthorne,Spain,Male,28,468,0.0,170661.02,2,0,0,0
15603319,Graham,France,Male,29,693,151352.74,197145.89,1,0,0,1
15759066,Carpenter,France,Female,44,483,136836.49,192359.9,1,0,1,1
15814816,Kambinachi,France,Male,40,466,91592.06,141210.18,1,0,1,1
15724402,Tyler,France,Female,30,770,0.0,100557.03,2,0,0,0
15571059,Martin,France,Female,54,734,0.0,130805.54,1,0,1,0
15674206,Walker,France,Female,22,716,0.0,92606.98,2,1,0,0
15715160,Khan,France,Male,36,439,165536.28,123956.83,2,1,0,1
15730448,Iroawuchi,Germany,Male,25,538,62482.95,102758.43,1,1,0,1
15662067,Summers,France,Male,40,743,68155.59,94876.65,1,0,0,1
15779581,Bottrill,Spain,Female,43,734,55853.33,94811.85,2,1,1,1
15662901,Hu,France,Male,37,656,0.0,67840.81,2,1,0,0
15689751,Jones,France,Female,31,666,79589.43,4050.57,1,0,0,1
15667742,Vincent,Spain,Male,41,627,100880.76,134665.25,1,1,0,1
15738448,Sanford,Germany,Female,25,480,174330.35,181647.13,2,0,0,1
15680243,Brown,France,Male,19,792,143390.51,33282.84,1,0,0,1
15745083,Lei,Germany,Male,59,613,91415.76,27965.0,1,0,1,1
15708228,Toscani,Germany,Male,30,476,134366.42,68343.53,1,0,0,1
15628523,Chien,France,Female,24,539,0.0,198161.07,2,1,0,0
15708196,Uchenna,Spain,Male,60,696,88786.81,196858.4,1,1,0,1
15735549,Lori,Germany,Male,35,810,96814.46,120511.03,2,1,0,1
15809347,Fanucci,Germany,Male,32,763,160680.41,30886.35,1,0,0,1
15660866,Chimaobim,France,Female,29,640,0.0,2743.69,2,0,0,0
15766609,Jowers,France,Female,47,655,0.0,167778.62,2,0,0,0
15654230,Miller,Germany,Male,31,526,145537.21,132404.64,1,0,0,1
15794566,Kirsova,France,Female,28,678,0.0,144423.17,2,1,1,0
15800890,T'ien,France,Female,45,554,0.0,181204.5,2,1,0,0
15697424,Ku,Spain,Female,30,597,119370.11,182726.22,1,1,1,1
15724536,Chin,Spain,Female,28,560,0.0,120880.72,2,1,0,0
15735878,Law,Germany,Female,47,850,134381.52,26812.89,1,0,1,1
15707596,Chung,Germany,Female,74,546,114888.74,66732.63,2,1,1,1
15657163,Cockrum,Germany,Male,42,623,149332.48,100834.22,2,0,0,1
15622478,Greaves,France,Female,40,698,105061.74,107815.31,3,0,1,1
15779529,Grant,France,Male,32,620,0.0,34665.79,2,1,0,0
15636023,O'Donnell,France,Female,40,619,0.0,147093.84,1,1,1,0
15582066,Maclean,France,Male,21,561,0.0,36942.35,1,1,0,0
15666675,Hsieh,France,Female,39,753,155062.8,16460.77,1,1,0,1
15732987,Hs?,Spain,Male,43,721,88798.34,45610.63,1,0,0,1
15789432,Mazzanti,France,Male,33,451,0.0,184954.11,2,0,0,0
15663161,Chiu,Germany,Female,51,680,143139.87,47795.43,1,0,1,1
15694879,Reeves,Spain,Female,23,590,0.0,196789.9,2,0,0,0
15593715,Castiglione,Germany,Male,27,634,107027.52,173425.68,1,0,0,1
15575002,Ferguson,France,Male,29,676,140720.93,36221.18,1,0,0,1
15622171,Nnamdi,France,Male,30,642,80964.57,174738.2,2,0,0,1
15795224,Wu,France,Male,39,760,178585.46,67131.3,1,0,1,1
15685346,Chu,Spain,Female,26,736,135889.13,165692.03,1,1,0,1
15691808,King,France,Male,43,656,134919.85,194691.95,1,0,0,1
15721007,Charlton,Germany,Male,33,776,115130.34,129525.5,1,0,1,1
15794253,Marsh,Spain,Female,34,832,138190.13,146511.2,2,1,0,1
15694453,Walker,Germany,Male,37,631,131519.49,51752.18,2,1,0,1
15813113,Chang,Spain,Female,56,795,0.0,35418.69,1,0,1,0
15614187,Pottinger,Germany,Female,39,648,126935.98,57995.74,2,1,0,1
15619407,Buckley,France,Male,39,615,133707.09,108152.75,1,1,0,1
15646227,Folliero,France,Female,27,682,97893.2,166144.98,1,0,0,1
15660541,Olisanugo,France,Male,34,694,127900.03,101737.8,1,0,0,1
15753874,Kent,France,Male,37,694,143835.47,33326.71,1,1,0,1
15617877,Jessop,France,Male,44,607,0.0,81140.09,2,1,0,0
15772073,Hodge,France,Male,48,664,0.0,140173.17,1,0,1,0
15701537,Ignatiev,France,Male,60,756,0.0,166513.49,1,1,1,0
15736228,Chambers,France,Female,40,645,129596.77,103232.6,1,1,0,1
15780572,Mansom,Spain,Male,30,653,0.0,120736.04,2,0,0,0
15769596,Yen,Germany,Female,24,710,110407.44,15832.43,2,0,1,1
15586996,Azikiwe,France,Female,76,697,0.0,188772.45,2,1,0,0
15722061,Allen,Germany,Female,41,619,142015.76,114323.66,2,0,0,1
15638003,Komarova,Spain,Male,55,648,81370.07,181534.04,1,1,0,1
15775590,Mackay,Germany,Female,48,482,69329.47,102640.52,1,0,1,1
15730688,Yu,France,Female,28,548,116755.5,158585.17,2,1,1,1
15753102,Curtis,Spain,Male,44,752,83870.33,178722.24,1,0,0,1
15810075,Fang,France,Female,39,648,130694.89,153955.38,2,1,1,1
15723373,Page,Spain,Female,34,643,117451.47,65374.86,1,0,0,1
15795298,Olisaemeka,Germany,Female,35,573,206868.78,102986.15,2,1,0,1
15584320,Brennan,France,Female,39,686,111695.62,136643.84,1,0,0,1
15724161,Sutton,France,Female,40,644,137285.26,77063.63,4,0,1,1
15750056,Hyde,France,Female,29,702,149218.39,9633.01,1,1,0,1
15609637,Nkemakolam,France,Male,51,652,0.0,43496.36,2,1,0,0
15794493,Chimaijem,Spain,Male,32,641,0.0,24267.28,2,1,0,0
15569641,Sung,Germany,Female,41,692,130701.29,59354.24,1,0,1,1
15815236,Chiganu,Spain,Male,34,574,0.0,28269.86,2,0,0,0
15811177,Beneventi,France,Female,31,643,167949.48,143162.34,1,0,0,1
15680587,Esposito,France,Male,23,834,131254.81,20199.3,1,0,0,1
15672821,Owen,France,Male,28,591,0.0,48606.92,2,1,0,0
15767681,Smalley,Spain,Male,34,470,0.0,89013.67,2,1,0,0
15600379,Hsiung,Spain,Male,34,608,86656.13,59890.29,1,1,0,1
15801336,Ch'ang,Germany,Female,37,649,114737.26,106655.88,1,1,1,1
15721592,Barton,France,Female,38,665,0.0,156439.56,2,0,0,0
15581282,Lucchese,France,Female,39,651,0.0,24176.44,1,0,0,0
15746203,Hsia,Germany,Male,62,555,119817.33,43507.1,1,1,1,1
15583137,Pope,France,Female,48,637,130806.99,132005.85,2,1,1,1
15680752,Horrocks,France,Female,49,675,0.0,80496.71,1,1,1,0
15688172,Tai,Spain,Male,40,677,0.0,88947.56,2,0,0,0
15791373,Chikezie,Germany,Female,35,850,80931.75,12639.67,1,0,1,1
15589449,Frye,France,Female,56,815,0.0,94248.16,3,1,1,0
15692819,Toscani,Germany,Male,32,665,132178.67,11865.76,1,0,0,1
15727467,Mellor,France,Female,27,485,0.0,141449.86,2,0,0,0
15734312,Kang,Spain,Male,43,577,0.0,149457.81,2,1,0,0
15764604,Sutherland,France,Female,35,586,164769.02,119814.25,3,0,1,1
15613014,Hs?,Germany,Male,29,722,107233.85,24924.92,2,0,0,1
15759684,Ting,France,Female,27,528,176227.07,139481.53,2,1,0,1
15609669,Chuang,France,Female,39,542,109949.39,41268.65,2,1,0,1
15685536,Chu,France,Female,34,552,0.0,1351.41,2,1,0,0
15750447,Ozoemena,France,Female,60,678,117738.81,147489.76,1,0,1,1
15663249,Howells,Spain,Female,37,575,133292.45,111175.09,1,0,0,1
15638646,Lucchese,France,Female,43,669,160474.59,95963.14,1,1,0,1
15734161,Nnonso,France,Male,43,636,0.0,43128.95,2,0,0,0
15631070,Gerasimova,Germany,Male,55,667,154393.43,137674.96,1,1,1,1
15761950,Woronoff,Germany,Female,45,652,110827.49,153383.54,1,1,1,1
15649668,Wilhelm,Germany,Female,36,637,145750.45,96660.76,2,1,0,1
15713912,Nebechukwu,Spain,Female,45,516,109044.3,115818.16,1,1,0,1
15586757,Anenechukwu,France,Female,32,801,75170.54,37898.5,1,1,0,1
15596522,Meredith,France,Female,42,692,0.0,145222.93,2,0,0,0
15625395,Chinomso,France,Female,28,585,105795.9,41219.09,1,1,0,1
15760570,Stephenson,France,Male,32,590,0.0,59249.83,2,0,0,0
15566689,Chimaoke,Spain,Male,66,554,0.0,116747.62,2,1,0,0
15725794,Winters,France,Female,49,659,0.0,116249.72,1,0,1,0
15673539,Napolitani,France,Female,26,690,118097.87,61257.83,1,0,0,1
15705298,L?,Germany,Male,29,697,172693.54,141798.98,1,0,0,1
15675791,Williams,France,Male,36,610,129440.3,102638.35,2,0,0,1
15747043,Giles,Spain,Male,36,599,0.0,13210.56,2,0,0,0
15736397,Wang,France,Male,23,544,96471.2,35550.97,1,0,0,1
15678201,Robertson,France,Female,46,548,0.0,104469.06,1,1,1,0
15720745,Murray,Spain,Male,24,635,140197.18,142935.83,1,1,0,1
15637593,Greco,France,Male,20,722,0.0,195486.28,2,0,0,0
15598070,Marchesi,France,Female,33,564,135946.26,63170.0,1,0,0,1
15787550,Chao,France,Male,69,719,0.0,58320.06,2,1,0,0
15603942,Hawthorn,Germany,Male,50,547,81290.02,177747.03,3,1,1,1
15733973,Bibi,France,Female,42,850,0.0,19632.64,1,0,1,0
15596761,Hawdon,Germany,Male,60,515,113715.36,18424.24,1,0,1,1
15652400,Moss,Spain,Male,56,667,168883.08,18897.78,1,1,0,1
15717893,Briggs,Germany,Male,36,607,143421.74,97879.02,1,0,0,1
15622585,McIntyre,France,Male,26,525,153644.39,63197.88,1,1,0,1
15733964,Russo,Spain,Female,53,606,109330.06,75860.01,1,1,0,1
15753861,Ballard,Germany,Female,27,686,115095.88,78622.46,2,0,0,1
15747097,Hs?,France,Male,35,611,0.0,23598.23,1,1,1,0
15594762,Pisani,Spain,Male,46,827,183276.32,13460.27,1,1,0,1
15667417,Tao,France,Male,33,572,68193.72,19998.31,1,0,0,1
15684861,Thomson,France,Female,32,726,0.0,185075.63,2,0,0,0
15742204,Hsu,Germany,Male,31,579,139729.54,135815.38,1,1,0,1
15623502,Morrison,Spain,Female,56,598,98365.33,44251.33,1,1,0,1
15774872,Joslin,France,Male,36,663,0.0,136349.55,2,0,0,0
15611191,Scott,Germany,Female,37,505,122453.97,52693.99,2,1,0,1
15674331,Bidwill,Germany,Male,30,576,132174.41,93767.03,2,0,0,1
15619465,Cameron,Spain,Female,24,555,0.0,197866.55,2,1,0,0
15575247,Cartwright,France,Male,30,524,0.0,126812.85,2,0,0,0
15695679,Yao,Spain,Male,39,776,104349.45,79503.05,1,0,0,1
15713463,Tate,Germany,Female,41,645,138881.04,129936.53,1,0,1,1
15785170,Neal,Germany,Female,32,850,116968.91,175094.62,1,0,0,1
15796351,Yao,Germany,Male,35,603,105346.03,130379.5,2,1,0,1
15639576,Burns,France,Male,26,691,136623.19,153228.0,1,0,0,1
15693264,Onyinyechukwuka,France,Female,29,583,0.0,111285.85,2,1,0,0
15589715,Fulks,France,Female,66,584,0.0,49553.38,1,0,1,0
15769902,Christie,France,Female,33,679,0.0,98015.85,2,1,0,0
15587177,Lloyd,France,Male,36,646,124445.52,88481.32,1,0,0,1
15814553,Ball,France,Female,34,559,68999.66,66879.27,2,1,0,1
15601550,Genovesi,Spain,Male,36,595,85768.42,24802.77,1,1,0,1
15664907,Alexander,France,Male,47,527,0.0,21312.16,1,0,1,0
15612465,Siciliano,Spain,Male,34,684,100628.0,190263.78,2,1,0,1
15810800,Ositadimma,Spain,Female,32,673,0.0,72873.33,1,1,0,0
15665760,Kazantsev,Spain,Male,38,802,0.0,57764.65,2,1,0,0
15588080,Giles,France,Male,54,675,0.0,110273.84,1,0,1,0
15776844,Hao,Spain,Female,19,762,0.0,55500.17,2,0,0,0
15717560,Martin,France,Male,50,580,125647.36,57541.08,1,0,1,1
15629739,Hartley,Germany,Female,31,621,100375.39,90384.26,1,1,0,1
15729908,Allan,France,Female,36,411,0.0,120694.35,1,0,0,0
15716781,Dolgorukova,France,Male,24,815,171922.72,178028.96,1,1,0,1
15646936,Nnamdi,Germany,Female,32,631,146810.99,180990.29,2,1,0,1
15768151,Romano,Germany,Female,45,514,109032.23,155407.21,1,1,1,1
15579212,Chuang,France,Male,57,638,0.0,33676.48,1,0,1,0
15721835,Owen,Spain,Male,25,791,0.0,89666.28,1,0,0,0
15800515,Singh,France,Male,35,516,128653.59,127558.26,1,0,0,1
15591279,Nwagugheuzo,France,Male,37,734,80387.81,77272.62,1,1,0,1
15587419,Shipton,France,Male,58,611,0.0,107665.68,2,1,1,0
15750335,Paterson,Germany,Male,43,850,108508.82,184044.8,3,0,1,1
15699619,Rivas,France,Male,31,641,155978.17,91510.71,1,0,0,1
15606472,Lung,France,Female,38,585,0.0,87363.56,1,1,0,0
15778368,Allan,Germany,Male,50,552,121175.56,117505.07,1,0,1,1
15671387,Fetherstonhaugh,France,Female,29,507,89349.47,180626.68,2,0,0,1
15573926,Lung,Spain,Male,38,735,86131.71,93478.96,2,0,0,1
15709183,Davidson,France,Female,58,707,102346.86,114672.64,1,1,0,1
15577514,Mai,Germany,Female,36,698,121263.62,13387.88,1,1,0,1
15778830,Dellucci,France,Male,31,841,0.0,173240.52,2,0,0,0
15768072,Mitchell,Spain,Female,33,688,0.0,27557.18,1,0,1,0
15768293,Sun,France,Male,51,614,0.0,5552.37,2,1,0,0
15654456,Napolitano,Germany,Male,48,511,149726.08,88307.87,1,0,1,1
15807525,Bailey,France,Male,43,447,0.0,33879.26,2,0,1,0
15574372,Hoolan,France,Male,35,738,161274.05,181429.87,2,0,0,1
15671249,Kent,France,Female,33,422,0.0,102655.31,2,0,0,0
15779744,Chou,Spain,Male,30,537,103138.17,96555.42,1,1,0,1
15624755,Pepper,Germany,Female,40,707,109628.44,189366.03,1,0,0,1
15611430,Abramowitz,France,Male,54,690,0.0,12847.61,1,0,1,0
15774744,Lord,Germany,Male,33,664,97286.16,143433.33,2,0,0,1
15629885,Wilson,France,Female,33,850,118004.26,183983.82,1,0,0,1
15708791,Abazu,Spain,Male,32,584,85534.83,169137.24,1,0,0,1
15793890,Harriman,France,Female,59,728,0.0,163365.85,1,1,1,0
15646091,Frankland,Spain,Female,43,560,95140.44,123181.44,2,0,1,1
15596984,Pinto,France,Female,31,629,0.0,16447.6,1,1,1,0
15800215,Kwemtochukwu,France,Male,25,658,0.0,173948.4,2,1,0,0
15577806,Chiu,Germany,Female,54,794,75900.84,192154.66,1,1,0,1
15749381,Yu,France,Female,41,790,126619.27,198224.38,1,0,0,1
15683758,Onyekachukwu,France,Male,44,640,111833.47,67202.74,1,0,0,1
15670615,Castiglione,Spain,Male,37,652,0.0,68789.93,2,0,0,0
15715622,To Rot,France,Female,57,583,238387.56,147964.99,1,1,1,1
15707634,Anenechukwu,France,Female,32,775,108698.96,161069.73,2,1,0,1
15806901,Henderson,France,Female,39,584,112687.69,127749.61,1,1,0,1
15775335,Ellis,Germany,Female,48,635,81556.89,191914.37,2,0,0,1
15724150,Nkemdirim,France,Male,48,814,136596.85,185791.9,1,1,0,1
15627220,Kang,Germany,Female,43,735,98807.45,184570.04,1,0,1,1
15672330,Lear,France,Female,31,678,0.0,130446.65,2,1,0,0
15668521,Jamieson,France,Male,37,693,0.0,82867.55,2,1,0,0
15807837,Mazzanti,France,Female,30,640,107499.7,187632.22,1,1,0,1
15592570,Marino,Spain,Female,23,773,0.0,56759.79,2,0,0,0
15748589,Winter,France,Female,30,736,0.0,34180.33,2,0,0,0
15635893,T'ien,France,Female,28,693,0.0,158545.25,2,1,0,0
15757632,Hughes-Jones,France,Female,41,496,176024.05,182337.98,2,0,0,1
15691863,Cody,France,Female,39,751,0.0,84175.34,2,1,0,0
15706071,Hunt,Germany,Male,39,528,127631.62,22197.8,1,1,1,1
15654296,Estrada,Spain,Female,19,754,0.0,189641.11,1,0,0,0
15755018,Dickinson,Germany,Female,26,568,109819.16,154491.39,2,0,0,1
15594041,Fanucci,Spain,Female,41,592,138734.94,90020.74,1,0,0,1
15670587,Yang,Germany,Male,25,558,111363.1,197264.35,2,0,0,1
15724527,Forbes,France,Male,34,825,0.0,31933.06,2,1,0,0
15801904,Heard,Germany,Male,28,677,143988.0,8755.69,2,0,1,1
15658195,Efremova,France,Male,34,653,118838.75,52820.13,1,1,0,1
15630113,Morphett,Spain,Male,35,593,161637.75,20008.46,1,1,0,1
15784320,Lenhardt,France,Female,44,632,133793.89,34607.14,1,1,1,1
15676513,Burns,Germany,Male,35,601,71553.83,177384.45,1,0,0,1
15574072,Ch'ien,France,Female,62,786,0.0,165702.64,1,1,0,0
15633854,Sun,France,Female,40,654,0.0,167889.1,2,0,0,0
15618566,Jamieson,France,Female,38,572,0.0,133122.62,2,1,0,0
15733014,Nolan,France,Female,62,813,64667.95,140454.14,2,1,0,1
15753343,Barry,France,Female,28,523,121164.11,59938.81,1,1,0,1
15746076,Saunders,Spain,Male,50,506,0.0,12016.79,2,0,0,0
15608226,McMorran,Spain,Male,72,513,98903.06,81251.24,1,1,0,1
15605684,Phelan,France,Female,31,664,104158.84,134169.85,1,0,0,1
15638988,Fu,France,Male,54,684,0.0,94888.6,2,1,0,0
15628767,Hotchin,Spain,Female,63,608,139529.93,175696.16,2,1,1,1
15737977,Aksyonov,France,Female,25,527,0.0,96758.58,2,1,0,0
15758116,Rossi,France,Male,53,666,64646.7,128019.48,1,0,1,1
15575119,Hughes,France,Male,71,779,0.0,146895.36,2,1,1,0
15625126,Duncan,France,Female,40,629,0.0,139356.3,2,1,0,0
15567114,McGarry,France,Male,35,430,118894.22,2923.61,1,0,0,1
15672242,Aksenov,France,Male,24,712,0.0,121232.51,1,1,0,0
15681327,Akhtar,France,Male,30,682,0.0,2053.42,2,1,0,0
15802585,Pisani,France,Female,41,634,68213.99,6382.46,1,1,0,1
15740630,Pisano,Spain,Female,31,487,0.0,158750.13,2,0,0,0
15815420,McDaniels,Spain,Male,47,808,139196.0,74028.36,1,1,0,1
15711468,Tennant,France,Female,32,527,0.0,44099.75,2,1,0,0
15799626,Donaghy,Germany,Male,50,637,126345.55,17323.0,1,1,1,1
15659325,Todd,Spain,Male,40,802,0.0,175043.69,2,1,0,0
15651352,Tobenna,France,Female,38,529,0.0,146388.85,1,0,1,0
15684925,Vicars,France,Female,43,850,0.0,2465.8,2,0,0,0
15657439,Chao,France,Male,18,738,0.0,47799.15,2,1,0,0
15574122,Tien,France,Male,34,817,129278.43,165562.84,1,0,0,1
15720508,Hsing,France,Male,31,735,119558.35,72927.68,1,0,0,1
15599078,Yang,Germany,Female,41,619,92467.58,38270.47,1,0,0,1
15702300,Walker,France,Male,27,671,0.0,120893.07,2,0,0,0
15660735,T'ang,Spain,Female,31,581,0.0,188377.21,2,0,0,0
15671390,Chukwukere,Spain,Male,36,690,0.0,55902.93,2,0,0,0
15647385,Ch'iu,Spain,Male,56,579,99340.83,4523.74,1,0,1,1
15739223,Pai,Spain,Female,24,688,0.0,102195.16,2,1,0,0
15631305,Franklin,Spain,Female,28,599,126833.79,60843.09,2,0,1,1
15809263,Y?,Germany,Male,29,729,109676.52,25548.47,1,1,0,1
15640866,Peng,France,Female,29,718,0.0,134462.29,1,1,0,0
15775663,Otitodilichukwu,Germany,Male,53,712,134729.99,132702.64,2,1,0,1
15631800,Pagnotto,France,Male,37,474,98431.37,75698.44,1,0,0,1
15654292,Vessels,Germany,Male,33,565,130368.31,105642.43,2,0,0,1
15648320,Heller,France,Female,31,658,123974.96,102153.75,1,0,0,1
15726747,Donaldson,France,Male,63,714,138082.16,166677.54,1,1,0,1
15694510,Ifeanyichukwu,France,Male,45,725,129855.32,24218.65,1,0,0,1
15572291,Kao,France,Male,40,825,132308.22,117122.5,1,0,0,1
15603465,Dunn,Germany,Female,45,665,155447.65,51871.95,2,0,1,1
15685628,Calabresi,Spain,Male,35,670,124268.64,84321.03,2,1,0,1
15792729,Holland,Germany,Female,34,474,176311.36,160213.27,1,0,0,1
15767414,Calabresi,France,Male,40,591,99886.42,88695.19,2,1,0,1
15568044,Butusov,France,Female,31,508,0.0,6123.15,2,1,0,0
15751333,Atkinson,France,Female,36,695,0.0,167749.54,2,1,0,0
15623062,Vasilyeva,Germany,Male,24,660,85089.3,71638.0,1,1,0,1
15713621,Mollison,Germany,Male,41,687,134318.21,198064.52,2,1,0,1
15670668,Webb,Germany,Male,29,658,75395.53,54914.92,2,1,0,1
15750638,Obiajulu,Germany,Female,33,705,116765.7,190659.17,1,0,1,1
15747878,Aiken,Spain,Male,60,739,0.0,51637.67,1,1,0,0
15726796,Brabyn,France,Male,38,844,111501.66,119333.38,1,1,0,1
15754952,Su,Germany,Female,48,602,76595.08,127095.14,2,0,0,1
15652192,Traeger,France,Female,33,759,160541.36,93541.14,2,0,0,1
15681924,Ekwueme,Germany,Male,38,747,129728.6,89289.54,1,0,0,1
15763544,Thompson,France,Male,47,673,0.0,108762.16,2,0,0,0
15764431,Chinwenma,Spain,Female,34,671,130929.02,28238.25,4,1,1,1
15684010,Tuan,Germany,Female,74,640,116800.25,34130.43,1,1,0,1
15648881,Tsai,Germany,Male,40,581,101016.53,7926.35,1,1,1,1
15733303,Liu,France,Male,67,630,0.0,27330.27,2,1,0,0
15643294,Robinson,France,Female,33,703,190566.65,79997.14,1,1,0,1
15749905,Carr,Spain,Female,47,698,0.0,50213.81,1,0,1,0
15625175,Palerma,Germany,Female,43,742,97067.69,60920.03,1,1,1,1
15643967,Chineze,France,Female,37,652,92208.54,197699.8,1,1,1,1
15578251,Fang,France,Male,37,644,186347.97,92809.73,2,0,0,1
15772573,Simpson,Spain,Male,55,735,103176.62,163516.16,1,1,0,1
15733234,Moretti,France,Female,58,777,0.0,62449.07,1,1,1,0
15721582,Hale,Germany,Female,40,644,77270.08,115800.1,2,1,1,1
15628219,Benson,Germany,Female,37,665,111911.63,110359.68,1,1,1,1
15571302,Estep,Germany,Male,72,529,94216.05,78695.68,1,1,0,1
15637178,Mishina,Spain,Female,45,803,0.0,128378.04,2,1,0,0
15601184,Abramovich,Spain,Female,26,604,0.0,155248.62,2,0,0,0
15629511,Lavrentiev,France,Male,49,738,106770.82,123499.27,1,0,0,1
15570629,Alexeyeva,Germany,Female,72,655,138089.97,99920.41,2,1,0,1
15665766,T'ang,Germany,Male,39,698,133191.19,53289.49,2,1,0,1
15693732,Kilgour,France,Female,66,775,0.0,67622.34,2,1,0,0
15765982,Chin,France,Male,41,735,74135.85,11783.1,1,1,1,1
15582016,Fiorentini,Spain,Male,41,766,99208.46,62402.38,2,0,0,1
15798024,Lori,Germany,Male,84,537,92242.34,186235.98,1,1,0,1
15588622,Marchesi,Germany,Male,25,599,108380.72,79005.95,1,1,0,1
15724863,Sheppard,Spain,Female,55,420,91893.32,144870.28,1,0,1,1
15618213,Nnanna,France,Female,32,674,85757.93,95481.0,1,1,0,1
15780411,Norris,France,Female,46,570,0.0,820.46,2,0,0,0
15725429,Vincent,Germany,Male,33,623,96759.42,174777.98,1,1,0,1
15600626,Bradley,France,Male,30,710,0.0,8991.17,2,1,0,0
15668460,Bellucci,France,Male,29,466,0.0,2797.27,2,1,0,0
15576263,Clements,France,Female,22,759,0.0,22303.17,1,0,0,0
15720354,Knowles,France,Male,71,581,0.0,197562.08,2,1,0,0
15691624,Chidiebere,France,Male,33,820,132150.26,23067.97,2,0,0,1
15793196,Kelly,France,Male,41,759,0.0,190294.12,2,1,0,0
15633352,Okwukwe,France,Female,31,628,175443.75,113167.17,1,0,1,1
15750874,Onyemere,France,Male,31,676,78990.15,124777.14,1,1,0,1
15588923,Murphy,France,Female,33,591,113743.37,124625.08,1,0,0,1
15715745,Elliott,France,Female,26,690,157624.84,49599.27,1,1,0,1
15611800,Loggia,France,Female,62,624,125163.62,151411.5,2,1,0,1
15576928,Walsh,France,Female,23,573,0.0,122964.18,1,0,0,0
15793693,Mahomed,France,Male,60,694,0.0,57088.97,1,1,0,0
15581252,Dolgorukova,Spain,Female,29,632,80922.75,7820.78,1,0,0,1
15797760,Bogdanov,France,Male,40,632,193354.86,149188.41,2,0,0,1
15790564,She,Germany,Female,40,832,107648.94,134638.97,2,1,0,1
15593736,Cook,Germany,Female,46,598,131769.04,184980.23,1,0,1,1
15595937,Bruno,Germany,Male,36,430,138992.48,122373.42,2,0,0,1
15815628,Moysey,France,Female,37,711,113899.92,80215.2,1,0,0,1
15782802,Beneventi,Germany,Male,26,582,114450.32,14081.64,1,1,0,1
15627412,Ferri,France,Male,39,605,0.0,199390.45,2,0,0,0
15734609,Skinner,France,Female,37,657,0.0,7667.48,2,1,0,0
15710689,Angel,Spain,Male,40,578,63609.92,74965.61,1,0,1,1
15565806,Toosey,France,Male,38,532,0.0,30583.95,2,0,0,0
15815530,Chin,France,Female,42,612,75497.51,149682.78,1,0,0,1
15632272,Lung,France,Female,42,792,0.0,92664.09,2,0,0,0
15684103,Mellor,France,Female,26,674,0.0,138423.1,2,1,0,0
15654519,Hassall,France,Male,31,680,0.0,3148.2,2,1,0,0
15767722,Richardson,France,Female,39,593,117704.73,197933.5,1,0,0,1
15654346,Poninski,Germany,Male,35,679,130463.55,37341.17,2,1,0,1
15660147,Dore,Spain,Male,32,493,46161.18,79577.4,1,1,0,1
15814998,Bonham,Spain,Male,42,688,0.0,197602.29,2,0,0,0
15802207,Ibezimako,Germany,Male,43,769,110182.54,87537.32,2,1,0,1
15658668,Hunter,Spain,Male,49,581,0.0,41623.59,2,0,0,0
15715079,Bold,France,Male,41,465,117221.15,168280.95,1,0,0,1
15570360,Wan,France,Female,35,641,0.0,125986.18,2,0,0,0
15674678,Bradley,Germany,Female,43,731,79120.27,548.52,1,0,1,1
15780925,Tretyakova,France,Male,37,625,177069.24,96088.54,2,1,0,1
15688193,Graham,France,Male,36,468,61636.97,107787.42,1,0,0,1
15778219,Izmailov,France,Male,26,790,0.0,20510.79,1,0,0,0
15696514,Calabrese,Germany,Female,37,587,104414.03,192026.02,1,0,0,1
15712303,Valentin,France,Male,66,692,159732.02,118188.15,1,1,0,1
15719090,Osonduagwuike,Germany,Female,34,676,89437.03,189540.95,1,1,0,1
15735632,Williamson,France,Male,41,571,0.0,63736.17,1,1,0,0
15619436,Pan,France,Female,32,700,0.0,95740.37,1,0,0,0
15722404,Carpenter,France,Female,30,445,0.0,127939.19,2,1,0,0
15662063,McIver,France,Male,36,746,142400.77,193438.69,1,1,0,1
15745605,Trevisan,France,Female,47,722,88011.4,90655.94,1,1,1,1
15636658,Rozhkova,France,Male,36,596,0.0,12067.39,2,1,0,0
15784130,He,Germany,Female,30,850,154870.28,54191.38,1,1,0,1
15606755,Moretti,Spain,Female,46,597,0.0,58667.16,2,0,1,0
15801699,Fishbourne,Spain,Male,43,436,0.0,35687.43,2,1,0,0
15784097,Gibson,Germany,Male,28,660,118402.25,14288.93,2,0,0,1
15764654,Zikoranachidimma,France,Male,37,649,87374.88,247.36,2,1,0,1
15612092,Palmer,Germany,Male,32,646,105397.8,78111.84,1,0,1,1
15610903,Chukwueloka,Spain,Female,31,560,125341.69,79547.39,1,0,0,1
15705777,Real,Germany,Male,49,710,129164.88,193266.72,1,1,0,1
15661936,Chikelu,France,Male,40,513,141004.46,105028.46,1,0,0,1
15700864,Fiorentini,France,Female,21,607,0.0,116106.52,2,0,0,0
15722965,Yefimova,France,Male,57,757,89079.41,53179.21,1,1,1,1
15737521,Ball,Germany,Male,40,619,103604.31,140947.05,2,0,0,1
15814465,Ch'in,France,Male,24,612,182705.05,171837.06,1,1,0,1
15580988,Odell,France,Male,29,842,0.0,123437.05,2,1,0,0
15789974,Enemuo,France,Male,33,713,94598.48,197519.66,1,0,1,1
15713370,Hunter,Spain,Male,36,657,188241.05,183058.51,2,0,1,1
15748673,Nepean,France,Female,37,770,0.0,22710.72,2,0,0,0
15754919,Nwebube,France,Female,40,773,0.0,69303.15,2,1,0,0
15641662,Enticknap,Germany,Male,39,470,117469.91,63705.9,2,0,0,1
15813422,Lu,Spain,Male,35,781,80790.74,116429.51,1,0,0,1
15713596,Ugochukwu,France,Female,62,428,107735.93,58381.77,1,1,0,1
15791216,Mann,Germany,Male,43,600,133379.41,177378.66,1,0,1,1
15689031,Murphy,Spain,Female,37,697,168066.87,35450.53,1,0,0,1
15763704,Docherty,Germany,Female,43,692,69014.49,164621.43,2,0,0,1
15631339,Adams,France,Male,28,791,0.0,174435.48,1,0,0,0
15771509,Hirst,Germany,Female,42,538,98548.62,94047.75,2,1,0,1
15769586,Horan,France,Female,49,820,0.0,119087.25,2,1,0,0
15656096,Cumbrae-Stewart,Spain,Female,26,679,76554.06,184800.27,1,1,0,1
15585280,Kinney,France,Female,36,649,0.0,75035.48,2,1,0,0
15743582,T'ang,France,Female,27,632,107375.82,62703.38,1,1,0,1
15761692,Muir,France,Male,40,594,122417.17,190882.69,2,1,0,1
15627840,Toscano,France,Female,42,682,0.0,91981.85,1,1,1,0
15778861,Wallace,Spain,Male,33,720,97188.62,91881.29,1,0,0,1
15770554,Fraser,France,Male,31,769,61297.05,7118.02,2,1,0,0
15806956,Iqbal,Spain,Male,30,746,112666.67,11710.4,1,0,1,1
15701908,Nina,Spain,Female,40,623,0.0,25904.12,1,1,0,0
15736990,Chuang,France,Male,28,537,157842.07,86911.49,1,0,0,1
15743714,Ch'ien,France,Male,46,468,91443.75,10958.18,1,0,0,1
15807993,Bruno,Germany,Female,30,588,110148.49,5790.9,1,0,1,1
15644686,Kennedy,Spain,Female,34,729,53299.96,42855.97,2,1,0,0
15677377,Lawrence,Spain,Male,37,543,0.0,78915.68,2,1,0,0
15626412,Mort,Spain,Male,39,499,0.0,81409.0,2,1,0,0
15643679,Goliwe,Germany,Male,28,784,70233.74,179252.73,2,1,0,1
15728456,Martinez,France,Male,33,604,0.0,42171.13,1,0,1,0
15630661,Vasilyev,Spain,Female,25,614,75212.28,58965.04,1,0,0,1
15734044,Black,France,Female,31,671,41299.03,102681.32,1,1,0,1
15705001,Napolitani,Spain,Female,35,587,83286.56,125553.52,1,0,0,1
15809817,Ch'en,Spain,Male,43,593,0.0,53478.02,2,0,0,0
15809137,Sagese,France,Male,29,453,0.0,198376.02,1,0,1,0
15751593,Fraser,Germany,Male,35,570,85668.59,105525.36,1,0,0,1
15626491,Hughes,France,Female,45,655,57327.04,47349.0,1,1,0,1
15765461,Giles,Spain,Male,47,632,0.0,178822.32,2,0,0,0
15568120,Lacross,France,Female,37,681,69609.85,72127.83,1,1,0,1
15787161,Pisani,Germany,Male,46,591,129269.27,163504.33,1,0,0,1
15812324,King,France,Male,27,779,0.0,190623.02,2,1,0,0
15588944,Maughan,France,Female,63,456,165350.61,140758.07,2,0,1,1
15694253,Palerma,France,Female,41,686,152105.57,132374.41,2,1,0,1
15759566,Tochukwu,France,Male,74,617,0.0,53949.98,2,1,0,0
15675675,Slate,France,Female,32,850,106290.64,121982.73,1,0,0,1
15802060,Ch'ang,Germany,Female,30,646,100548.67,136983.77,2,0,0,1
15660505,Romani,Germany,Male,46,735,106344.95,114371.33,1,0,1,1
15782630,Genovese,France,Male,35,543,137482.19,62389.35,1,0,0,1
15700710,Chiebuka,France,Female,37,490,116465.53,24435.77,1,1,0,1
15742834,Liao,France,Male,45,640,0.0,10908.33,1,1,0,0
15806511,Berry,Spain,Male,45,445,0.0,90977.48,2,1,0,0
15608166,Fallaci,France,Male,36,761,127637.92,81062.93,1,1,0,1
15614230,T'an,France,Female,34,426,0.0,61230.83,2,1,0,0
15729958,Wilkinson,France,Male,37,777,0.0,126837.72,1,1,0,0
15800814,Palerma,France,Male,35,534,81951.74,115668.53,2,0,0,1
15674727,Lazarev,France,Female,42,777,147531.82,38819.45,1,1,0,1
15657779,Boylan,Spain,Male,18,806,0.0,86994.54,2,1,0,0
15801395,Warren,France,Female,33,790,135120.72,195204.99,1,0,0,1
15757911,Trevisani,Spain,Female,32,643,0.0,131301.74,1,0,0,0
15665340,Trevisano,Spain,Female,37,584,0.0,100835.19,2,1,0,0
15787151,Liao,France,Female,34,638,0.0,198969.78,2,1,0,0
15757821,Burgess,Spain,Male,18,771,0.0,41542.95,2,0,0,0
15600688,Liston,France,Female,39,600,0.0,118272.07,2,0,0,0
15594878,Thompson,Spain,Female,41,661,28082.95,69586.27,1,0,1,1
15569248,Milanesi,France,Female,43,554,0.0,149629.13,2,0,1,0
15812706,Mazure,Spain,Male,49,627,111087.5,146680.25,1,1,0,1
15645045,Rudduck,France,Female,38,659,0.0,132809.18,2,1,0,0
15766746,Darwin,France,Male,35,835,127120.07,28707.69,1,0,0,1
15700383,Uvarova,France,Female,35,763,115651.6,104706.29,2,1,0,1
15632551,Buccho,Germany,Male,31,625,77743.01,75335.68,2,0,0,1
15795129,Gallo,France,Female,30,799,0.0,136827.96,2,0,0,0
15650545,Tomlinson,France,Male,69,849,71996.09,139065.94,1,1,0,1
15612769,Carr,France,Male,28,692,61581.97,70179.91,1,1,0,1
15710853,Ts'ui,France,Female,24,623,0.0,116160.04,2,0,0,0
15623712,Coates,Spain,Female,42,453,0.0,83008.49,3,0,1,0
15653251,Hickey,France,Female,84,408,87873.39,188484.52,1,0,1,1
15755077,Norton,Germany,Female,37,778,105617.73,133699.82,2,1,1,1
15808557,Mancini,France,Female,42,695,0.0,72172.13,1,1,1,0
15614687,Tien,Germany,Female,44,677,148770.61,191057.76,2,1,0,1
15626882,Stobie,Spain,Male,37,662,94901.09,48233.75,1,1,0,1
15748034,Drakeford,France,Male,29,534,174851.9,79178.31,1,1,0,1
15632324,Pisani,France,Male,59,602,0.0,162347.05,2,1,0,0
15761023,Murphy,Germany,Female,43,554,120847.11,7611.61,1,0,1,1
15761453,Kovalev,France,Male,42,667,0.0,88890.05,1,0,0,0
15646726,Crawford,France,Male,43,672,0.0,63833.09,1,0,0,0
15637169,Maclean,Spain,Female,67,838,103267.8,78310.04,1,1,0,1
15636024,Blackburn,Spain,Female,34,692,109699.08,37898.91,1,1,0,1
15801218,Bermudez,France,Male,49,675,135133.39,179521.24,1,1,1,1
15642655,Savage,Spain,Male,33,731,0.0,130726.96,1,0,0,0
15690130,Wyatt,France,Female,32,468,137649.47,198714.29,1,0,0,1
15653753,Chiemenam,Spain,Male,43,542,113567.94,89543.25,1,0,0,1
15641359,Shao,Spain,Female,35,662,0.0,2423.9,2,0,1,0
15776827,Langdon,Germany,Male,37,770,141547.26,180326.83,2,1,0,1
15647725,Napolitano,France,Female,61,675,62055.17,166305.16,3,0,1,1
15648455,Kung,Germany,Male,51,647,131156.76,29883.63,1,0,0,1
15580629,Blackwood,France,Male,31,604,134837.58,192029.19,1,0,0,1
15730161,Marcelo,France,Female,39,833,0.0,1710.89,2,0,0,0
15626612,Yin,Spain,Male,40,741,104784.23,135163.76,1,0,1,1
15662865,Storey,Spain,Male,36,658,0.0,84927.42,2,1,0,0
15629094,Fomin,France,Female,36,528,156948.41,149912.28,1,1,1,1
15651823,Nkemjika,France,Female,60,590,147751.75,88206.04,1,0,1,1
15594827,Glasgow,France,Male,34,675,124619.33,163667.56,2,1,0,1
15786392,Chen,France,Male,41,765,124182.21,100153.43,1,0,0,1
15727353,Ch'ang,France,Female,64,650,142028.36,32275.09,1,0,1,1
15733777,Evans,France,Male,44,817,0.0,65501.91,1,0,1,0
15614302,Crotty,Germany,Female,31,699,125837.86,189392.66,2,0,0,1
15723263,Cocci,Germany,Female,34,495,117160.32,116069.24,1,1,1,1
15687270,Iroawuchi,Spain,Female,61,491,0.0,139861.53,2,1,0,0
15803121,Chia,France,Male,51,847,97565.74,144184.06,1,0,1,1
15598700,Hysell,Spain,Female,30,676,0.0,157888.5,2,1,0,0
15741875,Williamson,Spain,Female,25,746,104833.79,71911.3,1,0,0,1
15631709,Ginikanwa,Spain,Female,31,470,101675.22,45033.75,2,0,0,1
15672970,Chigolum,Spain,Male,20,714,0.0,150465.93,2,1,0,0
15761670,Morley,France,Female,50,695,0.0,126381.6,1,0,1,0
15706005,Roberts,France,Male,46,674,174701.05,90189.72,1,0,1,1
15790336,Tokareva,Germany,Male,36,664,71142.77,122433.09,2,0,0,1
15754267,Fleming,Germany,Male,31,697,108805.42,123825.83,2,1,0,1
15791988,Chinomso,France,Male,68,670,0.0,11426.7,2,1,0,0
15683375,Compton,France,Female,32,541,0.0,114951.42,1,1,0,0
15625151,Wan,France,Female,66,640,116037.76,184636.05,1,1,0,1
15635285,Taylor,France,Male,28,647,0.0,91055.27,2,1,0,0
15574296,Kambinachi,France,Male,23,757,80673.96,93991.65,2,0,0,1
15711618,Chang,Germany,Female,39,704,124640.51,116511.12,1,0,1,1
15670943,See,Germany,Male,31,778,182275.23,190631.23,2,0,0,1
15634359,Dyer,Germany,Female,41,639,98635.77,199970.74,1,0,0,1
15586629,Campbell,France,Male,33,637,0.0,139947.17,2,0,0,0
15588461,Cremonesi,France,Male,35,686,0.0,8816.37,1,0,0,0
15773221,Harris,Spain,Male,43,577,79757.21,135650.72,1,0,1,1
15664227,Threatt,Germany,Male,28,506,53053.76,24577.34,1,1,0,1
15741745,Lane,France,Male,28,757,120911.75,131249.46,2,1,0,1
15652626,Grave,France,Male,55,826,115285.85,140126.17,1,0,0,1
15599410,Stanley,France,Male,41,721,0.0,168219.75,2,0,0,0
15571958,McIntosh,Spain,Male,40,489,221532.8,171867.08,1,0,0,1
15785406,Watts,France,Female,51,446,105056.13,70613.52,1,0,0,1
15687884,Alekseyeva,France,Male,37,677,88363.03,117946.3,1,1,0,1
15621685,Davies,France,Male,29,769,123757.52,84872.66,2,0,0,1
15628886,Matlock,Spain,Male,56,677,123959.97,60590.72,1,1,1,1
15699325,Fedorova,Germany,Female,62,555,114822.64,8444.5,1,1,0,1
15578369,Chiedozie,Germany,Female,37,652,145219.3,159132.83,1,0,0,1
15654156,Marcelo,Germany,Female,32,722,106807.64,76998.69,1,1,0,1
15707199,Cooper,France,Male,36,643,148159.71,55835.66,1,0,0,1
15671630,McMillan,Germany,Female,40,796,99745.95,177524.19,1,0,0,1
15632079,Hardy,Germany,Female,37,720,156282.79,45985.52,1,0,0,1
15767921,Madukwe,France,Male,41,613,0.0,60297.72,2,0,0,0
15573599,Adamson,France,Female,57,506,0.0,194421.12,2,1,1,0
15747208,Watt,France,Male,50,608,0.0,93568.77,1,0,1,0
15582762,Mazzanti,Spain,Male,77,667,0.0,34702.92,1,1,0,0
15772528,Mishin,France,Female,47,750,121376.15,54473.6,2,0,1,1
15755798,Feng,France,Male,33,610,111582.11,113943.17,1,0,0,1
15788683,Kang,Germany,Female,34,588,129417.82,153727.32,1,0,0,1
15616922,Kelly,France,Female,26,479,0.0,19116.97,2,1,0,0
15771855,Yu,France,Male,37,682,0.0,112554.68,2,1,0,0
15601873,Bull,France,Female,36,677,0.0,47318.75,1,0,0,0
15657868,Serra,Germany,Male,40,850,94607.08,36690.49,1,0,0,1
15711716,Ferguson,France,Female,56,580,131368.3,106918.67,1,0,1,1
15734246,She,France,Female,21,746,166883.07,194563.65,2,1,0,1
15792151,Hamilton,Spain,Female,37,635,0.0,91086.73,2,0,0,0
15770159,Nnanna,Germany,Male,25,664,172812.72,108008.65,2,1,0,1
15747649,Summerville,Germany,Female,36,558,126606.63,172363.52,2,1,0,1
15639357,Allan,France,Male,46,415,134950.19,178587.36,3,0,1,1
15738907,Tobenna,France,Female,60,798,96956.1,31907.44,1,0,1,1
15663446,Volkova,Germany,Female,29,792,107601.79,18922.18,1,0,1,1
15750867,Nucci,Germany,Female,46,489,92060.06,147222.95,1,0,1,1
15715939,Wright,France,Male,33,730,0.0,1474.79,2,0,0,0
15763806,Astorga,France,Male,41,773,0.0,24924.92,2,1,0,0
15637993,Pokrovsky,France,Male,36,711,137688.71,46884.1,1,1,0,1
15720338,Mazzanti,Spain,Male,55,592,85845.43,128918.42,2,1,0,1
15627162,Blesing,Germany,Male,27,695,125552.96,105291.26,1,0,0,1
15596710,Ku,France,Female,33,640,167298.42,145381.65,1,1,0,1
15781678,Pisani,Spain,Male,31,470,55732.92,103792.53,2,1,0,1
15634968,Hsueh,Germany,Female,37,789,110689.07,71121.04,1,1,1,1
15609475,Ricci,Spain,Female,39,604,98544.11,52327.57,1,1,0,1
15573319,Azubuike,Germany,Female,35,493,178317.6,197428.64,1,0,0,1
15738291,Nevzorova,France,Female,48,671,115713.84,83210.84,2,0,0,1
15782456,Odili,France,Male,46,656,143267.14,193099.43,2,0,0,1
15794841,Kung,Spain,Male,19,739,89750.21,193008.52,1,0,0,1
15684696,Lei,Spain,Female,26,560,116576.45,157567.37,1,0,0,1
15629846,Sheehan,Germany,Female,47,827,143001.5,108977.5,2,0,0,1
15674442,Kung,France,Male,23,681,157761.56,147759.84,1,0,0,1
15571689,Kelechi,France,Female,37,740,0.0,27528.4,2,1,0,0
15730469,Anenechi,Spain,Male,31,663,103430.11,36479.27,2,1,0,1
15809320,McElhone,Spain,Female,52,845,0.0,31726.76,1,0,1,0
15684367,Chigbogu,Spain,Male,27,555,0.0,96398.51,2,0,0,0
15793049,Atkins,Germany,Female,48,680,115115.38,139558.6,1,0,1,1
15603665,Colombo,Germany,Female,39,638,122501.28,95007.8,2,1,0,1
15613623,Tilley,Spain,Male,62,640,0.0,101663.47,1,1,0,0
15569572,Sopuluchi,France,Male,42,778,0.0,106197.44,2,1,0,0
15698791,Udinesi,France,Male,45,679,146758.24,48466.89,1,0,0,1
15626233,Onyekachi,France,Female,32,593,0.0,151978.36,2,1,0,0
15607263,McCartney,France,Male,55,788,0.0,13288.46,1,1,1,0
15610900,Thompson,France,Female,70,770,110738.89,22666.77,1,0,1,1
15624775,Onyeoruru,France,Male,67,729,94203.8,102391.06,1,1,0,1
15691703,Shih,France,Male,47,545,105792.49,67830.2,1,1,1,1
15745355,Golibe,France,Male,41,597,153198.23,92090.36,1,1,0,1
15724955,Lucchesi,France,Male,38,537,0.0,141023.01,2,0,0,0
15628999,Townsend,France,Male,79,732,61811.23,104222.8,1,1,0,1
15654341,Chao,France,Male,34,542,101116.06,196395.05,1,0,0,1
15744240,Shen,Germany,Female,46,688,74458.25,6866.31,1,1,0,1
15632365,Booth,Germany,Male,33,542,142871.27,77737.86,2,0,0,1
15729689,Chan,Germany,Male,35,754,98585.94,106116.84,2,1,0,1
15759284,Yeh,France,Female,37,750,0.0,117948.0,1,1,1,0
15602124,Badgery,France,Male,30,731,0.0,184581.68,2,1,0,0
15661903,Hsia,France,Female,43,699,80764.03,199378.58,1,0,1,1
15664668,Zarate,France,Female,42,534,144801.97,12483.39,1,1,1,1
15736431,Congreve,Spain,Male,27,494,0.0,22404.64,2,0,0,0
15748639,Hayslett,Germany,Male,35,497,110053.62,92887.06,2,1,0,1
15628123,Robinson,France,Female,28,632,118890.81,145157.97,1,1,0,1
15602731,Wong,France,Male,31,724,0.0,134889.95,1,0,1,0
15794137,Nevzorova,Germany,Female,37,751,151218.98,109309.29,1,1,0,1
15748696,Page,France,Male,42,733,150507.21,169964.12,1,1,0,1
15725068,Quinn,Spain,Female,21,701,0.0,26327.42,2,1,0,0
15807340,O'Donnell,Germany,Male,33,525,131023.76,55072.93,2,0,0,1
15586133,Pisano,Germany,Female,44,666,122314.5,68574.88,1,0,1,1
15576185,Sinclair,France,Male,29,653,0.0,41671.81,2,1,0,0
15660809,Loving,France,Male,28,850,0.0,12409.01,2,1,0,0
15616666,Artemova,Germany,Female,52,646,111739.4,68367.18,2,1,0,1
15706904,Robertson,France,Male,43,750,113882.31,74564.41,1,1,0,1
15606915,Genovese,France,Male,24,764,98148.61,26843.76,1,0,0,1
15749693,Ugonnatubelum,France,Female,32,658,0.0,156774.75,2,0,0,0
15791743,Corbett,France,Male,32,727,59271.82,46019.43,1,1,0,1
15796480,Reilly,France,Female,31,687,0.0,145411.39,2,1,0,0
15790442,Wright,Spain,Male,33,631,0.0,158268.84,2,1,0,0
15609458,Vincent,France,Male,30,797,69413.44,74637.57,1,1,0,1
15593897,Carr,Spain,Male,25,650,160599.06,28391.52,2,1,0,1
15604576,Eiland,Spain,Male,22,850,0.0,144385.54,1,1,0,0
15666270,Omeokachie,France,Female,40,676,147803.48,95181.06,1,0,1,1
15572626,Mackenzie,Spain,Male,44,620,0.0,15627.51,2,1,0,0
15727197,Pinto,France,Female,52,576,170228.59,148477.57,2,0,1,1
15714006,Gardener,France,Female,35,482,133111.73,79957.95,1,1,0,1
15642137,Fang,Spain,Female,39,695,0.0,102763.69,2,0,0,0
15665327,Cattaneo,France,Male,18,706,176139.5,129654.22,2,0,0,1
15626806,Labrador,France,Female,32,668,0.0,40652.33,2,1,0,0
15662578,Dettmann,Germany,Male,35,679,110245.13,178291.09,1,1,0,1
15790829,Gibson,France,Female,45,703,0.0,131906.44,2,0,0,0
15654959,Hope,Spain,Male,67,670,158719.57,118607.4,1,1,0,1
15760244,Ives,France,Female,76,590,160979.68,13848.58,1,1,0,1
15715394,Greece,Spain,Male,35,613,123557.65,170903.4,2,1,0,1
15722246,Omeokachie,France,Female,60,742,0.0,13161.66,1,1,1,0
15609704,Mao,France,Female,33,608,0.0,79304.38,1,0,1,0
15757628,Savage,France,Male,40,571,112896.86,121402.53,1,1,0,1
15633586,Brierly,France,Female,39,595,120962.13,23305.01,1,0,0,1
15565796,Docherty,Germany,Male,48,745,96048.55,74510.65,1,0,0,1
15717935,McDonald,France,Female,21,589,0.0,55601.44,2,1,0,0
15577700,Rapuokwu,France,Male,37,749,185063.7,134526.87,2,1,0,1
15747345,Bergamaschi,France,Female,22,678,118064.93,195424.01,2,1,0,1
15678317,Manfrin,France,Male,46,603,0.0,59563.49,2,1,0,0
15698335,Bergamaschi,France,Female,73,504,0.0,34595.58,1,1,0,0
15768451,MacDonald,Germany,Male,40,739,149131.03,60036.99,3,1,1,1
15753213,Lees,France,Female,34,604,0.0,193021.49,2,0,0,0
15769645,Senior,France,Female,35,612,0.0,48108.72,1,1,0,0
15657565,Nwokezuike,Spain,Female,44,629,125512.98,79082.76,2,0,0,1
15620323,Ekwueme,Spain,Female,42,652,83492.07,37914.12,2,0,0,1
15679983,Garmon,France,Male,34,565,0.0,74593.84,1,0,0,0
15812616,Enyinnaya,France,Female,49,707,0.0,82967.97,1,0,1,0
15601796,Chizuoke,France,Male,30,645,125739.26,193441.23,1,1,0,1
15729489,Hyde,Germany,Female,34,762,98592.88,191790.29,1,1,1,1
15613216,Cameron,Spain,Female,39,639,141789.15,92455.96,1,0,0,1
15657937,Lord,Germany,Male,22,709,112949.71,155231.55,1,0,0,1
15815428,Biryukova,France,Male,34,823,105057.33,9217.92,1,0,0,1
15640409,Carpenter,Germany,Female,46,817,89087.89,87941.85,1,1,1,1
15699492,Lorenzo,Germany,Female,27,665,147435.96,187508.06,1,0,0,1
15623536,Madukwe,Germany,Male,39,646,154439.86,171519.06,1,0,0,1
15707551,Hutcheon,France,Male,30,568,73054.37,27012.0,2,1,0,1
15577999,Sleeman,France,Female,62,850,124678.35,70916.0,1,0,1,1
15788775,Milne,Germany,Male,40,473,152576.25,73073.68,2,0,0,1
15758362,Williamson,France,Female,41,731,152243.57,88783.59,1,1,0,1
15807961,Bruno,France,Male,25,619,0.0,145524.36,1,0,0,0
15710978,Palerma,Germany,Male,42,715,88120.97,21333.22,2,1,0,1
15703541,Wang,Germany,Female,51,772,143930.92,46675.51,1,1,1,1
15626474,Onyemere,France,Female,31,686,0.0,4802.25,2,0,0,0
15608344,Dawson,Germany,Female,29,749,137059.05,102975.72,3,0,1,1
15768367,Nebechukwu,France,Female,27,781,186558.55,175071.29,1,1,1,1
15806210,Bateman,Spain,Male,66,675,115654.47,131970.86,2,1,0,1
15697702,Lord,Spain,Male,29,730,0.0,14174.09,2,0,0,0
15689152,Loggia,Spain,Male,38,683,126152.84,15378.75,1,0,0,1
15568573,Graham,Germany,Female,51,554,105701.91,179797.79,1,1,1,1
15689598,Dean,France,Male,46,722,0.0,93917.68,1,1,1,0
15713374,Jarvis,Germany,Male,67,689,157094.78,99490.01,1,1,0,1
15679733,Haugh,Germany,Male,40,796,113228.38,46415.09,2,1,0,1
15759274,Micklem,France,Female,32,447,0.0,151815.76,1,1,0,0
15607748,Bennett,Germany,Male,37,498,108432.88,14865.05,2,1,0,1
15607577,Roberts,Spain,Male,27,663,0.0,188007.99,1,1,0,0
15813697,Onyekaozulu,Germany,Female,44,498,120702.67,98175.74,2,1,0,1
15801125,Kegley,France,Female,32,627,0.0,106851.7,1,0,0,0
15777855,Manna,France,Male,45,649,0.0,75204.21,2,1,0,0
15635396,Thompson,Germany,Female,29,738,139106.19,141872.05,1,0,1,1
15698031,Romano,Germany,Female,39,587,101851.8,7103.71,2,0,0,1
15678944,Brown,Germany,Female,32,655,130935.56,9241.83,1,0,1,1
15718507,Su,Germany,Male,37,647,116509.99,149517.71,1,1,1,1
15808334,Mackay,Germany,Female,37,776,93124.04,196079.32,2,1,0,1
15804709,Watt,Germany,Male,35,688,111578.18,166165.93,1,0,1,1
15645835,Milani,France,Male,32,605,0.0,55724.24,2,1,0,0
15738166,Hsu,France,Female,39,596,86546.29,131768.98,1,1,0,1
15675360,Valenzuela,France,Male,33,427,0.0,13858.95,1,1,0,0
15793042,Sung,France,Male,39,629,129669.32,82774.07,2,0,0,1
15630106,Lo,Spain,Male,29,496,0.0,55389.59,2,0,0,0
15810385,Giordano,Spain,Female,36,717,164557.95,82336.73,1,1,0,1
15578211,Connolly,France,Male,23,777,0.0,163225.48,2,1,0,0
15572792,Bellucci,Spain,Male,35,535,118989.92,135536.72,1,1,0,1
15620030,Jamieson,France,Male,29,744,0.0,82422.97,1,0,0,0
15783541,Fomina,France,Male,31,755,0.0,194660.78,2,1,0,0
15679284,Aksenov,Spain,Female,45,593,79259.75,55347.28,1,0,0,1
15582910,Turnbull,France,Male,38,514,112230.38,16717.11,1,0,1,1
15688337,Dixon,France,Male,40,721,118129.87,160277.65,1,1,0,1
15734970,White,Spain,Male,38,835,86824.09,175905.97,1,0,0,1
15759140,Long,France,Female,64,682,128306.7,66040.83,1,1,0,1
15643042,Han,Germany,Female,40,590,117641.43,92198.05,2,0,0,1
15773868,Belov,Germany,Female,37,653,125734.2,134625.09,2,0,1,1
15615820,MacDonald,France,Male,49,837,103302.37,50974.57,1,1,0,1
15730273,Parsons,France,Male,27,841,0.0,171922.72,1,0,0,0
15724890,Cross,Spain,Male,36,584,82696.09,83058.14,2,0,0,1
15765952,Milanesi,France,Male,29,769,145471.37,188382.77,1,0,0,1
15685920,Lombardo,Spain,Male,34,599,101506.66,198030.24,1,0,0,1
15663263,Collins,France,Male,47,698,156265.31,1055.66,2,0,0,1
15568953,Alexeieva,France,Male,27,477,128554.98,133173.19,1,1,0,1
15643361,Cullen,Germany,Male,34,477,139959.55,189875.83,2,1,0,1
15699486,Johnson,Spain,Male,34,745,132944.53,31802.92,1,1,0,1
15747854,Rudd,France,Female,35,749,0.0,132649.85,3,1,0,0
15691785,Findlay,France,Male,61,850,0.0,53067.83,1,0,1,0
15709004,Mai,Germany,Male,22,528,93547.23,961.57,2,1,0,1
15652218,Morrison,France,Male,33,750,152302.72,71333.44,1,0,0,1
15697127,Monaldo,France,Female,31,543,147674.26,16658.76,1,1,0,1
15658486,Gidney,Spain,Female,59,579,148021.12,74878.22,1,1,0,1
15694160,Sagese,France,Male,37,624,0.0,112104.55,2,0,0,0
15685290,Wall,Germany,Male,46,595,142360.62,48421.4,2,0,1,1
15701042,Dalton,Germany,Female,27,596,151027.56,170320.58,1,0,0,1
15680449,Hsing,Germany,Female,44,431,138843.7,37688.31,1,0,1,1
15599860,Warner,Spain,Female,26,647,109958.15,136592.24,1,1,1,1
15723169,Williams,France,Female,31,640,138857.59,48640.77,1,0,0,1
15803842,Dunn,Germany,Female,45,752,105426.5,89773.45,2,1,0,1
15728224,Kerr,Germany,Female,41,710,149155.53,42131.26,2,0,1,1
15644174,Marchesi,Germany,Male,27,638,135096.05,186523.72,1,1,1,1
15707110,Endrizzi,Germany,Male,28,660,170890.05,41758.9,2,0,0,1
15765415,King,Spain,Female,45,609,89122.3,199256.98,1,1,0,1
15756751,Griffiths,Spain,Female,54,596,78126.28,153482.91,1,1,1,1
15795151,Hartzler,France,Female,38,705,123894.43,21177.1,1,0,0,1
15632859,Chukwudi,France,Male,36,444,0.0,138743.86,2,1,0,0
15584037,Denisov,Germany,Male,58,727,106913.43,25881.0,1,0,1,1
15621409,Endrizzi,France,Male,32,496,127845.83,66469.2,1,0,0,1
15581102,Baresi,France,Female,22,554,0.0,142670.61,2,1,0,0
15578096,Nnachetam,France,Male,26,537,106397.75,103563.23,1,0,0,1
15669887,Lambert,France,Female,51,839,0.0,69101.23,1,1,1,0
15621834,Game,Spain,Female,43,700,0.0,59475.35,2,0,0,0
15655341,Chinagorom,Spain,Female,35,458,166492.48,135287.74,1,0,0,1
15685314,Noble,France,Female,28,850,0.0,38773.74,2,1,0,0
15653997,Haynes,Spain,Male,31,699,114493.68,138396.32,1,0,0,1
15629551,Cattaneo,Germany,Female,44,615,126104.98,110718.02,2,1,0,1
15651264,Yobanna,Germany,Male,51,850,124425.99,118545.49,1,0,1,1
15760825,Fraser,France,Female,40,604,0.0,123207.17,2,0,0,0
15597394,Rhodes,Spain,Male,34,668,0.0,99984.86,1,0,0,0
15740383,Jimenez,Spain,Female,38,594,0.0,58332.91,2,0,0,0
15670562,Pharr,France,Male,30,470,101140.76,50906.65,1,1,0,1
15698117,Jerger,Germany,Male,41,701,150844.94,127623.36,1,1,0,1
15694805,McIntyre,Spain,Male,35,664,115024.5,169665.79,1,1,0,1
15746802,Onio,France,Female,30,477,131286.46,194144.45,1,0,0,1
15589428,Tomlinson,France,Female,42,756,0.0,35673.42,2,0,0,0
15790267,Onuoha,France,Female,40,625,141267.67,177397.49,1,1,0,1
15665402,Panicucci,Spain,Male,73,703,137761.55,159677.46,1,1,0,1
15642093,Piccio,France,Male,30,646,0.0,153566.97,2,0,0,0
15666181,Ramsden,France,Male,33,650,98064.97,52411.99,1,0,0,1
15602554,Vorobyova,France,Female,31,664,114519.57,79222.02,2,1,0,1
15724251,Todd,Germany,Female,29,682,101012.77,32589.89,1,0,1,1
15740147,Cremonesi,France,Female,44,725,0.0,93777.61,1,1,0,0
15718289,Bradley,Germany,Male,46,553,82291.1,112549.99,1,0,1,1
15763148,Stanley,France,Male,39,576,84719.98,191063.36,1,0,0,1
15685245,Jowett,Spain,Female,56,608,0.0,153810.41,2,1,0,0
15626985,Yefremova,France,Female,39,850,104386.53,105886.77,1,0,0,1
15585823,Wilson,France,Male,31,627,128131.73,96131.47,1,0,0,1
15728167,Abramovich,France,Male,44,667,122806.95,15120.86,1,0,0,1
15762928,Venables,Spain,Male,44,548,0.0,16989.77,1,0,0,0
15751774,Monnier,France,Male,76,774,112510.89,143133.18,1,1,0,1
15654733,Hsieh,Germany,Male,57,794,117056.46,93336.93,1,0,1,1
15809777,Gadsden,Germany,Female,55,497,131778.66,9972.64,1,1,0,1
15744200,Ni,France,Female,36,587,70784.27,30579.82,1,0,0,1
15720713,Chibueze,France,Female,29,850,0.0,199775.67,2,1,0,0
15695356,Chinwemma,France,Male,46,722,0.0,179908.71,2,0,0,0
15653315,Kang,Spain,Female,35,555,0.0,101667.0,2,0,0,0
15604792,Kuo,Germany,Male,38,609,140752.06,171430.16,2,1,0,1
15704819,Ositadimma,Spain,Female,39,734,92126.26,112973.34,2,0,0,1
15670859,Smith,Germany,Female,39,718,93148.74,190746.38,2,1,0,1
15602797,Okwudilichukwu,Spain,Female,49,645,110132.55,187689.91,3,1,1,1
15662533,Porter,Spain,Female,23,598,0.0,153229.19,2,0,0,0
15778154,Kung,Germany,Male,50,628,122227.71,14217.77,1,1,1,1
15806230,Trevisano,Germany,Male,40,629,121647.54,64849.74,2,1,1,1
15662884,Naylor,Germany,Male,58,739,110597.76,160122.66,1,1,1,1
15750778,Ponomarev,France,Female,60,653,120731.39,138160.11,4,1,1,1
15717185,Udinese,France,Male,28,711,0.0,64286.39,2,1,0,0
15677804,Aliyeva,Spain,Male,38,783,0.0,80178.54,3,1,1,0
15568915,Bailey,France,Male,38,681,153722.47,101319.76,1,0,0,1
15736495,Jackson,France,Male,34,712,114088.32,92794.61,1,0,0,1
15737354,Yin,France,Female,48,554,0.0,63708.07,2,1,0,0
15667889,Akobundu,France,Female,37,611,0.0,110782.88,2,0,0,0
15577831,Byrne,Germany,Male,41,560,152532.3,10779.69,1,0,0,1
15729836,Robinson,Spain,Male,32,646,0.0,183289.22,2,0,0,0
15775293,Stephenson,France,Male,34,680,143292.95,66526.01,1,0,0,1
15697597,Chiemenam,France,Male,26,631,149144.61,123697.95,1,1,0,1
15639669,Forbes,France,Male,36,746,127157.04,155700.15,1,1,0,1
15631392,Douglas,Germany,Male,43,654,84673.17,82081.35,2,1,0,1
15580935,Okechukwu,Germany,Male,33,687,135962.4,121747.96,2,0,0,1
15590344,Russell,Germany,Male,32,708,151691.44,172810.51,2,1,0,1
15653306,Ermakova,Germany,Female,32,679,88335.05,159584.81,1,0,0,1
15805025,Oster,France,Female,45,636,139859.23,108402.54,1,1,0,1
15658449,Chizoba,France,Male,45,695,43134.65,77330.35,1,1,0,1
15694450,Bianchi,France,Male,42,677,99580.13,21007.96,1,0,0,1
15605666,Peyser,France,Female,34,720,110717.38,9398.45,1,1,0,1
15615126,Cocci,France,Female,37,780,0.0,182156.81,2,0,1,0
15726588,Seleznev,Spain,Female,36,653,0.0,110525.6,2,0,0,0
15645095,Huang,France,Female,28,674,0.0,51536.99,1,0,0,0
15808960,Alleyne,Germany,Male,40,620,108197.11,49722.34,2,0,0,1
15729435,McKenzie,France,Male,40,623,0.0,66119.07,2,1,0,0
15656840,Zikoranachukwudimma,France,Female,29,547,104450.86,37160.28,1,1,0,1
15659149,King,France,Male,39,530,0.0,197923.05,2,0,0,0
15585490,Nkemdilim,France,Female,34,746,0.0,65166.6,1,1,0,0
15674929,Anderson,France,Female,31,512,0.0,49326.07,2,0,0,0
15746341,Ejikemeifeuwa,France,Male,40,630,0.0,42495.81,2,1,0,0
15662091,Adams,Spain,Male,21,570,116099.82,148087.62,1,1,0,1
15620123,Christie,France,Male,39,605,111169.91,9641.4,1,0,0,1
15616240,Yeh,Spain,Male,37,530,0.0,164844.37,2,1,0,0
15624186,McGregor,Germany,Female,25,813,123616.43,132959.33,1,1,0,1
15605036,Pisano,Spain,Female,37,704,155619.58,135088.58,1,1,0,1
15805151,Ginikanwa,Germany,Male,31,565,89558.39,4441.54,2,1,0,1
15753847,Hawkins,Spain,Male,45,645,0.0,174916.85,1,1,1,0
15653222,Otutodilichukwu,Germany,Female,32,526,131938.92,1795.93,2,1,0,1
15757541,Rickard,France,Female,33,778,151772.63,180249.94,2,0,1,1
15726945,Andreev,France,Female,72,677,0.0,153604.44,2,1,0,0
15794276,Steele,France,Female,64,588,0.0,189703.65,1,1,0,0
15568328,Black,France,Female,22,488,0.0,66393.89,2,1,0,0
15604355,Shand,France,Male,39,519,97700.02,30709.03,1,1,0,1
15735788,Chiagoziem,France,Male,31,709,0.0,71009.84,2,1,0,0
15618255,Fedorov,Germany,Female,56,642,103244.86,143049.72,2,0,1,1
15720941,Tien,Germany,Male,34,710,147833.3,1561.58,2,1,0,1
15769110,Stehle,France,Female,46,653,0.0,49707.85,2,0,0,0
15576094,Sung,France,Male,71,743,0.0,29837.65,2,1,0,0
15756150,Alexander,France,Female,39,418,0.0,9041.71,2,0,0,0
15719579,McIntosh,Germany,Female,33,670,84521.48,198017.05,2,1,0,1
15748854,Sung,Germany,Female,28,723,91938.31,143481.85,1,0,0,1
15612455,Yao,Germany,Male,45,549,124240.93,146372.51,1,1,0,1
15664802,Chinweuba,France,Female,42,543,0.0,101905.34,2,0,0,0
15735687,Chinweuba,Spain,Male,37,595,157084.99,134767.13,1,0,0,1
15664734,T'ao,Germany,Female,25,673,108244.82,103573.96,2,1,0,1
15767894,Ch'ien,France,Female,21,741,0.0,139259.54,2,1,0,0
15666884,Su,Germany,Female,41,508,82161.7,187776.49,2,0,0,1
15750156,Yu,Germany,Male,59,662,104568.41,8059.44,1,0,1,1
15751120,Loyau,France,Female,36,752,119912.46,124354.92,1,0,0,1
15575748,Conti,France,Male,36,809,68881.59,109135.11,2,1,0,1
15714610,Alexeeva,Spain,Male,30,575,0.0,82222.86,2,1,0,0
15720305,Power,Spain,Female,40,591,86376.29,136767.16,1,1,1,1
15678129,Hill,Spain,Female,45,643,150840.03,155516.35,2,0,0,1
15566633,Freeman,Germany,Male,55,698,155059.1,144584.29,2,1,0,1
15680436,Hsing,France,Female,29,496,0.0,164806.89,2,0,0,0
15674343,Esposito,France,Male,44,597,78128.13,109153.04,2,1,0,1
15658890,Belonwu,Germany,Male,46,603,98899.76,86190.34,2,1,0,1
15599004,Tsao,Spain,Male,37,655,0.0,106040.97,1,1,0,0
15726487,P'eng,France,Male,63,431,160982.89,168008.17,1,1,0,1
15698716,Baker,France,Female,70,620,87926.24,33350.26,2,0,1,1
15710527,Matthews,France,Female,35,782,0.0,119565.34,1,1,0,0
15655590,Garcia,Spain,Male,46,581,79385.21,188492.82,2,0,0,1
15732266,Field,Germany,Male,53,553,127997.83,165378.66,1,0,1,1
15669326,Gordon,France,Male,44,658,168396.34,14178.73,1,1,0,1
15672246,Jefferies,Germany,Male,43,686,134896.03,97847.05,1,1,0,1
15620276,Palermo,Spain,Male,36,539,0.0,118959.64,3,1,0,0
15640258,Chou,France,Female,50,685,94238.75,50664.07,2,1,1,1
15740283,Ewing,France,Male,29,850,0.0,152996.89,2,0,0,0
15759717,Mazzi,Spain,Female,39,763,0.0,19458.75,2,0,0,0
15620268,Thomson,Germany,Male,43,634,212696.32,115268.86,1,0,0,1
15743871,Nkemdirim,France,Male,59,567,0.0,25843.7,2,0,1,0
15614491,Lockyer,France,Male,39,539,139153.68,147662.33,2,0,0,1
15595047,Murray,France,Male,41,764,0.0,134878.34,2,0,0,0
15732334,Black,France,Female,40,653,0.0,35795.85,2,0,0,0
15701206,Torreggiani,Spain,Male,44,566,0.0,66462.79,2,0,0,0
15581280,Atkinson,Germany,Male,29,714,92887.13,69578.49,1,1,0,1
15651943,Richards,Spain,Female,65,580,0.0,103182.46,2,1,0,0
15609545,Azubuike,France,Male,29,548,83442.98,177017.39,1,1,0,1
15658548,Ignatiev,Germany,Female,36,646,144773.29,53217.3,2,0,0,1
15626008,Miller,Germany,Female,52,622,111973.97,162756.29,1,1,1,1
15774133,Cox,France,Female,35,706,178032.53,42181.68,1,1,0,1
15763798,McMillan,France,Male,23,680,140007.19,31714.08,1,1,0,1
15758013,Napolitano,France,Male,37,698,98400.61,25017.28,2,0,0,1
15705765,Lane,Spain,Female,46,581,0.0,104272.04,2,0,0,0
15648362,Kennedy,Germany,Male,45,728,108924.33,84300.4,2,0,1,1
15761102,T'ao,Spain,Female,32,707,132835.56,136877.24,1,0,0,1
15610165,Hsiung,France,Female,26,761,0.0,199409.19,2,1,0,0
15723717,Heath,Germany,Male,41,483,118334.44,163147.99,1,0,1,1
15654611,Parry,Germany,Female,25,736,81732.88,136497.28,2,0,0,1
15659736,Herbert,Germany,Male,66,716,121411.9,10070.4,1,0,1,1
15603170,Kang,France,Male,32,654,121455.65,190068.53,1,0,1,1
15786167,Andreyeva,Spain,Male,20,649,0.0,58309.54,2,1,0,0
15671915,Bowen,France,Male,46,649,0.0,76946.6,2,1,0,0
15794792,Golubev,France,Female,31,612,117989.76,54129.86,1,1,0,1
15652789,Hancock,Spain,Male,40,657,0.0,52990.7,2,1,0,0
15739168,Fowler,France,Female,31,511,137411.29,161854.98,1,1,0,1
15719950,Sutherland,France,Male,61,682,73688.2,172141.33,1,1,0,1
15743818,Rowley,Spain,Male,58,748,122330.7,124429.19,2,1,0,1
15717937,Gibbons,Germany,Male,43,554,99906.89,24983.39,1,0,0,1
15602841,Lockett,Spain,Female,28,794,0.0,86699.98,2,1,0,0
15619972,Akabueze,France,Female,47,807,167664.83,125440.11,1,0,1,1
15796114,Phelps,France,Female,34,594,141525.55,9443.15,1,0,0,1
15633546,Frederick,Spain,Female,33,652,124832.51,195877.06,1,0,0,1
15758755,Beneventi,France,Female,34,729,132121.71,105409.31,1,1,0,1
15695168,Bruce,France,Male,39,625,0.0,100403.05,2,0,0,0
15754342,Green,Germany,Female,60,597,78539.84,48502.88,1,1,0,1
15756610,Carlson,Germany,Female,38,657,123770.46,47019.66,1,0,1,1
15640917,Tang,France,Male,43,633,0.0,48249.88,2,1,0,0
15663164,Yudin,Germany,Male,49,663,116150.65,84358.71,3,1,1,1
15616811,MacDonald,France,Male,47,535,160729.1,145986.35,1,1,0,1
15610781,Watt,France,Female,29,702,88378.6,88550.28,1,0,0,1
15600911,Mbadiwe,France,Male,33,712,182888.08,3061.0,1,0,0,1
15629603,Chuang,France,Male,31,607,0.0,43196.5,2,1,0,0
15714981,Sabbatini,France,Male,37,476,0.0,55775.84,1,1,1,0
15775892,Caldwell,Spain,Female,23,748,85600.08,134077.71,1,0,0,1
15782778,Ewers,France,Male,35,815,0.0,198490.33,2,1,0,0
15786643,Tsao,France,Male,32,602,0.0,116052.92,2,1,0,0
15595657,Hannam,Germany,Male,40,649,95001.33,123202.99,1,1,0,1
15743673,Wood,Spain,Male,27,551,113873.22,85129.77,1,1,1,1
15634310,Ko,France,Male,30,509,0.0,180598.86,2,0,0,0
15790809,Lo Duca,Spain,Male,40,685,74896.92,198694.2,1,0,0,1
15668695,Endrizzi,France,Female,22,536,89492.62,42934.43,1,0,0,1
15669281,Ch'iu,Spain,Male,38,711,128718.78,114793.45,1,0,0,1
15621031,Mofflin,Spain,Male,27,761,0.0,63297.7,2,0,0,0
15720071,Fiorentini,France,Female,49,535,0.0,61820.41,1,0,1,0
15792180,Chiekwugo,Germany,Male,22,566,144954.75,102246.0,2,0,0,1
15813894,Bogle,Spain,Male,21,620,0.0,154882.79,2,0,0,0
15669490,Ifeanacho,Germany,Male,37,837,94001.61,140723.05,2,0,0,1
15783030,Owens,France,Female,40,685,0.0,72852.74,1,0,1,0
15695792,Ch'ien,France,Male,65,673,0.0,85733.33,1,1,0,0
15575676,Chung,France,Male,24,638,0.0,162597.15,2,1,0,0
15627665,Sung,France,Male,46,614,0.0,74379.57,1,0,1,0
15814092,Wang,France,Female,44,626,0.0,173117.22,1,1,1,0
15695225,Sun,Spain,Male,38,834,0.0,66485.26,2,1,0,0
15615091,Maitland,France,Male,24,691,0.0,92811.2,2,1,0,0
15794345,Ma,Spain,Male,38,706,0.0,46635.11,2,1,0,0
15726484,Pollard,France,Male,37,633,141546.35,124830.11,1,1,0,1
15650442,Hsieh,Germany,Female,32,644,141528.88,167087.34,1,1,1,1
15714256,Gerasimov,France,Male,30,666,109805.3,163625.56,1,1,0,1
15778752,Johnson,France,Male,32,708,86614.06,172129.26,2,1,0,1
15601659,Fiorentino,Germany,Female,59,496,91680.1,163141.18,2,0,1,1
15602811,Chioke,Germany,Male,38,730,38848.19,94003.11,2,0,0,1
15779414,Rossi,Spain,Male,40,696,153639.11,138351.68,1,1,0,1
15763097,Siciliano,Spain,Male,80,809,0.0,34164.05,2,1,0,0
15633666,Efremov,Spain,Female,33,701,123870.07,97794.71,1,0,0,1
15718789,Brigstocke,France,Male,30,604,0.0,75786.55,2,0,0,0
15690620,Olisaemeka,France,Male,39,665,46323.57,136812.02,1,0,0,1
15737071,Tang,France,Female,60,639,162039.78,84361.72,1,1,1,1
15665062,Lucchese,France,Male,19,696,110928.51,2766.63,1,1,0,1
15600692,West,France,Male,38,520,0.0,163185.76,2,0,0,0
15792064,Pai,Germany,Male,53,545,114421.55,180598.28,1,0,1,1
15811486,Tang,Germany,Female,29,634,130036.21,69849.55,2,1,0,1
15626141,Fedorov,France,Female,26,750,151510.17,19921.72,2,1,0,1
15738546,Gboliwe,Spain,Female,41,530,0.0,147606.71,2,1,0,0
15677052,Ko,France,Female,59,589,0.0,126160.24,2,1,1,0
15656454,Le Gallienne,France,Male,37,654,83568.55,47046.72,1,0,0,1
15645496,Seleznyova,France,Female,43,648,139972.18,143668.58,1,0,0,1
15612505,Joseph,Spain,Male,45,835,100212.13,152577.62,1,0,0,1
15708513,Bevan,France,Female,39,446,90217.07,191350.48,1,0,0,1
15685654,Allan,Spain,Male,66,514,0.0,14234.31,2,1,0,0
15732307,Lavrentiev,Germany,Male,33,694,124067.32,77906.87,1,1,0,1
15726814,Walton,Spain,Male,46,554,0.0,57320.92,2,1,0,0
15653776,Salier,Germany,Female,57,720,162082.31,27145.73,4,0,1,1
15597914,Evdokimov,Germany,Female,51,641,117306.69,26912.72,4,1,1,0
15631603,Ponomaryova,France,Male,32,813,122889.88,26476.18,1,1,0,1
15789753,Millar,France,Male,40,480,148790.61,79329.7,1,1,0,1
15678034,Grosse,France,Male,46,811,180226.24,13464.64,1,0,1,1
15690209,Hsiao,Germany,Female,32,715,104857.19,114149.8,2,0,0,1
15592091,Belbin,Spain,Male,31,620,166833.86,135171.6,2,1,0,1
15647453,Ifeajuna,France,Male,42,721,102936.72,1187.88,1,0,0,1
15697100,Wright,Germany,Female,48,772,108736.52,184564.67,1,0,1,1
15811290,Komarova,Germany,Male,44,680,129974.79,33391.38,2,1,0,1
15629187,Titheradge,France,Male,38,535,85982.07,9238.35,1,0,0,1
15758073,Dellucci,France,Female,20,655,134397.61,28029.54,1,0,0,1
15640769,Hobbs,France,Male,63,660,137841.53,42790.29,1,1,0,1
15606641,Beggs,Germany,Male,56,762,100260.88,77142.42,3,1,1,1
15718280,Luffman,Germany,Male,39,662,139822.11,146219.9,2,1,0,1
15764335,Caldwell,Germany,Female,41,463,123151.51,70127.93,2,0,0,1
15634218,Mancini,Germany,Male,27,501,95331.83,132104.76,2,0,0,1
15808760,Evseev,Spain,Female,42,603,0.0,90437.87,1,1,0,0
15648461,Hs?eh,Spain,Male,37,688,138162.41,113926.31,2,1,0,1
15593555,Chinedum,France,Male,38,430,0.0,12050.77,2,1,0,0
15569079,Hagins,Germany,Male,48,632,126066.26,64345.61,1,0,1,1
15800736,Kirwan,Spain,Female,42,601,96763.89,199242.65,1,1,0,1
15792607,Little,France,Female,38,769,0.0,75578.67,2,0,0,0
15640034,Milligan,France,Male,42,551,139561.46,43435.43,1,0,1,1
15807563,Ch'iu,France,Female,52,841,0.0,183239.71,1,0,1,0
15684461,McKay,Spain,Female,31,469,0.0,146213.75,1,0,1,0
15580134,Crawford,Spain,Male,27,479,172463.45,40315.27,1,1,0,1
15679075,Onyemere,France,Male,37,701,107798.85,16966.73,1,0,0,1
15742504,Azuka,France,Male,36,593,70181.48,80608.12,2,0,0,1
15567328,Ch'en,Spain,Male,38,738,177997.07,19233.41,1,1,0,1
15698294,Royster,Spain,Male,31,635,0.0,135382.23,2,0,0,0
15607142,Parkin,France,Male,32,658,0.0,80410.68,1,1,0,0
15738516,Kozlova,Spain,Female,36,687,0.0,17696.22,1,0,0,0
15806403,Hu,France,Male,37,650,0.0,17974.08,2,0,0,0
15656707,Ma,Spain,Male,21,720,123200.78,180712.28,1,1,0,1
15653715,Coates,France,Female,63,602,0.0,56323.21,2,1,0,0
15806184,Burns,Spain,Male,33,618,0.0,77550.18,2,1,0,0
15585734,Gouger,Germany,Male,41,803,137742.9,166957.82,2,1,0,1
15725639,Ignatyev,France,Female,63,793,116270.72,184243.25,1,1,0,1
15618401,Douglas,Germany,Male,41,616,113220.2,114072.91,2,1,0,1
15785385,Fiorentino,Spain,Male,51,550,0.0,153917.41,2,0,0,0
15734762,Ignatiev,France,Female,56,602,115895.22,4176.17,3,0,1,1
15767129,Munz,France,Female,60,452,121730.49,142963.29,1,1,0,1
15797204,Paling,Spain,Female,28,655,113811.85,76844.23,2,1,0,1
15769272,Clark,France,Female,26,510,136214.08,159742.33,1,0,0,1
15771966,Akobundu,France,Male,39,557,146200.01,177944.64,1,0,0,1
15691952,Fanucci,France,Male,37,676,106242.67,166678.28,1,1,0,1
15593250,Hsiao,France,Female,29,640,0.0,44904.26,2,0,0,0
15605333,Clancy,Spain,Male,31,529,0.0,10625.91,1,0,0,0
15800083,Macdonald,France,Male,45,559,24043.45,169781.45,1,1,1,1
15575691,Palerma,France,Female,58,689,0.0,49848.86,2,1,0,0
15689886,Holden,Germany,Male,39,626,132287.92,51467.92,3,1,1,1
15809838,Moore,Spain,Male,30,697,0.0,735.79,2,0,0,0
15736154,Gallo,France,Female,44,823,0.0,182495.7,2,1,0,0
15767391,Otutodilinna,Germany,Female,32,565,90322.99,118740.37,2,1,0,1
15704910,Rios,Spain,Male,23,631,0.0,13813.24,2,0,0,0
15656613,McGregor,France,Female,34,646,131283.11,130500.65,1,0,0,1
15611551,Hill,Spain,Male,48,676,131659.59,14152.15,2,1,0,1
15732430,H?,Spain,Female,54,850,120952.74,66963.15,1,0,0,1
15741865,Ferrari,France,Female,38,810,153166.17,93261.69,1,1,0,1
15634143,Onyemauchechi,Spain,Male,30,581,53291.86,196582.28,1,0,0,1
15609676,Nkemakonam,France,Female,35,718,167924.95,43024.64,1,0,0,1
15761600,White,France,Male,43,713,86394.14,130001.13,1,1,0,1
15676404,Kirillov,France,Female,50,672,0.0,12106.82,1,0,1,0
15659236,Iadanza,Spain,Male,33,781,0.0,42556.33,2,1,0,0
15690440,Stiles,Spain,Male,47,656,0.0,197961.93,2,1,0,0
15694601,Ankudinov,France,Female,31,583,158978.79,12538.92,1,0,0,1
15812262,Gaffney,Germany,Female,37,808,100431.84,35140.49,1,0,1,1
15762821,Udinese,Spain,Male,33,721,0.0,117626.9,2,1,0,0
15669301,Romani,Germany,Female,29,778,150358.97,62454.01,1,0,1,1
15672640,Kambinachi,Spain,Female,45,850,114347.85,109089.04,2,1,0,1
15750458,Hawkins,France,Female,39,693,0.0,142331.39,2,1,0,0
15627251,Tsui,France,Male,34,520,134007.9,193209.11,1,1,0,1
15764294,Ifeatu,Germany,Male,31,759,98899.91,47832.82,1,1,0,1
15659962,McIntosh,France,Male,60,637,0.0,70174.03,2,1,0,0
15788536,Armit,Germany,Male,40,755,137430.82,176768.59,2,0,0,1
15596979,Fang,France,Female,47,662,0.0,129392.75,2,1,0,0
15681220,Chou,France,Female,37,503,0.0,97893.32,2,1,0,0
15635097,Okeke,Germany,Male,39,599,188976.89,176142.09,2,1,0,1
15780779,Ramsbotham,Spain,Female,40,583,0.0,114093.73,2,0,0,0
15798470,Scannell,Spain,Female,48,764,75990.97,158323.81,1,0,1,1
15760880,Edman,France,Male,29,513,0.0,25514.77,2,1,0,0
15616929,De Luca,Spain,Male,62,730,112181.08,61513.87,1,1,0,1
15758775,Vasilyeva,Spain,Male,34,820,97208.46,59553.34,1,1,0,1
15663386,Tuan,Spain,Female,26,597,0.0,110253.2,2,0,0,0
15621267,Ejimofor,France,Male,32,637,0.0,148769.08,1,0,0,0
15720509,Hs?,France,Male,34,696,150856.79,8236.78,1,1,0,1
15693322,Shaver,Germany,Female,37,635,146748.07,11407.58,1,1,0,1
15589544,Wallis,Spain,Female,57,673,0.0,49684.09,2,1,0,0
15772030,Coupp,Spain,Male,33,662,0.0,68064.83,2,1,0,0
15693337,Perry,Spain,Male,41,683,148863.17,163911.32,1,1,0,1
15676571,Bezrukova,France,Male,55,850,0.0,944.41,1,0,1,0
15701392,Lucciano,Spain,Male,28,815,0.0,185547.71,2,1,0,0
15741092,Ingram,Spain,Male,34,671,153360.02,140509.86,1,0,0,1
15643865,Lo Duca,France,Female,40,601,92055.36,164652.02,1,1,1,1
15769389,Wan,Germany,Female,39,709,124723.92,73641.86,1,0,0,1
15807768,Cohn,Germany,Male,28,702,103033.83,40321.87,1,1,0,1
15801630,Yen,France,Male,40,558,0.0,173844.89,2,0,0,0
15705034,Peng,Spain,Male,40,691,0.0,145613.17,2,1,0,0
15763107,Little,France,Female,30,700,0.0,174971.64,1,1,0,0
15667085,Meng,France,Male,33,667,0.0,131834.75,2,1,0,0
15647008,Adams,Germany,Male,54,624,116726.22,110498.1,1,0,1,1
15584505,Hill,France,Female,23,580,113923.81,196241.43,2,0,0,1
15748068,Boyle,Spain,Female,31,571,0.0,194667.92,2,1,0,0
15663964,Pagnotto,France,Male,37,561,0.0,83093.25,2,0,0,0
15782311,Feng,France,Male,28,529,0.0,52545.24,2,1,0,0
15588197,Endrizzi,France,Male,36,670,0.0,59571.5,2,0,0,0
15610105,Shen,Germany,Female,21,666,121827.43,99818.31,2,1,0,1
15606133,Lay,Spain,Male,42,628,0.0,172967.87,2,1,0,0
15599403,Wu,France,Male,60,577,125389.7,178616.73,2,1,0,1
15648225,Shephard,Spain,Female,38,652,103895.31,159649.44,1,1,0,1
15608406,Schmidt,France,Male,26,678,111128.04,60941.27,1,0,1,1
15633378,Davidson,Spain,Female,49,692,0.0,178342.63,2,0,0,0
15664759,Lamb,Spain,Male,32,675,0.0,191545.65,2,0,0,0
15625545,Hussey,Spain,Male,52,712,0.0,117977.45,1,1,1,0
15772148,Ferrari,Germany,Female,37,639,151242.48,49637.65,1,1,0,1
15810829,Macfarlan,France,Male,48,618,0.0,13921.82,1,0,1,0
15731669,Szabados,France,Male,39,554,129709.62,173197.12,1,0,0,1
15738634,Yuan,France,Male,47,533,83347.25,137696.25,1,1,0,1
15737571,Matveyev,Spain,Female,28,540,84121.04,80698.54,1,1,0,1
15667602,Cheng,Spain,Male,33,704,0.0,73018.74,2,0,0,0
15684147,Palerma,France,Male,43,678,102338.19,79649.62,1,1,0,1
15789874,Wang,France,Female,29,712,87375.78,166194.53,2,0,0,1
15757952,Teng,France,Male,44,651,0.0,102530.35,3,0,1,0
15698732,K'ung,Germany,Male,51,789,104677.09,74265.38,1,0,0,1
15714355,Sinclair,Germany,Male,32,775,121669.23,125898.39,1,1,0,1
15599090,McKelvey,Germany,Male,40,564,108407.34,83681.2,1,1,0,1
15762048,Yuan,Germany,Female,33,841,154969.79,99505.75,2,1,0,1
15790596,Moran,Spain,Male,39,850,141829.67,92748.16,1,1,0,1
15609623,McConnell,France,Female,63,637,0.0,28092.77,1,0,1,0
15711901,Iheatu,France,Male,45,500,109162.82,126145.08,1,1,0,1
15779809,Giordano,France,Male,44,655,87471.63,188593.98,1,1,0,1
15729018,Alexander,France,Female,33,666,147229.65,56410.17,1,1,0,1
15698246,Gordon,France,Female,24,658,0.0,84694.49,2,1,0,0
15712409,Tang,Germany,Male,66,749,182532.23,195429.92,2,1,0,1
15758306,T'an,France,Male,32,654,0.0,137898.57,2,1,0,0
15621435,Davies,France,Female,39,623,160903.2,78774.36,1,0,0,1
15566295,Sanders,France,Female,33,761,138053.79,148779.41,2,0,0,1
15569098,Winifred,France,Male,44,627,153548.12,35300.08,1,0,1,1
15662532,Holmes,Germany,Male,31,757,149085.9,197077.36,2,1,0,1
15664001,Riddle,Germany,Female,53,695,95231.91,70140.8,1,0,1,1
15703437,Chinedum,France,Male,34,726,0.0,196288.46,2,0,0,0
15708003,Aleksandrova,Spain,Male,41,587,85109.21,1557.82,1,0,0,1
15599452,Conti,Germany,Female,43,605,125338.8,23970.13,2,0,0,1
15719793,Watson,Spain,Male,62,850,0.0,180243.56,2,1,0,0
15771580,Davison,France,Female,38,850,106831.69,148977.72,1,1,0,1
15732268,Cook,France,Male,29,751,159597.45,39934.41,1,0,0,1
15722350,Udinesi,Germany,Female,37,627,147361.57,133031.96,1,1,0,1
15611371,Siciliani,France,Male,43,736,176134.54,52856.88,1,1,0,1
15673584,Bell,France,Female,74,652,0.0,937.15,2,1,0,0
15636396,Jackson,France,Female,35,627,0.0,193022.44,2,1,0,0
15706170,Onyemere,France,Male,34,636,84055.43,37490.84,1,0,0,1
15725478,McClemans,France,Male,60,775,0.0,111558.7,2,1,0,0
15654562,Ma,Spain,Female,45,850,174088.3,5669.31,4,0,1,1
15737509,Morrison,Spain,Male,34,850,199229.14,68106.29,1,0,0,1
15690796,Chambers,France,Male,37,516,0.0,101834.58,1,0,0,0
15716728,Basedow,Spain,Female,42,513,0.0,73151.25,2,1,0,0
15605665,Nwora,Germany,Female,69,673,78833.15,37196.15,2,1,0,1
15748481,Howey,France,Female,27,564,0.0,7819.76,1,0,0,0
15757777,Pai,France,Female,35,636,0.0,23129.46,2,1,0,0
15747808,Ni,France,Male,29,712,102540.61,189680.79,1,1,0,1
15810593,Forbes,France,Male,51,568,0.0,66586.56,3,1,0,0
15693376,Baryshnikov,Spain,Male,43,741,0.0,2920.63,2,1,1,0
15579808,Kramer,Germany,Female,39,754,129401.87,87684.93,1,1,0,1
15598275,Sochima,France,Female,32,709,0.0,199418.02,2,1,0,0
15737080,Marchesi,France,Female,32,510,0.0,28515.17,2,1,0,0
15668580,Todd,Spain,Male,33,716,0.0,92916.53,2,1,0,0
15569438,Mai,Germany,Male,36,607,106702.94,198313.69,2,0,0,1
15675842,Pinto,Spain,Male,26,656,139584.57,36308.93,1,0,0,1
15577587,Reynolds,Germany,Male,52,550,121016.23,41730.37,1,1,1,1
15625592,Sal,France,Male,26,486,0.0,31399.4,2,1,0,0
15635141,Miller,Germany,Male,59,598,118210.42,60192.14,2,0,1,1
15642570,Scott,Spain,Male,35,675,0.0,29062.25,2,0,0,0
15702175,Herrin,France,Female,29,755,148654.84,28805.09,2,1,0,1
15677785,Stevenson,Spain,Male,32,656,136963.12,133814.28,1,0,0,1
15786153,McKenzie,Germany,Male,47,644,137774.11,151902.78,2,0,0,1
15759499,Gardiner,France,Female,32,598,111156.52,167376.26,1,1,0,1
15659568,Atkinson,Spain,Female,31,850,121237.65,31022.56,1,1,0,1
15715597,Onyemauchechi,France,Male,36,679,97234.58,188997.08,1,0,0,1
15610147,Ross,France,Male,60,632,0.0,2085.32,2,1,0,0
15802362,Newland,Spain,Male,45,550,0.0,70399.71,2,1,0,0
15660524,Hu,Germany,Female,54,572,97382.53,195771.95,1,1,0,1
15747168,Sanders,Germany,Female,47,626,103108.8,166475.44,1,1,1,1
15796910,Tsui,Spain,Female,57,625,0.0,84106.17,1,0,1,0
15707674,Marino,France,Female,58,515,131852.81,81436.68,1,0,1,1
15565706,Akobundu,Spain,Male,35,612,0.0,83256.26,1,1,1,0
15587596,Morrison,Spain,Female,39,628,107553.33,117523.41,1,0,0,1
15751943,Mai,Spain,Female,43,529,0.0,79476.63,2,0,0,0
15621227,Hs?eh,Germany,Female,46,668,161806.09,173052.19,1,1,0,1
15757588,Wright,France,Male,30,526,0.0,100995.68,2,0,0,0
15640922,Demaine,France,Female,52,791,0.0,122782.5,1,1,0,0
15567557,Chien,France,Male,27,573,128243.03,11631.34,1,1,0,1
15670103,Dickinson,France,Female,38,565,126645.13,168303.55,1,1,0,1
15720929,Kazantseva,France,Female,47,604,62094.71,9308.1,3,0,1,0
15732774,Marchesi,France,Male,37,656,112291.34,153157.97,1,0,0,1
15628558,Pan,France,Female,44,447,89188.83,75408.24,1,1,0,1
15729201,Harewood,France,Male,55,682,0.0,153356.8,1,0,1,0
15731117,Kao,Spain,Male,28,437,109161.25,152987.42,1,0,0,1
15615207,Yeh,Spain,Male,47,792,0.0,5557.88,1,1,1,0
15773512,Bischof,Spain,Female,25,627,0.0,194313.93,1,1,0,0
15572145,Ashton,France,Female,34,767,0.0,94767.77,2,0,0,0
15642710,Napolitani,France,Male,26,686,0.0,1540.89,2,0,0,0
15574213,Wilson,France,Female,53,789,158271.74,5036.39,1,1,1,1
15718852,Uren,France,Male,56,794,96951.21,71776.76,1,1,0,1
15583840,Okechukwu,Germany,Male,35,587,121863.61,23481.69,1,1,1,1
15782418,Ku,Germany,Female,19,589,83495.11,143022.31,1,1,1,1
15813504,Onyemachukwu,Germany,Female,25,543,146566.01,161407.48,1,1,0,1
15711314,Kao,Spain,Female,45,589,0.0,125939.22,1,0,1,0
15621064,Russell,Germany,Male,23,701,186101.18,76611.33,2,1,0,1
15627847,Woronoff,France,Male,40,850,0.0,136985.08,1,0,1,0
15588090,Ferri,Germany,Female,51,726,107494.86,140937.91,2,0,1,1
15735270,Ruggiero,Spain,Male,47,767,0.0,48161.18,1,0,1,0
15671804,Wilding,Spain,Male,36,648,146943.38,130041.45,2,1,0,1
15753215,Yashina,Spain,Female,36,651,0.0,91652.43,2,0,0,0
15789941,Yevseyev,France,Female,36,633,125130.28,125961.48,1,0,0,1
15691061,Rapuokwu,France,Female,37,740,0.0,73225.31,2,1,0,0
15808326,Maslov,France,Female,34,592,0.0,20460.2,2,1,0,0
15566660,Cole,France,Female,41,670,0.0,81602.02,3,0,0,0
15778947,Sullivan,France,Male,36,628,0.0,8742.91,2,1,0,0
15632977,Hsiao,France,Male,47,745,0.0,145789.71,2,0,0,0
15591747,Rossi,France,Male,32,705,0.0,129576.99,2,0,0,0
15567335,Allsop,France,Female,42,559,0.0,190040.29,2,1,0,0
15609299,Chamberlain,France,Male,29,595,150685.79,87771.06,1,0,0,1
15669945,Jackson,France,Male,35,492,141359.37,39519.53,2,0,0,1
15736271,Dumetochukwu,France,Female,29,498,0.0,190035.83,1,0,0,0
15710390,Uspensky,France,Female,39,655,94631.26,148948.52,2,1,0,1
15756481,Garcia,France,Female,39,636,118336.14,184691.77,1,0,0,1
15736730,Soto,France,Female,45,634,0.0,143458.31,1,1,0,0
15626040,McDonald,Spain,Male,63,793,0.0,27166.75,2,1,0,0
15746553,Castles,Germany,Male,50,526,124233.24,159456.87,1,1,1,1
15622518,Stephenson,France,Female,26,768,51116.26,70454.79,1,1,1,1
15684908,Davidson,Germany,Male,64,540,91869.69,95421.0,1,1,0,1
15569446,Tu,France,Female,34,732,122338.43,187985.85,2,0,0,1
15777504,Colbert,France,Female,30,617,0.0,92621.9,1,1,0,0
15677906,Owens,Spain,Female,54,637,0.0,150836.98,1,1,0,0
15703292,Chimezie,France,Male,26,573,86270.93,90177.3,2,1,0,1
15712938,Genovese,France,Male,44,531,0.0,34416.79,2,1,0,0
15631359,Daluchi,France,Female,38,489,117289.92,85231.88,1,0,0,1
15720847,Sheffield,France,Male,35,601,0.0,118983.18,2,1,0,0
15787830,Bailey,Germany,Male,33,452,153663.27,111868.23,1,0,0,1
15599869,Dyson,Spain,Female,29,728,0.0,83056.22,1,1,0,0
15592078,Davide,Germany,Female,27,590,123599.49,1676.92,2,0,0,1
15596228,Uwaezuoke,France,Male,29,490,0.0,32089.57,2,0,0,0
15578462,Hs?,Spain,Female,76,596,134208.25,13455.43,1,1,0,1
15756894,Onwuka,France,Male,29,635,0.0,24865.54,1,1,0,0
15796167,Flores,Germany,Male,35,782,98556.89,117644.36,2,0,0,1
15664808,Nicoll,Spain,Female,37,790,0.0,98897.32,3,0,0,0
15664555,Hughes,France,Male,40,587,0.0,106174.7,4,1,1,0
15607278,Romano,Spain,Female,46,794,134593.79,46386.37,1,1,0,1
15585222,Norman,France,Male,41,515,0.0,185054.14,2,1,0,0
15750299,Davison,Spain,Male,24,746,68781.82,47997.39,1,1,0,1
15761294,Manna,Germany,Female,56,667,137464.04,130846.79,1,0,1,1
15810454,Reed,France,Male,32,709,147307.91,40861.55,1,1,0,1
15673984,Daniels,France,Female,35,536,0.0,171840.24,1,0,1,0
15609319,Hunt,France,Female,41,711,145754.91,101455.07,1,1,0,1
15709941,Feng,France,Male,46,753,0.0,90747.94,3,0,1,0
15580252,Waters,France,Male,44,748,112610.77,2048.55,1,1,0,1
15741275,Yuan,France,Female,57,623,71481.79,84421.34,2,1,0,1
15707132,Yudin,France,Male,33,465,0.0,78698.09,2,1,0,0
15600708,Calabresi,Spain,Female,34,640,77826.8,168544.85,1,1,0,1
15804787,Onyemauchechukwu,France,Male,75,562,87140.85,39351.64,1,1,0,1
15690021,Martin,Germany,Female,42,502,132002.7,28204.98,1,1,1,1
15763895,Hung,France,Male,32,536,178011.5,22375.14,2,0,0,1
15623478,Maslova,Germany,Female,32,670,102954.68,134942.45,2,1,0,1
15797910,Zetticci,Germany,Male,51,775,123783.25,134901.57,1,1,0,1
15577751,Pisano,Germany,Male,30,759,101802.67,8693.8,1,0,0,1
15781777,Sutherland,France,Male,33,604,148659.48,42437.75,1,0,0,1
15740527,Lai,Germany,Female,62,766,142724.48,5893.23,1,1,1,1
15721251,Watson,Spain,Female,41,554,112152.89,36242.19,1,1,0,1
15602994,Gorbunov,France,Female,53,487,89550.85,90076.85,1,1,0,1
15750769,Padovano,France,Male,35,725,75915.75,150507.43,1,0,0,1
15740175,Raynor,Germany,Female,42,732,118889.66,87422.15,2,0,0,1
15679968,Ting,France,Male,40,623,118788.57,192867.4,1,0,0,1
15694404,Eberegbulam,France,Female,42,781,156555.54,175674.01,1,1,0,1
15657529,Chin,Germany,Male,53,714,99141.86,72496.05,1,1,1,1
15762882,Manna,Germany,Female,31,577,61211.18,145250.43,1,1,0,1
15642579,Chang,Spain,Female,37,731,128932.4,180712.52,1,1,0,1
15598884,Kent,Spain,Female,23,650,0.0,180622.43,1,1,0,0
15770185,Buckley,France,Male,32,779,80728.15,86306.75,1,0,0,1
15800287,Micco,Spain,Female,46,706,127660.46,150156.82,2,0,1,1
15665861,Avdeev,Spain,Male,44,733,106070.89,101617.43,1,1,0,1
15662203,Bremer,Germany,Female,42,579,137560.38,85424.34,2,1,0,1
15616454,Davidson,Germany,Female,34,476,111905.43,197221.81,1,1,1,1
15702788,Gadsdon,France,Male,40,775,126212.64,70196.57,1,0,0,1
15778149,Connolly,Spain,Male,68,538,0.0,110440.5,2,0,1,0
15680001,McDonald,France,Male,38,602,111835.94,124389.61,2,0,0,1
15711991,Chiawuotu,France,Male,30,615,0.0,3183.15,2,0,0,0
15633834,Milne,Germany,Female,28,700,99705.69,146723.72,2,0,0,1
15765266,Fleming,France,Male,32,615,0.0,2139.25,2,0,0,0
15791867,Hicks,Germany,Male,44,544,108895.93,69228.2,1,0,1,1
15675380,Logan,Spain,Male,56,573,154669.77,115462.27,1,1,1,1
15770576,Hammond,Spain,Male,50,555,128061.0,62375.1,2,1,0,1
15775294,Weber,France,Female,31,692,0.0,91829.17,2,0,1,0
15727059,Lettiere,France,Female,40,476,0.0,182547.04,2,0,0,0
15702499,Schnaars,Spain,Male,46,770,190678.02,14725.36,1,1,0,1
15611699,Tao,France,Female,40,641,0.0,126996.67,1,0,0,0
15654000,Algarin,France,Female,35,705,0.0,133991.11,1,0,1,0
15657881,Onyemere,France,Male,38,784,136712.91,169920.92,1,1,0,1
15719991,Korovina,Spain,Female,52,727,154733.97,80259.67,1,0,1,1
15720687,Chidubem,France,Female,41,576,112609.91,191035.18,1,0,1,1
15687079,King,Spain,Male,69,646,115462.44,40421.87,1,0,0,1
15582276,Greco,France,Male,34,638,133501.36,155643.04,1,1,0,1
15763980,Beneventi,Germany,Male,30,632,58668.02,78670.52,1,1,0,1
15720774,P'eng,Spain,Male,44,850,89118.26,104240.77,1,0,1,1
15592194,Metcalf,France,Female,28,492,0.0,95957.09,2,0,0,0
15803685,Greco,Germany,Female,77,673,76510.52,59595.66,2,1,0,1
15759456,Lupton,Spain,Male,34,609,140694.78,46266.63,2,0,0,1
15611544,Ibeamaka,Germany,Male,36,701,95448.32,189085.07,2,0,0,1
15794257,Hsiung,France,Male,34,651,91562.99,123954.15,1,1,0,1
15681697,Rueda,France,Male,31,508,72541.48,129803.08,1,0,0,1
15579566,Li Fonti,Spain,Female,43,616,120867.18,18761.92,1,0,1,1
15577970,Alexeeva,France,Male,34,489,0.0,43540.59,1,0,0,0
15727489,Madueke,Spain,Female,45,567,157320.51,62193.92,1,0,0,1
15764284,Torres,Spain,Male,27,714,0.0,129130.09,3,1,0,0
15581811,Chukwubuikem,Germany,Female,30,678,139676.95,16146.0,2,1,0,1
15622527,Holloway,France,Female,55,581,0.0,22442.13,1,1,0,0
15753362,Evdokimov,Spain,Male,60,748,0.0,78194.37,2,1,0,0
15666652,Anayolisa,France,Female,19,781,0.0,124297.32,2,1,0,0
15789714,Semmens,Spain,Male,21,691,103000.94,104648.58,1,1,0,1
15771543,Tu,Germany,Male,31,507,134237.07,166423.66,1,1,1,1
15748327,Anderson,Germany,Male,34,724,118235.7,157137.23,2,0,0,1
15754649,Fang,Spain,Female,57,705,0.0,34134.14,2,1,0,0
15810460,Fanucci,Spain,Female,64,708,0.0,112520.07,3,1,1,0
15771742,Boyle,Germany,Male,38,580,115442.19,128481.5,2,0,1,1
15642160,Milanesi,France,Male,38,850,0.0,16491.64,2,0,0,0
15798439,Davidson,Spain,Male,25,714,0.0,132979.43,1,1,0,0
15605293,McKay,France,Female,43,559,0.0,196645.87,2,1,0,0
15692631,Bogdanova,Spain,Female,44,577,115557.0,127506.76,1,1,0,1
15665376,Lavrentiev,Germany,Female,35,647,166518.63,147930.46,2,0,0,1
15772412,Corser,Spain,Male,30,554,135370.12,179689.05,1,1,1,1
15654577,Alexeeva,Germany,Male,54,549,92877.33,2619.64,1,0,1,1
15585427,Madueke,France,Female,26,528,102073.67,166799.93,2,0,0,1
15584536,Barber,Germany,Male,46,720,97042.6,133516.51,1,1,1,1
15585853,McCardle,Spain,Male,41,743,0.0,163736.09,1,0,1,0
15645271,Radcliffe-Brown,Germany,Male,24,615,108528.07,179488.41,2,0,1,1
15579387,Ni,Germany,Female,44,635,79064.85,113291.75,2,1,0,1
15623107,Chukwumaobim,Spain,Male,45,686,74274.87,64907.48,3,0,1,1
15754072,Dennis,Spain,Female,36,840,0.0,141364.27,2,0,0,0
15666163,Hayward,France,Male,43,695,100421.1,101141.28,1,1,0,1
15765192,Jones,France,Male,26,564,84006.88,183490.99,2,0,0,1
15804822,L?,France,Female,31,805,0.0,4798.12,2,0,0,0
15612893,Nelson,Spain,Male,45,558,0.0,131807.14,1,0,0,0
15593636,Cardus,France,Female,39,657,80293.81,97192.76,1,0,0,1
15693326,Whitehouse,France,Female,42,641,125437.14,164128.58,2,0,0,1
15809901,Johnstone,France,Male,36,755,0.0,176809.87,2,0,0,0
15759751,Tsui,France,Male,48,483,0.0,110059.38,2,1,0,0
15605425,Chia,Germany,Female,44,545,127536.44,108398.63,1,0,0,1
15801934,Su,France,Male,66,678,0.0,47117.03,2,1,0,0
15592000,Calabresi,Germany,Female,48,781,82794.18,124720.68,1,0,1,1
15618695,Ts'ui,Spain,Female,22,571,108117.1,53328.7,1,1,0,1
15637110,McCulloch,Spain,Female,35,634,0.0,82634.41,1,0,0,0
15727408,Koo,Germany,Male,27,523,61688.61,147059.16,2,0,0,1
15716328,Miller,France,Female,40,501,0.0,141946.92,2,0,0,0
15669060,Woolnough,France,Male,74,662,0.0,123583.85,2,0,0,0
15675854,Douglas,Spain,Male,50,573,159304.07,155915.24,1,1,1,1
15621116,Fang,Germany,Male,33,648,138664.24,29076.27,1,0,0,1
15781495,Munro,France,Female,22,662,126362.57,97382.8,2,1,0,1
15740470,Vinogradov,France,Male,39,725,160652.45,57643.55,2,0,0,1
15714391,Lai,France,Female,35,563,183572.84,66006.75,1,1,1,1
15730137,Udegbulam,France,Male,31,628,88421.81,72350.47,1,0,0,1
15596455,Mao,Spain,Female,45,546,0.0,197789.83,1,0,1,0
15717290,Onyekaozulu,Germany,Male,41,688,112871.19,65520.74,2,1,0,1
15616555,Fu,Germany,Male,41,850,60880.68,31825.84,1,0,0,1
15659820,Cross,France,Female,34,614,0.0,185561.89,2,0,0,0
15696301,Snider,France,Female,37,719,101455.7,25803.59,1,0,1,1
15771087,Harrison,France,Female,71,757,88084.13,154337.47,2,1,0,1
15808831,Dale,France,Male,29,669,0.0,138145.62,2,1,0,0
15812241,Udinese,Germany,Male,59,438,127197.14,51565.98,1,0,1,1
15680370,DeRose,France,Male,39,492,0.0,71323.23,2,1,0,0
15780561,Hay,France,Female,39,622,83456.79,38882.34,2,0,0,1
15800784,Bruce,France,Male,42,645,98298.18,676.06,1,1,0,1
15715796,Romani,France,Male,37,728,0.0,72203.8,2,1,0,0
15605375,Tseng,France,Male,35,651,86911.8,174094.24,1,0,0,1
15621520,Tang,Germany,Female,42,783,139707.28,2150.22,1,0,0,1
15665460,Isayeva,Spain,Female,67,732,0.0,177783.04,2,1,0,0
15801152,Hill,Spain,Female,39,553,142876.98,44363.42,2,0,0,1
15756425,Barnes,France,Male,30,660,146301.31,96847.91,1,0,0,1
15674328,Moreno,France,Female,40,670,47364.45,148579.43,1,1,1,1
15742404,McGregor,France,Male,38,718,0.0,38308.34,2,0,0,0
15757140,Genovese,France,Male,51,787,58137.08,142538.31,1,1,0,1
15570051,Gill,Germany,Female,38,775,179886.41,153122.58,2,0,0,1
15669175,Ts'ai,Germany,Male,24,479,107637.97,169505.83,2,1,0,1
15790324,Green,France,Female,20,660,167685.56,57929.9,1,0,0,1
15691119,Martin,Germany,Male,68,721,136525.99,175399.14,1,0,0,1
15743478,Johnson,Germany,Male,39,659,52106.33,107964.36,2,1,0,1
15707007,Onio,France,Female,39,743,0.0,94263.44,1,0,0,0
15572547,Vaguine,France,Female,45,670,104930.38,155921.81,1,0,1,1
15567063,Manna,Germany,Female,34,766,106434.94,137995.66,1,1,1,1
15689633,Toomey,Spain,Female,38,845,112803.92,179631.85,1,0,0,1
15720637,Bell,Germany,Female,46,710,120530.34,166586.99,1,0,1,1
15616859,Bonwick,Germany,Female,43,602,113641.49,115116.35,4,0,1,1
15766166,Folliero,Spain,Male,43,604,145081.72,23881.62,1,1,0,1
15617655,Holt,Spain,Female,35,564,0.0,105837.38,2,1,0,0
15623450,Brown,Germany,Female,27,637,135842.89,101418.05,1,1,0,1
15796612,Ch'ang,France,Female,31,527,112203.25,182266.01,1,0,0,1
15795963,Fiorentini,France,Male,34,687,129895.19,28698.17,1,1,0,1
15781598,Middleton,Germany,Male,41,756,149049.92,50422.36,1,1,1,1
15691871,Millar,Germany,Male,42,503,153279.39,151336.96,1,1,0,1
15740345,Osborne,Spain,Male,42,657,41473.33,112979.6,1,0,1,1
15662626,Feng,France,Female,40,666,0.0,36371.27,2,0,0,0
15596575,Vale,Germany,Male,39,615,113193.51,52166.25,2,1,0,1
15657321,Arkwookerum,Germany,Male,27,712,113174.21,147261.58,2,0,0,1
15575955,Lujan,France,Female,24,764,0.0,88724.49,2,0,0,0
15743893,Alexeyeva,France,Male,42,471,164951.56,190531.77,1,0,0,1
15697270,Gannon,Spain,Male,27,608,153325.1,199953.33,1,1,0,1
15644356,Prokhorova,Spain,Female,47,682,134032.01,144290.97,1,0,0,1
15677586,Romero,Germany,Female,32,587,125445.04,130514.78,2,1,0,1
15571261,Toscani,Germany,Female,35,714,126077.43,53954.24,2,1,0,1
15698758,Onwuamaegbu,Spain,Female,31,630,0.0,169802.73,2,1,0,0
15787014,King,Germany,Female,28,648,90371.09,146851.73,1,1,0,1
15739857,Trentino,France,Female,40,785,0.0,96832.82,2,1,0,0
15774630,Peacock,Germany,Female,47,601,142802.02,57553.02,1,1,0,1
15805523,Nnaife,France,Female,28,717,90537.16,74800.99,1,1,0,1
15749557,Chao,France,Female,44,707,0.0,192542.17,2,1,0,0
15681180,Barese,France,Female,23,771,156123.73,72990.62,1,0,0,1
15742028,Udegbulam,France,Female,35,602,0.0,31050.02,2,0,0,0
15686463,Fu,France,Male,38,626,141074.59,52795.56,1,0,1,1
15654379,Onwuatuegwu,Spain,Male,59,588,0.0,27435.41,2,1,0,0
15783629,Degtyaryov,Germany,Female,42,616,117899.95,150266.81,2,0,0,1
15751193,Nnaemeka,Spain,Male,33,621,0.0,40299.23,2,1,0,0
15724099,Udinese,France,Male,26,674,166257.96,149369.41,1,1,0,1
15568429,Mitchell,Spain,Female,46,633,0.0,120250.58,2,0,0,0
15648967,Ch'en,Germany,Female,64,698,169362.43,84760.32,1,0,1,1
15664498,Golovanov,France,Male,26,508,205962.0,156424.4,1,0,0,1
15779522,Efimov,France,Female,24,736,0.0,109355.73,2,0,1,0
15583850,Davidson,Germany,Male,68,672,126061.51,184936.77,2,1,0,1
15696539,Wade,France,Female,21,613,105627.95,36560.51,1,1,0,1
15760121,Maynard,France,Male,32,712,100606.02,165693.06,1,0,0,1
15628279,Murphy,France,Female,38,624,0.0,163666.85,2,1,0,0
15766163,Zotova,France,Male,38,676,0.0,35644.79,2,1,0,0
15566467,Hannah,Germany,Female,32,683,138171.1,188203.58,2,1,0,1
15639049,Cartagena,France,Female,31,489,139395.08,6120.84,1,1,0,1
15736413,Hall,France,Male,29,739,0.0,164484.78,2,1,0,0
15634815,Hunt,France,Female,37,701,0.0,164268.28,2,1,0,0
15716381,Greece,Germany,Female,50,666,109062.28,140136.1,1,1,1,1
15708162,Thomson,Germany,Female,40,565,89994.71,121084.27,2,1,0,1
15569364,Victor,France,Male,36,666,0.0,35156.54,2,0,0,0
15791191,Mitchell,France,Male,59,633,103996.74,103159.11,1,1,0,1
15621205,Olisaemeka,France,Male,34,578,175111.11,74858.3,1,1,0,1
15704788,Krawczyk,Spain,Female,49,812,66079.45,91556.57,2,0,1,1
15775756,Alexandrova,Germany,Male,33,809,148055.74,199203.21,1,0,0,1
15641312,Paterson,France,Male,36,615,0.0,27011.8,1,1,1,0
15782531,Chou,Spain,Female,31,684,0.0,188637.05,2,0,0,0
15724428,Abel,France,Male,40,544,0.0,61581.2,2,0,0,0
15743617,Chesnokova,Germany,Male,47,713,95994.98,197529.23,1,0,0,1
15585839,Niu,France,Male,37,633,0.0,182258.17,2,0,0,0
15658158,Sullivan,Germany,Female,23,672,110741.56,80778.5,1,0,0,1
15637678,Ma,France,Male,35,661,0.0,155394.52,1,0,0,0
15701809,Cavill,Spain,Female,28,749,0.0,3408.7,1,0,0,0
15676937,Nicholls,Spain,Female,32,635,0.0,19367.98,2,1,1,0
15778975,Nnonso,Germany,Female,70,850,96947.58,62282.99,3,0,1,1
15710375,Gibson,France,Male,41,641,0.0,65396.79,2,0,0,0
15579914,Garcia,Germany,Male,30,633,109786.82,139712.81,2,1,0,1
15595160,Renwick,Spain,Male,35,413,0.0,60972.84,2,1,0,0
15595391,Norris,France,Male,31,538,0.0,1375.46,2,0,0,0
15630363,Nkemakonam,France,Female,39,437,102721.49,22191.82,1,0,0,1
15692443,Piccio,Spain,Male,33,612,69478.57,8973.67,1,0,1,1
15593795,Linton,Germany,Female,53,516,156674.2,118502.34,1,0,1,1
15642824,Onyekaozulu,Spain,Female,56,826,174506.1,161802.82,2,1,1,1
15683524,Tobenna,Germany,Female,23,660,166070.48,90494.72,2,0,0,1
15713532,Wang,Germany,Female,29,646,105957.44,15470.91,1,0,0,1
15719827,O'Donnell,France,Male,36,767,0.0,65147.27,1,0,0,0
15578435,Langlands,France,Male,40,640,110340.68,157886.6,1,1,0,1
15723028,Smith,France,Male,33,778,0.0,85439.73,2,0,0,0
15595609,Sykes,Germany,Male,52,679,135870.01,54038.62,2,0,0,1
15622443,Marshall,France,Male,31,549,0.0,25684.85,2,1,0,0
15579112,Gibson,France,Male,47,598,0.0,186116.54,2,1,0,0
15648479,Stephenson,France,Female,45,655,0.0,166830.71,2,0,0,0
15659234,Y?,France,Male,30,494,85704.95,27886.06,1,1,0,1
15811970,Kang,France,Female,42,653,0.0,5768.32,2,1,0,0
15774192,Miller,Germany,Female,38,539,105435.74,80575.44,1,0,1,1
15595136,Kryukov,France,Female,37,645,0.0,68987.55,2,1,0,0
15630580,Y?,Germany,Male,34,751,108513.25,27097.82,2,1,0,1
15660646,Fanucci,France,Male,35,528,156687.1,199320.77,1,0,0,1
15614365,Lombardi,Germany,Male,31,696,150604.52,5566.6,1,0,0,1
15776128,Hs?,France,Female,44,716,155114.9,133871.83,1,0,0,1
15787035,Anderson,France,Female,35,602,0.0,152843.53,2,1,0,0
15792646,Trentino,Spain,Female,64,647,91216.0,41800.18,1,1,0,1
15726832,Donnelly,Germany,Male,61,850,141784.02,92053.75,1,1,0,1
15773260,Tsou,France,Female,32,590,127763.24,100717.54,1,0,0,1
15624437,Johnson,Spain,Female,32,825,0.0,42935.15,2,1,0,0
15717138,Watson,Spain,Male,31,850,82613.56,149170.92,2,0,0,1
15657317,Allan,France,Female,32,789,69423.52,107499.39,1,0,0,1
15626948,Butcher,France,Female,42,701,86167.82,153342.38,1,0,0,1
15758901,Henderson,Spain,Female,47,713,0.0,107825.08,1,0,1,0
15777759,Boucaut,France,Male,30,570,131406.56,47952.45,1,1,0,1
15773322,Obiajulu,Germany,Female,44,536,121898.82,131007.18,1,0,0,1
15697318,Ifeatu,Germany,Male,32,771,77487.2,33143.04,1,0,0,1
15678916,Kelly,France,Female,75,512,0.0,123304.62,1,0,0,0
15632118,Pirozzi,Spain,Male,45,698,164450.94,141970.02,1,0,1,1
15788118,Siciliano,France,Male,33,656,138705.02,37136.15,2,0,0,1
15788930,Silva,Spain,Male,37,761,132730.17,199293.01,1,0,0,1
15628583,Iweobiegbunam,France,Female,30,709,0.0,161388.22,2,1,0,0
15635177,Williamson,Spain,Female,66,597,0.0,70532.53,1,1,0,0
15587690,Madueke,France,Male,28,592,116498.22,144290.25,1,0,0,1
15627630,Chiagoziem,France,Female,41,599,0.0,96069.82,2,0,0,0
15610930,Kwemto,Germany,Female,35,572,139979.07,185662.84,1,0,0,1
15657747,Zito,Germany,Female,43,611,127216.31,17913.25,2,1,0,1
15568006,Ukaegbunam,France,Female,45,634,0.0,101039.53,4,0,1,0
15751748,Trevisani,France,Male,51,666,148222.65,156953.54,1,0,1,1
15722212,Edmondstone,France,Female,41,696,0.0,28276.83,2,0,0,0
15658670,Chien,France,Female,38,669,0.0,84049.16,2,0,0,0
15761654,Boni,Spain,Male,30,726,134152.29,147822.44,1,1,0,1
15812210,Yashina,Germany,Female,32,497,111537.23,9497.99,4,1,1,0
15787051,Georg,Spain,Female,39,750,119565.92,87067.73,1,0,0,1
15642991,Tung,Spain,Female,29,850,0.0,23237.25,2,0,0,0
15713769,Michelides,Spain,Male,38,617,0.0,27239.28,1,1,0,0
15605826,Korovina,Germany,Male,46,652,121063.8,151481.86,3,0,1,1
15648898,Chuang,Spain,Female,27,560,124995.98,114669.79,1,1,0,1
15705309,Yuriev,Spain,Male,39,629,0.0,116748.14,2,0,0,0
15734202,Chidimma,Germany,Female,52,660,86891.84,90877.76,1,0,0,1
15658852,Stevens,France,Male,38,676,0.0,133692.88,2,1,0,0
15612633,Kao,Spain,Male,43,581,78022.61,30662.91,1,1,0,1
15604818,Edmund la Touche,France,Male,34,798,154495.79,191395.88,1,0,0,1
15593900,Belousov,France,Male,38,705,189443.72,106648.58,1,1,0,1
15624995,McCane,Spain,Female,31,714,152926.6,50899.91,1,1,0,1
15570087,Parry-Okeden,France,Female,44,664,142989.69,115452.51,1,1,1,1
15802617,Hudson,Germany,Male,43,697,115371.94,64139.1,2,0,0,1
15656029,Marsden,France,Male,37,609,0.0,22030.72,2,1,0,0
15739194,Manfrin,Spain,Male,38,548,178056.54,38434.73,2,0,0,1
15607275,Ch'ang,Spain,Male,39,850,206014.94,42774.84,2,1,1,1
15629475,Clark,France,Male,41,656,0.0,158973.77,2,0,0,0
15635034,Aldrich,Germany,Male,37,727,101191.83,34551.35,1,1,1,1
15756333,Khan,France,Female,55,642,0.0,101515.76,2,1,0,0
15777436,Murray,Spain,Female,31,710,0.0,9561.73,2,0,0,0
15676835,Anayolisa,Spain,Male,33,710,0.0,168313.17,2,0,0,0
15574206,Shillito,France,Female,37,718,0.0,55100.09,2,1,0,0
15613017,McMillan,Germany,Male,32,586,149814.54,31830.06,1,0,0,1
15815131,Howells,Spain,Female,36,617,115617.24,71519.4,1,1,0,1
15585455,Stewart,France,Male,28,630,0.0,32599.35,2,0,0,0
15692929,Ikechukwu,Germany,Female,42,791,113657.41,139946.68,2,1,1,1
15758081,Repina,Spain,Male,39,673,138160.0,110468.51,1,1,0,1
15667476,Cox,Germany,Female,36,477,117700.86,74042.0,1,0,0,1
15738248,Lo,France,Female,37,662,0.0,151871.84,2,0,0,0
15672152,Grant,Germany,Male,37,850,122506.38,199693.84,1,1,1,1
15673372,Stevenson,France,Female,58,635,0.0,58907.08,1,1,1,0
15587611,Kauffmann,France,Male,59,537,0.0,103799.77,2,0,1,0
15803415,Samsonova,France,Female,39,579,166501.17,93835.64,2,0,0,1
15715673,Niu,Spain,Female,46,651,89743.05,156425.57,1,0,1,1
15655648,Bock,France,Female,25,610,0.0,123723.83,2,0,0,0
15763613,Barlow,France,Male,30,581,0.0,199464.08,2,0,0,0
15660385,Stevenson,France,Male,39,592,0.0,83084.33,2,0,0,0
15733261,Kung,Spain,Female,35,688,0.0,25488.43,1,0,1,0
15796231,Nwankwo,France,Female,18,681,98894.39,9596.4,1,1,0,1
15624866,Brewer,Germany,Male,37,658,168735.74,70370.24,2,0,0,1
15623730,Ch'iu,France,Male,34,792,0.0,86330.32,1,1,0,0
15668248,Quinn,Germany,Female,62,528,133201.17,168507.68,1,0,1,1
15694518,Kodilinyechukwu,Spain,Female,36,624,0.0,111605.9,2,0,0,0
15638028,Ifeanyichukwu,Germany,Male,31,562,127237.25,143317.42,2,1,0,1
15795895,Yermakova,Germany,Male,36,678,117864.85,27619.06,2,0,0,1
15694376,Sullivan,Germany,Female,64,705,153469.26,146573.66,3,0,1,1
15669204,Grant,Germany,Male,23,650,93911.3,69055.45,2,0,0,1
15773779,Jacka,Spain,Female,46,593,76597.79,54453.72,1,1,0,1
15580682,Tsai,France,Female,40,652,79927.36,33524.6,2,1,0,1
15768530,Emery,Spain,Female,27,554,0.0,135083.73,2,1,0,0
15672875,Piccio,Germany,Male,32,584,40172.91,137439.34,1,1,0,1
15617082,Sanders,France,Male,33,516,115195.58,11205.5,1,1,0,1
15760514,Sharp,Germany,Female,43,789,116644.29,60176.1,2,1,0,1
15761775,Myers,Germany,Male,20,598,180293.84,29552.7,2,1,0,1
15799964,Campbell,Germany,Female,30,669,139872.81,188795.85,1,0,0,1
15693906,Abbott,France,Female,24,645,34547.82,11638.17,1,1,0,0
15739514,Preston,France,Female,32,659,0.0,93155.75,2,1,0,0
15756926,Atherton,Germany,Male,29,833,96462.25,48986.18,2,1,0,1
15770984,Fanucci,Spain,Female,40,697,130334.35,116951.1,2,1,0,1
15703979,Evans,Germany,Male,39,580,119688.81,137041.26,1,0,0,1
15801821,Cookson,France,Male,38,691,0.0,44653.5,2,0,0,0
15711028,Nnachetam,France,Male,52,534,0.0,104035.41,3,1,1,0
15791842,Johnstone,France,Female,32,478,71187.24,110593.62,1,1,0,1
15746127,Hort,France,Female,47,572,0.0,36099.7,2,0,0,0
15663625,Johnson,France,Male,37,501,0.0,12470.3,2,0,0,0
15604891,Zaytseva,Spain,Female,38,624,0.0,95403.41,2,0,0,0
15589666,Sorokina,France,Female,39,595,136422.41,151757.81,1,1,0,1
15627881,Diehl,France,Male,30,603,0.0,47536.46,2,1,0,0
15664895,Onuchukwu,France,Female,25,602,0.0,101274.17,2,1,0,0
15676094,Osonduagwuike,France,Female,34,500,0.0,140268.45,1,1,0,0
15761720,Mead,France,Male,41,422,153238.88,11663.09,1,0,0,1
15611961,Stewart,France,Male,35,615,0.0,150784.29,2,0,0,0
15680167,Thomson,France,Female,78,635,47536.4,119400.08,1,1,0,1
15762543,Goliwe,France,Female,32,711,0.0,126188.42,2,0,0,0
15658475,Lori,France,Male,36,834,142882.49,89983.02,1,0,1,1
15779743,Onwuamaeze,France,Female,44,633,0.0,29761.29,2,0,0,0
15661532,Butusov,France,Female,31,650,160566.11,27073.81,2,0,0,1
15782360,Rogers,Germany,Male,65,743,131935.51,96399.67,1,1,1,1
15767908,Nicholson,France,Male,38,567,127678.8,45422.89,2,0,0,1
15677105,Rossi,Germany,Female,46,706,105214.58,108699.59,1,0,1,1
15641474,Hall,France,Male,46,638,139859.54,38967.29,1,0,0,1
15624451,Huddart,France,Female,38,641,0.0,116466.19,2,0,0,0
15577985,Chinomso,France,Female,34,574,112324.45,17993.43,2,1,0,1
15571666,Shaw,Germany,Male,30,642,134497.27,43250.54,1,0,0,1
15783691,Hargreaves,Spain,Female,35,722,120171.58,125240.8,1,0,0,1
15671172,Swain,France,Male,23,623,106012.2,191415.94,2,1,0,1
15731760,Butcher,France,Male,25,681,0.0,90860.97,1,1,0,0
15585599,Stone,France,Female,34,530,0.0,141872.52,2,1,0,0
15784958,Allan,France,Female,55,797,0.0,49418.87,4,1,1,0
15734524,Wang,France,Male,51,653,0.0,170426.65,1,0,1,0
15614103,Colombo,Germany,Male,42,850,119839.69,51016.02,1,1,1,1
15794895,McKay,Spain,Male,34,581,0.0,81175.25,2,1,0,0
15772381,Brient,Germany,Male,38,589,92219.21,99106.97,1,0,0,1
15710553,Yin,Germany,Male,48,555,142055.41,79134.78,2,1,0,1
15649292,Bellucci,France,Female,49,748,29602.08,163550.58,1,0,1,1
15792565,Duncan,France,Female,46,745,0.0,67769.94,2,1,0,0
15718245,Pirozzi,France,Male,34,730,0.0,126592.01,2,1,0,0
15703117,Findlay,France,Female,44,565,0.0,89602.81,2,1,0,0
15758136,King,France,Male,37,778,141803.77,179421.84,1,1,0,1
15799932,Iweobiegbunam,France,Male,24,812,0.0,156906.15,2,1,0,0
15633516,Tucker,France,Male,42,526,0.0,168486.02,1,1,0,0
15622532,Izmailova,France,Female,47,708,126589.12,132730.07,2,1,1,1
15798960,Meng,France,Male,33,680,108393.35,39057.67,1,1,0,1
15698664,Liang,Spain,Male,43,567,115643.58,174606.35,2,0,0,1
15703614,Hutchinson,Spain,Male,48,564,132876.23,79259.77,1,0,0,1
15699195,Shen,France,Female,24,709,110949.41,168515.61,1,1,0,1
15710543,Okwuoma,France,Male,46,629,130666.2,161125.67,1,1,1,1
15695499,Chinwemma,France,Female,45,510,103821.47,77878.62,2,1,0,1
15622321,Golubova,France,Female,32,506,0.0,80823.02,1,1,0,0
15715744,Schiavone,France,Male,39,605,0.0,119348.28,1,1,0,0
15788151,Moore,Spain,Male,32,650,132187.73,178331.36,2,1,0,1
15687153,Graham,Germany,Male,49,850,98649.55,119174.88,1,0,1,1
15684958,Amadi,Germany,Male,38,489,126444.08,82662.73,2,1,0,1
15706116,McKay,Germany,Female,30,659,154159.51,40441.1,1,0,0,1
15740557,Fedorova,France,Female,43,753,0.0,109881.71,2,0,0,0
15707291,Percy,Germany,Male,48,477,129250.0,157937.35,2,1,0,1
15583353,Floyd,Spain,Female,45,610,0.0,38276.84,1,0,1,0
15761024,Long,France,Female,33,619,167733.51,65222.48,2,1,0,1
15630709,Castiglione,Germany,Female,31,619,56116.3,2181.94,2,0,0,0
15639590,Melendez,France,Female,30,758,141581.08,156249.06,1,0,0,1
15659399,Mazzi,Germany,Male,50,516,139675.07,45591.23,2,0,0,1
15567078,Kovaleva,France,Female,27,789,66201.96,79458.12,1,1,0,1
15696373,Gill,France,Female,44,687,0.0,103042.2,2,0,1,0
15786617,Arcuri,Germany,Male,34,485,133658.24,70209.83,1,0,0,1
15657449,Chukwuma,Germany,Male,25,446,136202.78,176743.51,1,0,0,1
15672594,Stevenson,France,Female,60,597,131778.08,10703.53,1,0,1,1
15714240,Ponomarev,Spain,Male,74,712,0.0,151425.82,2,0,0,0
15782144,Gilroy,France,Female,34,522,0.0,3894.34,2,1,0,0
15665008,Sidorov,Germany,Female,26,805,42712.87,28861.69,2,1,0,0
15581733,Bates,France,Female,28,781,0.0,177703.15,2,0,0,0
15751392,Fanucci,Spain,Female,57,689,0.0,136649.8,2,0,1,0
15785815,Toscano,Germany,Male,31,670,142631.54,175894.24,2,1,0,1
15664214,Hearn,France,Male,33,670,141204.65,76257.46,2,0,0,1
15579996,Iroawuchi,Germany,Female,25,524,131402.21,193668.49,1,0,0,1
15675252,Martin,Spain,Female,39,734,92636.96,125671.29,2,1,0,1
15579617,Sinclair,France,Female,51,489,0.0,174098.28,2,1,1,0
15593976,Swanson,Germany,Female,31,578,102088.68,187866.21,4,0,1,1
15716041,Chinomso,Spain,Male,39,622,0.0,100862.36,2,1,0,0
15654489,Fomin,France,Female,38,843,134887.53,10804.04,1,1,0,1
15736302,McKay,France,Male,48,687,0.0,170893.85,2,1,0,0
15805909,Bergamaschi,Spain,Male,28,700,159900.38,22698.56,1,0,0,1
15572762,Matveyeva,Germany,Female,50,410,102278.79,89822.48,2,0,0,1
15724632,Madukaego,France,Female,41,537,0.0,175262.49,2,1,0,0
15670416,Ferri,France,Female,43,780,0.0,15705.27,1,1,0,0
15749528,Achebe,Spain,Male,58,652,0.0,170025.43,2,1,0,0
15578783,Mai,Germany,Male,35,620,76989.97,17242.79,1,1,0,1
15580719,Davis,France,Female,23,697,0.0,79734.23,2,1,0,0
15656293,Davey,France,Male,35,786,0.0,92712.97,2,0,0,0
15691875,Tsou,Germany,Female,39,850,114491.82,99689.48,1,0,0,1
15596870,Marino,Germany,Male,54,749,144768.94,93336.3,1,0,1,1
15780770,Kerr,France,Male,31,445,145056.59,175893.53,1,1,0,1
15751491,Hsiao,Germany,Male,50,443,117206.3,42840.18,1,0,1,1
15706200,Graham,Germany,Male,41,637,138014.4,140298.24,2,0,0,1
15808674,Ejikemeifeuwa,Germany,Female,45,616,128352.59,144000.59,3,1,1,1
15641411,Volkova,France,Female,23,756,112568.31,113408.11,1,1,0,1
15764661,Wang,France,Male,33,644,0.0,96420.58,1,0,0,0
15689492,Benjamin,Germany,Male,41,850,176958.46,125806.3,2,1,0,1
15602405,Ryrie,Germany,Female,38,703,99167.54,65720.92,1,0,0,1
15610271,Andreev,Spain,Female,42,684,103210.27,31002.03,1,0,0,1
15791780,Ts'ao,Germany,Female,48,706,104478.12,158248.71,3,1,1,1
15589147,Frolov,Spain,Male,61,580,125921.37,94677.83,1,1,0,1
15756975,Montemayor,Spain,Female,35,777,0.0,17257.72,2,1,0,0
15729582,Fu,Germany,Male,48,676,80697.44,101397.86,1,0,0,1
15742971,Whitehead,France,Female,44,708,161887.81,84870.23,2,0,0,1
15568046,Izuchukwu,France,Male,24,809,109558.36,183515.13,1,0,0,1
15694890,Lai,France,Male,38,588,124271.26,75969.19,1,0,0,1
15736963,Herring,France,Male,43,623,0.0,146379.3,2,1,0,0
15646490,Duffy,Spain,Male,42,537,190569.23,127154.8,1,1,0,1
15607314,Chiefo,Spain,Male,53,536,143923.96,2019.78,1,0,1,1
15576745,Fyodorov,France,Male,48,769,96542.16,197885.72,2,1,0,1
15669606,Chu,France,Male,33,690,0.0,138017.68,2,0,0,0
15737832,Robertson,Spain,Male,45,771,139825.56,170984.97,1,0,1,1
15681990,Palmerston,Germany,Male,24,497,111769.14,55859.27,2,0,0,1
15758050,Madukwe,Spain,Male,37,622,0.0,4459.5,2,0,0,0
15787848,Chinedum,Spain,Male,30,602,113672.18,102135.92,2,0,0,1
15713594,French,France,Female,32,543,147256.86,112771.95,1,0,0,1
15588186,Polyakov,Spain,Male,45,520,107023.03,32903.93,1,0,0,1
15786739,Clements,France,Male,37,669,125529.55,162260.93,1,1,0,1
15699467,Connor,Spain,Female,41,631,0.0,87959.83,1,0,0,0
15680706,Balashov,Germany,Male,48,537,131834.8,166476.95,1,0,1,1
15645717,Avdeeva,France,Male,62,732,0.0,25438.87,2,1,0,0
15748597,Chester,Spain,Male,56,844,99529.7,157230.06,1,1,1,1
15773709,Hung,Spain,Male,35,838,0.0,197305.91,2,1,0,0
15629787,Tu,France,Male,27,652,107303.72,44435.76,2,0,0,1
15661007,Thompson,France,Male,33,660,72783.42,181051.99,1,0,0,1
15686812,Jones,Spain,Female,44,692,0.0,159069.37,1,1,0,0
15754113,Li,France,Female,35,588,0.0,155485.24,2,1,0,0
15749489,Denisova,Germany,Female,22,533,115743.6,43852.05,1,0,0,1
15574352,Clogstoun,France,Male,43,850,161256.53,140071.57,1,1,0,1
15701281,Tan,France,Male,27,511,0.0,49089.36,2,1,0,0
15811985,Power,Spain,Male,44,530,0.0,55893.37,2,0,0,0
15713505,Harriman,France,Male,31,554,0.0,192660.55,2,1,0,0
15685653,Benson,Germany,Female,40,585,162261.01,137028.51,2,0,0,1
15758831,Thornton,France,Male,39,754,74896.33,34430.16,1,0,0,1
15618774,White,France,Male,54,474,0.0,108409.17,1,0,1,0
15764448,Mackenzie,Germany,Male,35,837,144037.6,145325.32,1,0,0,1
15611024,Kalinina,France,Female,23,567,93522.2,81425.61,1,1,0,1
15738220,Bennet,Spain,Male,38,800,0.0,51553.43,2,0,0,0
15805764,Hallahan,France,Male,18,646,0.0,52795.15,2,1,0,0
15580487,Martin,Germany,Male,38,627,106922.92,84270.09,2,1,0,1
15675787,Rivera,France,Male,26,505,112972.57,145011.62,1,0,0,1
15583580,Chiawuotu,Germany,Female,35,566,123042.0,66245.44,1,0,1,1
15780654,Sergeyev,Germany,Female,33,619,100488.92,36446.74,2,1,0,1
15695034,Christie,France,Female,44,757,123322.15,137136.29,1,0,0,1
15805671,Louis,France,Male,32,648,0.0,117323.31,1,1,0,0
15790658,Iqbal,Spain,Male,42,621,68683.68,74157.71,1,1,0,1
15578648,Marino,Germany,Male,49,543,59532.18,104253.56,1,0,0,1
15734987,Robertson,France,Female,43,658,140260.36,2748.72,2,0,0,1
15721740,Pai,Germany,Male,50,633,88302.65,195937.16,1,1,0,1
15641822,Barese,France,Female,19,648,0.0,22101.86,2,1,0,0
15765650,Chigolum,Germany,Male,40,501,114655.58,126535.92,1,0,0,1
15788556,Trouette,France,Female,42,683,148283.94,44692.63,1,1,1,1
15576550,Ugochukwu,Spain,Female,38,619,0.0,112442.63,1,0,1,0
15622230,Cribb,France,Female,35,705,0.0,66331.01,2,1,0,0
15653937,McIntyre,Germany,Female,53,638,123916.67,16657.68,1,0,1,1
15743538,Pickering,France,Female,31,710,0.0,20081.3,2,0,0,0
15591740,Fletcher,France,Female,54,590,0.0,93820.49,2,1,1,0
15650086,Uchenna,France,Male,43,725,165896.0,130795.52,2,0,0,1
15718773,Pisano,France,Female,32,638,0.0,160129.99,2,0,0,0
15615140,Corson,France,Male,36,791,111168.97,189969.91,1,1,0,1
15644361,Hooper,France,Female,40,702,103549.24,9712.52,1,0,1,1
15774536,He,France,Female,32,607,0.0,196062.01,2,0,0,0
15618661,Chidubem,France,Male,30,535,103804.97,125710.53,1,1,0,1
15605020,Schofield,France,Male,45,651,165901.59,23054.51,2,0,1,1
15762134,Liang,Germany,Male,59,506,119152.1,170679.74,2,1,0,1
15685279,Somadina,Spain,Female,57,511,122950.31,181258.76,1,1,0,1
15582849,McIntosh,France,Female,51,757,0.0,22835.13,1,1,1,0
15655410,Hinton,Germany,Male,49,768,133384.66,102397.22,1,0,1,1
15649129,Sal,France,Male,32,757,0.0,115950.96,2,0,0,0
15702380,De Luca,Spain,Male,64,663,0.0,15876.52,2,1,0,0
15759067,Bromby,Germany,Female,37,537,158411.95,117690.58,4,1,1,1
15683027,Chang,Germany,Male,29,570,122028.65,173792.77,2,1,0,1
15597487,Hunter,France,Female,35,850,0.0,80992.8,1,1,0,0
15763256,Sheppard,Germany,Female,64,661,128751.65,189398.18,2,0,1,1
15620111,Fan,France,Male,54,659,133436.52,56787.8,1,0,0,1
15623053,Muir,Spain,Male,40,454,123177.01,148309.98,1,0,0,1
15595592,Lai,France,Female,59,708,0.0,179673.11,1,0,1,0
15740072,Padovesi,France,Female,37,720,120328.88,138470.21,2,1,0,1
15778005,Kemp,France,Female,39,785,130147.98,163798.41,1,0,1,1
15583278,Greece,Spain,Female,36,743,92716.96,33693.78,1,1,0,1
15601263,Young,Spain,Female,48,493,0.0,48545.1,2,0,0,0
15709222,Chukwueloka,Spain,Male,34,557,0.0,123427.98,1,1,0,0
15713949,Woods,France,Male,40,850,76914.21,174183.44,1,0,0,1
15717706,Forbes,France,Female,32,799,106045.92,17938.0,2,1,0,1
15756071,Kang,France,Male,34,756,103133.26,90059.04,1,1,0,1
15696564,Nweke,France,Male,38,752,145974.79,137694.23,2,1,0,1
15657637,Ts'ui,Spain,Female,36,696,0.0,65039.9,3,0,0,0
15755863,Milano,Spain,Female,49,630,0.0,162858.29,2,1,0,0
15719858,Chao,Spain,Female,38,659,0.0,35701.06,2,1,0,0
15688876,Wan,Spain,Male,39,685,0.0,18826.06,2,1,0,0
15698528,Napolitani,Spain,Female,31,599,0.0,130086.47,1,1,1,0
15770345,Kovaleva,Spain,Female,31,559,139183.06,143360.56,1,1,0,1
15761506,Russell,Spain,Male,19,615,0.0,159920.92,2,0,0,0
15716619,Chiebuka,Germany,Female,36,580,74974.89,12099.67,1,1,0,1
15788367,Ellis,Spain,Male,44,487,61691.45,53087.98,1,1,0,1
15709451,Gordon,Germany,Female,35,646,121952.75,142839.82,2,1,0,1
15640421,Conway,France,Female,35,811,0.0,178.19,1,1,0,0
15580068,Buccho,Spain,Male,35,526,0.0,105618.14,2,1,0,0
15677123,Aksyonova,Spain,Male,37,767,0.0,24734.25,2,1,0,0
15619801,Batty,France,Female,33,548,80107.83,82245.67,2,1,0,1
15582246,Rowe,Spain,Female,45,737,0.0,177695.67,2,1,0,0
15711843,Pisani,Germany,Male,40,613,147856.82,107961.11,3,0,1,1
15680046,Onochie,Spain,Male,36,711,0.0,55207.41,2,0,0,0
15804131,Farmer,Spain,Female,53,850,65407.16,182633.63,2,0,1,1
15722611,Cameron,France,Female,53,752,114233.18,51587.04,1,1,0,1
15729224,Jennings,France,Female,37,710,0.0,115403.31,2,0,0,0
15811588,Eluemuno,Spain,Female,53,664,187602.18,186392.99,1,0,1,1
15702138,Swift,France,Female,22,510,156834.34,44374.44,1,0,0,1
15749799,Pisani,France,Female,34,577,0.0,84033.35,2,1,0,0
15752885,Nnonso,France,Male,42,529,157498.9,82276.62,1,1,0,1
15674932,Cameron,Spain,Female,44,757,0.0,177528.92,2,0,0,0
15743828,Stevens,France,Male,41,691,0.0,56850.92,1,1,1,0
15642022,Zito,Spain,Male,34,621,0.0,47972.65,1,0,0,0
15746461,Taylor,Spain,Male,35,709,0.0,104982.39,2,0,0,0
15809991,Ferrari,Spain,Male,19,756,130274.22,133535.29,1,1,0,1
15787322,Yeh,France,Female,41,788,0.0,25571.37,1,1,0,0
15575498,Gould,France,Female,39,705,149379.66,96075.55,2,0,0,1
15691387,Agafonova,France,Male,29,483,0.0,81634.45,1,1,0,0
15765457,Fowler,Spain,Male,35,719,100829.94,165008.97,1,1,0,1
15666173,Chidumaga,Germany,Female,32,793,96408.98,138191.81,1,1,0,1
15627377,Sabbatini,France,Male,41,593,0.0,99136.49,2,1,0,0
15656683,Johnson,France,Male,52,551,0.0,63584.55,1,0,1,0
15679810,Chapman,France,Male,39,690,0.0,160532.88,2,0,0,0
15606310,Birk,France,Male,71,823,149105.08,162683.06,1,1,0,1
15756871,Capon,Spain,Male,39,512,0.0,134878.19,1,0,0,0
15610002,Chidubem,Spain,Male,41,802,0.0,134626.3,2,1,0,0
15567802,Childs,Spain,Female,34,450,0.0,175480.93,2,0,0,0
15745452,Sun,Germany,Male,41,651,90218.11,174337.68,1,0,0,1
15617252,Lung,France,Female,33,697,87347.7,172524.51,1,0,0,1
15753248,Tao,France,Male,28,611,0.0,25395.83,2,0,0,0
15610755,Napolitano,France,Female,33,643,137811.75,184856.89,1,1,0,1
15662238,Davis,France,Male,37,822,105563.0,182624.93,1,0,0,1
15799186,Sagese,France,Male,38,632,0.0,192505.62,2,0,0,0
15686941,Hutchinson,Spain,Female,26,575,0.0,112507.63,2,0,0,0
15601172,Nelson,France,Male,31,672,91125.75,177295.92,1,0,0,1
15723858,Schiavone,Spain,Male,39,517,0.0,12465.51,2,1,0,0
15615896,Chienezie,Spain,Male,39,621,0.0,36122.96,2,0,0,0
15737647,Obioma,Germany,Female,77,775,135120.56,37836.64,1,0,0,1
15582841,Butusov,France,Male,29,600,0.0,34747.43,2,1,0,0
15760090,Pisano,France,Male,28,640,0.0,131097.9,2,1,0,0
15588587,Stetson,France,Female,36,752,86837.95,105280.55,1,1,0,1
15683157,Waring,France,Male,26,613,100446.57,149653.81,1,1,0,1
15694209,Fanucci,France,Female,32,484,0.0,139390.99,2,1,0,0
15655875,Thao,France,Female,33,511,0.0,132436.71,2,0,0,0
15805704,Murphy,France,Female,32,745,0.0,179705.13,4,1,1,0
15744789,McConnell,Spain,Female,32,786,114512.59,15796.66,1,0,0,1
15799357,Armfield,France,Male,35,727,136364.46,142754.71,1,0,0,1
15726153,Fanucci,France,Male,31,622,106260.67,2578.43,1,1,0,1
15713346,Panina,France,Male,24,794,146126.75,88992.05,1,1,0,1
15665053,Nixon,Spain,Male,52,636,111284.53,32936.44,1,1,1,1
15592379,Walker,Spain,Female,42,741,121056.63,39122.58,2,0,0,1
15692599,Chiemela,France,Male,34,687,128270.56,191092.62,1,0,0,1
15620758,Martel,Spain,Male,30,660,0.0,129149.06,2,0,0,0
15637428,Briggs,France,Male,35,660,0.0,13218.6,2,0,0,0
15808389,Iheatu,France,Female,79,617,0.0,160589.18,1,1,0,0
15807003,Jennings,France,Male,32,762,191775.65,179657.83,1,0,0,1
15702912,Ch'en,Spain,Female,35,752,0.0,44335.54,1,0,1,0
15590623,Kovalyov,Spain,Male,34,561,85141.79,29217.37,2,1,0,1
15728078,Yeh,France,Male,26,609,126392.18,43651.49,1,1,0,1
15708256,Chien,France,Male,28,803,0.0,159654.0,2,0,0,0
15582335,Brown,France,Female,40,556,129860.37,17992.94,1,0,0,1
15649150,Buddicom,France,Female,53,531,127642.44,141501.45,1,0,1,1
15691647,McGregor,France,Female,35,411,0.0,93825.78,2,1,0,0
15668270,Thompson,Germany,Female,44,587,125584.17,41852.24,2,1,1,1
15624820,Ross,Spain,Male,56,683,50911.21,97629.31,3,0,1,1
15736254,Ch'ang,France,Male,29,654,91955.61,37065.66,1,0,0,1
15720814,Warren,Germany,Female,36,670,84266.44,38614.69,2,0,0,1
15642997,Uspenskaya,France,Female,36,655,147149.59,87816.86,1,1,0,1
15693200,King,France,Female,36,752,0.0,184866.86,2,0,0,0
15624596,Trentini,France,Female,23,534,104822.45,160176.47,1,1,0,1
15807167,Konovalova,France,Male,42,635,146766.72,164357.1,2,1,0,1
15660301,Dellucci,Germany,Male,70,491,148745.92,17818.33,2,1,0,1
15593094,Goddard,France,Male,27,516,0.0,142680.64,1,0,1,0
15618239,Neumann,France,Female,48,530,0.0,85081.09,1,0,0,0
15574137,Ch'in,Spain,Male,35,687,0.0,176450.19,2,1,0,0
15614740,Walters,France,Female,41,684,135203.81,121967.88,2,1,0,1
15574071,Muravyova,Germany,Male,23,706,93301.97,127187.04,2,1,0,1
15671148,Barry,Germany,Male,33,490,96341.0,108313.34,2,0,0,1
15721921,Woolnough,France,Male,44,796,165326.2,57205.55,1,1,0,1
15717995,Keen,France,Male,27,849,0.0,157891.86,2,1,0,0
15632050,Liebe,France,Female,41,779,99786.2,86927.53,1,0,0,1
15647111,White,Spain,Female,22,794,114440.24,107753.07,1,1,0,1
15759991,Hunter,Spain,Male,36,748,141573.55,82158.14,1,0,0,1
15790204,Myers,Spain,Female,22,663,0.0,29135.89,1,0,1,0
15686780,Rogova,Spain,Female,55,645,133676.65,17095.49,1,1,0,1
15640491,Raff,France,Female,33,464,147493.7,100447.53,2,0,0,1
15783225,Cocci,France,Male,54,737,0.0,83470.4,1,0,1,0
15734438,Kanayochukwu,France,Female,29,590,0.0,121846.81,2,0,0,0
15688760,Obialo,Germany,Female,37,522,95022.57,129107.59,1,1,0,1
15768124,Liu,France,Female,34,648,0.0,54726.43,1,0,0,0
15661330,Gilbert,France,Male,37,754,0.0,116141.72,1,1,0,0
15781272,Coles,France,Male,50,669,149713.61,124872.42,3,1,1,1
15573888,Ponomaryov,Germany,Female,43,648,107963.38,186438.86,1,0,1,1
15575858,Bergamaschi,France,Male,40,763,0.0,134281.11,2,0,0,0
15645937,Guerin,Spain,Male,32,790,0.0,91044.47,1,0,0,0
15702337,Sinclair,France,Male,37,581,0.0,74320.75,2,1,0,0
15764537,Dominguez,France,Male,43,703,0.0,9704.66,2,0,0,0
15619616,Costa,France,Female,33,571,102017.25,128600.49,2,0,0,1
15585133,Wei,Spain,Female,27,657,0.0,6468.24,2,0,0,0
15573971,Mills,France,Male,44,737,0.0,57898.58,2,0,0,0
15579433,Pugh,Spain,Male,29,793,96674.55,192120.66,2,0,0,1
15777045,Price,Spain,Female,44,783,81811.71,164213.53,1,0,1,1
15611580,Wood,Spain,Male,33,751,79281.61,117547.76,1,0,0,1
15614778,Robertson,France,Male,31,579,0.0,26149.25,2,0,0,0
15771750,Sawtell,Germany,Female,36,655,122314.39,9181.66,1,0,0,1
15593280,Yuryeva,Germany,Male,43,614,140733.74,166588.76,1,1,0,1
15569274,Pisano,Germany,Male,49,678,116933.11,195053.58,1,0,1,1
15654408,Kharitonova,Spain,Male,41,562,165445.04,85787.31,2,0,0,1
15657468,Simmons,Germany,Female,53,711,123805.03,102428.51,1,0,0,1
15614213,Muramats,France,Male,37,620,107548.94,71175.94,1,0,0,1
15589869,Tang,France,Male,49,437,111634.29,166440.32,2,1,0,1
15693205,Peng,Germany,Female,41,691,109153.96,148848.76,3,1,1,1
15797113,Bevan,Spain,Female,34,552,0.0,140286.69,2,0,0,0
15676958,Zito,Germany,Male,34,765,86055.17,104220.5,2,1,0,1
15739592,Sokolov,Germany,Female,51,707,98438.23,70778.63,1,0,1,1
15656263,Teng,Spain,Male,29,764,0.0,65868.28,2,0,0,0
15636872,Amadi,France,Female,32,585,144705.87,171482.56,2,0,0,1
15589435,Davide,France,Male,31,784,0.0,143204.41,2,1,0,0
15640464,Parkes,France,Male,41,605,91612.91,28427.84,1,1,0,1
15723851,Mazzanti,Spain,Male,40,699,0.0,78387.32,1,0,0,0
15722122,Findlay,France,Female,40,544,0.0,161076.92,1,1,0,0
15696852,Hsu,France,Female,32,803,192122.84,54277.45,1,1,1,1
15634936,Chukwukadibia,France,Male,41,735,179904.0,137180.95,1,1,0,1
15575935,Baxter,France,Male,59,673,178058.06,21063.71,2,1,1,1
15634491,Kung,France,Male,30,652,176166.56,152210.81,2,1,0,1
15628530,Booth,France,Male,42,694,156864.2,88890.75,2,0,0,1
15678720,Evans,France,Female,44,741,0.0,190534.76,2,1,0,0
15627999,Kung,Spain,Male,30,590,0.0,83090.35,2,0,0,0
15571244,Tung,Spain,Female,33,809,0.0,141426.78,2,1,0,0
15739931,Yuan,France,Male,34,523,161588.89,51358.66,1,1,0,1
15806256,Jackson,France,Male,48,540,109349.29,88703.04,1,0,1,1
15787258,Ross,Spain,Female,29,596,0.0,116696.77,2,0,0,0
15706463,Yang,France,Female,36,597,0.0,7156.09,2,1,0,0
15691004,Yu,Spain,Male,37,407,0.0,49161.12,1,1,1,0
15792228,Onwumelu,France,Male,60,748,152335.7,126743.33,1,0,1,1
15733447,Gay,France,Female,51,562,124662.54,65390.46,1,1,1,1
15679062,Morrison,Germany,Female,47,734,91522.04,138835.91,2,1,0,1
15594409,Belov,France,Male,45,710,0.0,36154.66,2,1,0,0
15613816,Mao,Spain,Female,39,539,62052.28,59755.14,1,1,0,1
15681991,Walsh,France,Male,32,542,107871.72,125302.64,1,0,0,1
15796074,Bruno,France,Female,36,717,99472.76,94274.72,2,0,1,1
15625941,Gray,Spain,Female,50,682,128039.01,102260.16,1,1,0,1
15615016,Maurer,France,Male,33,515,0.0,136028.97,2,1,0,0
15748414,Chiang,Spain,Female,33,526,114634.63,110114.38,2,0,1,1
15751203,Cattaneo,France,Male,26,702,56738.47,100442.22,2,1,1,1
15662658,Grieve,Germany,Male,34,651,90355.12,193597.94,2,0,0,1
15574868,Lowell,Germany,Male,36,792,115725.24,1871.25,2,0,0,1
15790282,Trentino,Germany,Male,58,817,114327.59,42831.11,2,1,0,1
15762927,Sung,Germany,Female,36,674,100762.64,182156.86,1,0,0,1
15803456,Yen,France,Female,40,641,0.0,151648.66,1,0,1,0
15771857,Philipp,Spain,Male,39,513,89039.9,146738.83,2,1,0,1
15700601,Dynon,France,Male,34,561,78829.53,12148.2,1,1,0,1
15569670,Alexeyeva,Germany,Male,30,627,112372.96,118029.09,1,1,0,1
15772341,Hs?eh,Germany,Male,81,682,122029.15,50783.88,1,1,0,1
15661548,Ferri,France,Female,29,683,157829.12,129891.66,1,0,0,1
15787597,Hsu,Germany,Female,31,420,108377.75,9904.63,2,1,0,1
15806913,Bishop,France,Female,54,670,95507.12,63213.31,1,1,0,1
15804862,Toscani,Germany,Male,43,505,127146.68,137565.87,1,0,0,1
15792986,T'ao,Germany,Male,24,580,133811.78,17185.95,1,0,1,1
15625632,Philip,France,Male,36,577,121092.47,143783.46,2,1,0,1
15727703,Li Fonti,Germany,Male,34,773,126979.75,36823.28,1,0,0,1
15606273,Rene,France,Male,37,616,144235.73,154957.66,2,0,1,1
15799652,Daigle,France,Female,38,763,152582.2,31892.82,2,0,0,1
15715047,Joshua,Spain,Male,43,640,172478.15,191084.4,1,0,1,1
15784687,Simmons,France,Male,36,592,126477.42,179718.17,1,0,0,1
15615322,Jamieson,Spain,Male,43,528,97473.87,159823.16,2,1,0,1
15722072,Hou,France,Male,53,630,138053.67,114110.97,1,1,0,1
15646784,Cochran,France,Female,31,529,164003.05,60993.23,2,1,0,1
15644692,Bibb,France,Female,47,546,0.0,66408.01,1,1,1,0
15670354,Jen,France,Female,62,753,0.0,136398.9,2,1,0,0
15716357,Corran,Spain,Female,39,772,122486.11,140709.25,2,1,0,1
15786717,He,France,Male,36,567,0.0,8555.73,2,0,0,0
15771383,Loggia,Germany,Female,45,628,53667.44,115022.94,1,0,0,1
15649793,Lovely,France,Male,20,658,0.0,187638.34,2,0,0,0
15731543,Becker,Spain,Male,58,679,109327.65,3829.13,1,1,0,1
15684516,Plascencia,Spain,Male,34,629,121151.05,119357.93,1,0,0,1
15677249,Somadina,Spain,Male,42,731,101043.63,192175.52,1,1,0,1
15581525,Walker,Germany,Male,33,775,83501.66,128841.31,2,0,0,1
15628420,Alekseeva,Spain,Male,33,660,80462.24,150422.35,1,0,0,1
15600478,Watson,France,Male,39,752,0.0,188187.05,1,0,0,0
15594502,Zotov,France,Male,37,655,109093.41,1775.52,2,0,0,1
15784361,Williamson,Spain,Female,46,543,140355.6,85086.78,1,1,0,1
15767626,Carpenter,France,Male,42,811,0.0,3797.79,2,1,0,0
15632521,Cattaneo,Germany,Male,45,689,130170.82,150856.38,2,0,0,1
15665088,Gordon,France,Female,42,531,0.0,90537.47,2,1,0,0
15652084,Boni,France,Male,40,515,109542.29,166370.81,1,1,0,1
15574761,Lynch,France,Female,41,466,33563.95,178994.13,2,0,1,1
15729515,McCarthy,France,Male,36,782,148795.17,195681.43,2,1,0,1
15682070,Davies,France,Male,64,611,0.0,53277.15,2,1,0,0
15743817,Hargreaves,Germany,Male,40,621,174126.75,172490.78,3,0,1,1
15572158,Blackburn,Spain,Male,41,604,0.0,11819.84,1,0,0,0
15584477,K?,Spain,Female,35,655,106405.03,82900.25,1,1,0,1
15614893,Meng,Spain,Male,38,689,0.0,82709.8,1,1,0,0
15665963,Cattaneo,Spain,Male,30,681,128393.29,180593.45,1,1,0,1
15612524,Hunt,Germany,Male,41,643,127841.52,172363.41,1,0,0,1
15596962,Owens,France,Female,24,617,137295.19,91195.12,2,1,0,1
15744942,Steele,Spain,Female,55,638,155828.22,108987.25,1,1,1,1
15573278,Kennedy,France,Male,39,743,0.0,44265.28,2,0,0,0
15717056,Pan,Germany,Female,25,828,144351.86,116613.26,1,0,0,1
15795881,Alexander,Spain,Male,35,776,106365.29,148527.56,1,1,0,1
15758939,Bray,Germany,Male,35,540,127801.88,84239.46,1,1,0,1
15792250,Nnabuife,Germany,Female,45,616,122793.96,62002.04,1,1,0,1
15740406,Padovesi,Germany,Male,38,628,113525.84,46044.48,1,0,1,1
15768137,Bray,Spain,Female,23,667,136100.69,169669.33,2,0,1,1
15569120,Lucas,France,Male,30,615,0.0,156346.84,2,1,0,0
15723721,Tinline,France,Male,30,543,140916.81,157711.18,1,0,0,1
15777122,Esomchi,France,Female,31,553,0.0,89087.4,2,1,0,0
15742681,Liao,Germany,Male,26,554,121365.39,8742.36,1,1,0,1
15582090,Iroawuchi,Spain,Female,36,684,0.0,117038.96,1,0,0,0
15711254,Retana,France,Female,35,452,0.0,164241.67,2,0,0,0
15775067,Fang,France,Male,47,606,93578.68,137720.56,2,1,1,1
15602851,Ozioma,France,Male,40,629,0.0,106.67,1,0,0,0
15802857,Robson,Spain,Female,33,659,115409.6,1539.21,1,1,0,1
15701175,Bruno,France,Female,33,493,90791.69,59659.53,1,1,0,1
15783019,Price,France,Female,62,794,123681.32,173586.63,3,0,1,1
15728912,Swanson,France,Female,44,554,92436.86,126033.9,1,0,0,1
15585580,Chang,Germany,Female,52,796,167194.36,62808.93,1,1,1,1
15583480,Morgan,France,Female,36,807,0.0,147007.33,2,1,0,0
15620341,Nwebube,Germany,Male,44,500,160838.13,196261.64,2,0,0,1
15613886,Trevisan,Spain,Male,43,722,0.0,44560.17,1,0,1,0
15792916,Ositadimma,Spain,Female,40,559,144470.77,18917.95,1,1,0,1
15710408,Cunningham,Spain,Female,38,584,0.0,4525.4,2,1,0,0
15598695,Fields,Germany,Female,68,834,130169.27,93112.2,2,1,0,1
15649354,Johnston,Spain,Male,35,754,0.0,9658.41,2,1,0,0
15737556,Vasilyev,France,Male,43,590,81076.8,182627.25,2,1,1,1
15671610,Hooper,France,Male,36,740,0.0,13177.4,1,1,0,0
15625092,Colombo,Germany,Female,57,502,101465.31,43568.31,1,0,1,1
15741032,Tsao,France,Male,48,733,0.0,117830.57,1,1,0,0
15750014,Chikere,Germany,Female,37,755,113865.23,117396.25,2,1,0,1
15784761,Ballard,Spain,Female,46,554,87603.35,96929.24,3,1,1,1
15768359,Akhtar,France,Male,36,534,120037.96,36275.94,1,0,0,1
15805769,O'Loughlin,Spain,Male,33,656,0.0,116706.0,2,0,0,0
15719508,Davis,Germany,Male,49,575,121205.15,168080.53,4,1,1,1
15609011,Barry,Spain,Male,47,480,75408.33,25887.89,1,0,1,1
15703106,K'ung,France,Male,40,575,0.0,122488.59,2,1,0,0
15626795,Gorman,France,Female,40,672,0.0,113171.61,1,0,1,0
15773731,John,Spain,Female,35,758,0.0,100365.51,2,0,0,0
15756196,Tsou,France,Male,50,682,121818.84,124151.37,2,1,0,1
15687903,Okonkwo,France,Female,29,501,0.0,112664.24,2,0,0,0
15777599,Esposito,Germany,Male,34,746,141806.0,183494.87,2,1,0,1
15754577,Boni,France,Female,51,556,61354.14,198810.65,1,0,1,1
15584113,Pratt,Germany,Female,53,823,124954.94,131259.6,1,1,1,1
15669589,Page,Germany,Female,68,491,95039.12,116471.14,1,1,1,1
15632793,Wilkinson,France,Female,29,638,103417.74,15336.4,1,1,0,1
15711130,Tseng,France,Male,45,734,0.0,99593.28,2,0,0,0
15615254,Clark,France,Male,40,555,43028.77,170514.21,1,0,0,1
15720583,Finch,Germany,Female,44,745,119638.21,34265.08,1,1,1,1
15780432,Shen,France,Male,37,728,122689.51,106977.53,2,0,1,1
15673223,Hou,France,Male,44,626,0.0,164287.86,2,0,0,0
15807989,Wall,Germany,Male,37,681,73179.34,25292.53,2,1,0,1
15761168,Manna,France,Female,38,478,171913.87,51820.87,1,0,1,1
15651272,Reyes,France,Male,38,709,0.0,81452.29,2,1,0,0
15812832,Jideofor,Germany,Male,33,562,92659.2,1354.25,2,0,0,1
15680517,Sal,Germany,Female,34,769,137239.17,71379.92,1,1,1,1
15750569,Iweobiegbunam,Germany,Female,46,684,102955.14,154137.33,2,0,0,1
15690743,Shao,France,Female,61,536,65190.29,64308.49,1,1,1,1
15627741,Heath,Germany,Female,29,631,96863.52,31613.35,2,1,0,1
15712121,Chidimma,Spain,Male,34,657,154983.98,27738.01,1,0,0,1
15805429,Murray,Germany,Male,59,699,106819.65,163570.25,1,1,0,1
15814923,Sullivan,Spain,Male,38,606,128578.52,193878.51,1,1,0,1
15589230,Wu,France,Female,63,612,126473.33,147545.65,1,1,0,1
15775490,Downie,France,Female,38,660,110570.78,195906.59,2,0,0,1
15749727,Chukwufumnanya,Spain,Male,50,829,0.0,178458.86,2,1,0,0
15619238,Allan,Spain,Male,29,567,0.0,156125.72,2,0,0,0
15593468,Findlay,France,Female,33,850,0.0,11159.19,2,1,0,0
15718454,Ch'eng,Spain,Female,44,712,0.0,45738.94,2,0,0,0
15789498,Miller,France,Male,30,562,111099.79,140650.19,2,0,0,1
15744691,Tsai,France,Female,29,755,0.0,4733.94,3,0,0,0
15708289,Graham,Spain,Male,25,793,100913.57,10579.72,1,0,0,1
15790412,Norton,Spain,Male,26,471,0.0,179655.87,2,1,0,0
15741416,Yegorov,France,Male,42,707,16893.59,77502.56,1,1,0,1
15598894,Holt,Spain,Male,38,784,122267.85,145759.93,1,0,0,1
15663294,Kao,France,Male,32,703,125685.79,56246.72,1,1,0,1
15572728,Ross,Spain,Male,36,704,127397.34,151335.24,1,0,0,1
15706729,Hsiao,France,Male,38,662,105271.56,179833.45,1,1,0,1
15674433,Allan,Germany,Female,28,636,115265.14,191627.85,1,0,0,1
15641170,Liang,Spain,Male,36,640,0.0,173016.46,1,0,0,0
15806284,Briggs,Spain,Male,31,739,0.0,58469.75,2,1,0,0
15690958,Cantrell,Germany,Male,23,767,139542.82,28038.28,1,1,0,1
15606386,Wang,Germany,Female,46,753,111512.75,159576.75,3,0,1,1
15682322,Aksenov,France,Male,37,714,148466.93,151280.96,2,1,0,1
15579915,Glennon,France,Male,29,707,0.0,139953.94,2,0,0,0
15681928,Yancy,France,Female,35,577,108155.49,105407.79,1,0,0,1
15734005,Mazzi,France,Female,42,633,0.0,56865.62,2,0,0,0
15650432,Liu,Germany,Male,41,849,84622.13,198072.16,1,1,0,1
15592578,Nucci,Spain,Female,41,614,146997.64,137791.18,2,0,0,1
15671243,Y?,France,Female,47,558,0.0,103787.28,2,0,0,0
15775709,Nucci,France,Female,27,832,98590.25,30912.89,1,0,0,1
15702631,Tang,France,Female,26,567,0.0,78651.55,2,1,0,0
15602282,Kao,Germany,Female,45,587,134980.74,123309.57,1,1,1,1
15717879,Chen,Spain,Female,79,712,108078.56,174118.93,1,1,0,1
15740878,Yao,Spain,Female,29,655,0.0,85736.26,2,1,0,0
15794468,Tsou,France,Female,42,641,0.0,121138.77,2,0,0,0
15773277,Barnes,France,Male,35,676,106836.67,84199.78,2,0,0,1
15572657,H?,France,Male,29,472,102490.27,181224.56,1,1,0,1
15800295,Cruz,Germany,Male,34,644,112746.54,141230.07,2,0,0,1
15672397,Smith,France,Male,38,598,125487.89,158111.71,1,0,0,1
15684921,Onuchukwu,Spain,Male,25,792,142862.21,130639.01,1,1,0,1
15720676,Bukowski,France,Female,37,700,0.0,17040.82,2,0,0,0
15731829,Simmons,France,Male,34,616,0.0,25662.27,2,0,0,0
15732672,Stewart,Spain,Male,35,743,79388.33,193360.69,1,1,0,1
15692406,Gow,France,Male,37,427,0.0,121485.1,2,1,0,0
15764405,Williams,France,Male,29,731,0.0,162452.65,2,1,0,0
15757537,Francis,France,Female,31,610,107784.65,141137.53,1,1,0,1
15793307,Calabresi,Spain,Female,41,724,142880.28,185541.2,3,0,1,1
15660679,Chimaobim,Spain,Female,38,653,149571.94,118383.18,1,0,0,1
15666856,Chikwendu,France,Male,49,774,142767.39,8214.41,1,1,0,1
15687372,Padovesi,Germany,Male,49,547,121537.71,46521.45,2,0,1,1
15667289,Henderson,Spain,Male,50,719,0.0,10772.13,2,0,0,0
15624641,Kharlamova,Spain,Male,43,740,0.0,199290.68,1,0,1,0
15734610,Onio,France,Male,42,543,89838.71,85983.54,3,0,1,1
15631882,Yeh,Germany,Male,45,688,103399.87,129870.93,1,0,0,1
15642709,Feng,France,Female,30,474,0.0,63158.22,2,0,0,0
15811026,Norman,Germany,Male,43,505,136855.94,171070.52,2,0,0,1
15596303,White,France,Female,39,688,0.0,53222.15,2,0,1,0
15787255,Manfrin,Germany,Female,55,650,140891.46,179834.45,3,1,1,1
15617166,Ritchie,France,Male,37,610,0.0,114514.64,1,0,0,0
15742442,Udegbulam,Spain,Female,46,705,89364.91,139162.15,1,1,0,1
15758692,Kao,France,Female,29,669,146011.4,50249.16,1,0,0,1
15568238,Diaz,Spain,Male,20,650,0.0,113469.65,2,1,0,0
15730353,Olisaemeka,Germany,Male,29,550,145294.08,147484.13,2,0,0,1
15731555,Ross-Watt,Germany,Female,45,595,106000.12,191448.96,1,0,1,1
15582404,Miller,Spain,Female,26,572,0.0,119381.41,2,0,0,0
15721462,Shubin,Spain,Female,58,622,0.0,33277.31,2,1,0,0
15632899,Nwankwo,Spain,Male,20,662,104508.77,73107.53,2,0,0,1
15808526,Cartwright,Germany,Female,58,783,127539.3,96590.39,1,1,1,1
15694349,Ngozichukwuka,Spain,Male,44,714,0.0,6923.11,1,1,0,0
15718465,Sadler,Germany,Male,51,671,96891.46,176403.33,1,0,1,1
15682995,Azuka,France,Female,32,600,78535.25,64349.6,1,0,0,1
15584776,Shen,Spain,Female,37,847,112712.17,116097.26,1,0,0,1
15777772,Whittaker,Spain,Male,55,650,119618.42,29861.13,1,1,0,1
15576156,Abazu,Spain,Female,28,710,0.0,48426.98,1,0,0,0
15646756,Murphy,France,Female,33,682,74963.5,32770.56,1,1,0,1
15742886,Ford,France,Male,26,642,138023.79,117060.2,2,1,0,1
15586135,Gratwick,Spain,Female,28,536,0.0,136197.65,1,1,0,0
15616152,Pai,France,Female,47,754,185513.67,27438.83,1,0,0,1
15721460,Lorenzo,France,Male,60,678,185648.56,192156.54,1,0,1,1
15727317,Brady,Germany,Female,49,533,102286.6,69409.37,3,0,1,1
15649536,Wong,Germany,Male,38,741,128015.83,58440.43,1,0,0,1
15754929,Douglas,France,Male,31,757,39539.39,192519.39,2,0,0,1
15572051,Kennedy,France,Male,40,721,0.0,144874.67,1,1,0,0
15668142,Chang,France,Male,37,700,77608.46,175373.46,2,1,0,1
15701176,Brown,France,Male,26,663,141462.13,440.2,1,0,0,1
15708422,Hsiung,Spain,Female,35,677,0.0,76637.38,2,0,0,0
15655632,MacDonald,France,Male,27,655,131691.33,49480.66,1,0,0,1
15744606,Davidson,Spain,Male,29,832,93833.86,10417.87,1,1,0,1
15612140,Milano,Spain,Female,46,721,137933.39,67976.57,1,1,0,1
15656086,Bovee,Spain,Male,54,542,105770.14,140929.98,1,1,1,1
15655298,Lewis,Spain,Female,54,654,0.0,47139.06,2,1,0,0
15644796,Dyer,Spain,Female,38,821,0.0,126241.4,2,1,1,0
15726250,Hsia,France,Female,38,508,166328.65,22614.19,2,1,0,1
15764432,Hicks,Germany,Female,42,588,164307.77,48498.19,1,0,0,1
15631721,Millar,Germany,Male,38,691,163965.69,103511.26,2,1,0,1
15707479,Fan,France,Male,40,664,125608.72,122073.48,1,0,0,1
15579826,Young,France,Female,66,439,0.0,65535.56,1,0,0,0
15668104,Kerr,Spain,Male,37,479,118433.94,160060.9,1,1,0,1
15641604,Frolova,France,Female,55,850,98488.08,155879.57,1,0,1,1
15587240,Vasilyev,France,Male,40,518,0.0,194416.58,2,1,0,0
15680767,Sabbatini,Germany,Female,64,717,98362.35,21630.21,2,1,0,1
15601594,Ifeanacho,France,Female,51,698,144237.91,157143.61,4,0,1,1
15589969,Capon,France,Male,34,850,0.0,52796.31,1,1,0,0
15703728,Chieloka,Spain,Male,47,700,0.0,121798.52,1,0,1,0
15617790,Hanson,France,Female,29,626,105767.28,41104.82,2,0,0,1
15662500,Ts'ao,Spain,Male,32,774,0.0,10604.48,2,0,0,0
15778526,Bradshaw,Spain,Female,48,719,0.0,78563.66,2,0,0,0
15670584,Nkemakolam,Spain,Male,31,646,0.0,170821.43,1,1,1,0
15748069,Clunie,France,Female,25,485,134467.26,113266.09,1,1,0,1
15680597,Cover,Germany,Male,38,784,138515.02,171768.76,1,1,0,1
15628992,Esposito,Germany,Male,32,850,128647.98,54416.18,2,0,0,1
15719624,Hodgson,France,Female,38,669,121858.98,130755.34,1,0,0,1
15812767,Harvey,Spain,Male,70,731,0.0,141180.66,2,1,0,0
15689201,Dobie,France,Female,49,721,120108.56,183421.76,1,1,0,1
15614716,Okwudilichukwu,France,Female,37,515,196853.62,132770.11,1,1,0,1
15683618,Dyer,France,Female,35,774,121418.62,24400.37,1,1,0,1
15799631,Chase,Spain,Male,36,585,0.0,180318.6,2,1,0,0
15692259,Baresi,France,Female,29,695,0.0,111565.45,2,0,0,0
15590966,Lo,Germany,Female,42,729,97495.8,2002.5,2,0,0,1
15656426,Tyler,France,Female,42,713,0.0,82565.01,2,0,0,0
15675256,Ts'ui,Spain,Male,33,555,127343.4,121789.3,1,1,0,1
15751185,Aparicio,Spain,Female,50,699,158633.61,193785.87,1,0,0,1
15789582,Macleod,France,Male,55,587,0.0,64593.07,1,0,0,0
15651103,Sal,Spain,Female,69,762,183744.98,196993.69,1,1,0,1
15672299,Yeh,France,Male,44,510,0.0,175518.31,2,1,0,0
15772250,Udegbunam,Spain,Male,46,842,0.0,17268.02,1,0,0,0
15763922,Alexandrov,France,Male,31,608,79962.92,60901.72,2,0,0,1
15633870,Ozioma,France,Female,36,850,0.0,100750.03,2,1,0,0
15624323,Atkins,France,Male,36,642,0.0,195224.91,2,1,0,0
15688612,Campos,France,Male,33,850,140956.99,3510.18,1,0,0,1
15694644,Wood,Spain,Female,43,455,0.0,81250.79,1,1,0,0
15587174,Kerr,France,Male,29,726,0.0,91844.14,2,1,1,0
15579559,Chienezie,Spain,Male,30,544,145241.63,80676.83,1,1,0,1
15775430,Tsou,Germany,Male,31,651,138008.06,129912.74,2,0,0,1
15623695,McKinnon,France,Female,31,814,0.0,142029.17,2,1,0,0
15760849,Nwachukwu,France,Male,39,537,0.0,137651.6,2,1,0,0
15813095,Nwebube,France,Male,37,553,0.0,33877.29,2,0,0,0
15705281,Burt,Spain,Male,38,800,0.0,78744.39,1,0,0,0
15812594,Ross,France,Male,34,791,0.0,96734.46,2,0,0,0
15626322,Lees,Spain,Female,29,699,127570.93,164756.81,2,0,0,1
15723105,Feetham,France,Female,28,756,0.0,164394.65,1,1,0,0
15588449,Chuang,Spain,Female,27,591,107812.67,162501.83,1,1,1,1
15794849,Aitken,Germany,Male,22,850,91560.58,10541.38,2,0,0,1
15620000,Chambers,Germany,Male,34,760,121303.77,59325.21,2,1,0,1
15799720,Coburn,Spain,Male,43,569,161546.68,178187.28,2,1,0,1
15711287,Ahmed,Spain,Female,35,661,128415.45,142626.49,1,0,0,1
15613102,Ogochukwu,France,Female,31,670,57530.06,181893.31,1,1,1,1
15621440,Soto,France,Male,38,694,0.0,156858.2,2,1,0,0
15677146,Obiajulu,France,Female,28,728,142243.54,33074.51,2,0,0,1
15801169,Yegorova,Germany,Female,39,764,138341.51,50072.94,1,0,1,1
15722425,Lucchese,France,Male,32,639,0.0,111340.36,2,0,0,0
15682421,Talbot,France,Female,30,683,0.0,100496.84,2,1,1,0
15691910,Lu,Spain,Male,30,663,0.0,101371.05,3,0,0,0
15721779,Arnold,Spain,Male,41,826,146466.46,180934.67,2,0,0,1
15579548,Nicholson,Spain,Male,36,735,0.0,105152.17,2,0,0,0
15681075,Chukwualuka,France,Female,58,682,0.0,706.5,1,1,0,0
15607884,Wallace,France,Female,39,663,0.0,101168.9,2,1,0,0
15767757,Pisano,Spain,Female,29,562,120307.58,6795.61,1,1,0,1
15791550,Kelly,France,Male,27,696,87637.26,196111.35,2,0,0,1
15658589,Brady,Spain,Male,38,850,94652.04,171960.76,1,1,0,1
15670822,Palmer,France,Female,22,719,114415.84,177497.4,1,1,0,1
15629744,Tan,France,Female,71,804,0.0,147995.96,2,1,0,0
15660768,L?,France,Male,40,604,84315.02,36209.1,1,0,0,1
15726310,Mordvinova,Spain,Female,27,782,0.0,143614.01,2,0,0,0
15641298,Corones,Germany,Male,42,512,93955.83,14828.54,2,0,0,1
15625675,Clements,France,Male,36,569,67087.69,154775.7,1,0,0,1
15713354,Morrice,Germany,Female,22,597,101528.61,70529.0,1,0,1,1
15633866,Hsiung,Germany,Male,30,753,110824.52,57896.27,1,1,0,1
15704231,Barrett,France,Female,33,430,0.0,69759.91,1,1,0,0
15735400,Kanayochukwu,France,Male,28,756,179960.2,89938.08,1,0,0,1
15632826,Tardent,France,Male,38,493,134006.77,89578.32,1,0,0,1
15751022,Bowhay,Germany,Female,37,777,121532.17,73464.88,2,1,0,1
15664737,Lei,Spain,Female,38,779,0.0,138542.87,2,1,0,0
15681126,Baker,Spain,Female,38,702,0.0,161888.63,1,1,0,0
15738954,Pisano,France,Male,35,551,129717.3,86937.2,2,0,0,1
15662263,Castillo,Germany,Male,22,749,94762.16,42241.54,2,1,0,1
15621611,Gibson,Germany,Male,55,742,155196.17,121207.66,1,1,1,1
15783752,Lindsay,Germany,Male,29,752,129514.99,102930.46,1,1,0,1
15709474,Macnamara,Germany,Female,57,740,113386.36,65121.63,2,1,1,1
15701280,Romano,France,Male,24,576,0.0,78498.04,1,1,1,0
15671104,Aksakova,Spain,Male,43,637,172196.23,104769.96,1,1,0,1
15796434,Farnsworth,France,Male,28,724,97612.12,96498.14,1,1,0,1
15781505,Giordano,France,Male,20,685,104719.94,38691.34,2,0,0,1
15625819,Arnold,France,Female,38,625,0.0,164804.02,1,0,0,0
15753174,Thompson,Germany,Male,37,571,139592.98,104152.65,3,0,1,1
15654067,Koch,Spain,Female,29,584,0.0,88866.92,2,0,0,0
15724719,Jones,France,Female,22,550,139096.85,129890.94,1,0,0,1
15624695,Otitodilinna,Spain,Female,72,662,140301.72,179258.67,1,1,0,1
15718216,Fleetwood-Smith,Spain,Male,43,803,0.0,72051.44,1,0,0,0
15586300,Chinonyelum,France,Male,66,615,0.0,74580.8,2,1,0,0
15783349,Montague,Spain,Male,39,481,111233.09,123995.15,1,1,0,1
15725767,Milani,France,Male,23,701,0.0,38960.59,2,0,0,0
15791925,Palermo,France,Male,29,751,147737.63,94951.27,1,1,0,1
15793585,Anderson,France,Male,35,675,0.0,56642.97,2,1,0,0
15576641,Crawford,Germany,Male,40,733,125725.02,50783.1,2,1,0,1
15749519,Lin,France,Male,38,822,128289.7,9149.96,3,0,1,1
15684960,Yewen,France,Female,46,559,0.0,21006.1,1,0,1,0
15591286,Simmons,Germany,Female,49,731,88826.07,33759.41,1,1,1,1
15668323,Mbadiwe,France,Female,41,678,143443.61,196622.28,1,0,1,1
15608528,Munro,France,Female,68,645,0.0,176353.87,4,1,1,0
15645184,Graham,France,Male,29,701,0.0,176943.59,2,0,0,0
15702566,Lombardo,Spain,Male,26,554,149134.46,177966.24,1,1,0,1
15660840,Kalinin,France,Male,30,723,124119.54,162198.32,1,0,0,1
15750811,Woodward,Germany,Male,44,766,116822.7,197643.24,1,0,0,1
15733842,Pirozzi,France,Female,24,597,103219.47,60420.07,1,0,0,1
15581526,Iweobiegbulam,France,Male,41,574,0.0,70550.0,2,0,0,0
15662751,Piazza,Germany,Female,40,655,81954.6,198798.44,1,1,1,1
15684319,Baranova,Germany,Female,37,780,95196.26,126310.39,1,0,1,1
15702190,Fan,Spain,Male,43,672,0.0,64515.5,2,1,0,0
15588517,Sun,France,Male,38,717,0.0,158580.05,2,1,0,0
15801863,Marino,France,Female,32,521,136555.01,129353.21,2,1,0,1
15584271,Donaldson,France,Male,59,633,0.0,137273.97,1,1,0,0
15700366,Burton,France,Male,39,669,119452.03,171575.54,1,1,0,1
15804038,Quinn,France,Male,44,740,0.0,96528.0,1,1,1,0
15720820,Sabbatini,Germany,Female,24,462,69881.09,64421.02,2,1,0,1
15743759,Brooks,France,Male,39,619,0.0,158444.61,2,1,0,0
15749947,Black,France,Female,44,665,0.0,66548.58,2,1,0,0
15670496,Schwartz,Spain,Female,27,655,0.0,108008.05,2,0,0,0
15746664,Ts'ui,Spain,Male,20,463,204223.03,128268.39,1,0,0,1
15745533,Sargent,France,Female,63,799,110314.21,37464.0,2,0,1,1
15761497,Udinesi,Spain,Female,48,713,163760.82,157381.14,1,0,1,1
15628600,Lee,Germany,Female,31,807,141069.18,194257.11,3,1,0,1
15627002,Taylor,France,Male,38,728,115934.74,139059.05,1,1,0,1
15614635,Kepley,France,Male,52,582,151457.88,40893.61,1,1,0,1
15731281,Ozuluonye,Germany,Female,35,704,154206.07,40261.49,2,1,0,1
15814022,Lassetter,France,Female,26,714,89928.99,46203.31,1,0,0,1
15659194,Mishina,France,Male,30,628,89182.09,13126.9,1,1,0,1
15745030,Trevisano,Germany,Male,41,809,79706.25,165675.01,2,0,0,1
15691817,Iloerika,Spain,Female,44,547,0.0,5459.07,3,0,1,0
15707488,Tan,France,Female,27,560,0.0,131919.48,2,0,0,0
15784700,Chikelu,France,Male,31,811,117799.28,182372.35,1,1,0,1
15710397,Lin,France,Male,26,584,0.0,147600.54,2,0,0,0
15687648,Nicholson,France,Male,28,691,0.0,92865.41,2,0,0,0
15732281,Ugoji,Germany,Male,34,680,146422.22,67142.97,1,0,1,1
15607230,Michel,Germany,Male,33,588,150186.22,65611.01,2,1,0,1
15567630,Bruce,Germany,Male,40,721,100275.88,138564.48,1,0,1,1
15587507,Feng,France,Male,47,850,0.0,187391.02,1,0,1,0
15733904,McDonald,France,Male,32,529,147493.89,33656.35,1,0,0,1
15709511,Watt,France,Male,43,622,0.0,100618.17,2,0,0,0
15579616,Goodwin,France,Female,42,683,0.0,198134.9,2,1,0,0
15694852,Arcuri,France,Male,29,575,121823.4,50368.87,2,1,0,1
15589924,Rapuluolisa,Spain,Female,40,577,0.0,108787.0,2,1,0,0
15799300,Kao,Germany,Male,31,510,113688.63,33099.41,1,0,1,1
15731330,Tsui,Spain,Female,40,652,100471.34,124550.88,1,1,0,1
15694129,Summers,Germany,Female,28,569,100032.52,5159.21,1,0,1,1
15620372,Cross,Spain,Male,31,687,0.0,48228.1,2,0,0,0
15744622,Osorio,France,Male,32,822,116358.0,108798.36,1,0,0,1
15799815,Bobrov,Germany,Female,23,656,163549.63,21085.12,1,1,0,1
15759250,Barnett,Germany,Male,51,745,99183.9,28922.25,1,1,0,1
15732643,Pike,Spain,Female,53,386,131955.07,62514.65,1,1,1,1
15690540,Gearheart,Spain,Female,41,684,134177.06,177506.66,1,0,0,1
15803078,Bruno,Spain,Female,38,635,0.0,90605.05,2,0,0,0
15652180,Egobudike,France,Male,30,582,0.0,132029.95,2,1,0,0
15741195,Okechukwu,Spain,Male,19,613,0.0,176903.35,1,1,0,0
15743490,Zikoranachidimma,Germany,Female,56,795,94348.94,29239.29,1,0,1,1
15575510,Milanesi,France,Female,32,659,155584.21,153662.88,1,1,0,1
15732610,Ahern,France,Female,28,745,0.0,154389.18,2,0,0,0
15602909,Dickson,Spain,Female,41,604,0.0,166224.39,2,1,0,0
15734058,Anayochukwu,Germany,Male,32,509,170661.47,21646.2,1,1,0,1
15801788,McDonald,Germany,Female,29,706,185544.36,171037.63,1,0,0,1
15702462,Fiorentini,Spain,Female,44,619,52831.13,112649.22,1,1,1,1
15683416,Russo,Germany,Male,51,572,97750.07,193014.26,3,1,1,1
15794187,Young,France,Male,36,695,114007.5,118120.88,2,0,0,1
15792989,Bianchi,France,Female,71,543,104308.77,25650.04,1,1,0,1
15613734,Fallaci,France,Female,33,640,84719.13,113048.79,2,1,0,1
15606177,Crawford,France,Male,39,672,0.0,87372.49,2,0,0,0
15636700,Marsh,France,Male,39,701,140236.98,146651.99,1,1,0,1
15645766,Kosisochukwu,Spain,Male,25,634,0.0,8227.91,2,1,0,0
15671345,Piccio,Spain,Female,42,531,75302.85,57034.35,2,0,0,1
15652469,Nevels,France,Male,27,699,0.0,93003.21,2,0,0,0
15749638,Kaodilinakachukwu,France,Female,51,605,104760.82,165574.54,1,1,1,1
15728706,Amaechi,France,Female,49,534,0.0,13566.48,1,0,1,0
15735439,P'an,Spain,Female,31,449,113693.0,82796.29,1,0,0,1
15778696,Ikemefuna,Spain,Female,36,684,174180.39,119830.08,1,0,0,1
15624744,Tai,Germany,Male,42,622,115766.26,72155.85,1,0,1,1
15584338,Winn,France,Female,40,714,0.0,62762.12,2,0,0,0
15726178,Hardy,Spain,Female,48,712,0.0,183235.33,2,0,0,0
15794939,Chiu,France,Female,72,783,121215.9,105206.48,2,1,0,1
15788068,Lopez,Germany,Male,45,743,144677.19,22512.44,3,0,1,1
15572956,Steen,France,Male,36,683,115350.63,122305.91,1,1,0,1
15780386,Ferri,Spain,Male,40,654,105683.63,173617.09,1,0,0,1
15791114,Yegorova,France,Male,37,700,135179.49,160670.37,1,0,0,1
15708046,Knowles,Spain,Male,31,744,117551.23,158958.9,1,0,0,1
15719779,May,Germany,Male,25,645,157404.02,93073.04,2,0,0,1
15591550,Bianchi,Spain,Male,36,525,77910.23,67238.01,1,0,0,1
15639368,Pipes,France,Male,25,732,110942.9,172576.56,1,0,0,1
15699830,Doherty,France,Female,40,721,0.0,122580.48,2,1,0,0
15569264,Yobanna,France,Male,32,622,179305.09,149043.78,1,1,0,1
15595158,Hsu,Germany,Male,31,654,150593.59,105218.45,2,1,0,1
15599126,Russell,France,Female,43,529,123815.86,78463.99,1,1,1,1
15650575,Payne,Spain,Female,59,720,0.0,160849.43,2,1,1,0
15641490,Windsor,Germany,Female,25,850,69385.17,87834.24,2,0,0,1
15680234,Bray,Germany,Male,27,667,138032.15,166317.71,1,0,0,1
15592230,Seleznyov,France,Male,41,620,0.0,137309.06,2,1,0,0
15626212,Wark,France,Male,29,616,0.0,166984.44,1,1,0,0
15700627,Y?,Germany,Female,46,637,143500.82,166996.46,1,0,1,1
15782641,Brown,Spain,Female,29,710,119670.18,188022.44,1,0,0,1
15784445,Huang,Spain,Male,33,717,99106.73,194467.23,1,0,0,1
15813681,Zito,Germany,Male,24,786,120135.55,125449.47,2,1,0,1
15596649,Bailey,France,Female,39,651,0.0,137452.57,1,0,0,0
15700460,Allnutt,France,Female,55,530,120905.03,123475.88,1,1,1,1
15724076,Christie,Spain,Female,57,815,0.0,38941.44,3,0,1,0
15784000,Pope,Germany,Female,34,715,102277.52,177852.57,1,0,1,1
15733966,Johnstone,Germany,Female,55,496,125292.53,31532.96,1,1,1,1
15612667,Bird,Spain,Male,42,680,0.0,136377.21,1,0,0,0
15654025,Jones,France,Female,51,646,101629.3,130541.1,1,0,0,1
15589431,Pedder,Germany,Male,47,807,171937.27,65636.92,1,1,0,1
15578238,Calabrese,France,Male,47,727,0.0,193305.35,2,0,0,0
15566269,Chialuka,France,Male,25,787,0.0,47307.9,2,0,0,0
15639217,McKenzie,France,Male,34,806,0.0,100809.99,2,0,0,0
15688644,Holloway,France,Male,31,603,129743.75,109145.2,1,0,0,1
15662426,Tang,Spain,Male,32,649,0.0,91167.19,1,1,1,0
15720511,Byrne,Germany,Male,41,547,151191.31,175295.89,1,0,1,1
15567246,Selwyn,Germany,Male,32,684,102630.13,127433.47,2,1,0,1
15647965,Genovese,France,Female,57,477,114023.64,71167.17,2,1,1,1
15679048,Koger,Germany,Male,41,558,124227.14,111184.67,1,1,0,1
15675749,Baranov,France,Female,23,695,0.0,141756.32,2,1,0,0
15782181,Greco,Spain,Male,35,592,80285.16,72678.75,1,0,1,1
15795738,Owens,France,Male,31,789,175477.15,172832.9,1,1,0,1
15773751,Y?,France,Female,29,597,132144.35,158086.33,1,0,0,1
15655436,Kendall,Germany,Male,47,839,136911.07,168184.62,1,1,1,1
15691396,Ko,Germany,Male,31,405,133299.67,72950.14,2,1,0,1
15796958,Tang,France,Male,39,658,0.0,48378.4,2,0,0,0
15801832,Lombardo,Germany,Male,42,684,117691.0,23135.65,1,1,1,1
15661349,Perkins,France,Male,35,633,0.0,65675.47,2,0,0,0
15719265,Feng,France,Male,46,589,0.0,170676.67,2,0,0,0
15779985,Lo,Germany,Female,37,750,133199.71,27366.77,2,1,0,1
15663410,Piccio,Spain,Male,51,771,135506.58,152479.64,3,1,1,1
15704144,Mazzanti,Germany,Male,33,812,127154.14,105383.49,2,1,0,1
15774104,Chukwualuka,Spain,Male,39,539,0.0,48189.94,2,1,0,0
15812230,Elliot,Germany,Female,42,670,49508.79,100324.01,3,1,0,0
15742848,Gratton,France,Male,41,673,0.0,65657.29,1,1,0,0
15745326,Carandini,France,Female,62,538,75051.49,17682.02,1,0,1,1
15674541,Robinson,Spain,Male,52,575,123925.23,111342.66,1,0,1,1
15728564,Lo,France,Male,41,682,0.0,134158.09,2,1,1,0
15580701,Ma,France,Male,33,712,153819.58,79176.09,1,0,1,1
15688973,Vinogradova,Spain,Female,39,598,0.0,83103.46,2,1,0,0
15709412,H?,Spain,Male,30,776,0.0,63908.86,2,1,0,0
15607753,Alexandrova,Spain,Female,23,606,70417.79,90896.04,1,1,0,1
15705352,Yang,Spain,Male,38,686,111484.88,76076.2,1,1,0,1
15602500,Maslova,Spain,Male,38,850,146343.98,103902.11,1,1,0,1
15672437,Buccho,France,Male,72,642,160541.0,142223.94,2,1,0,1
15720968,Young,Germany,Male,27,606,130274.26,147533.09,2,0,0,1
15730796,Barker,France,Female,21,627,98993.02,169156.64,1,1,0,1
15768219,Sung,Spain,Male,36,850,0.0,141242.57,2,0,0,0
15663883,Hansen,Germany,Male,32,850,141827.33,149458.73,2,1,0,1
15589296,Brown,France,Female,40,724,110054.45,86950.72,1,1,0,1
15586425,Lo Duca,France,Male,28,579,0.0,176925.69,2,1,0,0
15679813,Ellis,Spain,Male,28,727,0.0,40357.39,1,0,0,0
15681410,Korff,Germany,Female,36,813,98088.09,26687.22,1,1,1,1
15668283,Gardiner,France,Male,48,642,118317.27,78702.98,4,0,1,1
15624072,Kiernan,Spain,Male,22,669,0.0,176163.74,2,0,0,0
15669664,Thompson,Germany,Male,54,574,99774.5,4896.11,1,0,1,1
15682728,Mathews,France,Female,32,774,0.0,114899.13,2,0,0,0
15573851,Macrossan,France,Female,38,735,0.0,92220.12,3,0,1,0
15733661,Illingworth,Spain,Female,27,639,133806.54,6251.3,2,0,0,1
15710012,Bowen,Spain,Male,44,738,0.0,43018.82,2,0,1,0
15763327,Craig,France,Male,32,835,124993.29,27548.06,2,1,0,1
15668853,Menhennitt,Spain,Female,44,637,157622.58,120454.2,1,1,0,1
15639303,Moore,Germany,Male,48,589,126111.61,133961.19,1,1,0,1
15691011,Shoebridge,France,Male,42,591,161651.37,131753.97,2,1,0,1
15638513,Palermo,France,Female,40,723,142856.95,38019.74,2,0,0,1
15648933,Reilly,Germany,Male,44,831,111100.98,28144.07,1,1,1,1
15628904,Bowen,Spain,Male,35,733,102918.38,45959.86,1,1,0,1
15644788,Fyodorov,France,Female,30,731,0.0,189528.72,2,0,0,0
15598161,Clements,France,Male,47,654,0.0,170481.98,2,0,0,0
15745624,McKenzie,France,Male,37,828,0.0,94845.45,2,0,0,0
15733169,Craig,Spain,Male,22,590,125265.61,161253.08,1,1,0,1
15801417,Iloerika,France,Male,37,657,82500.28,115260.72,1,1,0,1
15592707,Dolgorukova,Germany,Female,64,531,175754.87,60721.4,2,1,0,1
15593954,Eva,France,Female,47,516,109387.33,121365.45,1,0,0,1
15714431,Yeh,France,Male,37,561,100443.36,101693.73,2,1,0,1
15638257,P'an,Spain,Female,54,682,83102.72,54132.93,2,1,0,1
15690939,Howe,Spain,Male,28,575,0.0,10666.05,1,1,0,0
15723613,Jenkins,France,Female,28,623,0.0,41227.67,2,0,0,0
15813640,Shih,France,Female,40,642,0.0,10712.82,2,0,0,0
15707322,Nnamdi,France,Female,48,779,115290.27,98912.69,1,0,1,1
15588918,Mitchell,France,Female,42,671,0.0,197202.48,2,0,0,0
15600357,Findlay,France,Female,40,495,140197.71,150720.39,2,0,0,1
15747014,Pisani,France,Female,28,850,105245.34,74780.13,1,1,0,1
15809830,Belisario,France,Male,50,630,0.0,79377.45,2,1,0,0
15662245,Pomeroy,France,Male,32,588,0.0,8763.87,2,1,0,0
15651075,Ibrahimova,Germany,Male,35,562,142296.13,177112.7,1,1,0,1
15594456,K?,Spain,Female,56,740,99097.33,85016.64,1,1,1,1
15583462,Graham,France,Male,28,695,171069.39,88689.4,2,1,0,1
15757661,Trevisano,France,Female,39,589,0.0,95985.64,2,0,0,0
15729117,Trevisano,France,Female,31,607,102523.88,166792.71,1,1,0,1
15749671,K?,France,Male,35,794,0.0,68730.91,2,1,0,0
15566253,Manning,Germany,Male,44,580,143391.07,146891.07,1,0,1,1
15595153,Tucker,Germany,Female,44,644,106022.73,148727.42,2,0,0,1
15698572,Schaffer,Spain,Female,36,636,0.0,43134.58,1,0,0,0
15674149,Esomchi,Germany,Male,36,599,128960.21,40318.33,2,1,0,1
15623082,Ch'ang,France,Female,35,507,0.0,97633.93,2,0,0,0
15797905,Walker,France,Female,48,682,0.0,65069.03,2,0,0,0
15746028,Chu,France,Female,24,714,0.0,166335.0,2,0,0,0
15582951,Crawford,France,Female,25,696,126442.59,121904.44,1,0,0,1
15616471,Milne,Spain,Male,51,599,0.0,175235.99,1,1,0,0
15641575,Anenechukwu,France,Male,37,577,127261.35,56185.05,1,0,0,1
15638803,Donaldson,Spain,Female,32,733,0.0,131625.14,2,0,0,0
15808283,Kelly,France,Female,33,647,0.0,152323.04,1,0,0,0
15811200,Ts'ao,France,Female,34,831,0.0,165840.94,2,0,0,0
15733476,Gonzalez,Germany,Male,30,543,73481.05,176692.65,1,1,0,1
15633274,Tai,France,Male,34,679,160515.37,121904.14,1,0,0,1
15582168,Muravyova,Germany,Female,61,713,149525.34,123663.63,2,0,0,1
15807269,Milanesi,Germany,Male,43,690,166522.78,119644.59,1,0,1,1
15602979,Lin,France,Male,29,751,135536.5,66825.33,1,0,0,1
15660417,Lambert,Germany,Female,43,613,120481.69,94875.03,1,0,1,1
15590199,Temple,Spain,Male,28,701,103421.32,76304.73,1,1,0,1
15641794,Ridley,France,Male,33,698,135658.73,39755.0,2,1,0,1
15779174,Young,France,Female,36,451,0.0,180142.42,2,1,0,0
15785547,Slye,France,Male,28,665,191402.82,83238.4,2,0,0,1
15795124,Pan,Germany,Male,50,726,94504.35,5078.9,1,1,0,1
15718912,Hsueh,Germany,Female,44,608,126147.84,132424.69,1,1,1,1
15592028,Roberts,France,Female,46,549,0.0,109057.56,1,1,0,0
15580227,Moss,France,Male,33,803,0.0,115676.61,2,0,0,0
15657830,Andrews,France,Male,43,663,87624.03,149401.33,2,0,0,1
15798256,Takasuka,France,Female,45,558,153697.53,89891.4,2,0,1,1
15643819,Dawson,France,Female,25,714,0.0,82500.84,2,0,0,0
15754301,Bruche,France,Male,39,704,0.0,6416.92,1,0,0,0
15726855,Oliver,Germany,Female,45,805,116585.97,189428.75,1,0,1,1
15755225,Ryan,Germany,Male,34,659,134464.58,178833.34,2,0,0,1
15725221,Sabbatini,Germany,Male,62,738,83008.31,42766.03,1,1,0,1
15789055,Watt,Spain,Male,35,635,113635.16,90883.12,1,0,0,1
15617507,Wilson,Spain,Female,36,530,0.0,80619.09,2,0,0,0
15668894,Abramova,Germany,Male,41,661,122552.48,120646.4,2,1,0,1
15589563,Purdy,Spain,Male,31,531,118899.45,41409.36,2,0,0,1
15693162,Higgins,France,Female,29,694,99713.87,112317.89,1,0,0,1
15750099,Marshall,France,Female,36,731,0.0,152128.36,1,0,0,0
15795540,Reye,France,Female,36,556,134208.22,177670.57,1,1,0,1
15794941,Chibueze,Germany,Female,41,647,85906.65,189159.97,3,0,0,1
15611848,Kwemtochukwu,Germany,Male,32,850,137714.25,159403.68,1,1,0,1
15581237,Biryukova,Spain,Male,33,573,160777.9,149536.15,1,1,0,1
15738150,Chidozie,France,Male,45,591,0.0,155492.87,2,1,0,0
15678571,Barber,France,Male,21,723,0.0,24847.02,2,0,0,0
15736124,Thompson,France,Male,25,617,102585.88,115387.4,2,1,0,1
15623202,Maslov,Germany,Female,39,704,102556.18,171971.25,2,0,1,1
15804201,Jones,Germany,Male,42,457,126772.57,126106.4,1,1,0,1
15596863,Chidumaga,Germany,Female,38,787,158373.23,28228.35,1,1,0,1
15696277,Hs?,France,Female,34,651,0.0,138113.71,2,0,0,0
15748608,Trentini,Germany,Male,42,612,141927.1,43018.98,1,1,0,1
15723864,Lucas,Spain,Male,47,828,109876.82,83611.45,2,0,1,1
15802390,Willoughby,France,Female,34,724,0.0,118863.38,2,1,0,0
15774336,Jamieson,Germany,Male,44,648,111369.79,91947.74,2,1,0,1
15648766,Robertson,Spain,Male,35,569,116969.35,94488.82,1,0,0,1
15659094,Ojiofor,Germany,Female,34,765,136729.51,47058.21,2,0,0,1
15606397,Cameron,Germany,Female,44,577,152086.15,44719.5,1,1,1,1
15642619,Mayne,Spain,Male,46,603,0.0,174478.54,2,0,0,0
15666032,Mancini,Spain,Male,28,568,127289.28,45611.51,1,0,0,1
15595842,Paramor,Germany,Male,45,748,119852.01,73853.94,1,0,1,1
15753837,Young,Spain,Male,38,573,0.0,196517.43,2,1,0,0
15783882,Daly,Spain,Female,41,771,0.0,92914.67,2,1,0,0
15799790,Carter,France,Male,35,763,0.0,31372.91,1,1,0,0
15628155,Dike,France,Female,35,410,117183.74,109733.73,1,1,0,1
15703778,Hughes,France,Male,33,728,129907.63,36083.96,1,1,0,1
15722322,Green,Spain,Female,78,655,0.0,188435.38,2,1,0,0
15639278,Chinomso,Germany,Female,36,580,145387.32,169963.2,2,1,1,1
15568487,Gorshkov,France,Male,35,712,124616.23,69320.97,1,1,0,1
15682084,Chinomso,France,Male,31,680,0.0,36145.53,2,0,0,0
15642821,Ijendu,Spain,Female,48,383,95808.19,137702.01,1,0,1,1
15601387,Yen,France,Male,35,721,0.0,71594.26,2,0,0,0
15642515,Arcuri,France,Female,42,620,0.0,65565.92,2,1,0,0
15710421,Baresi,Spain,Female,36,774,117152.3,101828.39,1,0,0,1
15726774,Field,France,Male,35,563,106250.72,39546.32,1,0,0,1
15649078,Christian,Germany,Female,27,850,111837.78,110805.79,2,1,0,1
15641877,Ross,France,Male,47,681,97023.21,2168.13,1,1,0,1
15796496,Trevisani,France,Female,31,631,137687.72,190067.12,1,0,0,1
15815690,Akabueze,Spain,Female,40,614,113348.5,77789.01,1,1,0,1
15631739,Dunn,Spain,Male,24,704,122109.78,127654.37,1,1,0,1
15625584,Martin,France,Male,32,786,120452.4,79602.86,2,0,0,1
15802466,Donaldson,France,Female,53,534,0.0,80619.17,2,1,0,0
15697028,McClinton,Spain,Male,34,590,65812.35,160346.3,2,1,0,1
15575759,Bentley,Spain,Female,40,583,54428.37,109638.78,1,0,1,1
15567442,Ibezimako,France,Female,75,656,0.0,1276.87,2,1,0,0
15746805,Thomson,France,Male,33,597,0.0,49374.82,2,0,0,0
15636330,Ch'in,Germany,Female,48,588,143279.58,31580.8,2,0,1,1
15714970,Holbrook,Germany,Male,32,667,103846.65,20560.69,1,0,0,1
15653784,Solomina,France,Male,37,627,125190.86,84584.69,1,1,0,1
15693543,McDonald,France,Female,33,708,0.0,15246.83,2,1,0,0
15773283,Dennis,France,Male,65,641,38340.02,32607.77,1,0,1,1
15742534,Faulk,Germany,Female,28,527,123802.98,155846.69,2,1,0,1
15569878,Dale,France,Male,37,592,96651.03,3232.82,1,1,0,1
15729454,Gorbunov,France,Male,33,465,0.0,177668.55,2,0,0,0
15578375,Farrell,France,Male,39,628,0.0,134441.6,2,0,0,0
15785559,De Luca,France,Male,43,678,133237.21,111032.79,1,0,1,1
15649414,Walker,France,Female,61,570,142105.35,45214.04,1,1,0,1
15701605,Forster,France,Male,37,815,166115.42,67208.3,1,0,0,1
15686696,Brown,France,Female,37,817,81070.34,80985.88,2,0,0,1
15625586,Monaldo,France,Male,35,717,0.0,167573.06,1,1,0,0
15654975,Wu,France,Female,53,641,123835.52,160110.65,2,1,0,1
15782993,Pan,France,Male,51,624,123401.43,127825.25,2,1,0,1
15774382,Longo,Germany,Male,49,579,169377.31,123535.05,1,1,0,1
15689602,Findlay,France,Male,38,698,130015.24,41595.3,1,1,0,1
15756155,Fu,France,Male,32,645,0.0,97628.08,2,1,0,0
15812647,Yin,France,Male,34,691,133936.04,91359.79,2,0,0,1
15736043,Hamilton,France,Male,34,638,114543.27,97755.29,1,1,0,1
15696744,Miller,France,Female,31,705,119794.67,182528.44,1,0,0,1
15602572,Hsing,France,Male,33,720,0.0,142956.48,2,1,0,0
15674765,Mitchell,Spain,Male,44,553,0.0,10789.3,1,0,0,0
15678725,Chamberlin,France,Female,29,658,0.0,130461.09,2,1,0,0
15694444,Buttenshaw,Germany,Female,32,648,157138.99,190994.48,3,0,1,1
15795878,Anayochukwu,Spain,Male,45,636,0.0,159463.8,2,1,0,0
15735346,Wallace,Germany,Female,41,527,136733.24,57589.29,1,1,0,1
15687094,Calabresi,Germany,Female,28,717,82498.14,40437.67,2,0,0,1
15790067,Sun,Spain,Male,39,614,151914.93,56459.45,1,0,0,1
15605742,Tuan,France,Male,43,737,80090.93,39920.0,1,0,1,1
15566740,Nazarova,Spain,Male,51,587,83739.32,148798.45,1,1,0,1
15664897,Bryant,France,Female,35,682,181166.44,63737.19,1,1,1,1
15585777,Pai,France,Male,38,710,130588.82,154997.64,1,1,0,1
15650864,Power,France,Male,42,507,0.0,34777.23,2,0,0,0
15806709,Hao,Germany,Male,33,609,94126.67,93718.16,1,0,0,1
15633818,McMillan,France,Male,32,786,0.0,133112.41,2,0,0,0
15713845,Merrett,France,Male,38,688,148045.68,175479.92,1,0,1,1
15639662,Phillips,France,Male,38,710,0.0,96.27,2,0,0,0
15567013,De Luca,Spain,Male,33,779,0.0,30804.68,2,0,0,0
15777784,Tu,France,Female,44,733,168165.84,197193.49,1,1,0,1
15800251,Elder,Germany,Female,26,583,72835.56,96792.15,2,0,0,1
15651315,Dilke,France,Male,41,627,0.0,132719.8,2,0,0,0
15651450,Panicucci,Germany,Male,31,666,123212.08,112157.31,2,1,0,1
15784218,Mason,Spain,Male,38,620,0.0,38015.34,2,1,0,0
15572398,Townsend,Spain,Female,39,614,0.0,164018.98,2,1,0,0
15707962,Gunson,France,Male,40,606,119501.88,46774.94,2,0,0,1
15705663,Milano,Germany,Female,39,700,144550.83,189664.43,2,1,0,1
15645355,Macleod,Germany,Male,34,677,126729.41,26106.39,1,1,1,1
15729557,Olisaemeka,Germany,Male,36,850,119984.07,191535.11,1,0,1,1
15631436,Gleeson,France,Male,35,564,0.0,158937.55,1,0,0,0
15583073,Martin,Spain,Female,56,771,0.0,25222.6,1,1,1,0
15614361,Liao,Spain,Male,42,620,121490.05,29296.74,1,1,0,1
15724684,Sung,Spain,Male,46,610,91897.8,54394.28,1,0,0,1
15700083,Lai,Spain,Male,39,609,139443.75,9234.06,2,0,0,1
15636541,Cartwright,Germany,Male,35,683,144961.97,26796.73,1,1,0,1
15796015,Wu,Germany,Male,42,633,126041.02,11796.89,1,1,0,1
15787222,Ch'in,Germany,Male,28,676,69459.05,128461.29,2,1,0,1
15594270,Biryukov,France,Male,38,693,198338.77,14278.18,2,1,0,1
15701524,Ting,France,Male,36,709,0.0,46811.77,2,0,0,0
15645847,P'eng,Germany,Male,35,569,109196.66,109393.19,3,0,1,1
15708867,Niu,Spain,Female,38,684,134168.5,3966.5,3,0,1,1
15613140,Mellor,France,Male,34,565,0.0,63173.64,1,1,0,0
15628893,Power,France,Male,29,681,0.0,66367.33,1,0,0,0
15764073,Arcuri,Spain,Female,36,503,0.0,16274.67,2,1,0,0
15782879,Lang,France,Male,40,656,0.0,180553.48,2,1,0,0
15635964,Eve,Germany,Male,65,566,120100.41,107563.16,1,0,1,1
15726087,Ch'in,France,Female,62,592,0.0,100941.57,1,1,0,0
15726313,Napolitani,Spain,Female,50,687,0.0,110230.4,2,0,0,0
15578073,Barker,Spain,Male,22,686,0.0,142331.85,2,0,0,0
15786249,Whitfield,Spain,Male,30,616,0.0,199099.51,2,0,0,0
15812850,Stradford,Spain,Male,67,494,0.0,85890.16,2,1,0,0
15596972,Brownlow,France,Male,38,534,0.0,143938.27,1,0,0,0
15620579,Dunn,Spain,Female,31,695,0.0,131644.41,2,1,0,0
15768270,DeRose,Spain,Female,31,579,0.0,112395.98,2,0,0,0
15656597,Wang,Germany,Male,38,432,135559.8,71856.3,2,1,0,1
15699446,Hobbs,Germany,Female,25,816,150355.35,35770.84,2,1,0,1
15615004,Anderson,France,Female,37,730,0.0,124364.63,2,1,0,0
15704771,Ugochukwu,France,Female,35,593,133489.12,78101.29,2,1,0,1
15588372,Kirsova,Germany,Female,37,715,105489.31,143096.49,1,0,1,1
15681439,Tsou,Germany,Male,25,775,60205.2,14073.11,2,0,0,1
15607509,Ozerova,France,Male,38,539,0.0,47388.41,2,0,0,0
15670343,Li,Spain,Male,19,576,0.0,72306.07,2,0,0,0
15597968,Fyans,Spain,Male,50,617,0.0,184839.7,1,0,1,0
15658432,Freeman,France,Male,40,688,0.0,47886.44,1,1,0,0
15616431,Chiu,France,Male,33,608,0.0,130474.03,1,1,0,0
15796957,Iadanza,Spain,Male,35,597,0.0,73181.39,3,1,1,0
15815552,Ferguson,France,Female,42,670,112333.63,65706.86,1,1,0,1
15631871,Kelly,Germany,Female,57,616,116936.81,104379.36,1,1,0,1
15635870,She,Germany,Female,50,579,117721.02,192146.63,1,1,1,1
15596713,Christie,France,Male,37,786,165896.22,66977.68,2,1,0,1
15684211,Creel,Spain,Female,44,704,153656.85,158742.81,1,0,0,1
15760521,Thompson,France,Female,50,796,94164.0,189414.74,1,1,0,1
15608408,Lazareva,Spain,Male,39,598,0.0,159130.32,2,0,0,0
15804721,Boni,France,Male,49,602,191808.73,97640.2,1,0,0,1
15730272,Evseev,France,Male,58,619,152199.33,86022.09,1,1,0,1
15741988,Marino,Germany,Female,52,492,125396.24,10014.72,1,0,1,1
15771728,Mackenzie,Germany,Male,41,641,104405.54,17384.21,3,0,0,1
15605113,Sutherland,France,Female,27,518,133801.49,143315.57,1,1,0,1
15661945,Nicolay,Spain,Female,40,623,0.0,31669.18,3,0,0,0
15783816,Lori,France,Female,28,733,0.0,12761.16,2,0,0,0
15721207,Piazza,Germany,Male,42,625,100047.33,93429.95,1,0,0,1
15764072,Somerville,France,Female,31,759,109848.6,42012.55,1,1,0,1
15689412,Christie,France,Female,32,604,127849.38,15798.7,1,0,0,1
15798385,Grave,Spain,Female,46,512,0.0,56408.14,2,1,0,0
15775339,Lori,France,Female,29,520,95947.76,4696.44,1,0,0,1
15585256,Iloerika,Spain,Male,26,805,0.0,25042.1,2,1,0,0
15797329,Muir,France,Male,43,626,137638.69,130442.08,1,0,1,1
15780220,Pauley,France,Male,38,656,0.0,136521.82,1,1,0,0
15648951,Kao,Spain,Male,41,785,0.0,199108.88,2,1,0,0
15752409,Grant,France,Male,31,553,0.0,124596.63,2,0,0,0
15807524,Chukwuma,France,Female,44,569,0.0,134394.78,2,0,0,0
15766649,Vincent,France,Male,38,670,89416.99,144275.39,1,0,0,1
15696812,Lazareva,Spain,Male,42,586,0.0,123410.23,2,1,0,0
15581295,Ch'ien,Spain,Female,45,617,0.0,143298.06,1,0,0,0
15663234,Bishop,France,Female,60,508,143262.04,129562.74,1,1,0,1
15741417,Chibuzo,Spain,Female,35,624,119656.45,4595.05,2,1,0,1
15695174,Chang,France,Male,29,654,132954.64,146715.07,1,1,0,1
15665168,Calabrese,Germany,Female,44,681,105206.7,163558.36,2,1,0,1
15601503,Tokaryev,Spain,Male,28,578,0.0,6947.09,2,0,0,0
15706131,Logan,Spain,Female,37,621,83061.26,9170.54,2,0,0,1
15782758,Ozerova,France,Male,40,632,147650.68,199674.83,1,1,0,1
15591091,Goering,France,Male,44,644,73348.56,157166.79,1,0,1,1
15715877,Lo,France,Male,28,821,0.0,46072.52,2,0,0,0
15756918,Simmons,France,Female,38,754,0.0,3524.69,2,0,0,0
15746662,Maduabuchim,Spain,Female,27,568,116320.68,45563.94,1,1,0,1
15626679,Linger,France,Male,33,584,0.0,59103.13,2,1,0,0
15793343,Yeh,France,Female,29,549,0.0,189558.44,2,1,0,0
15576774,Stevenson,France,Female,38,729,0.0,45779.9,2,0,0,0
15801316,Ifeatu,France,Male,61,523,66250.71,21859.06,1,1,0,1
15800514,Kenechukwu,Germany,Female,24,477,95675.62,162699.7,2,0,1,1
15662232,Learmonth,Germany,Male,42,675,92616.64,8567.18,2,0,0,1
15737778,Dickson,Spain,Female,41,782,0.0,132943.88,1,0,0,0
15782096,Volkova,Spain,Female,36,616,0.0,12916.32,1,1,1,0
15783522,Mitchell,Spain,Female,37,738,100565.94,128799.86,1,1,0,1
15785373,Wong,Spain,Female,42,717,190305.78,99347.8,1,0,1,1
15756272,James,Germany,Female,35,526,118536.4,40980.87,1,0,1,1
15615245,Shao,France,Male,19,660,127649.64,40368.65,1,1,0,1
15600174,Walton,France,Male,35,525,165358.77,94738.54,1,1,0,1
15752956,Stanley,Spain,Male,29,629,0.0,88842.8,2,1,0,0
15644882,Watson,Germany,Female,36,616,78249.53,136934.91,1,0,0,1
15766272,Folliero,Germany,Female,61,521,125193.96,109356.53,1,1,0,1
15800620,Fitzgerald,France,Female,29,691,0.0,199635.93,2,0,0,0
15569764,Garner,Germany,Female,41,687,154007.21,158408.23,1,0,0,1
15747458,Folliero,Spain,Female,43,677,133214.88,95936.84,2,1,0,1
15573171,Liao,Spain,Male,63,695,146202.93,126688.83,1,1,1,1
15736769,Lucchesi,France,Female,27,663,0.0,150850.29,2,0,0,0
15763381,Chan,France,Male,30,496,90963.49,27802.0,1,1,0,1
15814430,Ma,Spain,Male,41,747,0.0,32430.94,1,0,1,0
15638607,Nwabugwu,France,Female,52,546,0.0,137332.37,1,0,1,0
15737133,P'eng,Spain,Male,68,706,114386.85,28601.68,1,1,0,1
15613945,Andrews,France,Female,26,472,0.0,108411.66,2,0,0,0
15659937,Otutodilinna,France,Female,40,703,0.0,122518.5,2,1,0,0
15765287,Grant,France,Female,38,850,0.0,9015.07,2,0,0,0
15661723,Abramovich,Spain,Male,71,667,137260.78,94433.08,1,1,1,1
15766064,Komarova,France,Male,33,559,111060.05,110371.84,2,0,0,1
15649616,Otutodilichukwu,Spain,Male,60,636,124447.73,141364.62,1,1,1,1
15719017,Donaldson,France,Female,34,672,0.0,16245.25,2,1,0,0
15720919,Duggan,France,Male,42,667,0.0,108348.94,1,1,1,0
15706706,Chinwendu,Germany,Male,33,648,135310.41,171668.2,2,1,0,1
15709653,Hamilton,France,Male,32,497,0.0,67364.42,2,0,0,0
15805104,Smith,France,Female,73,743,0.0,107867.38,2,1,0,0
15622442,Mazzi,France,Male,29,619,0.0,194310.1,2,0,0,0
15572801,Krischock,Spain,Male,34,639,139393.19,33950.08,2,0,0,1
15767598,Kent,Spain,Male,28,540,0.0,197588.32,2,0,0,0
15757897,Binder,France,Female,26,766,104258.8,428.23,1,1,0,1
15568104,Zubarev,France,Female,26,749,0.0,34948.77,2,1,0,0
15763414,Degtyarev,Germany,Male,32,655,113447.01,82084.3,1,0,0,1
15732265,Obialo,France,Male,33,630,0.0,64804.59,2,0,0,0
15621974,Davydova,Germany,Female,33,778,111063.73,83556.65,2,0,0,1
15803947,Teng,Germany,Female,30,757,161378.02,71926.28,1,0,1,1
15720706,Hsing,Spain,Female,39,529,82766.43,122925.44,1,1,0,1
15759290,Coleman,Spain,Male,29,620,0.0,13133.88,2,0,0,0
15651664,Wilder,France,Female,61,615,104267.7,62845.64,1,0,1,1
15795132,Molineux,France,Female,25,735,91718.8,28411.23,1,0,0,1
15811565,Cocci,Spain,Female,47,705,63488.7,28640.92,1,1,1,1
15713774,Chikwendu,Spain,Female,46,644,12459.19,156787.34,1,0,1,1
15691840,Fraser,Germany,Female,37,505,159863.9,125307.87,2,1,0,1
15682021,Lai,Germany,Male,23,471,104592.55,131736.23,2,0,0,1
15612931,Korovin,Spain,Female,50,722,132088.59,128262.14,1,1,0,1
15676707,Sidorov,Spain,Female,39,577,0.0,91366.42,2,0,0,0
15601383,Ibrahimova,Spain,Male,44,744,120654.68,82290.81,1,0,0,1
15662662,Duigan,France,Female,30,573,0.0,66190.21,2,0,0,0
15752694,Taylor,France,Female,32,653,83772.95,23920.65,1,1,0,1
15590683,Donaldson,France,Female,31,660,172325.67,45438.38,1,1,0,1
15773591,Jobson,France,Male,46,787,117685.31,93360.35,2,1,0,1
15723620,Lu,France,Male,41,617,0.0,14496.67,2,1,0,0
15671779,Nebechi,France,Male,39,567,0.0,168521.72,2,0,0,0
15672966,Cross,Spain,Female,64,682,0.0,103318.44,2,1,0,0
15624667,Wallace,France,Male,35,684,135871.5,87219.41,1,1,0,1
15812888,Perreault,France,Male,41,447,0.0,197490.39,4,1,1,0
15724154,Manna,Germany,Female,49,625,128504.76,126812.63,1,0,1,1
15749540,Hsiung,France,Male,36,585,0.0,94283.09,2,0,0,0
15621063,Gibbons,France,Female,42,516,56228.25,46857.52,1,0,0,1
15661626,Algeranoff,Germany,Female,45,732,98792.4,81491.7,1,0,1,1
15698703,Doherty,Germany,Male,40,628,181768.32,129107.97,2,1,0,1
15801431,Rowe,Spain,Female,48,682,101198.01,49732.9,1,1,0,1
15649451,Yates,France,Male,25,746,0.0,88728.47,2,1,0,0
15626156,Galloway,France,Female,60,655,0.0,86981.45,2,1,0,0
15606158,Genovese,France,Female,39,644,0.0,3740.93,1,0,0,0
15589496,Arrington,France,Male,34,778,139064.06,67949.32,2,0,0,1
15730345,Miah,France,Female,35,617,104508.1,147636.46,1,1,0,1
15572038,Chijindum,Germany,Male,35,660,113948.58,188891.96,1,0,1,1
15643439,Ferguson,France,Male,47,537,0.0,25482.62,2,1,0,0
15604158,Smith,France,Female,39,554,0.0,18391.93,2,1,0,0
15657396,Marshall,France,Male,31,806,0.0,140168.36,2,1,0,0
15709478,P'an,Germany,Male,37,611,117524.72,161064.29,2,1,0,1
15628824,Burton,France,Female,37,665,160389.82,183542.08,1,1,0,1
15814519,Kamdibe,France,Female,37,648,0.0,194238.92,2,0,0,0
15636520,Milani,France,Male,27,692,125547.53,7900.46,1,0,0,1
15794414,Forbes,Spain,Male,46,507,92783.68,51424.29,1,1,0,1
15643671,Chiekwugo,Germany,Male,49,696,97036.22,152450.84,2,0,1,1
15700650,Cousens,France,Male,34,681,0.0,55816.2,2,0,0,0
15680224,Ross,France,Female,26,687,0.0,32909.13,2,1,0,0
15784286,Wood,Spain,Male,40,641,102145.13,100637.07,1,1,0,1
15693996,Hawks,France,Female,33,507,113452.66,142911.99,1,0,0,1
15764343,T'ien,Spain,Female,46,688,155681.72,26287.21,1,0,0,1
15704168,Ting,Germany,Male,38,535,127475.24,60775.76,1,0,1,1
15680197,Thynne,France,Male,41,701,0.0,146257.77,2,1,0,0
15633729,Wang,France,Male,43,488,112751.13,28332.0,1,1,0,1
15577683,Maclean,France,Female,29,539,0.0,100919.19,2,1,0,0
15800746,Watson,France,Male,45,674,144889.18,102591.9,1,1,1,1
15788686,Gibson,Spain,Male,40,538,0.0,25554.4,2,1,0,0
15742798,French,France,Female,22,829,150126.44,152107.93,1,0,1,1
15596647,Henderson,France,Male,54,768,69712.74,69381.05,1,1,0,1
15756070,Greenwood,Spain,Female,44,585,0.0,101728.46,2,1,0,0
15775116,Anderson,France,Male,31,581,0.0,89040.61,2,0,0,0
15575428,Mistry,Germany,Female,35,682,117438.92,16910.98,2,1,0,1
15654074,Tuan,France,Male,38,653,119315.75,150468.35,1,0,0,1
15695872,Fiorentini,France,Female,30,712,89571.59,177613.19,1,1,0,1
15568885,Scott,Germany,Female,34,620,102251.57,120672.09,1,0,0,1
15725036,Jideofor,France,Male,42,709,118546.71,77142.85,1,1,0,1
15632665,Yevseyev,France,Male,61,832,0.0,127804.66,1,1,1,0
15571476,Kelly,Spain,Male,38,635,103257.14,158344.63,1,0,0,1
15776850,Smith,Spain,Female,43,749,124209.02,167179.48,1,1,0,1
15623649,Ogle,Spain,Male,32,629,0.0,15404.64,2,1,0,0
15751131,Moss,Spain,Female,41,836,150302.84,156036.19,1,1,0,1
15688128,Loggia,Spain,Male,34,542,108653.93,144725.14,1,1,0,1
15678412,Nwankwo,France,Female,45,645,85325.93,22558.74,1,0,0,1
15770291,Allan,France,Female,29,844,0.0,147342.03,2,0,0,0
15583392,Woronoff,Germany,Male,37,747,135776.36,85470.45,3,0,1,1
15690731,Wolfe,France,Male,40,645,131411.24,194656.11,1,1,0,1
15697948,Henderson,Spain,Female,36,752,0.0,48505.1,2,1,0,0
15608328,Sutherland,Spain,Female,41,760,0.0,101491.23,2,0,0,0
15766378,Marsden,Germany,Female,45,714,106431.97,164117.69,2,1,0,1
15600813,Hyde,France,Male,50,717,90305.76,124626.57,1,1,0,1
15706217,Kao,Germany,Male,28,645,117466.03,34490.06,2,1,0,1
15601417,T'ang,France,Male,32,681,148884.47,90967.37,2,1,0,1
15610972,Crawford,Germany,Female,44,681,91115.76,24208.84,2,0,1,1
15674620,Dilibe,Germany,Female,37,679,77373.87,174873.09,2,1,0,1
15785350,Austin,Spain,Male,23,528,104744.89,170262.97,1,0,0,1
15749119,Santiago,France,Female,31,710,0.0,112289.06,2,1,0,0
15756535,Chibugo,Germany,Male,39,733,91538.51,93783.0,1,1,0,1
15700965,Toscano,France,Female,32,724,0.0,150026.79,2,1,0,0
15791851,Afanasyeva,France,Female,34,726,185734.75,102036.82,1,1,0,1
15717156,Sokolov,France,Male,30,520,143396.54,898.51,2,1,0,1
15740846,Wei,France,Male,40,556,125909.85,95124.4,1,1,0,1
15573284,Olisanugo,France,Female,45,579,0.0,11514.39,2,0,0,0
15729083,Gorman,France,Male,36,674,154525.7,27468.72,1,1,0,1
15611612,Priestley,France,Female,29,570,0.0,37092.43,1,0,0,0
15694381,Lloyd,France,Male,51,631,100654.8,171587.9,1,0,0,1
15651737,Salmond,Spain,Male,44,623,83325.77,80828.78,1,1,0,1
15663168,MacDonald,France,Male,35,665,110934.54,169287.99,1,0,0,1
15643426,Robertson,Spain,Female,36,523,113680.54,13197.44,1,0,0,1
15618245,Chukwumaobim,Germany,Male,31,706,117020.08,54439.53,2,0,0,1
15717527,Ifeanacho,France,Female,49,619,145359.99,38186.85,1,0,0,1
15793478,Li Fonti,Germany,Female,39,593,151391.68,27274.6,1,0,1,1
15642248,Ko,Spain,Male,66,608,123935.35,65758.19,1,1,0,1
15640377,Goloubev,France,Female,36,526,0.0,97767.63,2,0,0,0
15723950,Kruglov,Spain,Male,40,684,70291.02,115468.84,1,1,1,1
15590327,Liao,Germany,Female,42,604,166031.45,98293.14,1,0,0,1
15706199,White,Germany,Male,36,636,96643.32,182059.28,1,0,0,1
15671514,Sinclair,Spain,Female,33,669,0.0,128538.05,2,1,0,0
15727041,Fiorentini,France,Male,71,624,0.0,108841.83,2,1,0,0
15738063,Shen,France,Male,29,631,0.0,18581.84,2,1,0,0
15711733,Rapuokwu,France,Male,48,753,0.0,146821.42,2,1,0,0
15652320,Woronoff,France,Male,40,588,0.0,100727.68,2,0,0,0
15634180,Holden,Germany,Male,26,729,97268.1,39356.38,2,0,0,1
15694566,Roberts,France,Female,42,602,0.0,169921.11,2,0,1,0
15726103,Tsou,Germany,Female,55,689,76296.81,42364.75,1,0,1,1
15646351,Somerville,Spain,Male,27,486,0.0,28823.04,2,0,0,0
15730044,Greco,Germany,Female,42,809,64497.94,182436.81,3,1,1,1
15795186,Leonard,France,Male,38,562,0.0,115700.2,1,0,0,0
15784890,McKenzie,Spain,Female,32,763,0.0,16725.53,2,0,0,0
15694125,McElhone,France,Male,57,669,0.0,56875.76,2,1,0,0
15565891,Dipietro,France,Male,39,709,0.0,56214.09,2,0,0,0
15674254,Kerr,Spain,Female,45,554,0.0,193412.05,2,1,0,0
15775206,Hunter,France,Male,37,699,0.0,83263.04,2,0,0,0
15797627,Niehaus,Spain,Male,54,732,134249.7,13404.4,1,1,0,1
15649853,Craig,France,Female,45,625,0.0,184474.15,1,1,1,0
15610379,Barclay-Harvey,France,Male,30,599,105443.68,121124.53,1,1,0,1
15659800,Teng,Spain,Female,50,584,0.0,152567.75,1,1,1,0
15716236,Milani,France,Male,35,499,0.0,10722.54,2,0,0,0
15672053,Mistry,Spain,Male,38,526,0.0,58010.98,2,0,0,0
15663933,Jamieson,Germany,Female,35,625,86147.46,163440.8,2,0,1,1
15814236,Kay,Spain,Female,38,537,96939.06,102606.92,1,1,0,1
15583597,Ikedinachukwu,Spain,Male,47,696,106758.6,80591.18,1,1,0,1
15607395,Holt,France,Female,33,679,112528.65,177362.45,2,0,0,1
15694556,Nkemakolam,France,Male,60,684,116563.58,120257.7,1,0,1,1
15744109,Hartung,France,Male,32,850,0.0,180622.02,1,1,0,0
15800688,Ch'en,Spain,Female,42,495,0.0,130404.53,2,0,0,0
15810878,Baker,Spain,Female,38,537,141786.78,147797.54,1,1,0,1
15587835,Osinachi,France,Male,41,850,136416.82,57844.26,1,1,0,1
15763515,Shih,France,Male,30,513,0.0,162523.66,2,0,0,0
15725882,Feng,Germany,Female,40,618,133245.52,54495.82,2,1,0,1
15788022,Sternberg,Germany,Female,41,802,90757.64,169183.66,2,1,0,1
15663917,Adams,France,Male,43,547,92350.36,80262.91,1,1,0,1
15656865,Gray,Germany,Male,69,613,78778.49,8751.59,1,1,0,1
15667971,Shepherd,Germany,Female,34,592,102143.93,102628.98,2,1,0,1
15800366,Walton,France,Male,29,546,0.0,94823.95,1,1,0,0
15717231,Yang,Germany,Male,37,721,98459.6,90821.66,1,0,0,1
15643188,Barnett,Germany,Female,47,671,114603.76,153194.32,2,0,1,1
15671351,Romani,Spain,Male,35,624,0.0,87310.59,2,0,0,0
15573628,Greene,Germany,Female,51,751,148074.79,146411.41,1,0,1,1
15698953,Hart,Spain,Male,36,636,0.0,74048.1,3,1,1,0
15753888,Johnston,Spain,Female,62,607,108004.64,23386.77,1,1,1,1
15737961,Miller,Germany,Female,29,509,107712.57,92898.17,2,1,0,1
15801701,Robson,Spain,Male,35,653,0.0,45956.05,2,1,0,0
15684419,Wallace,Spain,Female,37,709,0.0,71738.56,3,0,0,0
15794266,Cross,France,Male,32,559,145303.52,103560.98,1,0,0,1
15810711,Marcum,Germany,Male,37,684,138476.41,52367.29,2,1,0,1
15771270,North,France,Female,27,635,127471.56,152916.05,1,1,1,1
15607786,Mao,France,Male,26,709,156551.63,4410.77,1,1,0,1
15624519,Calabrese,Germany,Female,49,656,97092.87,74771.22,1,0,1,1
15799910,Martin,France,Male,32,793,0.0,193817.63,2,0,1,0
15602479,Fleming,Spain,Male,37,609,129312.79,26793.82,1,1,0,1
15617419,Roberts,Germany,Female,29,618,100315.1,32526.64,2,1,0,1
15657603,Finch,France,Female,35,850,81684.97,824.0,1,0,0,1
15570379,Whitelegge,Spain,Male,51,669,88827.53,85250.77,1,0,1,1
15772996,Rooke,Germany,Male,40,594,152092.44,83508.93,2,1,0,1
15729574,Lu,Spain,Male,71,616,0.0,173599.38,2,1,0,0
15737267,Marcelo,France,Female,49,676,0.0,79342.31,1,0,1,0
15799128,Matthews,Spain,Female,38,608,102406.76,57600.66,1,1,0,1
15813327,Romani,France,Male,21,710,109130.96,56191.99,2,1,0,1
15711921,Scott,France,Male,29,695,0.0,6770.44,2,1,0,0
15654300,Mao,Germany,Male,33,530,75242.28,101694.67,1,1,0,1
15569945,Horsley,Spain,Male,29,509,0.0,69113.14,2,0,0,0
15569666,Goddard,France,Female,45,517,0.0,172674.36,1,0,1,0
15681887,Eskridge,Germany,Male,33,758,129142.54,26606.28,2,1,0,1
15608873,Smith,France,Male,51,665,0.0,53353.36,1,0,0,0
15762091,Simpson,Germany,Female,22,631,139129.92,63747.51,1,1,0,1
15722053,Oguejiofor,Spain,Male,33,576,0.0,190112.05,2,1,0,0
15782100,Holloway,Spain,Male,22,544,66483.32,110317.39,1,1,0,1
15765300,L?,Germany,Male,40,596,62389.03,148623.43,3,0,1,1
15743570,Feng,France,Female,34,481,0.0,125253.46,2,1,0,0
15608541,Claiborne,France,Male,46,498,91857.66,101954.78,1,0,1,1
15750671,Egobudike,Spain,Male,31,512,0.0,168462.26,2,0,0,0
15813659,Folliero,France,Female,56,594,0.0,26215.85,1,0,1,0
15757867,Bray,France,Female,30,570,176173.52,97045.32,1,0,1,1
15652914,Ibrahimov,Spain,Male,38,721,0.0,53534.8,1,1,0,0
15723818,Carpenter,France,Female,37,453,131834.76,8949.2,2,0,0,1
15713819,Walsh,France,Male,48,562,92347.96,163116.75,1,1,0,1
15656484,Woods,France,Male,40,682,0.0,140745.91,2,1,0,0
15778515,Wu,France,Male,40,748,95297.11,171515.84,1,0,0,1
15803840,Forbes,France,Female,32,729,0.0,150803.44,2,0,0,0
15735339,Lynch,France,Male,39,663,0.0,76884.05,1,0,0,0
15600392,Amaechi,France,Female,53,735,123845.36,170454.93,2,1,1,1
15625740,Enriquez,Germany,Male,62,627,143426.34,143104.3,2,1,0,1
15663817,Y?an,France,Male,46,713,0.0,55701.62,1,1,0,0
15734461,Brooks,Germany,Male,31,562,112708.2,186370.3,1,1,0,1
15780142,Wang,France,Male,43,632,100013.51,24275.32,1,0,0,1
15709920,Burke,France,Female,33,479,208165.53,50774.81,1,0,1,1
15684248,Meng,Spain,Male,21,658,0.0,154279.87,2,1,0,0
15643158,Chiganu,France,Female,40,598,0.0,68462.59,1,0,1,0
15693902,Hunt,France,Male,19,597,0.0,91036.74,2,1,0,0
15578307,Lucchese,France,Female,33,512,121685.31,83681.97,2,1,0,1
15585379,Humphries,France,Male,39,704,111525.02,199484.96,1,0,0,1
15758510,Frolova,France,Male,26,474,0.0,152491.22,2,0,0,0
15692918,Hsing,Germany,Male,36,604,113546.3,134875.37,1,1,0,1
15705301,Parkes,France,Male,41,683,95696.52,184366.14,2,1,0,1
15718231,Gregory,France,Male,28,537,88963.31,189839.93,2,1,0,1
15567991,Obiuto,Spain,Male,31,794,144880.34,175643.44,2,1,0,1
15772650,Longo,France,Male,55,732,136576.02,3268.17,1,1,1,1
15574795,Lombardo,France,Female,38,495,63093.01,47089.72,1,1,0,1
15706036,Lombardo,Germany,Male,38,552,132271.12,46562.02,2,1,0,1
15723856,Gonzalez,France,Female,29,602,88814.4,62487.97,2,1,0,1
15812920,Nwabugwu,Germany,Male,40,607,90594.55,181598.25,1,1,0,1
15691287,Ford,Germany,Female,33,675,141816.25,64815.05,1,0,1,1
15804797,Gilleland,France,Female,54,443,138547.97,70196.23,1,1,1,1
15708650,Fullwood,France,Female,31,727,52192.08,160383.47,2,1,0,1
15712777,Kao,France,Male,38,482,124976.19,35848.12,1,0,0,1
15786469,Montalvo,France,Female,34,686,0.0,87278.48,2,0,0,0
15669219,Wilson,Germany,Male,35,588,104356.38,94498.82,1,0,0,1
15641004,Doyne,Spain,Female,48,605,150315.92,133486.36,1,1,0,1
15648067,Onwuamaeze,France,Male,39,583,129299.28,73107.6,2,0,0,1
15704014,K'ung,Germany,Male,37,738,140950.92,195333.98,2,0,0,1
15645136,O'Donnell,Spain,Male,30,744,128065.12,121525.48,1,0,0,1
15709604,McMillan,France,Male,23,781,107433.48,173843.21,1,0,0,1
15713637,Chinedum,France,Male,34,699,117468.67,185227.42,1,0,0,1
15793901,Capon,France,Female,27,639,0.0,125244.18,2,0,0,0
15569759,Rawling,France,Female,27,583,0.0,163113.41,3,0,0,0
15712930,Duncan,France,Male,42,587,0.0,123006.91,1,0,0,0
15586504,Trevisani,France,Male,40,694,0.0,40463.03,2,0,0,0
15677317,Ankudinova,France,Female,29,570,153040.03,131363.57,1,1,1,1
15664270,Balsillie,Germany,Male,45,692,142084.04,188305.85,4,0,1,1
15731519,Kerr,France,Female,30,511,0.0,143994.86,2,0,0,0
15745623,Worsnop,France,Male,32,788,112079.58,89368.59,1,0,0,1
15813862,Yevseyev,Spain,Male,66,526,132044.6,158365.89,2,1,0,1
15641934,Manna,Spain,Female,46,749,66582.81,78753.12,1,0,1,1
15713043,Siciliani,France,Female,33,691,0.0,100408.31,2,1,0,0
15700749,Powell,France,Female,39,481,0.0,24677.54,1,1,0,0
15697567,Bazarova,France,Male,33,752,0.0,39570.78,2,1,0,0
15715414,White,France,Female,38,658,102895.1,155665.76,1,0,0,1
15639530,Buda,Spain,Male,42,679,0.0,168294.27,1,1,0,0
15726058,Cattaneo,Germany,Male,27,754,117578.35,87908.01,2,1,0,1
15725665,Lo,France,Male,47,679,198546.1,191198.92,2,0,1,1
15698872,Brown,Spain,Female,39,633,0.0,191207.03,2,0,0,0
15812184,Rose,France,Female,31,674,0.0,128954.05,1,0,0,0
15742609,Lombardo,Germany,Male,28,600,116623.31,59905.29,1,1,0,1
15815043,McMillan,Spain,Male,49,645,0.0,162012.6,2,0,0,0
15640648,Howe,France,Male,36,698,0.0,19231.98,2,1,0,0
15627203,Hsu,Spain,Male,54,508,0.0,175749.36,1,1,0,0
15786196,Han,France,Female,44,555,105770.7,60533.96,3,0,1,1
15612095,Calabrese,France,Female,48,751,0.0,137508.42,1,0,1,0
15674368,Riley,France,Female,39,738,94435.45,189430.86,2,1,0,1
15783477,Biryukov,Germany,Female,39,706,112889.91,6723.66,1,1,0,1
15757559,Broadhurst,France,Female,53,595,0.0,41371.68,2,0,1,0
15591036,Genovesi,Germany,Female,43,577,127940.47,125140.72,1,0,1,1
15761241,Hsieh,Germany,Female,36,578,129745.1,143683.75,1,1,0,1
15695078,Kemp,France,Male,32,699,0.0,170770.44,2,1,0,0
15645744,Chukwudi,France,Female,30,826,0.0,157397.57,2,1,0,0
15566988,Iqbal,Germany,Female,46,656,141535.52,50595.15,1,0,1,1
15749300,Teng,France,Female,47,556,139914.27,50390.98,1,1,0,1
15594340,Tao,France,Male,41,569,120243.49,163150.03,1,0,1,1
15607065,Chinedum,France,Male,34,765,91835.16,138280.17,1,0,0,1
15778089,Stevenson,Spain,Male,37,544,0.0,135067.02,2,0,0,0
15773723,Duncan,Spain,Female,22,588,67178.19,163534.75,1,1,1,1
15697035,Garrett,Spain,Female,31,740,0.0,86657.48,2,0,0,0
15679668,Yao,Spain,Male,38,850,115378.94,162087.82,1,1,0,1
15709861,He,Germany,Male,30,766,127786.28,28879.3,2,1,0,1
15791958,Mazzi,France,Female,41,849,0.0,169203.51,2,1,1,0
15791030,Edwards,France,Female,33,612,64900.32,102426.12,2,0,0,1
15695339,Lucchesi,Germany,Male,53,517,109172.88,54676.1,1,0,1,1
15658813,Siciliani,France,Female,55,645,0.0,18369.33,2,1,0,0
15715709,Shih,Germany,Male,43,696,114091.38,159888.1,1,1,0,1
15722533,Logue,France,Female,40,716,0.0,167636.15,2,1,0,0
15683118,Rechner,France,Male,32,590,0.0,138889.15,2,0,0,0
15672798,O'Brien,France,Female,45,656,145933.27,199392.14,1,1,0,1
15680112,Stewart,Germany,Female,35,473,131504.73,189560.43,1,0,0,1
15714575,Batt,Germany,Female,44,742,107926.02,17375.27,1,1,1,1
15806808,Hope,Germany,Female,57,834,112281.6,140225.14,3,0,1,1
15590637,Ahmed,France,Male,41,721,0.0,61018.85,2,1,0,0
15657535,Pearson,Spain,Male,29,590,0.0,51907.72,1,1,1,0
15696141,Kruglov,Spain,Female,31,516,0.0,47018.75,1,0,0,0
15811947,Gordon,France,Male,33,850,124781.67,33700.52,1,1,0,1
15649024,Trujillo,France,Female,39,748,132865.56,59636.43,1,1,1,1
15594928,Pagnotto,Germany,Female,38,798,129055.13,157147.59,1,0,0,1
15765532,Horton,Germany,Male,76,612,96166.88,191393.26,1,1,0,1
15741719,DeRose,France,Female,40,540,165298.12,199862.75,1,1,0,1
15665629,Chiang,Spain,Female,33,719,0.0,20016.59,2,0,0,0
15728917,Gill,France,Male,48,598,120682.53,30635.52,1,0,1,1
15762993,Trevisano,Spain,Male,32,796,102773.15,117832.88,2,1,0,1
15571193,Morrison,Germany,Male,42,579,144386.32,22497.1,1,1,1,1
15653521,Onuora,Germany,Female,40,850,104449.8,747.88,1,1,0,1
15802220,Ikenna,Spain,Male,35,599,137102.65,76870.81,1,0,0,1
15644132,Mancini,France,Female,30,724,142475.87,107848.24,1,1,0,1
15600832,Moss,France,Female,43,508,0.0,103726.71,1,0,0,0
15797919,Ting,Spain,Male,37,773,103195.2,178268.36,2,0,0,1
15603743,Tai,France,Male,28,526,112070.44,126281.83,1,1,0,1
15579714,Pan,France,Female,29,542,0.0,196651.72,2,1,0,0
15634295,Wilson,France,Male,35,470,96473.59,5962.3,1,0,0,1
15786680,Bianchi,Spain,Male,37,805,0.0,21928.81,2,0,0,0
15623499,Holman,Germany,Male,49,548,108437.89,127022.87,1,0,1,1
15691823,Obidimkpa,France,Male,37,672,153195.59,162763.01,1,1,0,1
15809279,Wallace,France,Male,45,773,96877.21,113950.51,1,1,0,1
15758039,Ash,France,Male,44,614,0.0,104930.46,2,1,0,0
15807163,Ku,France,Female,38,537,0.0,52337.97,1,0,1,0
15631639,Uspensky,France,Female,40,704,95452.89,179964.55,1,1,0,1
15713770,Shih,Spain,Male,41,586,63873.56,83753.64,1,0,0,1
15698167,Kumm,France,Female,24,677,148298.59,182913.95,2,0,0,1
15781710,Carey,Spain,Female,31,558,0.0,166720.28,2,0,0,0
15801296,Farber,Germany,Female,37,634,143258.85,192721.98,2,0,0,1
15704378,Calabrese,Germany,Male,37,655,121342.24,180241.44,1,1,0,1
15767891,Findlay,Germany,Female,28,619,99152.73,48475.12,2,0,0,1
15640667,Yu,France,Female,41,662,0.0,126551.48,2,0,0,0
15702145,Edments,Spain,Male,33,705,68423.89,64872.55,1,1,0,1
15679738,Brown,Spain,Female,35,527,0.0,98031.53,1,0,1,0
15636634,Lindon,Germany,Female,25,630,79656.81,93524.22,1,0,0,1
15809227,Chukwudi,France,Male,35,850,0.0,56991.66,2,1,0,0
15601811,Caldwell,France,Female,53,668,110240.04,183980.56,1,0,1,1
15625494,Li Fonti,France,Female,32,573,125321.84,130234.63,2,1,0,1
15723737,Pitcher,France,Male,27,680,0.0,32454.26,1,0,0,0
15682955,Capon,France,Female,32,758,84378.9,75396.43,1,1,0,1
15758856,Kable,France,Male,45,597,0.0,167756.45,2,0,0,0
15746065,Lo Duca,Germany,Male,35,580,136281.41,24799.47,2,1,0,1
15783865,Kulikova,France,Male,59,622,119380.37,60429.43,1,1,0,1
15745455,Navarrete,Germany,Male,62,638,108716.59,74241.09,2,1,0,1
15583033,Huguley,France,Female,20,640,0.0,78310.82,2,1,0,0
15644212,Han,Spain,Male,28,644,0.0,119419.37,2,0,0,0
15735688,Horsley,France,Female,31,753,106596.29,91305.77,1,0,0,1
15658577,Massie,France,Female,37,629,99546.25,25136.95,3,1,1,1
15606887,Singh,France,Female,30,775,0.0,193880.6,1,0,1,0
15783026,H?,France,Female,41,701,0.0,47856.78,1,0,0,0
15579892,Doyle,Spain,Male,19,708,112615.86,4491.77,1,1,0,1
15802088,Grant,Spain,Female,22,521,0.0,101311.95,1,1,0,0
15589323,Law,France,Female,24,636,0.0,38830.72,2,1,0,0
15636395,King,France,Female,31,529,0.0,26817.23,2,0,0,0
15712772,Onwubiko,France,Male,28,757,75381.15,199727.72,1,1,0,1
15700937,Romano,Spain,Female,24,767,0.0,67445.85,2,1,0,0
15766659,Okwudilichukwu,Spain,Male,33,525,0.0,161002.29,2,0,0,0
15814033,Milano,Spain,Male,38,759,0.0,20778.39,2,0,0,0
15783007,Parker,Germany,Female,45,520,123086.39,41042.4,1,1,1,1
15654183,Aitken,France,Female,26,738,0.0,67484.16,2,0,0,0
15609899,Obiora,Spain,Male,37,548,0.0,121763.68,1,0,0,0
15747323,Vasilyeva,Spain,Male,48,535,109472.47,157358.43,1,0,1,1
15582591,Chiabuotu,Spain,Male,59,615,155766.05,110275.17,1,1,0,1
15738835,Slater,Germany,Male,38,850,101985.81,43801.27,2,0,0,1
15782404,Hughes,France,Female,34,487,96019.5,9085.0,1,0,0,1
15697480,Menkens,France,Male,30,731,0.0,143086.09,2,1,0,0
15697045,Pisani,Spain,Female,35,726,0.0,100556.98,2,1,0,0
15781234,Y?an,France,Female,35,609,147900.43,140000.29,1,0,0,1
15579891,Milani,France,Male,52,714,100755.66,186775.25,1,1,0,1
15805690,Chin,Spain,Female,35,694,0.0,133570.43,1,0,1,0
15612139,Fu,France,Female,33,786,83036.05,154990.58,1,1,1,1
15568834,Howells,Spain,Male,27,698,125427.37,27654.44,2,0,0,1
15709917,Ni,France,Female,46,601,98202.76,137763.93,1,0,0,1
15718843,Maslova,Spain,Male,41,769,72509.91,25723.73,1,0,0,1
15799494,Forster,Germany,Male,44,850,140393.65,186285.52,2,1,0,1
15673439,Sun,Spain,Female,50,646,142644.64,142208.5,2,1,1,1
15669011,Bocharova,France,Female,44,659,23503.31,169862.01,1,1,1,1
15581388,Y?an,Spain,Male,33,487,145729.71,41365.85,1,0,0,1
15743153,Singh,Germany,Female,40,740,122295.17,30812.84,2,1,0,1
15579787,Nkemakonam,France,Male,39,686,0.0,155023.93,2,0,0,0
15759966,Chiemenam,Spain,Female,36,612,119799.27,159416.58,2,0,0,1
15601045,Angelo,Spain,Male,37,655,163708.58,76259.23,2,0,0,1
15764021,Frolov,France,Male,34,617,61687.33,105965.25,2,0,0,1
15687218,West,France,Female,27,674,79144.34,50743.83,1,1,0,1
15626452,Beatham,Spain,Male,32,711,0.0,147720.27,2,1,0,0
15700964,Pollard,Germany,Female,27,624,104848.68,167387.36,1,1,0,1
15768887,Hsing,Spain,Male,26,597,0.0,95159.13,2,1,0,0
15735358,Dowse,Spain,Male,46,682,0.0,4654.28,1,1,0,0
15749472,Lucciano,France,Male,45,775,0.0,130376.68,1,0,0,0
15685872,Godfrey,France,Female,29,727,146652.01,173486.39,1,1,0,1
15760851,Gratton,France,Male,31,629,0.0,93881.75,2,0,0,0
15734588,Manning,France,Male,46,684,0.0,36376.97,2,1,0,0
15784594,Mazzi,Germany,Female,37,549,130622.34,128499.94,2,1,0,1
15606435,Wall,Germany,Male,69,593,187013.13,105898.69,2,1,0,1
15790247,Sims,Spain,Male,40,536,0.0,11959.03,2,1,0,0
15676433,Allan,France,Female,36,707,0.0,98810.78,1,0,0,0
15625905,Griffen,Spain,Male,41,592,0.0,65906.07,2,0,0,0
15626414,Russell,France,Male,44,703,98862.54,151516.7,1,0,0,1
15623220,Brown,Spain,Female,45,723,0.0,37214.39,2,0,0,0
15752857,Palerma,Germany,Male,52,452,98443.14,92033.98,2,0,0,1
15677908,Gilbert,Spain,Male,42,552,0.0,195692.3,2,0,0,0
15773013,Uvarov,France,Female,47,633,0.0,6342.84,1,1,1,0
15623972,Wisdom,Germany,Female,23,479,123575.51,95148.28,1,1,0,1
15738627,Hussain,France,Male,25,768,0.0,21215.67,2,1,0,0
15643392,Woods,France,Male,31,742,105239.1,19700.24,1,1,0,1
15684868,Cameron,Germany,Male,56,668,110993.79,134396.64,1,0,1,1
15627854,Mai,Spain,Male,44,707,0.0,135077.01,2,1,0,0
15669253,Gibson,Spain,Male,39,754,157691.98,133600.89,2,0,1,1
15758023,Grigoryeva,Germany,Male,47,544,105245.21,99922.08,1,0,1,1
15574558,Gunter,Spain,Male,32,718,0.0,41399.33,2,1,0,0
15635256,Arcuri,France,Male,31,762,117687.35,159344.43,1,1,0,1
15680399,Tung,France,Male,23,772,0.0,18364.19,2,0,0,0
15674720,Smith,Germany,Female,37,691,123067.63,98162.44,1,1,1,1
15580249,Lori,France,Male,45,502,0.0,84663.21,1,0,0,0
15675431,Chidimma,France,Female,34,563,0.0,36536.93,2,0,0,0
15698285,Ting,France,Female,41,676,101457.14,79101.67,1,1,0,1
15810775,Tsao,Spain,Male,52,576,100549.43,16644.16,2,1,0,1
15678173,Collee,Spain,Male,35,629,174588.8,158420.14,2,1,0,1
15665222,Lettiere,Spain,Male,52,625,121161.57,48988.28,1,0,0,1
15803908,Fu,France,Male,45,628,0.0,96862.56,2,1,0,0
15586039,Bergamaschi,Germany,Female,36,471,90063.74,96366.7,2,1,0,1
15802570,Dyer,France,Female,45,811,0.0,146123.19,2,1,0,0
15781451,Buccho,France,Male,42,504,134936.97,135178.91,2,0,0,1
15721019,Jones,France,Female,24,687,110495.27,158615.41,1,0,0,1
15738588,Nebechi,Germany,Female,37,660,133200.09,71433.88,1,0,0,1
15730657,Ibekwe,France,Female,41,548,82596.8,55672.09,1,1,0,1
15739292,Gorshkov,Germany,Male,31,609,103837.75,150218.11,1,1,0,1
15725945,Nweke,Spain,Female,42,659,0.0,162734.31,1,0,1,0
15813159,Hairston,France,Male,52,526,93590.47,21228.71,1,1,1,1
15636820,Loggia,Germany,Male,40,725,104149.66,62027.9,1,0,0,1
15603880,Morgan,Germany,Male,38,519,114141.64,60988.21,1,1,1,1
15619494,Abdulov,Germany,Female,31,562,117153.0,108675.01,1,1,0,1
15596992,Norris,Germany,Male,45,482,156353.46,72643.95,1,0,1,1
15735025,Clark,Spain,Male,37,535,175534.78,9241.52,2,1,0,1
15730759,Chukwudi,France,Female,27,561,135637.0,153080.4,1,0,1,1
15752912,Perkin,France,Female,30,661,0.0,72196.57,2,0,0,0
15711316,Ch'ang,France,Male,27,771,0.0,199527.34,2,1,0,0
15738785,Kang,France,Male,26,545,0.0,156598.23,2,1,0,0
15777896,Chukwudi,Germany,Female,33,850,83415.04,74917.64,1,1,0,1
15628963,Frolova,Germany,Male,43,601,141859.12,111249.62,2,1,0,1
15742126,Chiu,Germany,Male,38,712,132767.66,59115.77,2,1,0,1
15575623,Simpson,France,Female,31,589,110635.32,148218.86,1,0,0,1
15741652,McLean,Spain,Male,37,600,177657.35,77142.32,1,1,0,1
15738884,Hu,Germany,Male,41,642,157777.58,67484.6,1,0,0,1
15615050,Savage,Germany,Male,47,575,107915.94,63452.18,2,1,1,1
15803005,Wallace,Germany,Female,57,570,86568.75,103660.31,1,1,0,1
15743498,Winter,Germany,Male,52,532,137755.76,163191.99,1,0,1,1
15720463,Ho,France,Male,30,796,137262.71,62905.29,2,0,0,1
15588695,Su,Spain,Male,32,833,0.0,44323.22,1,1,1,0
15665802,Li Fonti,Spain,Female,36,642,0.0,97938.59,2,1,0,0
15571144,Ives,France,Male,28,655,0.0,126565.21,2,1,0,0
15750731,Trevisani,Germany,Male,50,736,116309.01,185360.4,1,0,1,1
15605134,Bond,France,Female,34,617,131244.65,183229.02,2,0,0,1
15626044,Lettiere,Germany,Male,28,762,125155.83,106024.02,2,1,0,1
15737910,Houghton,Germany,Male,35,703,140691.08,167810.26,2,0,0,1
15761076,Lei,France,Male,41,507,58820.32,138536.09,2,1,0,1
15710105,Stirling,Germany,Female,26,581,105099.45,184520.0,1,1,1,1
15577402,Grant,France,Male,31,593,0.0,20492.16,2,1,0,0
15803337,Baresi,France,Male,23,648,168372.52,134676.72,1,0,0,1
15654372,Pearce,Germany,Male,34,462,94682.56,138478.2,2,0,0,1
15585867,Rutledge,Spain,Male,36,596,0.0,125557.95,2,1,0,0
15662488,Udegbunam,France,Female,44,627,0.0,82969.61,2,0,1,0
15604813,Zaytseva,France,Male,40,494,0.0,158071.69,2,1,0,0
15611644,Onyemauchechukwu,France,Male,73,627,146329.73,43615.67,1,1,0,1
15674928,Mullah,Spain,Male,37,850,0.0,119969.99,2,0,0,0
15656100,Candler,France,Female,49,632,167962.7,140201.21,1,0,0,1
15764293,Konovalova,France,Male,33,490,0.0,80792.83,2,1,0,0
15636423,Lei,France,Male,40,715,0.0,141359.11,1,1,0,0
15607629,Hollis,France,Male,48,679,0.0,23344.94,2,0,0,0
15577313,Lionel,France,Male,44,619,116967.68,5075.17,1,0,1,1
15714493,Francis,Spain,Female,33,465,0.0,95500.98,2,1,0,0
15643359,Carter,Spain,Male,32,736,0.0,79082.62,1,1,0,0
15687913,Mai,Germany,Female,34,501,93244.42,199805.63,1,1,0,1
15790935,Johnson,France,Female,29,535,0.0,52709.55,2,1,0,0
15708693,Sherman,France,Female,33,759,0.0,56583.88,2,0,0,0
15672016,Sabbatini,France,Male,35,819,0.0,3385.04,2,1,0,0
15727605,Shih,Germany,Male,43,533,80442.06,12537.42,2,1,0,1
15651144,Yao,Germany,Female,35,632,150561.03,64722.61,2,0,0,1
15749401,Ko,France,Male,60,686,0.0,75246.21,3,1,1,0
15691874,Kazakova,France,Female,34,687,125474.44,198929.84,1,0,0,1
15620735,Chiganu,Germany,Female,33,667,127076.68,69011.66,2,0,0,1
15769781,Nucci,Spain,Female,25,699,0.0,52404.47,2,1,0,0
15624611,Marsden,Spain,Male,37,497,128650.11,163641.53,2,1,0,1
15773071,Serena,Spain,Female,33,780,145580.61,154598.56,1,1,0,1
15720371,McLean,France,Female,51,652,0.0,173989.47,1,0,1,0
15717984,Longo,France,Male,47,477,144900.58,61315.37,1,0,1,1
15806407,Wilson,France,Female,37,652,0.0,143393.24,2,0,0,0
15785042,Hsiung,France,Female,31,488,97588.6,124210.53,1,0,0,1
15809302,Wright,France,Male,24,572,0.0,151460.84,2,1,0,0
15677550,Folliero,France,Female,38,755,0.0,20734.81,2,0,0,0
15654096,Johnston,Germany,Female,24,779,122200.31,43705.56,2,0,0,1
15617320,Palermo,Spain,Female,46,693,151709.33,180736.24,1,0,0,1
15653065,Nwabugwu,Spain,Female,22,530,0.0,104170.48,2,0,0,0
15649112,Endrizzi,Spain,Female,33,738,122134.4,27867.59,2,1,0,1
15690526,Tuan,Germany,Male,31,690,137260.45,55387.28,2,0,0,1
15806945,Udobata,France,Female,30,611,88594.14,196332.45,1,0,0,1
15670066,Ibezimako,Spain,Male,34,643,0.0,116046.22,2,1,0,0
15625761,Maclean,Germany,Male,41,632,127205.32,93874.87,4,0,1,1
15761525,Shaw,Spain,Female,31,727,96997.09,76614.04,2,0,0,1
15735080,Cummins,France,Female,64,508,0.0,6076.62,1,1,0,0
15619537,Lavrentiev,France,Male,31,550,142200.19,122221.71,2,1,0,1
15598162,Saunders,Germany,Female,39,754,160761.41,24156.03,1,1,0,1
15694300,Fiorentino,France,Male,26,759,0.0,135394.62,2,0,0,0
15637235,Knight,Spain,Male,33,794,0.0,91340.02,2,0,0,0
15612444,Manfrin,France,Male,29,549,0.0,146090.38,2,0,0,0
15626457,Zetticci,France,Male,31,671,116234.61,172096.08,1,0,0,1
15627995,Angelo,Germany,Female,26,756,155143.52,135034.57,1,1,1,1
15706128,Zhdanov,France,Female,21,632,0.0,84008.66,2,0,0,0
15666430,Peck,France,Male,38,579,0.0,91763.67,2,0,0,0
15627385,Uwaezuoke,France,Male,34,748,84009.47,137001.1,1,1,0,1
15581323,White,Germany,Female,28,488,139246.22,106799.49,2,0,0,1
15608109,Greco,Germany,Male,58,710,170113.0,10494.64,2,1,0,1
15801942,Chu,Spain,Female,41,619,0.0,79866.73,3,1,1,0
15567431,Kodilinyechukwu,France,Male,64,773,145578.28,186172.85,1,1,0,1
15810167,Scott,Spain,Male,75,657,126273.95,91673.6,1,1,0,1
15644501,Enyinnaya,France,Female,26,579,162482.76,18458.2,1,1,0,1
15785290,Hao,France,Male,29,542,0.0,8342.35,1,0,0,0
15611157,McElhone,France,Female,32,709,87814.89,138578.37,1,0,0,1
15673837,Ko,Spain,Male,61,617,113858.95,38129.22,1,1,0,1
15656822,Day,Germany,Male,43,568,87612.64,107155.4,4,1,1,0
15580560,Harris,France,Female,73,769,0.0,29792.11,1,1,0,0
15760641,Gerald,Germany,Male,26,608,106648.98,7063.6,1,1,0,1
15587584,Nebeuwa,Spain,Male,31,503,0.0,21645.06,2,1,0,0
15604146,Kaodilinakachukwu,Germany,Female,38,608,103653.51,137079.86,2,1,0,1
15813974,Maruff,Germany,Male,37,731,116880.53,172718.35,1,0,1,1
15746986,Howe,Germany,Female,40,850,97990.49,106691.02,2,0,0,1
15759741,Knepper,Germany,Female,34,591,150635.3,72274.84,1,1,0,1
15734892,Fennell,Spain,Male,37,579,0.0,32246.63,2,1,0,0
15797194,T'ao,France,Male,39,570,129674.89,80552.36,2,0,0,1
15723786,Morris,France,Female,37,709,0.0,16733.59,2,0,0,0
15642726,Holmes,France,Male,53,611,83568.26,1235.49,1,0,0,1
15664339,Yu,Spain,Male,48,775,178144.91,50168.41,2,0,1,1
15754526,Walker,Germany,Male,36,699,147137.74,33687.9,1,1,0,1
15703037,Edwards,France,Male,37,618,0.0,178705.45,1,1,1,0
15751412,Harvey,France,Male,36,704,114370.41,66810.48,1,1,0,1
15609558,McDonald,Germany,Female,47,835,108289.28,45859.55,2,1,1,1
15572408,Chambers,Germany,Male,39,714,149887.49,63846.36,2,0,0,1
15613923,Reed,Spain,Female,43,581,170172.9,100236.02,1,1,0,1
15747000,Shih,France,Male,27,592,0.0,19645.65,2,1,0,0
15731781,Onyemachukwu,France,Male,43,551,0.0,178393.68,2,0,0,0
15727198,Teng,Germany,Female,28,689,64808.32,78591.15,2,0,0,1
15794273,Hand,France,Female,56,604,62732.65,124954.56,1,1,0,1
15804950,Onyemauchechukwu,France,Female,41,514,0.0,3756.65,2,1,0,0
15576304,Bailey,France,Male,29,698,95167.55,152723.23,1,1,0,1
15645200,Chiang,Germany,Female,54,581,152508.99,187597.98,1,0,1,1
15779627,Maclean,Germany,Male,31,573,134644.19,70381.49,1,1,0,1
15750755,Yobachi,Spain,Female,33,449,0.0,156792.89,2,0,0,0
15569654,Munro,Germany,Female,31,850,51293.47,35534.68,1,0,0,1
15753079,Chidi,France,Male,41,612,0.0,151256.22,3,0,0,0
15684995,Chamberlain,Spain,Male,49,690,116622.73,51011.29,1,1,0,1
15790763,Trujillo,Spain,Female,49,599,0.0,111190.53,2,0,0,0
15766458,Tang,France,Male,33,498,198113.86,69664.35,1,0,0,1
15616221,Wilson,France,Female,29,497,85646.81,63233.02,1,0,1,1
15776124,Mann,Spain,Male,51,802,0.0,40855.79,1,1,0,0
15665811,Parry,France,Male,33,644,141234.98,95673.05,1,0,0,1
15729804,Manfrin,France,Male,34,714,0.0,80234.14,2,1,0,0
15714062,Millar,France,Female,40,690,77641.99,189051.59,1,0,1,1
15592197,Simmons,Spain,Male,30,522,0.0,145490.85,2,0,0,0
15793116,Beneventi,Germany,Female,40,502,117304.29,196278.32,1,0,0,1
15638231,Chung,Spain,Female,62,730,0.0,162889.1,2,1,0,0
15697678,Maxwell,Germany,Male,36,590,92340.69,174667.58,2,1,0,1
15800412,Dale,Germany,Male,35,458,146780.52,3476.38,2,1,0,1
15597610,Stevens,Spain,Male,41,553,144974.55,19344.92,1,1,0,1
15726634,Wei,France,Male,47,479,0.0,95270.83,1,0,0,0
15670866,Chiu,France,Male,31,693,0.0,107759.31,2,1,0,0
15667462,Duncan,Spain,Male,43,707,0.0,118368.2,2,0,0,0
15662574,Brady,Spain,Male,37,636,115137.26,52484.01,1,0,0,1
15716926,Macleod,France,Male,33,807,101952.97,178153.65,2,0,0,1
15603554,Berkeley,France,Female,45,513,164649.52,49915.52,3,0,1,1
15716800,Kaur,France,Male,31,582,0.0,33747.03,2,1,0,0
15679429,Bell,France,Male,32,694,91956.49,59961.81,1,1,0,1
15616122,Nwokike,France,Male,39,777,0.0,18613.52,2,1,0,0
15742172,Williamson,Germany,Male,32,598,123938.6,198894.42,2,0,0,1
15792305,Mountgarrett,Germany,Male,46,762,123571.77,57014.17,3,1,1,1
15636016,Wreford,France,Female,34,588,120777.88,131729.52,1,1,0,1
15733138,Paterson,Germany,Male,42,663,90248.79,79169.73,1,1,0,1
15669741,Hou,France,Male,36,777,0.0,106472.34,1,0,0,0
15616954,Smith,France,Male,71,592,0.0,17013.54,2,1,0,0
15729238,Peng,Germany,Male,48,631,106396.48,150661.42,1,1,1,1
15718242,Wollstonecraft,Germany,Female,47,725,104887.43,86622.56,1,0,1,1
15682914,Bolton,France,Male,34,850,72079.71,115767.93,1,1,0,1
15654274,Corrie,France,Male,37,540,0.0,141998.89,2,0,0,0
15691457,Boyle,Spain,Male,36,674,0.0,182787.17,2,1,0,0
15719649,Lambie,France,Male,38,553,99844.68,187915.7,1,0,0,1
15778897,Cartwright,France,Female,28,630,0.0,133267.78,2,1,0,0
15589437,Lu,France,Male,26,466,156815.71,137476.09,1,1,0,1
15682369,Pisano,France,Male,47,613,146034.74,77146.14,1,1,0,1
15626507,Chukwubuikem,France,Male,27,558,152283.39,183271.15,1,0,0,1
15571995,Harper,Germany,Female,33,775,118897.1,26362.4,2,1,0,1
15673333,Wilson,Germany,Male,52,698,96781.39,153373.71,1,1,0,1
15748752,Ch'in,Germany,Male,33,608,102772.67,70705.58,2,0,0,1
15725302,Streeton,Spain,Female,20,670,0.0,119759.24,2,0,0,0
15722083,Ch'ang,Spain,Male,39,591,0.0,42392.24,2,0,0,0
15771442,Pennington,France,Male,40,633,150578.0,34670.62,1,1,1,1
15803633,T'ien,France,Female,46,678,0.0,82106.19,2,0,0,0
15672185,Liu,France,Male,47,590,0.0,171774.5,2,0,0,0
15806486,Cunningham,France,Female,48,705,0.0,149772.61,2,0,0,0
15570895,Ch'in,France,Male,42,608,163548.07,38866.85,1,0,0,1
15614520,Smith,France,Female,37,682,148580.12,35179.18,1,0,0,1
15687492,Anderson,Germany,Male,32,596,96709.07,41788.37,2,0,0,1
15675337,Forbes,Germany,Female,34,395,106011.59,17376.57,1,1,1,1
15721047,Ansell,Germany,Male,37,578,135650.88,199428.19,1,0,0,1
15589017,Chiu,Germany,Male,55,547,111362.76,16922.28,3,0,1,1
15611186,Yevdokimova,France,Male,37,609,39344.83,178291.89,1,1,1,1
15617301,Chamberlin,Germany,Male,36,774,130809.77,152290.28,1,0,0,1
15726046,Johnston,France,Female,27,712,133009.51,126809.15,1,0,0,1
15585748,McDonald,Germany,Female,28,585,135337.49,40385.61,2,1,0,1
15672826,Chen,France,Female,32,666,112536.57,34350.54,2,1,0,1
15595162,Cattaneo,Spain,Female,35,708,122570.69,199005.88,1,0,0,1
15650026,Barclay-Harvey,France,Male,44,513,63562.02,52629.73,2,1,1,1
15745826,Dawson,France,Male,37,445,0.0,180012.39,2,1,0,0
15708610,Costa,Germany,Male,44,690,100368.63,35342.33,2,0,0,1
15624471,Chikwado,France,Male,37,850,0.0,109291.22,2,0,0,0
15590097,Ch'eng,Spain,Female,33,537,136082.0,62746.54,1,0,0,1
15689328,Harrison,Germany,Male,48,705,114169.16,173273.2,1,0,1,1
15582154,Crawford,France,Female,45,670,47884.92,54340.24,1,1,0,1
15734626,Gibson,Spain,Female,36,652,0.0,19302.78,2,1,0,0
15702806,Martin,Spain,Male,24,696,0.0,10883.52,1,0,0,0
15620756,Stokes,France,Male,49,747,202904.64,17298.72,1,1,1,1
15611331,Niu,France,Female,46,511,0.0,115779.48,1,1,1,0
15576935,Ampt,Spain,Male,43,743,161807.18,93228.86,2,1,1,1
15661275,Wynn,Germany,Male,52,532,110791.97,148704.77,1,0,1,1
15814940,Lawrence,Spain,Female,33,642,0.0,150475.14,2,1,0,0
15768471,Wagner,Germany,Female,54,554,108755.0,40914.32,1,0,1,1
15697391,Argyle,Spain,Female,34,604,0.0,38587.7,2,0,0,0
15793346,Ofodile,France,Female,72,602,0.0,171260.66,2,1,0,0
15608338,Chiemenam,Spain,Female,55,757,117294.12,94187.47,4,0,1,1
15578546,Akobundu,Germany,Male,26,491,102251.14,145900.89,1,1,0,1
15656921,Locke,France,Male,31,850,0.0,152298.28,2,0,0,0
15761340,Bullen,France,Male,22,521,0.0,99828.45,2,1,0,0
15591135,Forster,France,Male,37,726,132057.92,34743.98,2,0,0,1
15623219,Smith,France,Male,33,596,0.0,121189.3,1,0,1,0
15655229,Craig,Germany,Female,35,850,114285.2,129660.59,1,1,0,1
15805884,Archer,France,Female,41,637,0.0,145477.36,2,0,0,0
15668289,McWilliams,Spain,Male,32,690,76087.98,151822.66,1,1,0,1
15568562,Moss,France,Male,40,689,160272.27,49656.24,1,0,0,1
15773276,Townsend,Spain,Male,63,633,114552.6,73856.28,1,0,1,1
15622801,Brown,France,Female,27,555,102000.17,116757.0,1,1,0,1
15779886,Munson,Spain,Male,24,563,0.0,16319.56,2,0,0,0
15713673,T'ien,France,Female,33,494,137853.0,90273.85,1,1,0,1
15783083,Shubin,France,Male,27,534,0.0,161344.13,2,0,0,0
15742824,Isayeva,Germany,Male,42,696,162318.61,121061.89,1,0,0,1
15621550,Hung,Spain,Female,50,535,140292.58,69531.22,3,0,1,1
15799480,Webb,France,Male,34,600,0.0,3756.23,2,1,0,0
15625247,Scott,France,Female,34,807,0.0,114448.13,1,0,0,0
15755241,Rahman,France,Female,52,714,0.0,144045.08,1,1,1,0
15575679,Lori,France,Male,24,590,126431.54,58781.11,1,0,0,1
15668235,Cooke,France,Female,41,614,123475.04,179227.52,1,1,0,1
15683183,Volkova,Germany,Female,45,766,97652.96,127332.33,1,0,0,1
15684592,Lamb,Spain,Male,42,557,0.0,86642.38,2,1,0,0
15591169,Hawes,Germany,Female,49,788,137455.99,184178.29,1,0,1,1
15653455,Smith,France,Female,38,648,0.0,9551.49,2,1,0,0
15732563,Swanton,Germany,Female,33,726,99046.31,56053.06,2,1,0,1
15656471,Mitchell,France,Male,33,773,0.0,1118.31,2,1,0,0
15598510,Colombo,Germany,Male,27,583,105907.42,195732.04,2,1,0,1
15766427,Shaw,Germany,Male,52,565,97720.35,175070.94,2,0,1,1
15785342,Shipp,France,Male,25,705,0.0,112331.19,2,1,0,0
15641595,Jonathan,Spain,Male,43,685,97392.18,43956.83,2,0,0,1
15798429,Hernandez,France,Male,29,741,0.0,115994.52,2,1,0,0
15648136,Green,Germany,Female,28,658,152812.58,166682.57,1,0,0,1
15812482,Young,France,Male,27,575,139301.68,99843.98,1,0,0,1
15790810,Han,France,Female,41,844,76319.64,141175.18,1,1,1,1
15687421,Highland,Spain,Male,67,559,125919.35,175910.95,1,0,1,1
15765643,Hamilton,France,Male,37,725,124348.38,176984.34,2,1,0,1
15654878,Yobanna,France,Male,29,450,117199.8,43480.63,1,1,0,1
15686835,Crawford,Germany,Female,57,738,148384.64,155047.11,1,0,1,1
15768340,Beavers,Germany,Female,19,642,113905.48,176137.2,1,1,0,1
15673599,Williamson,Spain,Male,32,618,133476.09,154843.4,1,1,0,1
15689096,Beneventi,France,Male,47,590,117879.32,8214.46,1,1,0,1
15684294,Chidumaga,France,Male,50,735,0.0,147075.69,2,1,0,0
15615828,Mitchell,France,Male,34,550,122359.5,116495.55,1,0,0,1
15746012,Chibugo,Spain,Female,28,729,0.0,31165.06,2,1,1,0
15615797,Hyde,Germany,Male,59,743,108585.35,192127.22,1,1,1,1
15788494,Alekseeva,France,Male,31,555,145875.74,137491.23,1,0,0,1
15793856,Abdulov,Spain,Female,36,667,121542.57,186841.71,2,1,0,1
15629545,Buckley,Spain,Female,41,790,109508.68,86776.38,1,0,0,1
15661198,Howard,Germany,Male,34,727,146407.11,72073.72,1,1,0,1
15715117,Peel,France,Female,39,744,0.0,10662.58,1,0,0,0
15701074,Herz,Germany,Male,35,629,112330.83,91001.02,1,1,0,1
15793046,Holden,France,Female,35,619,90413.12,20555.21,1,1,0,1
15623744,McLean,France,Male,34,634,105302.66,123164.97,1,1,0,1
15611329,Findlay,Spain,Female,35,608,0.0,143463.28,2,1,0,0
15740428,Wyatt,France,Female,35,507,0.0,92131.54,2,0,0,0
15781534,Rapuluolisa,Germany,Female,35,536,121520.36,77178.42,1,0,0,1
15618243,Buckland,Spain,Female,43,730,103960.38,193650.16,1,1,0,1
15784161,Hargreaves,Germany,Male,39,583,102945.01,52861.89,1,0,0,1
15700325,Onyeoruru,France,Female,24,644,92760.55,35896.75,1,0,0,1
15659064,Salas,Spain,Male,37,790,0.0,149418.41,2,1,0,0
15658364,Laney,Germany,Female,40,807,134590.21,46253.65,1,1,0,1
15704340,Fu,France,Female,37,581,104255.03,86609.37,1,0,0,1
15793455,Tien,Spain,Female,55,627,0.0,91943.94,1,0,1,0
15579777,Sazonova,France,Male,41,850,0.0,128892.36,2,0,0,0
15632345,Tuan,France,Female,35,754,0.0,44830.71,2,0,0,0
15814468,Wei,Germany,Male,50,551,121399.98,84508.44,1,1,1,1
15754820,Bergamaschi,Germany,Male,35,637,147127.81,84760.7,2,1,0,1
15707505,Taylor,Spain,Male,31,699,125927.51,147661.47,2,0,0,1
15699507,Messersmith,France,Female,25,542,0.0,82393.08,2,1,0,0
15799600,Coles,Germany,Male,48,640,111599.32,135995.58,1,1,0,1
15794472,Brookes,France,Female,27,553,0.0,159800.16,2,0,0,0
15646632,Reid,France,Male,38,741,0.0,14379.01,2,0,0,0
15676353,Etheridge,France,Male,35,598,114212.6,74322.85,1,1,0,1
15566312,Jolly,Spain,Female,42,660,0.0,189016.24,3,1,1,0
15570414,Chizoba,Spain,Male,41,618,115251.64,136435.75,1,0,0,1
15776743,Eberegbulam,France,Male,43,647,0.0,78488.39,2,1,0,0
15674637,Pagnotto,France,Female,68,491,107571.61,113695.99,1,1,0,1
15730418,Lucchesi,France,Female,32,652,0.0,54628.11,2,0,0,0
15739972,Hughes,Germany,Female,45,650,152367.21,150835.21,3,0,1,1
15661591,Panicucci,Germany,Male,39,413,130969.77,158891.79,2,1,0,1
15675585,Burns,Germany,Female,25,416,97738.97,160523.33,2,1,0,1
15814750,Ricci,Spain,Male,34,629,0.0,180595.02,2,1,0,0
15593454,Lambert,Spain,Female,40,678,113794.22,16618.76,1,0,0,1
15663421,Esposito,Spain,Male,28,527,128396.33,79919.97,2,0,0,1
15576196,Benson,Spain,Female,48,743,118207.69,186489.14,2,0,1,1
15677324,Botts,Germany,Male,73,683,124730.26,51999.5,1,1,0,1
15568742,Parkes,France,Female,41,536,0.0,121299.14,1,0,0,0
15693764,Mai,Spain,Male,52,663,136298.65,144593.3,1,0,1,1
15714260,Castiglione,France,Female,38,646,0.0,178752.73,2,0,0,0
15798200,Manna,France,Male,35,707,0.0,94148.3,3,1,0,0
15656627,Lin,France,Male,34,602,0.0,77414.45,2,1,0,0
15791111,Fink,France,Female,47,635,125724.95,63236.97,2,0,0,1
15638269,Baresi,France,Male,67,597,0.0,108645.85,2,1,0,0
15807473,Morehead,France,Male,38,503,0.0,95153.24,2,1,0,0
15708534,Afamefuna,Spain,Female,64,524,0.0,136079.64,1,0,1,0
15640686,Greco,France,Male,46,700,95872.86,98273.01,1,0,1,1
15588904,Balashova,France,Male,33,692,0.0,113505.93,1,0,1,0
15768763,Bogdanov,France,Male,37,562,0.0,52525.15,1,1,1,0
15770543,Lowe,France,Male,37,679,74260.03,194617.98,1,0,0,1
15642162,Ponce,Germany,Male,35,603,123407.69,152541.89,1,0,1,1
15714046,Trevisano,Spain,Male,33,720,123783.91,142903.44,2,1,0,1
15575060,Gardner,France,Male,24,797,0.0,182257.61,2,0,0,0
15812040,Lorenzo,France,Male,36,594,153880.15,135431.72,1,0,0,1
15812073,Palmer,France,Female,31,529,0.0,175697.87,2,1,0,0
15706810,Zuyeva,Germany,Female,32,606,106301.85,59061.25,2,1,0,1
15584090,Jen,Spain,Female,40,621,0.0,131283.6,2,1,1,0
15810807,Alekseeva,France,Female,43,513,0.0,152499.8,2,0,0,0
15582033,Manfrin,Germany,Male,44,753,138076.47,15523.09,1,0,1,1
15687607,Chiemenam,France,Female,30,605,135422.31,186418.85,1,1,0,1
15588406,Chiemenam,Spain,Female,37,574,0.0,32262.28,2,0,0,0
15784099,Clark,France,Female,38,726,126875.62,128052.29,1,0,0,1
15701352,Fanucci,Spain,Female,28,611,96381.68,181419.29,2,0,0,1
15789371,Cattaneo,Germany,Female,41,593,119703.1,109783.29,2,1,0,1
15602845,Udinesi,Germany,Male,41,466,152102.18,181879.56,2,0,0,1
15707918,Bentley,Germany,Female,36,741,127675.39,74260.16,2,0,0,1
15602812,Holmes,Germany,Female,44,684,133776.86,49865.04,2,1,0,1
15675888,Austin,Spain,Female,33,550,72788.03,103608.06,1,1,0,1
15591822,Mackenzie,Spain,Male,26,593,76226.9,167564.82,1,0,0,1
15738501,Booth,Germany,Male,48,601,163630.76,41816.49,1,1,1,1
15585907,Collier,Spain,Female,30,676,0.0,179066.58,2,0,0,0
15579040,Hs?,France,Female,46,556,0.0,109184.24,2,0,0,0
15804211,Oluchukwu,France,Male,36,719,155423.17,199841.32,1,1,0,1
15736126,Sung,Germany,Male,55,850,98710.89,83617.17,1,1,1,1
15745399,Marino,Spain,Female,49,649,0.0,84863.85,1,0,1,0
15760749,Vinogradov,Spain,Male,41,509,126683.8,114775.53,1,1,0,1
15637118,Burns,France,Male,33,684,140700.61,103557.93,1,0,0,1
15657829,Fanucci,Germany,Male,30,806,168078.83,85028.36,1,0,1,1
15738497,Chukwujamuike,Spain,Male,44,729,107726.93,153064.87,2,0,0,1
15690695,Flynn,France,Female,33,683,0.0,38784.42,2,1,0,0
15762351,Chao,Spain,Female,63,689,0.0,186526.12,2,1,0,0
15791172,Yeh,Germany,Female,21,672,35741.69,28789.94,1,0,0,1
15598982,Klein,Germany,Female,53,602,98268.84,45038.29,1,1,1,1
15734765,Mahmood,France,Female,20,739,133800.98,150245.81,1,1,0,1
15642912,Tu,France,Female,21,618,125682.79,57762.0,1,0,0,1
15769516,Shcherbakov,France,Female,42,674,0.0,4292.72,2,0,0,0
15789379,Zetticci,France,Male,26,762,130428.78,173365.89,1,0,0,1
15695103,Carr,Spain,Male,37,790,0.0,119484.01,2,1,0,0
15801924,Browne,Spain,Female,27,754,0.0,121821.16,2,0,0,0
15767804,Feng,France,Male,44,729,0.0,151733.43,2,0,0,0
15718039,Ferguson,Germany,Female,47,606,137138.2,53784.22,2,1,0,1
15579994,Shaw,France,Male,23,616,73112.95,62733.05,1,1,0,1
15595037,Palermo,France,Male,47,772,152347.01,17671.78,1,1,0,1
15600720,Moore,Spain,Male,41,652,115144.68,188905.43,1,0,0,1
15782608,Huang,France,Male,43,743,0.0,113079.19,2,0,1,0
15566894,Gray,France,Male,39,793,137817.52,83997.79,1,0,0,1
15749123,Sokolova,Spain,Male,45,743,157332.26,125424.42,1,0,0,1
15668943,Henderson,France,Male,37,746,0.0,143194.05,2,0,0,0
15577423,Mosley,Germany,Female,39,627,124586.93,93132.61,1,0,1,1
15623102,Nnaemeka,Spain,Male,38,713,116980.78,76038.38,2,1,0,1
15728012,Everett,Spain,Female,40,678,128398.38,168658.3,1,0,0,1
15683363,Goddard,Spain,Male,39,540,0.0,108419.41,1,1,0,0
15699335,Kuo,Germany,Female,33,615,137657.25,171657.57,2,1,0,1
15574369,Bianchi,Spain,Male,53,415,167259.44,22357.25,1,1,0,1
15703167,Rouse,France,Female,45,628,0.0,193903.06,2,0,0,0
15754874,Nwoye,France,Male,26,700,119009.57,141926.43,1,0,0,1
15723216,Greco,Germany,Male,33,623,80002.33,104079.62,1,1,0,1
15725094,Fang,France,Female,37,623,140211.88,93832.33,1,1,0,1
15647974,Chiemenam,France,Female,44,679,118742.74,1568.91,2,0,0,1
15583371,Artemiev,Spain,Male,37,632,138207.08,60778.11,1,0,1,1
15772559,Burrows,France,Female,47,790,148636.21,16119.96,1,1,1,1
15711251,Chizuoke,France,Male,45,514,178827.79,60375.18,1,0,0,1
15719212,T'ien,France,Male,33,491,83134.3,187946.55,1,0,0,1
15764927,Rogova,France,Male,92,753,121513.31,195563.99,1,1,0,1
15731412,Trevisano,Germany,Female,37,693,95900.04,38196.24,1,1,0,1
15719170,Sagese,France,Female,30,679,112543.42,179435.21,1,1,0,1
15596011,Artyomova,Spain,Male,34,529,0.0,93208.22,1,1,0,0
15614834,Long,Spain,Female,31,619,141751.82,61531.86,1,1,0,1
15600510,Hsueh,Spain,Female,37,680,124140.57,92826.35,2,0,0,1
15625706,White,Germany,Male,45,693,116546.59,23140.28,2,0,1,1
15781409,Lazarev,France,Female,28,834,0.0,74287.53,1,0,0,0
15722583,Benjamin,Spain,Female,29,636,157576.47,101102.39,2,1,0,1
15677243,Wan,Spain,Male,43,538,0.0,126933.73,2,0,0,0
15815070,Romano,Germany,Female,44,566,141428.99,68408.74,2,0,0,1
15705899,Craig,Spain,Male,35,597,127510.99,155356.34,1,1,0,1
15701522,Yermolayeva,France,Female,29,711,0.0,3234.8,2,1,0,0
15755978,Tseng,France,Male,31,606,0.0,195209.4,2,0,0,0
15722090,Tseng,Spain,Male,51,615,81818.49,169149.38,1,1,0,1
15783526,Le Hunte,France,Male,36,589,100895.54,68075.14,1,1,0,1
15632125,Blake,Germany,Male,45,606,63832.43,93707.8,1,1,0,1
15688395,Lane,France,Male,29,582,0.0,156153.27,2,0,0,0
15666975,Sparks,France,Female,36,710,116085.06,58601.61,1,0,0,1
15682211,Tu,France,Male,57,467,0.0,114448.77,2,1,0,0
15637411,Tochukwu,France,Male,30,749,0.0,126551.65,2,1,0,0
15591512,Whittaker,Germany,Female,33,564,115761.51,112350.21,1,1,1,1
15606855,Wang,Spain,Male,26,730,0.0,185808.7,2,1,0,0
15763683,Northern,Germany,Male,32,678,139626.01,118235.52,1,1,1,1
15641782,Humphries,France,Female,31,540,0.0,183051.6,1,1,1,0
15677184,Cremonesi,France,Female,35,767,115576.44,27922.45,1,1,0,1
15775042,Ku,France,Female,23,615,0.0,196476.19,2,0,0,0
15616630,Tobenna,Germany,Female,41,583,77647.6,190429.52,1,0,0,1
15800233,Okwuadigbo,France,Female,40,850,0.0,35034.15,2,0,0,0
15588419,Johnston,Germany,Female,34,651,148962.46,66389.43,1,0,1,1
15595557,Li,France,Male,22,798,0.0,107615.43,2,0,0,0
15626143,Talbot,France,Male,37,695,0.0,99692.65,2,1,0,0
15566030,Tu,Germany,Male,41,497,80542.81,88729.22,1,0,1,1
15701412,T'ien,France,Male,40,739,0.0,173321.65,2,0,0,0
15702464,Ross,France,Female,34,549,0.0,139463.57,2,0,0,0
15573348,Maclean,France,Male,35,850,102050.47,3769.71,1,1,0,1
15704160,Wan,Spain,Male,49,648,0.0,149946.43,1,0,1,0
15693704,Tsou,France,Female,24,679,114948.76,135768.25,2,1,0,1
15664752,Jack,Germany,Male,39,606,136000.45,31708.53,2,0,0,1
15628292,Lucchesi,France,Male,32,850,156001.68,151677.31,2,1,0,1
15621195,Ch'eng,Germany,Male,41,619,147974.16,170518.83,2,0,0,1
15668629,Saunders,Spain,Male,44,719,0.0,196582.19,2,0,0,0
15635197,Glover,Germany,Male,26,640,90402.77,3298.65,1,1,0,1
15592761,Tung,France,Male,40,710,0.0,162878.96,2,0,0,0
15574283,Padovano,France,Male,31,580,0.0,64014.24,2,1,0,0
15598097,Johnstone,France,Male,44,550,0.0,26257.01,2,0,0,0
15711352,Endrizzi,France,Female,31,841,162701.65,126794.56,2,1,0,1
15620751,Secombe,France,Male,34,760,0.0,164162.44,2,0,0,0
15656717,Elewechi,France,Female,30,687,0.0,179206.92,2,0,0,0
15643121,Chu,Germany,Female,35,753,82453.96,18254.75,2,0,0,1
15723671,Lucciano,France,Male,35,661,100107.99,83949.68,1,0,0,1
15752846,Pinto,France,Male,28,699,0.0,22684.78,2,1,0,0
15640852,McGregor,Germany,Female,39,617,83348.89,7953.62,3,0,1,0
15789313,Ugorji,Germany,Female,44,595,96553.52,143952.24,2,0,1,1
15793688,Bancks,France,Male,50,669,201009.64,158032.5,1,0,1,1
15770405,Warlow-Davies,France,Female,27,613,125167.74,199104.52,1,0,0,1
15702561,Dale,France,Male,32,782,0.0,87566.97,1,1,0,0
15625964,Buckley,France,Female,43,582,153313.67,170563.73,1,0,0,1
15761364,Nkemjika,France,Male,30,679,0.0,157871.55,2,0,0,0
15590286,Fairley,France,Female,40,611,125879.29,93203.43,1,0,0,1
15587978,Boothby,Germany,Female,37,455,170057.62,54398.56,1,1,0,1
15773242,Chukwuhaenye,France,Male,32,621,0.0,168779.47,2,1,0,0
15761053,Lock,Germany,Male,48,596,131326.47,1140.02,1,0,1,1
15702095,Clarke,Spain,Female,56,585,128472.8,186476.91,1,0,1,1
15764253,Ramsey,France,Male,32,742,160485.16,29023.03,1,0,0,1
15700801,Eipper,Germany,Male,42,850,84445.68,60021.34,3,1,1,1
15730590,Ko,Germany,Female,40,738,115409.18,180456.8,2,0,0,1
15643916,Munro,Spain,Male,46,619,62400.48,132498.39,1,1,1,1
15720636,McGregor,France,Female,50,628,143054.56,109608.81,1,1,1,1
15795429,Henderson,France,Male,24,487,133628.09,98570.01,2,1,0,1
15609254,Fernandez,Spain,Female,41,513,107135.04,160546.58,2,1,0,1
15625141,Porter,Spain,Male,26,563,0.0,6139.74,2,0,0,0
15810898,Pan,France,Female,65,803,151659.52,6930.17,2,1,0,1
15775797,Esposito,Spain,Female,32,607,0.0,10674.62,3,1,0,0
15795246,Kaeppel,Germany,Female,51,628,155903.82,71159.84,2,1,0,1
15795275,Lamb,Spain,Female,49,521,82940.25,62413.01,2,0,1,1
15571869,Lei,Germany,Female,50,669,112650.89,166386.22,1,0,1,1
15694143,Conti,France,Female,41,686,0.0,133086.45,1,0,0,0
15748231,Hargreaves,Germany,Male,35,700,95853.39,192933.37,2,0,0,1
15632185,Yermolayev,France,Female,42,663,82228.67,71359.78,2,0,0,1
15806249,Kerr,Spain,Female,31,671,0.0,79270.02,2,1,0,0
15743293,Waters,Germany,Female,35,651,163700.78,29583.48,3,1,1,1
15598157,Onyeorulu,France,Male,34,728,106328.08,88680.65,1,0,0,1
15700946,Kolesnikova,France,Female,34,574,152992.91,134691.2,1,1,0,1
15722692,Kazakova,France,Male,38,464,116439.65,75574.48,1,0,0,1
15696506,MacDonald,Spain,Male,27,604,101352.78,30252.3,1,0,0,1
15728823,Sharwood,Spain,Female,37,836,0.0,111324.41,2,0,0,0
15808851,Bufkin,Germany,Female,75,511,105609.17,105425.18,1,1,0,1
15675231,Nwankwo,France,Female,45,518,0.0,36193.07,2,1,0,0
15732299,Boniwell,France,Male,67,756,0.0,93081.87,3,1,0,0
15706269,Willis,France,Female,47,489,103894.38,107625.46,2,1,0,1
15590078,Burns,Spain,Male,27,622,139834.93,152733.89,1,1,0,1
15776985,Kung,France,Female,36,652,112518.71,110421.31,2,1,0,1
15756743,Howells,France,Female,37,625,115895.42,48486.25,1,0,0,1
15782364,Bevan,Spain,Female,39,521,146408.68,72993.67,1,0,0,1
15604093,Neitenstein,France,Male,34,546,165363.31,25744.13,2,1,1,1
15749328,Johnson,France,Female,45,697,0.0,46807.62,2,0,1,0
15656322,Sandover,Germany,Male,33,571,71843.15,26772.04,1,0,0,1
15685564,Nnamutaezinwa,Spain,Male,35,748,105492.53,150057.2,1,1,0,1
15785831,Sinclair,France,Male,35,591,183027.25,56028.79,1,1,0,1
15796218,Wei,Germany,Male,29,814,131968.57,147693.92,2,1,0,1
15716218,Higgins,France,Female,45,709,104118.5,174032.0,1,1,0,1
15572735,Chang,Spain,Male,27,433,0.0,153698.65,2,1,0,0
15633840,Henderson,France,Male,20,781,125023.1,108301.45,2,1,0,1
15608760,Cox,France,Female,30,656,74323.2,22929.08,1,1,0,1
15627848,Tsui,France,Male,38,683,109346.13,102665.92,2,0,0,1
15792029,Lee,France,Male,32,620,0.0,56139.09,2,0,0,0
15617331,Sergeyeva,Germany,Female,39,637,109698.41,88391.29,1,1,1,1
15651740,Napolitani,Spain,Female,30,525,0.0,149195.44,2,1,0,0
15636407,Beatham,Germany,Female,34,793,127758.09,143357.03,1,0,0,1
15607526,Lu,Germany,Male,50,638,102645.48,168359.98,1,0,1,1
15632576,Yashina,France,Male,31,520,93249.4,77335.75,1,0,0,1
15581505,Bales,France,Male,35,641,0.0,93148.93,2,0,0,0
15612207,Hill,Germany,Female,51,840,87779.83,36687.11,1,1,1,1
15707242,Ibeamaka,Spain,Male,40,504,0.0,146703.36,2,0,0,0
15721937,Romilly,France,Male,38,686,138131.34,115927.85,1,1,0,1
15773852,Hayes,Germany,Male,38,533,70362.52,104189.46,2,1,0,1
15719778,Chiu,France,Female,32,577,0.0,9902.39,2,0,0,0
15650538,Sun,Germany,Female,48,445,168286.58,16645.77,1,0,1,1
15797475,Brennan,France,Male,44,720,86102.27,180134.88,1,0,1,1
15780359,Storey,Germany,Male,25,643,115142.9,148098.95,1,1,0,1
15737104,Lawson,Germany,Female,47,652,126597.89,38798.79,2,1,1,1
15789936,T'ao,France,Female,33,663,0.0,153295.0,2,0,0,0
15709523,Yao,Germany,Female,30,525,157989.21,100687.67,2,1,0,1
15593425,Bracewell,Spain,Female,54,662,187997.15,111442.71,1,0,1,1
15776725,Kerr,Germany,Male,54,724,172192.49,136902.01,1,1,0,1
15604706,Blake,Germany,Male,38,581,133105.47,105732.9,1,0,1,1
15790958,Sanders,Spain,Male,38,685,0.0,35884.91,2,1,0,0
15747534,Torkelson,France,Male,46,595,0.0,73489.15,1,0,1,0
15574237,Hsueh,France,Female,21,588,0.0,110114.19,2,1,0,0
15690332,Wang,Germany,Male,35,647,192407.97,40145.28,1,1,0,1
15661290,Hightower,Germany,Female,38,785,107199.75,146398.51,1,0,0,1
15651883,Genovesi,Germany,Female,55,794,115796.7,160526.36,1,0,1,1
15808905,Levan,France,Male,37,823,164858.18,173516.71,1,1,0,1
15715532,Lai,Germany,Male,38,687,117633.28,88396.6,1,1,0,1
15786078,Loginov,France,Female,28,850,0.0,185821.41,2,0,0,0
15652401,Lafleur,France,Female,36,496,0.0,108098.28,2,0,0,0
15673074,Obidimkpa,Germany,Female,30,527,126663.51,162267.91,1,1,0,1
15598744,Ch'ang,Germany,Female,71,576,140273.47,193135.25,1,1,1,1
15785975,Mason,Spain,Female,60,525,0.0,168034.9,2,1,0,0
15613180,Miranda,Germany,Male,21,727,153344.72,163295.87,1,1,0,1
15584229,Simon,Germany,Female,23,671,123943.18,159553.27,1,1,0,1
15773804,Golubeva,France,Male,39,625,0.0,99800.87,1,0,0,0
15699515,Manfrin,Germany,Male,33,643,98630.31,40250.82,2,1,0,1
15705313,Stange,France,Female,33,707,58036.33,83335.78,1,1,0,1
15693817,Ferrari,Spain,Male,28,539,0.0,48382.4,2,0,0,0
15673790,Taylor,Germany,Male,45,498,109200.74,165990.44,2,1,0,1
15674868,Wei,Spain,Female,30,696,0.0,9002.8,2,1,0,0
15692110,Ch'eng,France,Female,33,758,0.0,188156.34,1,0,0,0
15645904,Parsons,France,Female,33,685,0.0,186785.01,2,1,0,0
15581332,Pan,Germany,Female,30,655,83173.98,184259.6,2,1,0,1
15808544,Cameron,France,Female,40,747,0.0,57817.84,1,0,1,0
15734948,Igwebuike,Spain,Male,24,601,0.0,144660.42,2,0,0,0
15654531,Tuan,France,Male,22,477,82559.42,163112.9,2,0,1,1
15637774,Fraser,France,Male,32,558,73494.21,136301.1,1,0,0,1
15677141,Turnbull,Spain,Male,29,586,132450.24,36176.63,1,1,0,1
15739578,Chiazagomekpere,France,Male,49,850,128663.9,65769.3,1,0,1,1
15697360,Yudina,France,Female,36,505,79951.9,174123.16,1,1,1,1
15655213,Udinese,Germany,Female,51,591,132508.3,161304.68,1,1,1,1
15580872,Chinweike,Germany,Female,38,761,120530.13,109394.62,2,0,0,1
15683213,Bergamaschi,France,Female,35,554,74988.59,190155.13,2,1,0,1
15801188,Milliner,France,Female,47,774,94722.88,61450.96,1,1,0,1
15645029,Knowles,Spain,Female,33,771,0.0,8673.43,2,0,0,0
15633181,Swinton,France,Male,31,792,71269.89,125912.77,2,1,0,1
15598259,Gregory,Germany,Female,41,673,98612.1,151349.35,1,0,0,1
15576000,Chibueze,France,Male,40,765,138033.55,67972.45,1,1,0,1
15766047,Sukhorukova,France,Female,41,748,91621.69,71139.31,1,1,0,1
15596339,French,France,Male,54,422,140014.42,86350.97,1,1,0,1
15715199,Estrada,Spain,Male,27,568,126815.97,118648.12,2,1,0,1
15615938,Fleming,France,Female,64,502,139663.37,100995.11,1,1,0,1
15679991,Kennedy,France,Female,28,524,0.0,147100.72,2,1,0,0
15626135,Combes,France,Male,34,689,165312.27,155495.63,1,0,0,1
15792934,Carruthers,France,Male,26,661,0.0,196875.87,2,0,0,0
15744046,Andrejew,Spain,Male,33,606,0.0,63176.77,2,1,0,0
15700826,Ko,Germany,Female,54,678,123699.28,105221.76,2,1,0,1
15756301,Daniels,Germany,Female,29,636,97325.15,131924.38,1,1,0,1
15586517,Toscano,France,Male,32,647,97041.16,23132.73,1,1,0,1
15751297,Wilson,France,Male,36,732,0.0,161428.25,2,0,0,0
15710365,Thomson,France,Male,50,646,104129.24,181794.86,2,0,1,1
15679307,Kazantseva,France,Female,43,559,0.0,86634.3,1,1,0,0
15610753,Cremonesi,France,Male,28,581,104367.5,29937.75,1,1,0,1
15811036,Ferri,France,Male,46,565,135369.71,140130.22,1,1,0,1
15610912,Ferri,Spain,Female,41,657,112119.48,17536.82,1,0,0,1
15619932,Lombardi,France,Male,66,847,123760.68,53157.16,1,1,0,1
15746199,Eluemuno,France,Female,41,558,0.0,143585.29,1,1,1,0
15584967,Chiganu,Spain,Male,57,596,0.0,72402.0,2,1,0,0
15734365,Hsueh,France,Male,39,579,0.0,39891.84,2,1,0,0
15726960,O'Brien,France,Female,36,741,0.0,89804.83,2,1,0,0
15665177,Booth,France,Male,44,613,0.0,136491.72,2,1,0,0
15779915,O'Loghlin,Spain,Male,31,694,0.0,35593.18,1,0,0,0
15729110,Lavrov,Spain,Female,42,729,0.0,58268.2,2,0,1,0
15575399,Somadina,France,Female,42,480,152160.21,101778.9,2,0,0,1
15678374,Colombo,France,Female,59,666,0.0,185123.09,2,1,0,0
15792679,Troupe,France,Male,24,575,0.0,119927.81,2,1,0,0
15668767,Kenenna,France,Male,36,850,0.0,195033.07,2,0,0,0
15761886,Franklin,France,Male,36,740,172381.8,86480.29,1,1,0,1
15583076,Deleon,Germany,Male,41,588,106116.56,198766.61,2,0,0,1
15815615,Kung,France,Male,36,681,141952.07,185144.08,1,1,0,1
15591942,Zito,Spain,Female,33,611,0.0,3729.89,2,1,0,0
15724924,Giordano,France,Female,37,589,138497.84,18988.58,1,1,0,1
15762123,Davide,Spain,Female,34,717,0.0,119313.74,2,0,0,0
15567893,Lei,Germany,Male,33,556,124213.36,62627.55,2,0,0,1
15648989,Moss,France,Male,37,850,126872.6,197266.58,1,0,0,1
15662021,Lucciano,Spain,Female,42,685,0.0,199992.48,2,0,0,0
15691627,Tai,France,Female,37,713,0.0,16403.41,1,1,0,0
15731751,Osinachi,France,Female,26,437,120923.52,78854.57,1,1,0,1
15635277,Coates,Spain,Male,47,605,142643.54,189310.27,1,0,0,1
15655252,Larionova,Germany,Male,41,758,79857.64,78088.17,1,1,0,1
15803941,Seleznev,France,Male,46,600,95502.21,19842.18,1,0,0,1
15714380,Butcher,France,Male,38,827,0.0,103305.01,2,0,0,0
15666559,Gould,Germany,Male,23,608,197715.93,116124.28,2,1,0,1
15799998,Cunningham,France,Female,30,608,85859.76,142730.27,1,0,0,1
15703763,Sanderson,France,Male,44,554,85304.27,58076.52,1,1,0,1
15795640,Mai,Germany,Female,35,683,132371.3,186123.57,2,0,0,1
15780056,Reid,Spain,Male,33,660,0.0,29664.45,1,0,0,0
15777873,Downer,France,Female,31,628,0.0,147963.07,1,0,1,0
15584749,Humphries,Germany,Male,39,668,79896.0,38466.39,1,0,0,1
15765258,Bochsa,France,Female,29,776,0.0,143301.49,2,1,0,0
15623346,Czajkowski,France,Male,36,820,0.0,31422.69,2,0,0,0
15614054,Pankhurst,France,Male,36,665,0.0,121505.61,2,1,0,0
15766185,She,Germany,Male,31,850,146587.3,89874.82,1,1,0,1
15667632,Birdseye,France,Female,42,703,0.0,72500.68,2,1,0,0
15599024,Hope,Spain,Male,32,506,0.0,182692.8,2,1,0,0
15798709,Gill,Spain,Male,32,588,109109.33,4993.94,1,1,0,1
15741921,Moon,Spain,Female,26,622,0.0,124964.82,2,1,0,0
15793671,Watt,France,Male,34,606,0.0,161971.42,1,0,0,0
15797900,Chinomso,France,Male,56,517,142147.32,39488.04,1,0,1,1
15667932,Bellucci,Spain,Female,43,758,0.0,55313.44,2,1,0,0
15795933,Barese,France,Female,49,677,0.0,187811.71,2,1,0,0
15660403,Fleming,Spain,Female,35,827,0.0,184514.01,2,1,0,0
15736299,Bell,France,Female,36,729,109106.8,121311.12,1,0,0,1
15759034,Li Fonti,France,Male,36,654,112262.84,12873.39,1,0,0,1
15724663,Christmas,Spain,Female,36,654,0.0,157238.05,2,0,0,0
15594556,Chuter,Spain,Male,52,619,0.0,123242.11,2,1,0,0
15737169,Johnson,Spain,Male,26,642,144238.7,184399.76,1,1,0,1
15632472,Scott,Spain,Female,32,472,159397.75,57323.18,1,1,0,1
15722813,Byrne,Spain,Male,30,470,125385.01,68293.93,1,0,0,1
15588450,Chukwudi,France,Female,60,633,69365.25,10288.24,1,1,0,1
15736717,Ma,France,Male,31,602,155271.83,179446.31,1,1,0,1
15680683,Simmons,Spain,Male,29,640,197200.04,141453.62,2,0,0,1
15710316,Fang,Spain,Female,48,454,144837.79,93151.77,1,1,0,1
15746333,Blake,France,Female,57,562,0.0,6554.97,3,0,1,0
15606861,Tien,France,Male,34,636,0.0,38570.13,2,0,0,0
15641285,Yusupova,Spain,Male,50,621,163085.79,131048.36,1,1,0,1
15662908,Davidson,Germany,Male,38,795,125903.22,127068.92,2,1,0,1
15814267,Zhdanova,France,Male,22,550,154377.3,51721.52,1,1,0,1
15614923,Nielson,Spain,Male,41,630,107511.52,46156.87,1,1,0,1
15579223,Niu,Germany,Male,30,573,127406.5,192950.6,1,0,0,1
15651389,Kay,Spain,Male,24,561,143656.55,180932.46,1,1,0,1
15677087,Green,France,Female,39,662,138106.75,19596.73,1,0,0,1
15665784,She,France,Male,27,637,128940.24,46786.92,1,0,0,1
15576706,Ajuluchukwu,Germany,Male,37,651,114453.58,175820.91,1,1,0,1
15615473,Sabbatini,France,Female,33,646,0.0,198208.0,2,0,0,0
15587299,Board,France,Female,48,567,0.0,55362.45,1,0,0,0
15655389,Leckie,France,Male,41,638,131762.94,47675.29,1,1,0,1
15784491,Ho,France,Female,31,725,0.0,61326.43,1,0,0,0
15809999,Gordon,France,Female,41,709,150300.65,71672.86,2,0,0,1
15681115,Iroawuchi,Spain,Male,39,787,108935.39,101168.3,1,1,0,1
15629390,Liao,France,Male,37,653,135847.47,144880.81,1,0,0,1
15792668,Hamilton,Germany,Male,37,661,109908.06,115037.67,2,0,1,1
15583863,Chimaobim,Germany,Male,49,681,142946.18,187280.51,1,0,1,1
15681878,Fan,Germany,Male,45,436,104339.11,183540.22,2,1,1,1
15782875,Cayley,France,Male,33,663,157274.36,28531.81,2,1,0,1
15732235,Kuykendall,France,Male,64,662,98848.19,42730.12,1,1,0,1
15735909,McDonald,Germany,Female,39,607,105103.33,104721.5,1,0,1,1
15653448,Duncan,France,Male,34,754,0.0,65219.85,2,1,0,0
15587647,Browne,Germany,Female,66,850,127120.62,118929.64,1,1,1,1
15701037,Barton,France,Male,39,578,0.0,70563.9,2,0,0,0
15727499,Boyle,Germany,Female,36,666,129118.5,139435.12,2,0,0,1
15724838,Moretti,France,Female,43,599,0.0,170347.1,1,0,0,0
15666711,Ukaegbulam,France,Female,46,586,0.0,131553.82,3,1,1,0
15588933,Nwankwo,France,Female,36,825,146053.66,138344.7,1,1,0,1
15763111,Niu,Spain,Female,67,808,124577.15,169894.4,1,1,0,1
15805676,Hsu,Spain,Male,29,515,151012.55,9770.97,2,0,0,1
15586674,Shaw,Spain,Female,58,663,216109.88,74176.71,1,1,1,1
15744553,Ho,France,Male,34,444,144318.97,112668.06,1,0,0,1
15776629,Christie,France,Female,39,650,0.0,186275.7,2,0,0,0
15647207,Onwuemelie,France,Male,26,609,0.0,98463.99,2,0,0,0
15715638,Ch'ang,Germany,Male,77,824,27517.15,2746.41,2,1,0,0
15750602,Clendinnen,France,Male,29,662,147092.65,10928.3,1,0,0,1
15766810,Onyemauchechi,Germany,Female,51,699,92246.14,91346.03,2,1,0,1
15756625,Crawford,France,Female,41,752,0.0,139844.04,2,0,1,0
15639552,Mellor,Germany,Female,40,603,148897.02,105052.9,1,0,0,1
15633213,Rizzo,Spain,Male,50,628,0.0,144366.83,1,0,1,0
15610416,Christie,France,Female,36,745,0.0,19605.18,1,0,1,0
15715208,Watkins,Germany,Female,33,804,138335.96,80483.76,1,1,0,1
15619608,Ojiofor,Germany,Female,50,454,92895.56,154344.0,1,0,1,1
15628697,Tung,Spain,Male,46,631,160736.63,93503.02,1,1,0,1
15643826,McKay,France,Male,32,503,0.0,153036.97,2,1,0,0
15718588,Meng,France,Female,37,548,0.0,98029.58,2,0,0,0
15709741,Hussain,France,Male,28,668,107141.27,193018.71,1,0,0,1
15723318,Mactier,France,Female,55,619,0.0,60810.64,3,0,1,0
15717328,Hsueh,France,Female,37,842,132446.08,87071.18,2,0,1,1
15771299,Nnachetam,France,Female,57,707,92053.0,164064.44,1,1,1,1
15706223,Barnes,Spain,Male,38,715,96798.79,4554.67,2,1,0,1
15612358,Christie,Germany,Male,35,573,134498.54,119924.8,2,1,0,1
15769191,Lipton,France,Male,55,509,132387.91,170360.11,2,1,0,1
15618816,Yu,Germany,Female,40,670,147171.2,69850.04,1,1,0,1
15730810,Storey,Spain,Male,44,613,100524.69,47298.95,1,1,0,1
15783463,Read,France,Female,26,678,0.0,45443.68,2,0,0,0
15616213,Levy,Germany,Female,51,555,138214.5,198715.27,1,0,1,1
15611287,Chiu,France,Female,30,777,0.0,115611.97,2,1,0,0
15786454,Moore,Spain,Male,55,552,0.0,40333.94,1,1,0,0
15768682,Amies,Spain,Male,39,640,0.0,105997.25,1,1,0,0
15766172,Tsao,France,Male,34,541,128743.55,134851.12,1,0,0,1
15637646,Rowley,France,Male,31,756,122647.32,61666.87,1,0,0,1
15653404,Aliyev,Spain,Female,24,684,79263.9,196574.48,1,1,0,1
15690546,Riley,France,Female,42,618,0.0,111097.39,4,0,1,0
15735636,Toscano,France,Female,53,604,121389.78,48201.64,1,1,1,1
15605424,Oluchukwu,Spain,Male,38,624,123906.55,135096.78,1,0,0,1
15568449,Fu,Spain,Male,38,661,143006.7,15650.89,1,1,0,1
15688085,Warner,Spain,Female,28,627,157597.61,34097.22,1,1,0,1
15683483,Fleming,Spain,Male,38,812,127117.8,174822.74,2,1,0,1
15659567,Ch'iu,France,Female,39,473,117103.26,85937.52,2,1,1,1
15766667,Langler,Spain,Male,36,717,102989.83,49185.57,2,1,0,1
15624975,Angelo,Spain,Male,28,693,145118.83,77742.38,1,1,0,1
15660878,T'ien,France,Male,92,705,126076.24,34436.83,2,1,0,1
15586557,Milani,France,Male,41,661,0.0,88279.6,1,1,0,0
15746183,Pye,France,Female,27,573,0.0,157549.6,2,1,0,0
15631457,Asher,France,Male,37,639,98186.7,173386.95,1,1,0,1
15754053,Chung,France,Female,67,718,0.0,82782.08,3,1,0,0
15645839,Yudin,France,Male,37,570,0.0,187758.5,1,1,0,0
15689955,Arcuri,France,Female,40,461,0.0,176547.8,2,0,0,0
15593510,Capon,Germany,Female,33,638,129335.65,56585.2,1,1,1,1
15654964,Piccio,Spain,Male,48,608,75801.74,125762.95,1,0,0,1
15594039,Lung,Spain,Male,42,599,0.0,113868.4,2,0,0,0
15625929,Trevisan,France,Female,44,762,159316.64,24780.13,1,0,0,1
15815295,John,France,Female,38,662,96479.81,120259.41,1,0,0,1
15621818,Anayolisa,Germany,Male,29,747,117726.33,175398.34,1,1,0,1
15652700,Ritchie,France,Male,39,539,0.0,86767.48,2,1,0,0
15636860,Ch'eng,France,Male,43,625,122351.29,71216.6,1,0,0,1
15569432,Macleod,France,Female,48,656,0.0,85240.61,2,1,1,0
15751455,Boyle,France,Female,48,469,0.0,160529.71,1,0,1,0
15800583,Chukwuemeka,Spain,Female,43,621,0.0,102806.6,1,0,0,0
15770214,Bryant,France,Female,27,754,0.0,144134.64,2,0,0,0
15613463,Hackett,Germany,Female,50,679,132598.38,184017.98,2,1,0,1
15587066,Kovaleva,France,Male,38,535,119272.29,195896.59,1,0,1,1
15693752,Reed,France,Male,37,487,0.0,126722.57,2,1,0,0
15714874,Major,France,Female,42,850,0.0,176883.42,2,1,0,0
15657809,Lo,France,Male,55,585,106415.57,122960.98,3,1,1,1
15651955,Hanson,France,Male,31,603,0.0,9607.1,2,1,0,0
15570912,Ogbonnaya,Germany,Female,32,728,127772.1,152643.48,2,1,0,1
15640266,Windsor,Spain,Male,41,621,104631.67,95551.22,1,1,0,1
15652069,Calabrese,France,Male,30,833,0.0,141860.62,2,0,0,0
15596074,Keating,France,Male,37,502,0.0,76642.68,1,1,0,0
15800268,Costa,Germany,Male,37,825,118050.79,52301.15,1,1,0,1
15809847,Tan,France,Male,46,668,0.0,29388.02,2,0,0,0
15599074,Ma,Spain,Female,40,487,136093.74,193408.43,1,1,0,1
15599591,Martin,Germany,Female,39,600,88477.36,58632.37,2,0,0,1
15776096,Halpern,Spain,Male,34,606,161572.24,191076.22,1,1,0,1
15611669,Nyhan,Germany,Male,50,623,126608.37,645.61,1,1,1,1
15694098,Jackson,France,Female,54,575,68332.96,144390.75,1,1,0,1
15713347,Reynolds,Spain,Male,48,577,179852.26,193580.32,1,0,0,1
15713094,Tai,France,Female,25,651,0.0,126761.2,2,1,0,0
15811978,Trevisani,Germany,Male,46,693,104763.41,62368.33,1,1,0,1
15799925,Uwakwe,France,Male,60,800,88541.57,131718.12,2,1,0,1
15692575,Kerr,France,Male,38,760,162888.73,91098.76,1,0,1,1
15743149,Findlay,France,Female,35,711,0.0,67508.01,1,1,0,0
15776947,Ugorji,Spain,Male,43,637,0.0,12156.93,1,0,1,0
15700656,Balashova,France,Male,32,662,0.0,65089.38,2,0,0,0
15594515,Cheng,France,Female,44,568,0.0,62370.67,2,0,1,0
15787884,Martin,France,Female,30,692,0.0,18826.34,2,1,0,0
15577988,Skinner,France,Female,35,614,0.0,3342.62,2,1,0,0
15795586,McDonald,France,Male,35,478,92474.05,178626.07,1,0,0,1
15677739,Dellucci,France,Male,36,562,0.0,32845.32,2,0,0,0
15720134,Reynolds,Germany,Male,30,709,115479.48,134732.99,2,1,0,1
15688868,Birdsall,France,Female,26,684,87098.91,106095.82,1,0,0,1
15642996,Tsai,Germany,Female,42,546,86351.85,57380.13,2,0,0,1
15771222,Oguejiofor,France,Female,42,779,0.0,25951.91,2,0,0,0
15605059,Mackie,Germany,Male,63,576,148843.56,69414.13,1,0,1,1
15568088,Jamieson,Germany,Male,44,481,163714.52,96123.72,1,0,0,1
15665943,Mai,France,Male,25,445,0.0,119425.94,2,0,0,0
15795571,Patterson,Spain,Male,36,606,94153.56,120138.27,1,1,0,1
15662243,Taylor,France,Male,50,559,162702.35,150548.5,1,0,1,1
15593128,Vinogradoff,France,Female,56,608,129255.2,142492.04,2,0,1,1
15589739,North,France,Male,41,698,90605.29,14357.0,1,1,0,1
15787602,Carter,Spain,Male,39,568,0.0,129569.92,2,1,0,0
15685019,Graham,France,Male,29,528,102787.42,55972.56,1,0,0,1
15704209,Noble,France,Female,39,802,120145.96,59497.01,2,1,1,1
15605264,Walker,Germany,Male,47,669,63723.78,181928.25,2,1,0,1
15708265,Chibugo,Spain,Female,24,581,159203.71,102517.83,1,1,1,1
15740264,Yobachi,France,Male,38,640,0.0,88827.67,2,0,0,0
15615477,Ignatyeva,Spain,Female,44,529,0.0,14161.3,2,0,0,0
15727361,Chiemela,France,Female,51,547,0.0,56908.41,2,1,0,0
15760216,Pokrovskaya,France,Female,49,718,0.0,184474.72,1,0,1,0
15806134,Storey,Germany,Male,34,707,162691.16,94912.78,2,0,0,1
15601351,Moroney,France,Male,43,735,127806.91,73069.59,1,1,0,1
15669262,Maslov,France,Male,43,765,157960.49,136602.8,2,0,0,1
15696989,Chukwueloka,Germany,Female,52,469,139493.25,150093.32,3,0,1,1
15688498,Chu,Germany,Female,21,594,87096.82,168186.11,2,0,0,1
15686964,Spence,France,Female,34,675,84944.58,146230.63,1,0,0,1
15625035,Mills,France,Male,50,703,160139.59,79314.1,2,1,0,1
15618391,Doyle,France,Male,33,810,0.0,77965.67,2,1,0,0
15591344,Donnelly,Spain,Male,42,715,0.0,128745.69,2,1,0,0
15605455,Tai,France,Male,40,664,0.0,194767.3,2,0,0,0
15680804,Abbott,France,Male,29,850,0.0,10672.54,2,1,0,0
15768282,Perez,Germany,Male,36,724,94615.11,10627.21,2,1,0,1
15685826,Hsiung,France,Male,30,563,90727.79,122268.75,1,0,0,1
15793491,Cherkasova,Germany,Male,26,714,119545.48,65482.94,2,0,0,1
15797787,Denisov,France,Male,36,614,118311.76,146134.68,1,0,0,1
15611171,Fowler,France,Male,33,740,129574.98,123300.38,1,1,0,1
15601627,Siciliano,France,Male,33,587,148163.57,122925.4,1,0,0,1
15734085,Crocker,Germany,Male,24,465,117154.9,127744.02,1,1,0,1
15809309,Longo,Spain,Female,40,689,154251.67,118319.5,1,1,0,1
15809462,Polyakova,France,Male,30,656,0.0,17104.0,2,1,0,0
15634628,Brown,France,Female,33,579,65667.79,164608.98,2,0,0,1
15775678,Uspensky,France,Female,44,716,0.0,152108.47,1,1,0,0
15579526,O'Meara,France,Male,42,551,50194.59,23399.58,1,1,0,1
15779103,Cantamessa,Germany,Female,39,527,96748.89,94711.43,2,0,0,1
15738715,Alexander,France,Female,37,600,0.0,7312.25,3,0,1,0
15593943,Chinagorom,France,Female,43,685,132667.17,41876.98,1,1,0,1
15754574,Tomlinson,Spain,Male,36,738,0.0,96881.32,2,1,0,0
15737814,Lo,France,Male,41,622,127087.06,102402.91,1,0,1,1
15670889,Nwachukwu,France,Male,34,528,125566.9,176763.27,1,1,0,1
15629299,Yang,Germany,Female,52,546,106074.89,23548.45,1,1,1,1
15771569,Bage,Germany,Male,46,576,137367.94,33450.11,1,1,0,1
15811927,Marcelo,France,Female,38,733,157658.36,19658.43,1,0,0,1
15785654,Ofodile,Germany,Male,45,727,114422.85,104678.78,2,1,1,1
15665524,Savage,Spain,Male,41,605,103154.66,143203.78,1,0,0,1
15736287,Piccio,France,Male,33,586,0.0,6975.02,1,0,0,0
15765732,Simmons,Spain,Female,24,564,149592.14,153771.8,1,1,0,1
15797381,DeRose,Germany,Female,48,593,133903.12,85902.39,2,1,1,1
15598536,Onuchukwu,Germany,Female,26,736,84587.9,188037.76,1,1,0,1
15664506,Goodwin,Spain,Male,32,675,197436.82,52710.7,1,1,0,1
15575619,Teakle,Spain,Female,32,656,104254.27,17034.37,1,1,0,1
15587394,Thomson,France,Male,39,462,140133.08,131304.45,2,0,0,1
15654457,Cross,Spain,Female,30,685,0.0,172576.43,3,1,1,0
15762793,Jones,Germany,Female,36,850,136980.23,99019.65,2,1,0,1
15658067,Walker,Germany,Female,48,636,120568.41,190160.04,1,0,1,1
15642816,De Salis,France,Female,27,850,43658.33,3025.49,2,1,0,0
15693088,Oliver,France,Female,37,628,0.0,34689.77,2,1,0,0
15793883,Lo Duca,France,Male,28,798,0.0,2305.27,2,0,0,0
15665283,Brookes,France,Female,57,610,72092.95,113228.82,4,1,1,0
15680421,Challis,France,Female,42,591,0.0,171099.22,2,0,0,0
15695148,Ibeabuchi,Spain,Female,37,614,0.0,62023.1,2,1,0,0
15636592,Iroawuchi,France,Male,35,651,181821.96,36923.67,2,1,1,1
15772618,Tyler,France,Male,25,665,90920.75,112256.57,1,1,0,1
15724453,Fan,France,Male,23,570,0.0,198830.98,1,0,0,0
15565878,Bates,Spain,Male,29,631,0.0,197963.46,2,1,0,0
15609160,Marsden,France,Male,32,586,0.0,31635.99,2,0,0,0
15678460,Dodgshun,France,Male,30,691,0.0,49594.02,1,0,0,0
15662571,Maclean,France,Male,35,639,0.0,170483.9,2,0,0,0
15606849,Blackall,France,Female,27,698,94920.71,40339.9,1,1,0,1
15670738,Mazzanti,Germany,Male,45,733,113939.36,3218.71,2,0,0,1
15662641,Amadi,France,Male,19,850,0.0,68569.89,1,1,0,0
15727539,Schoenheimer,France,Female,31,618,0.0,29176.04,2,0,0,0
15651020,Fiorentino,France,Female,25,473,110666.42,46758.42,2,0,0,1
15673877,Murray,France,Male,39,490,0.0,171060.01,3,0,1,0
15760865,Fan,Germany,Female,48,754,141819.02,93550.53,1,0,1,1
15705009,Cartwright,France,Female,56,649,156974.26,89405.26,1,0,1,1
15657540,Cremonesi,France,Male,50,578,151215.34,169804.4,2,0,0,1
15707441,White,Spain,Male,26,690,116318.23,83253.05,1,1,0,1
15694765,Sabbatini,Germany,Male,49,610,113882.33,195813.81,1,0,1,1
15649086,Patterson,France,Male,42,596,0.0,121568.37,2,1,0,0
15650488,Bromley,France,Female,48,492,127253.98,92144.09,1,1,1,1
15760924,Doherty,Spain,Male,41,575,100062.39,126307.25,1,0,0,1
15700263,Ifeatu,France,Male,66,569,0.0,130784.2,1,0,1,0
15806922,Bergamaschi,Spain,Female,41,674,126605.14,166694.93,1,1,0,1
15637522,Shubina,France,Female,31,507,106942.08,44001.11,1,1,0,1
15636548,Lung,Spain,Male,44,457,0.0,185992.36,2,0,0,0
15566891,Kinder,Germany,Female,41,584,88594.93,178997.89,1,0,0,1
15627185,Terry,Germany,Male,29,744,123737.04,141558.04,2,0,0,1
15754012,Shepherdson,France,Female,35,687,110752.15,47921.22,2,1,0,1
15627514,Short,Spain,Female,46,688,0.0,104902.68,2,1,0,0
15661433,Zetticci,France,Male,34,519,0.0,68479.6,1,0,0,0
15610653,Belov,Spain,Female,38,733,0.0,1271.51,2,1,0,0
15667002,Knight,Spain,Male,43,666,0.0,29346.1,2,0,0,0
15709199,Burson,Spain,Female,40,511,0.0,184118.73,1,1,0,0
15710087,Nicholls,Germany,Female,54,705,125889.3,96013.5,3,0,1,1
15679884,Hs?eh,France,Male,48,544,78314.63,103713.93,3,1,1,1
15784180,Ku,France,Female,36,564,206329.65,46632.87,1,1,1,1
15808849,T'ien,France,Male,40,702,145536.9,135334.24,1,1,0,1
15751549,H?,Germany,Male,31,658,77082.65,13482.28,2,0,0,1
15588235,Vasilieva,France,Female,24,654,145081.73,130075.07,1,1,0,1
15640418,Omeokachie,Germany,Female,41,649,115897.73,143544.48,1,0,0,1
15721116,Napolitano,Spain,Male,24,597,108058.07,187826.11,2,1,0,1
15599084,Hopwood,France,Male,33,782,191523.09,167058.75,1,1,0,1
15773394,Bergamaschi,France,Male,38,644,0.0,79928.41,2,1,0,0
15625713,Lindeman,Spain,Female,39,679,91187.9,6075.36,1,1,0,1
15766417,McKinley,France,Female,60,678,0.0,43821.56,2,1,0,0
15622578,Sergeyev,France,Male,34,806,113958.55,32125.98,1,1,0,1
15799924,Sanchez,Spain,Male,43,668,147167.25,141679.73,1,0,0,1
15618363,Muomelu,Germany,Male,29,659,82916.48,84133.48,1,1,0,1
15637138,Murray,France,Male,34,660,0.0,9692.58,2,0,0,0
15781665,Ibekwe,France,Female,37,601,0.0,20708.6,1,0,0,0
15804853,McVey,France,Female,48,781,57098.96,85644.06,1,0,1,1
15651627,White,Germany,Male,39,628,115341.19,107674.3,1,1,1,1
15680685,Patterson,France,Male,30,751,165257.2,134822.05,1,0,0,1
15808930,Mai,France,Female,37,531,0.0,4606.97,1,0,0,0
15570970,Han,France,Female,42,647,0.0,51362.82,2,1,0,0
15679961,Davidson,Spain,Male,46,708,68799.72,39704.14,1,1,0,1
15705458,Parkin,Spain,Male,39,550,116120.19,195638.13,2,1,0,1
15750396,McKissick,France,Male,33,670,0.0,86413.11,2,1,0,0
15679928,Horsfall,France,Female,31,592,84102.11,116385.24,2,1,0,1
15711181,Clapp,France,Female,50,589,0.0,182076.97,2,1,0,0
15698324,Azikiwe,France,Female,33,725,0.0,67879.8,1,1,0,0
15807433,Zubarev,France,Female,43,570,0.0,11417.26,2,1,0,0
15636590,Pisano,France,Male,46,575,0.0,65998.26,2,1,0,0
15628950,Coates,Germany,Male,25,501,104013.79,114774.35,1,0,0,1
15617206,Trentino,Germany,Male,42,431,120822.86,126153.24,2,0,0,1
15603741,MacDonnell,Spain,Male,40,719,128389.12,176091.31,1,1,0,1
15742607,Ermakov,Germany,Male,36,850,102800.72,87352.43,1,1,0,1
15747821,K?,Germany,Female,31,554,135470.9,107074.81,1,0,0,1
15612043,Hammonds,France,Male,36,418,90145.04,69157.93,1,1,0,1
15809558,Peppin,Spain,Male,31,715,0.0,149970.59,1,1,0,0
15803750,Ball,Spain,Female,33,750,161801.47,153288.97,1,1,1,1
15704681,Yeh,Germany,Male,37,766,99660.13,147700.78,2,1,0,1
15667392,L?,Spain,Female,38,652,123081.84,188657.97,2,1,0,1
15738889,Shih,France,Male,42,658,102870.93,103764.55,1,1,1,1
15598838,Greco,France,Female,37,659,151105.68,140934.57,1,1,0,1
15579109,Napolitano,Germany,Male,35,574,163856.76,15118.2,1,1,0,1
15799042,Zaytseva,France,Male,38,611,0.0,63202.0,1,1,0,0
15697042,Genovesi,Spain,Male,35,738,127290.61,16081.62,1,0,0,1
15696605,Angelo,France,Male,49,571,180614.04,523.0,1,0,0,1
15802274,Waters,France,Female,44,686,55053.62,181757.19,1,0,0,1
15596808,Maclean,Spain,Male,33,679,96110.22,1173.23,1,0,0,1
15705403,Seleznyova,Spain,Female,46,617,106521.49,86587.37,1,1,0,1
15732903,Fontenot,France,Male,39,673,82255.51,109545.56,2,0,0,1
15581968,Reid,France,Female,33,745,0.0,174431.01,2,1,0,0
15683892,Fraser,Germany,Female,26,677,102395.79,119368.99,1,0,0,1
15595447,Tuan,Spain,Male,39,613,118201.41,23315.59,1,0,0,1
15569249,Howarth,France,Female,55,576,44582.07,67539.85,3,1,1,0
15656188,Davis,Spain,Female,30,584,0.0,185201.58,2,1,0,0
15689661,Gorbunov,France,Male,22,663,0.0,131827.15,2,1,0,0
15644934,Gentry,France,Male,26,466,105522.06,10842.46,1,0,0,1
15721793,Chiu,Germany,Female,50,510,123936.54,23768.01,1,1,0,1
15687413,Sunderland,Spain,Female,38,619,0.0,117616.29,2,1,0,0
15761286,Fan,Germany,Female,66,696,119499.42,174027.3,2,1,0,1
15658240,Parry,France,Female,44,554,135814.7,115091.38,2,0,0,1
15706232,Niu,France,Male,52,595,0.0,106340.66,1,1,1,0
15583394,Zuyev,Germany,Male,39,659,106259.63,198103.32,2,1,0,1
15715643,Ijendu,France,Male,44,662,0.0,175314.87,2,1,0,0
15644856,Bird,Spain,Male,38,556,115463.16,150679.65,1,0,0,1
15785488,Palmer,Spain,Female,39,701,0.0,110043.88,2,1,0,0
15711571,Y?,Spain,Male,42,587,120233.83,194890.33,1,0,0,1
15778604,Nicholson,France,Female,47,571,0.0,112366.98,2,0,0,0
15751180,Adams,France,Female,40,539,81132.21,167289.82,1,0,0,1
15748360,Cocci,Germany,Female,34,644,122196.99,182099.71,2,1,0,1
15770039,Kuo,Germany,Male,39,572,112290.22,49373.97,1,0,1,1
15685096,Trevisani,France,Female,50,753,0.0,861.4,2,1,0,0
15669501,Kuo,France,Male,35,706,0.0,81718.37,2,1,0,0
15622631,H?,France,Male,44,588,154409.74,49324.03,1,0,1,1
15586699,Thomson,France,Male,32,825,0.0,9751.03,2,0,0,0
15702377,Knorr,Spain,Male,48,627,132759.8,78899.22,1,0,0,1
15577170,Manfrin,France,Male,60,532,76705.87,13889.73,2,1,0,1
15769451,Hayes,France,Female,44,764,0.0,11467.38,2,1,0,0
15811877,Shao,France,Female,36,700,0.0,130789.15,2,0,0,0
15648725,Sinclair,France,Male,41,660,0.0,108665.89,2,1,0,0
15752801,Bradshaw,Germany,Male,29,518,125961.74,160303.08,2,0,1,1
15808175,Castiglione,France,Female,39,557,49572.73,115287.99,1,0,1,1
15681342,Hurst,France,Female,35,639,103015.12,139094.12,2,1,0,1
15589210,Adamson,France,Female,24,557,0.0,20515.72,1,0,0,0
15696826,James,France,Female,32,633,104001.38,36642.65,1,1,0,1
15614962,Pavlova,Spain,Female,50,623,87116.71,104382.11,1,1,0,1
15689061,Davey,France,Male,68,611,82547.11,146448.01,2,1,0,1
15640074,Barrett,Spain,Female,47,666,0.0,166650.9,1,0,1,0
15776156,Dolgorukova,France,Male,27,521,121325.84,164223.7,1,1,1,1
15739548,Johnson,France,Male,28,775,111167.7,149331.01,1,0,0,1
15662854,Manna,Germany,Male,48,681,139714.4,73066.72,2,0,0,1
15687688,Hou,Germany,Female,32,564,139875.2,15378.23,2,0,0,1
15715750,Okeke,Germany,Female,44,646,113063.83,53072.49,1,0,1,1
15571121,Kodilinyechukwu,France,Female,50,670,138340.06,3159.15,1,1,0,1
15726466,Esposito,France,Male,43,751,114974.24,125920.54,1,0,0,1
15660390,Boyle,France,Female,33,544,0.0,124113.04,2,1,0,0
15663942,Hsiung,France,Female,38,639,0.0,93716.38,2,0,0,0
15638610,Kennedy,Germany,Female,65,635,117325.54,155799.86,1,0,1,1
15644446,Norton,France,Female,28,672,0.0,8814.69,1,1,0,0
15585892,Zakharov,France,Female,35,639,0.0,164453.98,1,0,0,0
15609356,Chimaraoke,France,Female,25,697,0.0,87803.32,2,0,0,0
15803378,Small,Spain,Male,44,850,0.0,183617.32,2,1,0,0
15599440,McGregor,France,Female,34,748,0.0,53584.03,2,0,0,0
15692408,Brown,Spain,Female,35,463,0.0,1950.93,2,1,0,0
15683168,Frederickson,France,Female,30,572,0.0,175025.27,1,1,0,0
15790254,Wood,Spain,Male,50,741,78737.61,13018.96,1,1,0,1
15767729,Smith,Spain,Male,25,646,182876.88,42537.59,2,1,1,1
15768600,Harris,Germany,Male,50,805,130023.38,62989.82,1,0,1,1
15699839,Hall,France,Male,36,637,152606.82,71692.8,1,1,0,1
15786237,Pickworth,France,Male,28,651,0.0,823.96,2,0,0,0
15694530,Porter,France,Male,28,672,167268.98,169469.3,1,1,0,1
15796813,Storey,France,Male,54,493,167831.88,150159.95,2,0,1,1
15605791,Li,Germany,Male,29,524,144287.6,32063.3,2,0,0,1
15714087,McGill,Germany,Female,45,624,151855.33,68794.15,1,0,0,1
15711446,Sinclair,Spain,Female,51,569,0.0,75084.96,3,0,1,0
15588123,Horton,France,Female,27,677,0.0,114685.92,2,1,0,0
15748552,Sal,Germany,Male,37,464,155994.15,143665.44,1,0,0,1
15618410,Murray,Germany,Male,26,718,147527.03,51099.56,1,0,0,1
15672432,Giles,France,Female,53,594,0.0,5408.74,1,0,1,0
15610042,Brown,France,Male,33,574,100267.03,103006.27,1,0,0,1
15580914,Okechukwu,Spain,Male,48,478,83287.05,44147.95,2,1,1,1
15583680,White,Spain,Male,41,615,0.0,149278.96,1,1,0,0
15813718,Kirillova,Spain,Male,45,651,0.0,193009.21,2,0,0,0
15767264,Lawson,Germany,Male,53,465,117438.17,74898.8,1,0,1,1
15686461,Sarratt,France,Female,56,558,121235.05,116253.1,2,1,0,1
15678882,Hay,Germany,Male,37,540,129965.18,19374.08,1,0,0,1
15789611,Lin,Germany,Male,46,568,150836.92,64516.8,1,0,1,1
15668679,Ozerova,France,Male,31,630,0.0,34475.14,2,1,0,0
15631685,Lambert,Germany,Male,60,523,163894.35,57061.71,1,1,0,1
15655658,Bulgakov,France,Female,48,678,0.0,32301.88,2,1,0,0
15753591,He,France,Male,38,438,0.0,136859.55,2,0,0,0
15617348,Uchechukwu,France,Male,44,544,0.0,69244.24,2,0,0,0
15704581,Robertson,Germany,Male,34,595,87967.42,156309.52,2,1,0,1
15738487,Leworthy,France,Male,26,678,0.0,4989.33,2,0,0,0
15648069,Onyemachukwu,France,Female,36,850,0.0,190194.95,2,1,0,0
15737627,Rivero,Germany,Female,20,589,121093.29,3529.72,2,0,0,1
15731586,Lai,Spain,Female,31,785,121691.54,81778.72,2,0,0,1
15757467,Feng,Spain,Male,57,563,0.0,39297.48,2,1,0,0
15597709,Hornung,France,Female,39,602,154121.32,176614.86,2,0,1,1
15720529,Schiavone,France,Male,29,591,0.0,108684.65,2,1,0,0
15596797,Barnet,Spain,Male,43,643,0.0,145764.4,2,1,0,0
15681755,Dennys,France,Female,32,605,0.0,42135.28,2,1,0,0
15815271,Ritchie,Germany,Male,43,755,165048.5,16929.41,3,0,1,1
15682860,Lo,Spain,Male,38,769,0.0,104393.78,2,0,0,0
15621546,Yuriev,France,Female,33,620,127638.35,192717.57,1,1,0,1
15705918,Howarth,France,Male,31,725,0.0,59650.42,2,1,0,0
15684512,Gibson,Germany,Female,72,818,135290.42,63729.72,2,1,0,1
15671769,Zikoranachidimma,France,Female,71,624,170252.05,73679.59,3,1,1,1
15642934,Mason,Germany,Female,35,669,108269.2,174969.92,2,0,0,1
15594305,Rizzo,France,Female,32,712,0.0,1703.58,2,0,0,0
15789201,Thomson,Germany,Female,35,603,145623.36,163181.62,1,0,0,1
15706762,Ignatyev,France,Female,41,597,145809.53,52319.26,2,1,0,1
15766183,Ferguson,Germany,Male,76,580,130334.84,51672.08,2,1,0,1
15777994,Woods,France,Female,39,718,0.0,145355.11,2,1,0,0
15568162,Sung,Spain,Male,53,527,0.0,51711.57,1,1,0,0
15680643,Lo,Spain,Female,42,729,0.0,149535.97,2,1,0,0
15761854,Burn,France,Female,24,746,0.0,94105.0,1,1,0,0
15730793,Russell,Germany,Female,54,699,111009.32,155905.79,1,1,1,1
15692137,Jen,France,Female,46,759,0.0,138380.11,1,1,0,0
15608595,Lo Duca,France,Female,39,748,157371.54,97734.3,1,1,0,1
15709459,Oluchi,Spain,Female,63,698,0.0,173576.71,1,1,0,0
15775750,Yao,France,Male,37,686,134560.62,27596.39,1,0,0,1
15585855,Gould,France,Male,40,679,0.0,16897.19,1,1,0,0
15752139,Salter,Germany,Male,36,682,72373.62,36895.99,2,0,0,1
15768295,Warner,France,Female,34,778,109564.1,113046.81,1,1,0,1
15766906,Salier,France,Female,25,742,132116.13,129933.5,2,0,0,1
15725776,Lazar,Germany,Male,24,649,101195.23,133091.32,1,0,0,1
15682576,Onyenachiya,France,Male,67,763,149436.73,106282.74,2,1,0,1
15704081,Findlay,Germany,Male,30,595,130682.11,57862.88,2,1,0,1
15719940,Gibbons,Germany,Female,51,628,115280.49,12628.61,2,0,1,1
15672894,McCawley,France,Female,36,625,129944.39,198914.8,2,0,0,1
15667451,Taylor,France,Male,36,733,0.0,109127.54,2,1,0,0
15636767,Yang,Spain,Female,32,665,0.0,22487.45,1,1,0,0
15571415,Okwudiliolisa,Germany,Male,56,805,151802.29,46791.09,1,0,1,1
15575605,Napolitano,France,Male,38,725,0.0,158697.28,2,1,0,0
15649160,Vavilov,France,Female,38,554,138731.95,194138.36,1,1,0,1
15615832,Teague,Spain,Female,35,675,155621.08,35177.31,1,1,0,1
15600975,Chiemenam,France,Female,54,556,150005.38,157015.5,1,0,1,1
15690772,Hughes,Spain,Female,48,635,0.0,136551.25,2,1,0,0
15565714,Cattaneo,France,Male,47,601,64430.06,96517.97,2,1,0,1
15763108,Davis,Germany,Male,53,600,106261.63,93629.66,1,0,1,1
15723884,Nekrasova,Spain,Male,40,758,0.0,96097.65,2,0,0,0
15644453,Loggia,Germany,Female,41,606,132670.53,156476.36,1,0,1,1
15655464,Combes,France,Female,67,640,0.0,42964.63,1,1,0,0
15783883,Onwuka,Germany,Female,38,753,117314.92,122021.33,1,0,1,1
15787693,Kharlamov,Spain,Male,38,559,145874.35,56311.39,1,0,1,1
15664793,Scott,Spain,Female,50,754,146777.44,150685.52,2,1,0,1
15642391,Lettiere,Germany,Male,51,621,109978.83,177740.58,1,0,1,1
15756538,Osonduagwuike,France,Female,37,654,0.0,71492.28,1,1,0,0
15668830,Wan,Spain,Male,24,650,108881.73,104492.83,1,0,0,1
15796569,Donaldson,Spain,Female,44,831,0.0,47729.33,1,1,0,0
15677112,Chukwufumnanya,France,Male,39,519,112957.26,97593.16,2,0,0,1
15815040,Ma,Germany,Female,42,552,103362.14,186869.58,1,1,1,1
15590434,Alexander,Spain,Male,41,577,89015.61,135227.23,1,1,0,1
15597536,Nkemjika,Spain,Male,45,576,133618.01,135244.87,1,0,0,1
15723989,Carroll,France,Male,40,646,93680.43,179473.26,2,1,0,1
15767358,Obioma,Germany,Female,45,711,97486.15,50610.62,2,0,0,1
15594812,Campbell,Spain,Female,37,806,137794.18,75232.02,2,1,0,1
15688210,Sims,France,Female,39,670,101928.51,89205.54,1,0,0,1
15681509,McKay,Spain,Female,28,679,0.0,61761.77,2,1,0,0
15572390,Huang,Spain,Female,39,850,0.0,103921.43,2,0,0,0
15801441,Campbell,Germany,Female,35,670,79585.96,198802.9,1,1,0,1
15783859,Boni,France,Female,24,733,161884.99,9617.24,1,1,0,1
15575243,Gorbunova,France,Female,39,764,129068.54,187905.12,2,1,0,1
15773421,Genovese,France,Female,42,673,0.0,121440.8,2,0,0,0
15788776,Landor,Germany,Male,49,588,132623.76,36292.94,3,0,1,1
15765257,Meng,Spain,Male,31,564,121461.87,20432.09,1,1,1,1
15661412,Wardell,France,Male,32,715,175307.32,187051.23,1,0,0,1
15636478,Williams,France,Male,31,621,136658.61,148689.13,1,1,0,1
15603683,Ofodile,Spain,Female,23,796,146584.19,125445.8,2,0,0,1
15651868,Clark,France,Male,34,672,0.0,22736.06,1,0,0,0
15815443,Lo,Spain,Female,46,527,131414.76,54947.51,1,0,0,1
15682686,Chukwuemeka,France,Female,38,722,0.0,167984.72,2,1,0,0
15697460,Lai,Germany,Male,34,596,99441.21,4802.27,2,1,0,1
15748432,Arcuri,France,Female,32,746,0.0,72909.75,2,1,0,0
15698271,Graham,France,Female,26,523,0.0,185488.81,2,0,0,0
15808662,Krylov,France,Male,44,624,0.0,88407.51,2,0,0,0
15690372,Henry,Spain,Male,38,553,181110.13,184544.59,2,0,0,1
15781875,Jamieson,Spain,Male,33,850,100476.46,136539.13,2,1,0,1
15801473,Moore,Germany,Male,33,599,51949.95,85045.92,2,0,0,1
15704509,Tan,France,Male,35,492,121063.49,85421.48,1,0,0,1
15694666,Thornton,Spain,Male,48,707,88441.64,119903.2,1,1,1,1
15731166,Macleod,France,Female,30,743,127023.39,138780.89,1,1,0,1
15728523,Rizzo,France,Male,41,522,144147.68,14789.9,1,1,0,1
15788442,Chukwukadibia,Spain,Female,57,681,173306.13,131964.66,1,1,0,1
15689781,Ts'ai,France,Female,49,826,0.0,178709.98,1,0,1,0
15764226,Lu,Germany,Female,28,630,106425.75,20344.84,1,1,0,1
15809837,Kent,Germany,Female,66,430,135392.31,172852.06,2,1,1,1
15805212,Black,France,Female,67,806,0.0,103945.58,2,1,0,0
15716082,Chukwubuikem,Spain,Male,39,703,152685.4,183656.12,1,0,0,1
15643056,McMillan,Germany,Female,38,755,82083.52,10333.78,1,1,0,1
15654859,Ngozichukwuka,Spain,Female,63,612,131629.17,122109.58,2,0,1,1
15761158,Y?an,France,Female,54,719,0.0,125041.52,2,1,0,0
15577515,Sung,Germany,Female,55,554,108477.27,140003.0,1,1,1,1
15723827,Macartney,France,Male,30,683,114779.35,183171.47,1,0,0,1
15646594,Ali,France,Male,41,749,57568.94,61128.29,1,1,0,1
15712877,Morley,Spain,Male,36,724,0.0,52462.25,2,0,0,0
15598802,Martin,Spain,Male,30,770,0.0,50839.85,2,1,0,0
15699340,Okorie,France,Male,37,680,0.0,61240.87,2,0,0,0
15691150,Ku,France,Female,32,699,110559.46,127429.56,1,1,0,1
15608688,Andreyeva,France,Male,34,442,0.0,68343.08,2,0,0,0
15737998,Cheng,France,Male,46,529,0.0,126511.94,1,0,1,0
15735837,Hsia,Spain,Male,36,574,0.0,8559.66,2,1,0,0
15659100,Lane,France,Male,33,605,128152.82,147822.81,1,0,0,1
15609070,Findlay,Germany,Male,45,515,120961.5,39288.11,3,1,1,1
15650313,Okonkwo,Germany,Male,65,632,129472.33,85179.48,1,1,0,1
15627699,Pirogova,France,Male,32,558,105000.23,190019.61,1,0,0,1
15591010,McDonald,Germany,Male,55,434,109339.17,96405.88,2,0,1,1
15798895,Okonkwo,France,Female,59,525,55328.4,83342.73,1,0,1,1
15745375,Nnanna,Germany,Male,23,640,72012.76,161333.13,1,0,0,1
15775235,Ku,France,Female,36,690,110480.48,81292.33,1,0,0,1
15780088,Porter,Spain,Male,34,607,132439.99,177747.72,1,0,0,1
15649379,Somayina,France,Female,46,850,0.0,187980.21,2,1,0,0
15713983,Mao,Germany,Male,34,780,94108.54,177235.21,2,0,0,1
15709252,Fuller,Germany,Female,28,616,105173.99,29835.37,1,1,1,1
15699238,Craig,Spain,Female,40,618,0.0,80204.38,2,0,0,0
15732884,Trevisano,France,Male,29,676,131959.86,189268.81,1,0,0,1
15587297,Ruiz,France,Male,33,507,0.0,85411.01,2,1,0,0
15684722,Fraser,France,Male,34,490,122952.9,154360.97,2,0,0,1
15621244,Gallo,France,Male,36,678,107379.68,84460.18,1,1,0,1
15744273,Waterhouse,Germany,Male,30,637,122641.56,65618.01,2,0,0,1
15682540,Cremonesi,France,Female,33,602,0.0,112928.74,2,1,0,0
15636521,Feng,Spain,Female,30,744,124037.28,142210.94,1,1,0,1
15785339,H?,France,Female,50,640,117565.03,82559.77,2,0,0,1
15638983,Jara,France,Female,38,684,133189.4,127388.06,1,0,0,1
15654625,Wilson,Germany,Male,39,495,120252.02,10160.23,2,1,0,1
15697310,O'Callaghan,Germany,Female,28,559,152264.81,64242.31,1,0,0,1
15678210,Robson,France,Male,38,684,105069.98,198355.28,2,1,0,1
15575438,Pease,France,Male,42,613,115076.06,79323.61,1,1,0,1
15632789,Maclean,France,Male,30,794,0.0,24113.91,2,1,0,0
15621423,Lavrentyev,France,Female,42,736,117280.23,41921.06,3,0,1,1
15573520,Rhodes,Germany,Male,49,692,110540.43,107472.99,2,1,0,1
15740458,Murphy,Spain,Male,36,703,135095.47,143859.66,1,0,0,1
15762799,Alexander,Germany,Male,23,720,187861.18,104120.17,2,1,0,1
15686885,Nekrasov,Germany,Male,44,777,124655.59,79792.3,2,1,0,1
15565996,Arnold,France,Male,44,653,0.0,154639.72,2,1,0,0
15662152,Trevisan,France,Female,38,552,134105.01,57850.1,1,0,0,1
15711742,Mason,France,Female,34,708,0.0,62868.33,1,1,0,0
15701885,Tucker,France,Female,40,647,0.0,92357.21,2,1,0,0
15774262,Hobson,Germany,Male,52,597,83693.34,161083.53,2,1,0,1
15567839,Gordon,France,Male,42,501,114631.23,91429.74,1,1,0,1
15644400,Anderson,France,Male,44,709,128601.98,117031.2,1,0,0,1
15797246,Terry,Germany,Female,34,621,91258.52,44857.4,2,0,0,1
15778290,Lappin,France,Male,70,799,70416.75,36483.52,1,1,0,1
15708714,Santiago,France,Female,33,675,0.0,34045.61,2,0,0,0
15586183,Wallace,France,Female,35,561,0.0,59981.62,2,0,0,0
15761733,King,France,Female,42,707,0.0,152944.39,2,1,0,0
15773934,Fang,France,Male,33,670,88294.6,66979.06,1,0,0,1
15705343,May,Spain,Female,32,649,0.0,28797.32,1,0,0,0
15593959,Travis,France,Male,28,524,93577.3,51670.82,1,1,0,1
15664615,Nnachetam,Germany,Female,30,689,136650.89,41865.72,1,1,1,1
15671014,Zhdanova,Spain,Female,72,573,98765.84,96015.53,1,1,0,1
15657778,Jefferson,France,Male,33,657,84309.57,103914.4,2,0,0,1
15585192,Cremonesi,Spain,Male,39,686,136258.06,89199.51,1,0,0,1
15592914,Fang,France,Female,29,683,0.0,48849.89,2,1,0,0
15770995,Sinclair,Germany,Female,47,753,131160.85,197444.69,1,0,0,1
15570990,Begley,Spain,Female,30,520,145222.99,145160.96,2,0,0,1
15596165,Degtyarev,Germany,Male,25,547,98141.57,52309.8,2,1,0,1
15788131,Atkins,France,Male,47,653,0.0,50695.93,1,0,1,0
15800773,Ikenna,Spain,Female,28,648,102282.61,157891.11,1,1,0,1
15690153,Sun,France,Female,37,639,116121.84,181850.74,2,1,0,1
15638989,Lettiere,France,Female,25,711,190066.54,51345.39,1,0,1,1
15623210,Smith,Germany,Female,55,484,149349.58,137519.92,3,0,1,1
15652658,Finch,France,Male,36,721,155176.83,49653.37,2,1,0,1
15684440,Monaldo,Germany,Male,32,548,98986.28,55867.38,1,1,0,1
15730287,Ugonna,France,Male,41,679,147726.98,172749.4,3,0,1,1
15720353,Chiang,France,Male,41,553,0.0,90607.31,2,0,0,0
15767231,Sun,France,Male,36,757,144852.06,130861.95,1,0,0,1
15761554,Blackburn,France,Male,54,581,89299.81,5558.47,1,0,1,1
15706637,Chang,Spain,Male,40,718,0.0,121537.91,2,0,0,0
15690492,Palermo,France,Male,41,625,97663.16,57128.78,2,0,0,1
15694237,McEwan,Spain,Male,39,744,95161.75,19409.77,1,0,0,1
15729771,Davide,Germany,Male,31,799,154586.92,88604.89,1,1,1,1
15609823,Chieloka,Spain,Female,34,751,127095.14,479.54,2,0,0,1
15793366,Humphreys,Germany,Male,35,781,92526.15,173837.54,2,1,0,1
15614813,Cocci,Germany,Female,46,777,107362.8,487.3,1,0,0,1
15566495,Hanson,Spain,Female,24,704,0.0,35600.25,1,0,1,0
15707602,Macleod,France,Female,47,539,127286.04,166929.43,2,1,1,1
15635244,Ritchie,France,Female,29,716,0.0,98998.61,2,1,0,0
15805627,Nebechukwu,France,Male,37,670,0.0,54229.74,2,1,0,0
15607986,Nnamutaezinwa,France,Male,40,555,139930.18,105720.09,1,1,0,1
15799785,Ikemefuna,Germany,Female,30,679,77949.69,121151.46,1,1,0,1
15699963,Scott,France,Male,38,571,121405.04,154844.22,1,1,0,1
15624595,Chiang,Spain,Female,35,512,124580.69,18785.48,1,1,0,1
15629750,Artyomova,France,Male,35,697,133087.76,64771.61,1,0,0,1
15651460,Hsieh,Spain,Male,34,424,0.0,16250.61,1,1,0,0
15753550,Levien,France,Female,43,684,0.0,131093.99,2,0,0,0
15594133,Erskine,Spain,Male,62,697,0.0,129188.18,1,0,1,0
15772329,Fiorentino,Germany,Male,45,580,103741.14,47428.73,1,0,1,1
15591552,Okonkwo,France,Female,32,600,98877.95,132973.21,1,0,0,1
15750921,Monds,France,Male,37,521,105843.26,84908.2,2,1,0,1
15701687,Campbell,Spain,Male,44,664,77526.66,57338.56,3,0,1,1
15728906,Ibekwe,France,Male,77,634,0.0,161579.85,2,1,0,0
15670029,Marcelo,France,Female,33,445,0.0,122625.68,2,0,0,0
15763579,Castro,Germany,Female,36,702,105264.88,52909.87,2,1,0,1
15728010,Capon,France,Male,37,485,0.0,170226.47,2,1,0,0
15663194,Voronova,Germany,Female,40,582,110150.43,191757.65,1,1,1,1
15736510,Loggia,Spain,Female,57,605,0.0,66652.75,3,0,1,0
15745804,Law,France,Male,25,628,0.0,195977.75,2,1,0,0
15631451,Grant,Spain,Female,28,604,0.0,69056.26,2,1,0,0
15746995,Greco,Germany,Male,31,724,138166.3,12920.43,1,0,0,1
15730673,Dietz,Germany,Male,40,567,122265.24,138552.74,1,0,0,1
15734649,Martel,Spain,Female,55,779,133295.98,22832.71,1,0,1,1
15701081,Jarvis,France,Male,36,785,0.0,61811.1,1,1,0,0
15632503,Meng,France,Female,32,563,148326.09,191604.27,1,0,1,1
15585928,Hay,Germany,Female,31,821,68927.57,25445.0,1,1,0,1
15648681,Voronoff,France,Female,47,747,139914.6,129964.56,4,1,1,1
15747757,Trevascus,Germany,Female,58,600,118723.11,6209.51,1,0,1,1
15718921,Ho,Spain,Male,32,625,106957.28,134794.02,1,1,0,1
15571081,Hansen,France,Female,41,773,190238.93,57549.65,1,1,0,1
15734578,Craig,France,Female,53,726,113537.73,28367.21,1,1,0,1
15579583,Hall,Spain,Female,40,641,101090.27,51703.09,1,1,0,1
15622729,Sun,France,Female,46,649,0.0,66602.7,2,1,0,0
15662189,Durant,Spain,Male,33,434,0.0,2739.71,1,1,0,0
15692718,Jackson,France,Female,38,738,0.0,69227.42,2,0,0,0
15762716,Chigozie,Spain,Female,60,762,168920.75,31445.03,1,0,1,1
15724851,Farmer,Germany,Male,31,507,111589.67,150037.19,1,0,0,1
15587266,Douglas,Germany,Female,27,606,172310.33,111448.92,1,1,0,1
15675926,Ardis,Germany,Male,34,655,118028.35,51226.32,1,0,1,1
15706268,Smith,Germany,Male,51,697,147910.3,53581.14,1,1,0,1
15581871,Butler,Germany,Male,42,504,131287.36,149697.78,2,1,0,1
15666166,Pettry,France,Female,74,653,121276.32,160348.31,1,1,0,1
15671582,John,Spain,Male,38,660,109869.32,154641.91,1,1,0,1
15680901,Potter,France,Female,34,652,97435.85,104331.76,2,1,0,1
15642336,Shaw,France,Female,42,669,0.0,135630.32,2,0,0,0
15653147,Boyle,France,Male,35,594,133853.27,65361.66,1,1,0,1
15571284,Elmore,Germany,Male,32,756,109528.16,56176.31,2,1,0,1
15591360,Udinesi,France,Female,33,642,84607.34,60059.47,2,1,0,1
15810485,Sun,Germany,Male,37,486,101438.0,51364.56,1,0,0,1
15611973,Tuan,France,Male,55,804,0.0,118752.6,2,1,0,0
15735572,Lawrence,France,Male,59,629,113657.83,116848.79,1,1,1,1
15567860,Burrows,Spain,Female,44,581,189318.16,45026.23,2,0,1,1
15795690,Shao,France,Male,31,667,99513.91,189657.26,1,1,0,1
15706464,White,Spain,Male,35,667,97585.32,57213.46,2,0,0,1
15725028,Chialuka,France,Male,29,679,0.0,63687.06,2,1,0,0
15751167,Toscano,France,Female,43,680,0.0,58761.33,2,1,0,0
15633944,McKay,Spain,Male,32,644,136659.74,14187.78,1,1,0,1
15672637,Voronkov,France,Female,30,571,85755.86,145115.95,1,0,0,1
15680895,Sal,Spain,Female,35,627,0.0,187718.26,1,0,0,0
15793825,Ikechukwu,France,Male,39,536,0.0,27150.35,2,0,0,0
15611318,Kruglova,Spain,Male,33,599,51690.89,111622.76,1,0,1,1
15768474,Clements,Spain,Male,34,744,0.0,27244.35,2,0,0,0
15716276,Kennedy,France,Female,34,709,111669.68,57029.66,1,0,0,1
15623668,Johnson,Germany,Male,31,653,154741.45,25183.01,2,0,0,1
15696361,Chung,Germany,Male,31,648,125681.51,129980.93,1,1,0,1
15607988,Garland,Germany,Female,37,663,155303.71,118716.63,1,0,0,1
15637891,Docherty,Germany,Female,43,613,140681.68,20134.07,1,1,0,1
15789865,Nnaife,France,Male,28,620,71902.52,190208.23,1,1,0,1
15627190,Lettiere,France,Male,51,661,146606.6,68021.9,1,1,0,1
15788224,Sanderson,Germany,Male,45,669,123949.75,110881.56,1,0,0,1
15702149,Fomin,Germany,Female,33,767,144753.21,132480.75,1,1,0,1
15708236,Wright,France,Female,72,491,91285.22,7032.95,1,1,0,1
15568469,Buckley,France,Male,43,653,0.0,27862.58,2,0,0,0
15764444,Pan,Germany,Male,58,679,125850.53,87008.17,2,1,0,1
15794204,Manna,France,Male,28,687,108116.66,27411.19,1,1,0,1
15807546,Chinwendu,France,Female,38,837,0.0,46395.21,2,1,0,0
15782159,Ndubuagha,France,Male,28,850,67639.56,194245.29,2,1,0,1
15618703,White,Spain,Female,53,663,150200.23,151317.27,1,1,1,1
15793317,Hale,Spain,Female,22,547,141287.15,118142.79,1,0,0,1
15740487,Ross,France,Female,41,627,0.0,138700.75,3,1,1,0
15722479,Ikenna,France,Male,37,707,0.0,6035.51,2,1,0,0
15688264,Nkemdilim,France,Female,43,629,0.0,41263.69,2,1,0,0
15583067,McMillan,France,Female,36,687,97157.96,63185.05,1,1,0,1
15686670,Duke,France,Female,36,588,0.0,92536.0,2,0,1,0
15593345,Bradbury,Germany,Female,33,502,125241.17,158736.07,2,1,0,1
15811690,Bayley,Germany,Male,54,793,128966.13,18633.4,1,0,1,1
15734008,Bartlett,Germany,Male,59,727,152581.06,71830.1,1,0,1,1
15771856,Cremin,Spain,Female,32,632,0.0,19525.65,2,0,0,0
15762045,Gilchrist,Germany,Female,37,474,142688.57,110953.33,2,1,0,1
15778142,Shih,Germany,Female,31,850,130089.56,4466.21,2,1,0,1
15689268,Fitzpatrick,France,Male,36,584,0.0,105818.51,1,1,0,0
15721507,Pagan,France,Female,32,713,117094.02,149558.83,1,0,1,1
15750476,Hendrick,Spain,Male,24,742,0.0,4070.28,2,0,0,0
15810723,Sanderson,France,Female,39,607,0.0,132741.13,3,0,1,0
15787229,Samsonova,Spain,Female,34,761,0.0,61251.25,2,0,0,0
15570508,Azubuike,France,Male,49,600,90218.9,91347.76,1,0,0,1
15617065,Pan,Spain,Male,42,650,194532.66,171045.31,1,0,1,1
15689786,Massie,Germany,Male,56,850,169743.83,155850.4,1,0,1,1
15648876,Sandover,France,Female,34,501,0.0,27380.99,1,0,0,0
15802106,Craig,France,Male,34,418,155973.88,154208.96,1,0,0,1
15773869,Onwudiwe,Spain,Male,59,797,129321.44,93624.55,1,1,0,1
15711635,Chu,Germany,Female,42,788,138650.49,64746.07,2,0,0,1
15795527,Zetticci,Spain,Male,43,699,136487.86,82815.93,2,0,0,1
15759133,Vaguine,France,Male,18,616,0.0,27308.58,2,1,0,0
15679394,Owen,France,Female,41,651,38617.2,104876.8,1,1,0,1
15801072,Hurst,France,Female,28,654,0.0,151316.37,2,0,0,0
15646082,Harding,France,Female,34,676,82909.14,91817.38,1,0,1,1
15796111,Smith,Germany,Female,54,708,145151.4,125311.17,1,1,1,1
15670646,Moore,Spain,Female,42,499,147187.84,14868.94,1,1,1,1
15578722,Bradley,France,Male,39,689,0.0,196112.45,2,0,0,0
15815095,Burfitt,Spain,Male,54,850,108185.81,24093.4,2,0,1,1
15730360,Mackenzie,France,Male,30,502,0.0,66263.87,2,1,0,0
15763194,Milanesi,France,Male,34,643,0.0,100304.13,2,1,0,0
15720725,Shubin,France,Male,28,762,0.0,167909.52,2,0,0,0
15567834,Nieves,France,Male,49,719,105918.1,16246.59,1,1,0,1
15720644,Martin,France,Male,27,789,0.0,103603.65,2,0,0,0
15811742,Jen,Spain,Male,42,553,0.0,7680.23,2,0,0,0
15813363,Woods,Spain,Male,25,448,0.0,95215.73,2,0,0,0
15717629,Docherty,Germany,Male,42,632,59972.26,148172.94,2,1,0,1
15713160,Lin,Spain,Male,25,669,157228.61,124382.9,2,0,0,1
15568878,Cheng,Spain,Male,34,654,0.0,159311.46,2,0,0,0
15809800,Korovina,France,Female,38,726,0.0,6787.48,2,0,0,0
15736420,Macdonald,France,Male,21,596,210433.08,197297.77,2,1,1,1
15757933,Hardy,Germany,Female,30,733,102452.71,21556.95,1,0,0,1
15623072,Shaw,Spain,Female,35,529,0.0,56518.0,2,0,0,0
15683993,Knight,France,Female,37,493,142987.46,158840.99,2,0,0,1
15570947,Bruny,Spain,Female,29,615,143330.56,126396.01,2,1,0,1
15797767,Ikedinachukwu,France,Female,49,600,0.0,148087.88,1,1,1,0
15731989,Moran,France,Male,36,666,120165.4,33701.5,2,0,0,1
15591035,Macleod,Spain,Male,54,644,0.0,84622.37,1,1,0,0
15586479,Yin,France,Female,36,692,0.0,185580.89,1,0,1,0
15605872,Felix,France,Male,73,707,66573.17,62768.8,1,1,0,1
15666012,Rippey,France,Male,40,603,102833.46,38829.11,2,1,0,1
15641733,Mishina,France,Female,34,671,164757.56,110748.88,1,0,0,1
15593178,Graham,Spain,Female,36,568,153610.61,54083.8,1,1,1,1
15649183,Johnston,Spain,Female,35,598,0.0,88658.73,3,1,0,0
15736399,Korovin,Spain,Male,42,606,0.0,177938.52,2,0,0,0
15751137,Lei,Germany,Female,36,850,169025.83,174235.06,1,0,0,1
15757188,Chimaijem,Spain,Female,26,644,153455.72,82696.84,2,1,0,1
15726167,Scott,France,Male,37,655,0.0,142415.97,2,1,0,0
15624850,Grant,France,Male,30,850,153972.89,62811.03,2,0,0,1
15717700,McIntyre,Spain,Male,34,683,114609.55,25339.29,2,1,0,1
15716347,Griffin,Germany,Male,37,663,143625.83,176487.05,2,1,0,1
15696287,Converse,Germany,Female,38,682,116520.28,49833.5,1,1,1,1
15638871,Ch'ang,France,Male,77,639,80926.02,55829.25,2,1,0,1
15765093,Coates,France,Male,23,704,166594.78,155823.2,1,1,0,1
15592999,Reid,France,Female,40,691,115465.98,60622.61,1,1,0,1
15641715,Ts'ui,France,Male,34,599,0.0,174196.68,2,1,0,0
15607746,Belstead,France,Female,36,573,0.0,56905.38,1,1,0,0
15625311,Dickinson,Germany,Female,41,589,92618.62,101178.85,1,1,0,1
15573077,Nwora,Germany,Female,25,620,141825.88,73857.94,1,1,1,1
15735106,Bishop,Spain,Male,28,647,149594.02,102325.19,2,0,0,1
15672912,Loggia,Spain,Female,39,737,130051.66,55356.39,2,0,1,1
15589881,Rowe,France,Female,41,634,0.0,131284.93,2,1,0,0
15660144,Balashov,France,Male,38,660,0.0,88080.43,2,0,0,0
15664083,Ulyanova,Germany,Female,37,666,158468.76,93266.01,1,1,0,1
15690898,Bogolyubova,France,Male,44,696,161889.79,75562.47,1,0,0,1
15808023,Remington,France,Female,29,836,133681.78,153747.73,1,1,0,1
15676909,Mishin,Spain,Female,34,667,0.0,163830.64,2,0,0,0
15764922,Tu,Spain,Male,20,596,187294.46,103456.47,1,0,0,1
15766734,Castiglione,France,Male,31,430,0.0,95655.16,1,0,0,0
15795079,Nnaife,Spain,Male,67,596,0.0,138350.74,2,1,0,0
15757434,Yang,France,Male,28,599,119706.22,31190.42,1,0,0,1
15673747,Ayers,France,Female,22,519,0.0,167553.06,1,1,0,0
15808386,Cocci,Germany,Female,45,721,138523.2,59604.45,1,0,1,1
15603565,Mackenzie,Spain,Female,56,603,90778.76,162223.67,2,0,1,1
15744044,Fiorentini,Germany,Male,47,572,99353.42,196549.85,1,0,1,1
15577771,Akabueze,Germany,Female,40,453,111524.49,120373.84,1,1,1,1
15769548,Hyde,France,Female,37,668,128645.67,92149.64,1,0,0,1
15802071,Levi,Germany,Male,35,762,117458.51,178361.48,1,1,1,1
15677395,Nwabugwu,France,Female,39,633,129189.15,170998.83,2,0,0,1
15632010,Chia,Spain,Male,33,647,121260.19,77216.48,2,0,0,1
15779492,Trevisano,Spain,Male,56,796,94231.13,121164.6,1,0,1,1
15694677,Bennetts,France,Male,39,733,0.0,141841.31,2,1,0,0
15704315,Teng,France,Male,34,556,163757.06,104000.06,1,1,0,1
15742009,Hsueh,Spain,Male,58,489,0.0,191419.32,2,1,0,0
15766663,Mahmood,France,Male,22,639,0.0,28188.96,2,0,0,0
15742297,Sinclair,France,Male,35,715,141005.47,60407.93,1,1,0,1
15688059,Chin,Germany,Female,42,807,105356.09,130489.37,2,1,0,1
15752344,She,Spain,Male,34,714,0.0,193040.32,2,0,0,0
15698749,He,Germany,Female,23,626,85897.95,109742.8,1,0,0,1
15631693,Hill,France,Male,36,697,0.0,74760.32,2,1,0,0
15604536,Vachon,Germany,Female,31,850,164672.66,61936.1,1,1,0,1
15802869,Ball,Germany,Female,45,737,99169.67,78650.95,2,1,0,1
15635598,Hsieh,France,Male,29,812,0.0,168023.6,2,0,0,0
15592326,Baker,France,Male,36,583,0.0,5571.59,2,1,0,0
15736533,Monaldo,Germany,Female,37,730,124053.03,118591.67,1,0,0,1
15647191,Lucchesi,France,Male,36,677,0.0,7824.31,2,0,0,0
15622507,Hamilton,Germany,Female,40,748,103499.09,38153.19,2,0,0,1
15765487,Kuo,Germany,Female,38,753,151766.71,180829.99,1,1,0,1
15646521,Fan,Spain,Female,36,634,0.0,143960.72,1,1,0,0
15746258,Wright,France,Male,29,622,101486.96,8788.35,1,1,0,1
15692430,Milano,Germany,Male,36,699,123601.56,103557.85,2,0,0,1
15625501,Wall,Germany,Male,38,570,127201.58,147168.28,1,0,1,1
15640521,Chidumaga,Germany,Male,33,552,144962.74,58844.84,1,0,1,1
15790630,Olisaemeka,France,Female,48,619,0.0,18094.96,1,0,1,0
15664720,Kovalyova,Spain,Male,33,714,122017.19,162515.17,1,0,0,1
15750055,Onio,Spain,Male,32,503,100262.88,157921.25,2,1,0,1
15644878,Hill,Spain,Female,43,685,117302.62,68701.73,1,0,0,1
15754578,Okeke,France,Female,35,606,135984.15,186778.89,2,0,0,1
15705379,Upjohn,France,Male,38,678,0.0,66561.6,2,0,0,0
15761047,H?,Germany,Male,31,724,160997.54,64831.36,2,1,0,1
15671293,Marcus,Germany,Female,37,779,128389.63,6589.16,1,1,1,1
15687527,Yobachukwu,Spain,Male,35,638,0.0,165370.66,2,0,0,0
15647898,Russell,Spain,Female,50,610,130554.51,184758.17,3,0,1,1
15671534,Hovell,Germany,Female,57,646,90212.0,13911.27,1,0,1,1
15591248,Chukwumaobim,France,Female,29,628,71996.29,34857.46,1,1,0,1
15676156,Boyle,France,Female,32,528,85615.66,156192.43,2,0,0,1
15812918,Scott,France,Female,27,432,62339.81,53874.67,2,0,0,1
15604130,Johnstone,Spain,Female,47,622,142319.03,100183.05,1,0,0,1
15700549,Alvares,France,Male,54,721,0.0,4493.12,2,1,0,0
15715519,McDavid,Spain,Male,36,614,0.0,130610.78,2,0,0,0
15707042,Dellucci,France,Female,24,634,87413.19,63340.65,1,0,0,1
15605276,Brothers,France,Female,29,742,0.0,180066.59,2,1,0,0
15630592,Sanders,France,Female,45,516,0.0,95273.73,1,0,1,0
15636626,Morrison,France,Male,35,718,97560.16,53511.74,1,1,0,1
15740411,Molle,Germany,Male,30,636,141787.31,109685.61,2,1,0,1
15593834,Genovese,Spain,Male,36,691,129934.64,75664.56,1,0,1,1
15804235,Zetticci,France,Female,37,698,166178.02,71972.95,2,1,0,1
15679801,Hsueh,Spain,Female,39,712,163097.55,23702.42,2,1,0,1
15673907,Alexander,France,Male,20,659,0.0,112572.02,2,0,0,0
15636562,Muravyova,Spain,Male,44,573,0.0,62424.46,2,0,0,0
15702571,Wright,Germany,Female,35,778,151958.19,131238.37,3,1,1,1
15627365,Calabresi,France,Male,46,732,0.0,184350.78,2,1,0,0
15748499,Johnson,Germany,Male,33,550,118400.91,13999.64,1,1,1,1
15598614,Lucchesi,Spain,Male,20,790,0.0,168152.76,2,0,0,0
15668889,Galgano,Germany,Female,43,665,116322.27,35640.12,4,0,1,0
15800049,Grigoryeva,Spain,Female,43,728,0.0,120088.17,1,1,0,0
15583724,Raymond,Spain,Female,29,645,0.0,74346.11,2,1,0,0
15622083,Paterson,Germany,Male,30,647,143138.91,2955.46,2,0,0,1
15645571,Genovese,Spain,Male,32,596,0.0,146504.35,2,1,0,0
15598266,Martin,France,Male,40,610,0.0,149602.54,1,1,0,0
15667934,Moretti,France,Male,36,512,129804.17,53020.9,1,0,0,1
15569682,Leckie,Germany,Male,37,768,108308.11,41788.25,1,0,1,1
15772941,Lane,Germany,Male,30,666,110153.27,74849.46,1,1,0,1
15586174,Brodney,Germany,Female,30,700,116377.48,134417.31,1,1,0,1
15803682,Angelo,Germany,Female,37,651,117791.06,75837.58,2,1,0,1
15627328,Millar,Spain,Female,26,542,0.0,54869.54,2,1,0,0
15717065,Balashov,France,Female,35,686,105419.73,35356.46,1,0,0,1
15602456,Afanasyev,Germany,Female,47,850,99219.47,122141.13,2,1,0,1
15721569,Chialuka,Germany,Female,55,658,119327.93,119439.66,1,1,0,1
15573798,Yermolayev,France,Female,36,448,83947.12,81999.53,2,0,0,1
15638272,Tien,Spain,Male,32,609,99883.16,120594.85,1,1,0,1
15799859,Lucchesi,France,Male,50,704,165438.26,120770.75,1,0,1,1
15599152,Lai,France,Male,31,698,156111.24,134790.74,1,0,0,1
15737909,Bates,France,Male,44,759,111095.58,100137.7,2,0,0,1
15646190,Saunders,France,Female,56,677,119963.45,158325.87,1,0,1,1
15711249,Chukwuemeka,Spain,Male,22,544,0.0,70007.67,2,0,0,0
15671987,Meagher,Spain,Male,35,567,153137.74,88659.07,1,0,0,1
15812766,Golubeva,Spain,Male,40,490,156111.08,190889.13,1,0,0,1
15778589,Collier,France,Male,34,626,113014.7,56646.28,2,1,0,1
15750104,Chan,Germany,Male,43,718,132615.73,32999.1,2,0,0,1
15784526,Chen,France,Male,44,616,102016.38,178235.37,1,1,1,1
15646563,Wright,France,Female,35,772,0.0,25448.31,1,1,0,0
15744423,Cocci,France,Male,32,561,0.0,84871.99,2,0,0,0
15593694,Williams,France,Male,49,814,0.0,157822.54,2,0,0,0
15785367,McGuffog,France,Female,56,651,0.0,84383.22,1,0,1,0
15687765,Chukwujamuike,Germany,Female,42,538,80380.24,119216.46,1,0,0,1
15789014,Scott,France,Female,26,600,108909.12,82547.01,1,0,0,1
15703177,Bell,France,Female,35,654,90865.8,86764.46,1,1,0,1
15660263,Olisaemeka,France,Male,40,622,99799.76,197372.13,2,0,0,1
15776545,Napolitani,France,Male,28,682,200724.96,82872.64,1,1,1,1
15683276,Sargood,Spain,Female,37,610,140363.95,129563.86,2,1,0,1
15599272,Harrington,France,Female,36,795,151844.64,135388.89,1,1,0,1
15589541,Sutherland,France,Female,27,557,0.0,4497.55,2,1,0,0
15608804,Allan,Germany,Male,49,824,133231.48,67885.37,1,1,0,1
15645820,Folliero,France,Male,27,698,0.0,111471.55,2,0,0,0
15659031,Mordvinova,France,Female,36,630,126598.99,134407.93,2,1,0,1
15790113,Schofield,Germany,Female,71,609,113317.1,108258.22,1,0,1,1
15652289,Williams,France,Male,47,694,0.0,197528.62,2,0,0,0
15605341,Baird,France,Female,58,681,93173.88,139761.25,1,1,0,1
15697844,Whitehouse,Spain,Female,32,721,0.0,136119.96,1,0,1,0
15652048,Thompson,Germany,Male,44,563,105007.31,197812.16,2,1,0,1
15587038,Ogochukwu,Spain,Female,32,654,0.0,51972.92,1,1,1,0
15660528,Niu,Spain,Male,27,659,0.0,99341.87,2,0,0,0
15700300,Okoli,Germany,Female,44,674,131593.85,171345.02,1,1,1,1
15642001,Lorenzen,Germany,Male,44,576,119530.52,119056.68,1,0,1,1
15580366,Okechukwu,Germany,Male,54,566,118614.6,172601.62,2,1,0,1
15657228,Anderson,Germany,Male,37,545,95829.13,104936.88,2,1,0,1
15729377,Ku,France,Male,36,798,0.0,159044.1,2,1,0,0
15686913,Kung,France,Male,38,757,0.0,83263.06,1,0,0,0
15631267,Lu,France,Male,50,641,153590.73,130910.78,2,1,0,1
15632275,Trevisano,France,Male,29,718,0.0,126336.72,1,0,0,0
15715907,Onwubiko,France,Male,64,699,113109.52,27980.8,1,0,1,1
15764841,Vidler,France,Female,35,623,130557.24,47880.71,1,1,0,1
15748649,Shen,France,Male,40,644,93183.19,73882.49,1,0,0,1
15771409,McGregor,France,Male,58,586,151933.63,162960.05,1,0,1,1
15779207,Nnamdi,Germany,Male,30,500,125495.64,68807.47,2,1,0,1
15814116,Castiglione,France,Female,42,583,0.0,144039.05,2,0,0,0
15665087,Bergamaschi,Germany,Female,26,595,118547.72,151192.18,1,1,0,1
15611189,Allingham,Spain,Male,43,670,97792.21,120225.62,1,0,0,1
15729718,Stelzer,France,Male,41,610,0.0,56118.81,3,0,1,0
15733602,Rubin,Spain,Female,72,814,0.0,130853.03,2,1,0,0
15620103,Ho,France,Female,40,660,167181.01,185156.94,1,1,0,1
15770406,Watson,Germany,Male,35,580,121355.19,35671.45,1,1,0,1
15800554,Perry,France,Female,81,850,0.0,59568.24,2,1,0,0
15611409,Sun,Spain,Male,35,676,0.0,139911.58,2,0,0,0
15646535,Harrell,France,Male,46,578,113226.47,56770.76,1,0,0,1
15575430,Robson,France,Female,33,579,118392.75,157564.75,1,1,0,1
15711299,Wilson,Germany,Female,52,711,145262.54,131473.31,1,1,0,1
15642063,Kelechi,France,Male,40,692,163505.16,90424.09,1,0,0,1
15706602,Bates,Spain,Female,33,760,118114.28,156660.21,2,1,0,1
15592773,Eberegbulam,Germany,Female,51,630,108449.23,88372.69,3,0,1,1
15786539,Olisaemeka,France,Male,32,808,0.0,46200.71,2,1,0,0
15737542,Davey,Germany,Female,36,611,103294.56,160548.12,1,0,0,1
15590234,De Luca,France,Female,42,697,0.0,1262.83,1,0,1,0
15773776,Ho,France,Female,38,655,0.0,188639.28,1,1,0,0
15728082,Vasiliev,Spain,Male,28,601,0.0,14665.28,2,0,0,0
15609987,Smith,France,Male,42,755,119919.12,156868.21,1,0,0,1
15735330,Sung,France,Male,37,553,0.0,30461.55,1,0,0,0
15649430,White,France,Male,28,723,0.0,123885.88,2,1,0,0
15768777,Wang,Spain,Female,34,507,0.0,60688.38,2,1,0,0
15777893,Davide,France,Male,43,777,0.0,21785.91,2,0,0,0
15791326,Nnamdi,France,Male,34,566,0.0,188135.69,1,0,0,0
15615176,Welsh,France,Male,26,732,0.0,154364.66,2,0,0,0
15735221,Sousa,France,Female,42,697,0.0,61312.15,2,0,0,0
15617991,Andrews,France,Male,29,555,128744.04,47454.93,1,1,0,1
15658504,Chiawuotu,Germany,Female,62,584,137727.34,121102.9,2,1,0,1
15785705,Thomson,Germany,Female,44,705,106731.58,137419.87,1,0,1,1
15801817,Carpenter,France,Female,38,688,123544.21,157664.02,1,1,0,1
15752578,Yefimova,France,Female,37,626,133968.96,148689.65,2,0,0,1
15781574,Ma,Spain,Male,76,636,126534.6,39789.62,1,1,0,1
15792107,Black,Spain,Female,35,719,0.0,165162.4,1,1,0,0
15569917,Obijiaku,Spain,Male,30,706,87609.68,137674.55,2,0,1,1
15721504,King,Spain,Male,41,731,0.0,101371.72,2,0,0,0
15757306,Miller,Spain,Male,49,738,0.0,65066.48,3,1,1,0
15647295,Chin,France,Male,34,426,0.0,107876.91,2,0,0,0
15642098,Cox,Spain,Female,36,622,108960.0,111180.3,2,0,1,1
15696120,Wallace,Spain,Female,30,701,0.0,115650.63,2,0,0,0
15675176,Price,France,Male,51,512,144953.31,165035.17,1,1,0,1
15700046,Yuan,France,Male,41,635,103544.88,193746.55,2,0,0,1
15782089,Mullen,France,Male,33,685,0.0,58458.26,1,0,0,0
15706394,Howell,France,Male,53,609,0.0,52332.85,2,1,0,0
15759387,McIntosh,Germany,Male,38,598,101487.18,75959.1,1,1,1,1
15623369,Clifton,France,Male,52,708,105355.81,123.07,1,0,1,1
15732943,Okwuoma,Spain,Male,36,574,77967.5,167066.95,1,0,1,1
15750545,Chidiebere,France,Male,44,629,0.0,117572.59,4,0,1,0
15809909,Fan,Spain,Female,54,422,0.0,7166.71,2,1,0,0
15642448,Onyemauchechukwu,Spain,Male,28,656,120047.77,137173.39,1,1,0,1
15791944,Harker,France,Male,32,697,175464.85,116442.42,3,0,1,1
15768342,Bolton,France,Male,52,718,79475.3,32421.32,3,1,1,0
15567919,Lazarev,Germany,Male,37,586,167735.69,104665.79,2,1,0,1
15674750,Alexeyeva,Spain,Female,37,481,0.0,44215.86,2,0,0,0
15778345,Stevens,France,Female,33,749,74385.98,20164.47,1,0,0,1
15687634,Glover,Germany,Male,49,561,94754.0,26691.31,1,1,0,1
15666096,Ibekwe,Spain,Male,27,676,0.0,107955.67,1,1,0,0
15581700,Paterson,Germany,Male,43,615,86920.86,150048.37,1,1,0,1
15656417,Marsh,France,Female,39,582,132077.48,192255.15,2,0,0,1
15649101,Reeves,France,Male,40,601,127847.86,173245.68,1,0,0,1
15781975,Rees,France,Male,34,708,0.0,121457.88,1,1,1,0
15700511,Hanson,Germany,Male,42,708,176702.36,104804.74,2,1,0,1
15770255,Onwughara,Germany,Female,33,797,83555.58,69767.14,1,0,0,1
15643574,Odinakachukwu,France,Male,26,682,0.0,178373.43,2,0,0,0
15595010,Huang,Spain,Female,39,694,0.0,99924.04,2,0,0,0
15580579,Trevisani,France,Female,40,490,0.0,49594.19,1,1,1,0
15748532,Dale,Spain,Male,42,828,0.0,186071.14,1,1,0,0
15773789,Pavlova,Spain,Female,38,594,96858.35,77511.45,1,0,0,1
15600027,Meng,Spain,Male,33,579,0.0,54816.57,2,1,0,0
15620832,Dean,France,Female,35,723,0.0,61290.99,2,1,0,0
15568819,Chiganu,Germany,Female,42,619,132796.04,191821.35,3,1,1,1
15748691,Lung,Spain,Female,30,794,154970.54,156768.45,1,1,0,1
15583552,Donaldson,Germany,Male,44,674,88902.21,73731.32,1,0,0,1
15588019,Li Fonti,France,Male,28,418,98738.92,122190.22,1,0,0,1
15713250,Izmailova,France,Male,33,502,0.0,123509.01,2,1,0,0
15569595,Walker,France,Female,50,678,0.0,8199.5,1,0,0,0
15794868,Nnonso,Germany,Male,40,599,137456.28,14113.11,2,1,0,1
15576680,Stevenson,France,Male,29,736,0.0,51705.01,2,0,0,0
15613699,Schnaars,France,Female,60,430,73937.02,161937.62,1,0,1,1
15609758,Geoghegan,France,Female,45,537,158621.04,120892.96,1,0,1,1
15762392,Ilyina,Spain,Male,30,683,113257.2,65035.02,1,1,0,1
15693382,Muir,France,Male,31,828,0.0,164257.37,1,1,0,0
15791769,Gardener,France,Female,29,691,116536.43,51987.99,1,0,0,1
15712483,Chidi,Spain,Female,28,608,0.0,10899.63,2,0,1,0
15636454,Fu,France,Female,60,691,101070.69,177355.8,1,0,1,1
15710138,Sun,Spain,Male,39,718,0.0,63889.1,2,1,0,0
15571571,Ting,Germany,Female,31,680,127331.46,176433.6,3,1,0,1
15638751,Ashton,Spain,Female,41,838,0.0,81313.51,2,0,0,0
15598574,Uwakwe,Spain,Female,31,695,0.0,13998.88,2,1,0,0
15796787,Vassiliev,France,Male,46,681,105969.42,5771.56,1,0,0,1
15615670,Kazakova,France,Male,36,762,119547.46,42693.65,1,1,0,1
15705506,Perry,Spain,Male,38,751,0.0,90839.61,2,0,0,0
15599535,Howell,Spain,Male,28,678,138668.18,54144.01,1,1,0,1
15768449,Ricci,France,Female,37,634,51582.5,184312.88,2,1,0,1
15725002,Smith,France,Male,37,749,0.0,20306.79,2,0,0,0
15611682,Rossi,Spain,Male,37,590,169902.92,128256.18,1,1,0,1
15749964,Jones,France,Female,27,610,87262.4,182720.07,2,0,0,1
15678779,Quezada,France,Male,33,502,0.0,4082.52,2,1,0,0
15752601,McCulloch,France,Female,40,578,0.0,102233.73,2,0,0,0
15758477,Tobeolisa,France,Female,32,547,0.0,132002.83,2,0,0,0
15629133,Black,France,Female,27,579,0.0,126838.7,2,0,0,0
15604963,Fraser,France,Male,39,661,0.0,181461.46,2,0,0,0
15796413,Green,France,Male,46,794,0.0,195325.74,2,0,0,0
15812470,Allan,France,Male,61,719,0.0,29132.43,2,1,0,0
15587443,Akudinobi,France,Female,69,728,0.0,131804.86,2,1,0,0
15689692,Walker,Germany,Male,19,598,150348.37,173784.04,1,1,0,1
15779586,Olisaemeka,Germany,Female,46,822,115074.02,26249.86,2,0,0,1
15667588,Arcuri,Spain,Female,40,670,0.0,182650.15,1,1,0,0
15624423,Liu,France,Male,28,850,99986.98,196582.55,1,0,0,1
15591107,Flemming,Germany,Female,68,723,110357.0,141977.54,1,0,1,1
15748986,Bischof,Germany,Male,42,705,166685.92,55313.51,2,1,0,1
15793896,John,Spain,Male,40,677,95312.8,62944.75,1,1,0,1
15620570,Sinnett,France,Male,43,736,202443.47,72375.03,1,0,0,1
15727811,Ts'ui,Germany,Female,47,661,109493.62,188324.01,1,0,1,1
15707681,Pokrovsky,Germany,Male,38,501,88977.39,133403.07,2,1,0,1
15702030,Azarov,France,Female,29,516,104982.57,157378.5,1,0,0,1
15673238,McCarthy,Germany,Female,59,517,154110.99,101240.08,2,0,1,1
15604196,Simpson,France,Male,32,766,185714.28,102502.5,1,1,0,1
15769356,Stevenson,Germany,Female,23,520,116022.53,37577.66,2,1,0,1
15665590,Moore,France,Male,46,541,0.0,83456.67,2,1,0,0
15572361,Chill,Germany,Female,34,790,164011.48,199420.41,1,0,0,1
15667460,Moore,France,Male,31,797,0.0,24748.89,2,1,0,0
15654760,Su,France,Male,40,811,101514.89,121765.0,1,1,0,1
15632669,Rees,Spain,Female,32,722,0.0,113666.48,2,1,0,0
15613673,Lung,France,Male,28,675,0.0,134110.93,1,0,0,0
15698522,Thomas,Germany,Male,39,660,134599.33,183095.87,2,0,0,1
15741633,Fuller,Spain,Male,32,566,147511.26,159891.03,1,1,0,1
15674583,Trevisani,France,Male,25,768,78396.08,8316.19,1,1,0,1
15665374,Dumolo,Spain,Female,31,610,0.0,63736.36,2,0,0,0
15588854,Wu,France,Female,31,715,110581.29,94715.24,1,1,0,1
15810716,Kerr,Germany,Male,42,750,151836.36,68695.38,2,0,0,1
15776921,Geoghegan,Germany,Male,45,431,83624.55,36899.62,2,0,0,1
15569394,Bailey,France,Male,24,704,148197.15,182775.08,2,0,0,1
15788215,Hsia,Spain,Female,30,535,122924.75,62390.59,1,0,1,1
15641007,Holden,France,Female,38,614,72594.0,76042.48,1,1,0,1
15594651,Milani,France,Male,38,748,115221.36,70956.75,1,1,0,1
15575146,Jamieson,Germany,Male,51,492,117808.74,67311.12,2,1,0,1
15608916,Ndubueze,France,Male,40,573,147754.68,110454.46,1,1,0,1
15666297,Abramova,Spain,Female,53,706,0.0,88479.02,3,0,1,0
15598586,Wetherspoon,France,Male,31,680,113292.17,122639.73,1,1,0,1
15665014,Middleton,Spain,Male,36,458,0.0,79723.78,2,0,0,0
15701738,Arcuri,Germany,Male,44,612,115163.38,97677.52,1,1,1,1
15650591,Calabrese,Germany,Male,50,809,118098.62,100720.02,1,1,1,1
15652667,Hampton,France,Male,39,590,0.0,104730.52,2,1,0,0
15679622,Clayton,France,Male,35,602,0.0,22499.29,1,1,0,0
15730150,Otutodilichukwu,Spain,Male,37,540,120825.7,28257.89,1,0,0,1
15813192,Chukwuemeka,France,Male,25,494,0.0,109988.09,2,1,0,0
15606554,Douglas,France,Male,29,797,0.0,149991.32,1,1,0,0
15611794,Galloway,Germany,Male,61,526,133845.28,45180.8,2,1,0,1
15672357,Sochima,Spain,Male,38,631,0.0,181605.85,2,0,0,0
15711759,Wilkins,France,Female,29,576,108541.04,126469.09,1,1,0,1
15615296,Rice,France,Male,39,405,0.0,160810.85,1,0,1,0
15699294,Pope,France,Male,30,555,0.0,88146.86,2,0,0,0
15788634,Romani,Spain,Female,37,750,113817.06,88333.74,1,0,0,1
15660871,Ch'ang,France,Male,28,665,137300.23,90174.83,1,0,0,1
15618258,Chizuoke,Spain,Male,37,640,158024.38,81298.09,1,0,0,1
15722535,Ireland,France,Female,33,457,127837.54,60013.17,1,1,0,1
15711977,Finch,France,Male,36,695,161533.0,100940.91,1,0,0,1
15690169,Meng,France,Male,31,645,161171.7,12599.94,2,0,1,1
15790689,Hibbins,Spain,Male,32,647,80958.36,128590.73,1,1,0,1
15665181,Chung,Spain,Male,25,808,0.0,23180.37,2,1,0,0
15633608,Black,France,Male,33,641,146193.6,55796.83,2,1,1,1
15805261,Balashov,Spain,Male,29,700,0.0,152097.02,2,1,0,0
15740356,Palmer,Germany,Male,26,660,115021.76,162443.05,1,1,0,1
15808223,Lea,Spain,Male,41,615,126773.43,55551.26,1,1,0,1
15769980,Singleton,Germany,Female,40,705,92889.91,109496.69,1,1,0,1
15675450,Burt,France,Male,48,718,0.0,72105.63,2,1,0,0
15776494,Siciliano,France,Male,61,754,146622.35,41815.22,1,1,1,1
15592412,Sun,Germany,Male,45,713,131038.14,74005.04,1,0,1,1
15777452,Sauve,France,Female,46,587,88820.29,70224.34,1,0,0,1
15692258,Thompson,Spain,Male,31,569,115406.97,145528.22,1,0,0,1
15791045,Boni,France,Female,38,568,132951.92,124486.28,1,1,0,1
15807889,Wood,Germany,Male,74,634,108891.7,10078.02,1,0,0,1
15602043,Buccho,Germany,Female,46,770,141788.63,164967.21,2,0,0,1
15807335,Spencer,Spain,Female,64,676,116954.32,91149.48,1,1,0,1
15629985,Eidson,Germany,Female,47,723,90450.0,103379.31,2,0,1,1
15679453,Hung,Germany,Female,39,614,125997.22,128049.34,1,1,1,1
15637315,Melvin,Spain,Female,41,601,0.0,54342.83,2,0,0,0
15691513,Dawkins,France,Male,60,592,0.0,13614.01,4,1,1,0
15622289,Rizzo,Spain,Female,36,605,0.0,35521.63,2,1,0,0
15715184,Capon,Spain,Female,31,752,144637.86,40496.72,2,0,0,1
15702801,Ts'ao,France,Female,29,677,86616.35,91903.9,1,0,1,1
15719931,Johnstone,France,Male,31,850,0.0,178667.7,2,0,0,0
15806081,Fleming,Germany,Female,48,608,127924.25,32202.61,2,0,0,1
15796336,Chang,Spain,Female,34,786,0.0,117034.32,2,0,0,0
15647306,Gibbs,France,Female,29,777,131240.61,163746.09,1,1,1,1
15742369,Rita,Spain,Male,31,667,0.0,20346.69,2,1,0,0
15655859,Munro,Spain,Male,35,848,120046.74,84710.65,2,0,0,1
15675650,Duncan,France,Female,39,486,97819.36,120531.31,1,1,0,1
15574119,Okwuadigbo,Spain,Female,64,598,62979.93,152273.57,1,1,0,1
15754168,McIntosh,France,Female,40,506,0.0,144345.58,1,1,0,0
15763029,Ch'iu,Germany,Male,46,612,161450.03,96961.0,1,1,1,1
15765048,Watt,France,Male,30,545,0.0,170307.43,2,0,0,0
15786215,Udinese,France,Male,56,793,119496.25,29880.99,2,0,0,1
15707559,Clark,France,Female,30,682,0.0,195104.91,2,1,0,0
15582129,Hsia,France,Male,62,517,43772.66,187756.24,3,0,1,1
15687540,Obiuto,France,Male,32,684,100249.41,67599.69,2,1,0,1
15787196,T'ien,Spain,Male,46,692,0.0,105983.09,2,1,0,0
15670898,McKenzie,France,Female,60,740,108028.08,25980.42,2,0,1,1
15775433,Tang,Germany,Male,71,666,53013.29,112222.64,2,1,0,1
15700693,Tu,France,Male,68,693,0.0,59864.96,2,1,0,0
15677955,Tsui,Germany,Male,33,757,122088.67,42581.09,1,0,0,1
15570086,Lynch,Germany,Male,18,684,90544.0,4777.23,1,1,0,1
15794875,Hung,Spain,Male,35,691,0.0,178038.17,2,1,0,0
15673591,Oluchukwu,France,Male,44,842,141252.18,128521.16,4,1,1,1
15631756,Tuan,France,Female,35,482,147813.05,109029.72,2,0,0,1
15757617,Lewis,France,Male,55,735,134140.68,2267.88,1,0,0,1
15612729,Chidiebere,France,Female,63,681,0.0,55054.48,2,1,0,0
15637857,Woolacott,France,Female,31,616,0.0,76456.17,1,1,0,0
15681007,Yen,France,Female,35,850,128548.49,75478.95,4,0,1,1
15593622,Service,France,Male,43,635,122198.21,179144.54,2,1,0,1
15629273,Lin,Germany,Male,42,638,145177.84,193471.74,1,0,1,1
15765846,Chuang,Spain,Female,31,820,94222.53,103570.8,1,0,0,1
15596013,Akhtar,Germany,Female,58,694,143212.22,102628.56,1,0,1,1
15722473,Faulkner,France,Male,41,713,0.0,55772.04,2,0,0,0
15774936,Liang,Germany,Male,41,543,143350.41,192070.16,1,1,1,1
15685640,Dancy,France,Female,41,649,130931.83,144808.37,1,1,0,1
15566563,Duigan,France,Female,30,777,137851.31,5008.23,1,0,1,1
15768746,McLean,France,Male,33,561,0.0,173680.39,2,0,0,0
15689952,Zuyeva,Spain,Male,41,724,0.0,115753.94,1,1,0,0
15725906,Hankinson,Spain,Female,51,665,0.0,38928.48,1,1,1,0
15634501,Wei,France,Male,60,441,140614.15,174381.23,1,1,0,1
15571940,Afamefula,Spain,Male,22,579,118680.57,49829.8,1,1,0,1
15741643,Chiang,Germany,Male,35,777,122917.69,76169.68,1,1,0,1
15806822,Myers,France,Female,36,739,0.0,133465.57,2,0,0,0
15701166,Chinedum,France,Male,40,660,131754.11,38761.61,2,1,0,1
15718531,Ukaegbunam,France,Female,35,554,0.0,176779.46,2,1,0,0
15628308,Akubundu,France,Female,24,850,0.0,13159.9,2,1,0,0
15585287,Sal,Germany,Female,35,842,119948.09,48217.97,1,0,1,1
15781619,Stevenson,France,Female,38,785,0.0,134964.85,1,0,1,0
15805162,Sutherland,France,Male,25,550,0.0,184221.11,2,1,0,0
15588535,Ts'ao,Spain,Female,39,750,0.0,19264.33,2,0,0,0
15775307,Sung,Spain,Female,38,490,97266.1,92797.23,1,1,0,1
15777616,Pisani,Germany,Male,28,605,113690.83,33114.24,1,0,0,1
15692291,Hs?eh,Spain,Female,42,563,99056.22,154347.95,2,0,1,1
15680843,Sherrod,France,Male,34,675,0.0,184842.21,2,1,0,0
15606232,Holloway,Spain,Female,36,621,116338.68,155743.48,1,1,0,1
15641585,Newton,France,Male,40,850,97339.99,88815.25,1,1,0,1
15684358,Kang,France,Male,41,711,0.0,193747.57,2,1,0,0
15806389,Walton,Germany,Female,55,549,137592.31,116548.02,2,1,1,1
15641860,Bradley,Germany,Male,34,764,108760.27,166324.79,2,0,1,1
15814237,Watkins,Germany,Male,30,627,128770.88,40199.01,2,1,0,1
15808780,Tien,France,Female,34,850,0.0,51919.04,2,0,0,0
15767064,Davide,Spain,Female,36,614,44054.84,73329.08,1,1,0,1
15751177,Milne,Germany,Female,44,685,119657.53,145387.05,1,0,1,1
15613427,Barling,Germany,Female,49,683,108797.63,140763.18,2,0,0,1
15647259,Barnett,Spain,Male,35,643,0.0,67979.35,2,0,0,0
15748660,Ellis,Germany,Female,49,561,102025.32,133051.64,1,0,1,1
15726695,Hsia,Spain,Female,20,601,122446.61,86791.9,2,0,0,1
15757473,Chukwujamuike,France,Female,27,766,158786.67,47579.25,2,1,0,1
15809509,Venables,France,Male,29,699,125689.29,151623.71,1,1,0,1
15715512,Hsia,Germany,Male,29,850,154640.41,164039.51,1,1,0,1
15614168,Alexander,Germany,Female,50,792,146710.76,16528.4,1,0,1,1
15679818,Yuan,Germany,Male,67,636,136709.35,66753.1,1,1,1,1
15609928,Johnston,Germany,Male,43,850,129305.09,19244.58,2,1,0,1
15731246,Hobler,Spain,Male,40,628,0.0,103832.58,2,0,0,0
15685243,Jamieson,France,Female,63,736,0.0,502.7,2,1,0,0
15638730,Macleod,France,Female,21,711,82844.33,1408.68,2,1,0,1
15697034,Norris,Spain,Female,22,583,0.0,5985.36,2,1,0,0
15699225,Pirozzi,France,Male,46,757,0.0,37460.05,2,0,0,0
15677387,Folliero,Germany,Female,33,749,76692.22,30396.43,1,1,0,1
15759184,Russell,France,Male,34,705,117715.84,2498.67,1,0,0,1
15595991,Hsiung,France,Male,54,585,87105.32,55346.14,1,1,0,1
15681332,Tate,France,Female,43,437,0.0,148330.97,1,0,1,0
15756299,Davis,France,Female,64,741,69311.16,59237.72,1,1,0,1
15750547,Bair,France,Male,26,738,0.0,48644.94,2,1,0,0
15566380,Drury,Spain,Female,33,586,66948.67,140759.03,2,1,0,1
15675963,Padovano,France,Female,57,627,0.0,107712.42,2,1,0,0
15674671,Conway,Spain,Male,76,551,128410.71,181718.73,2,1,0,1
15621466,Waters,Germany,Male,38,606,99897.53,37054.65,1,0,0,1
15607176,Kang,France,Male,22,674,0.0,173940.59,1,1,0,0
15570299,Martin,Germany,Female,31,584,152622.34,99298.8,1,0,0,1
15613197,Ugochukwutubelum,France,Male,40,590,0.0,62933.03,2,0,0,0
15798885,Burns,France,Male,56,585,138227.19,55287.84,2,1,0,1
15714883,Genovese,France,Female,25,508,111395.53,48197.06,1,1,0,1
15604497,Beale,Germany,Male,44,458,84386.57,178642.73,1,0,0,1
15773949,Cherkasova,France,Female,36,692,0.0,8282.22,2,1,0,0
15774164,Coles,Germany,Male,33,502,174673.65,33300.56,2,0,0,1
15774127,Potter,France,Male,46,518,0.0,76515.79,2,0,0,0
15619016,McMinn,Germany,Male,46,660,109019.65,33680.56,2,1,0,1
15795759,Bergamaschi,Germany,Female,52,698,107906.75,168886.39,1,0,1,1
15798844,Chijindum,France,Male,54,678,128914.97,191746.23,1,0,1,1
15717962,Ch'iu,Spain,Male,63,773,111179.83,93091.02,1,1,0,1
15691504,Yusupova,Germany,Female,52,619,124099.13,23904.52,1,0,0,1
15693893,Davis,Germany,Male,59,684,122471.09,15807.07,1,1,0,1
15672499,Iadanza,France,Male,34,635,134692.4,83773.02,2,1,0,1
15750410,Jordan,France,Female,25,680,123816.5,90162.35,1,1,0,1
15568904,Kruglova,Germany,Male,34,608,106288.54,36639.25,1,1,0,1
15649033,Echezonachukwu,Germany,Female,55,603,127723.25,139469.11,2,0,1,1
15780989,Hajek,Spain,Male,43,579,145843.82,198402.37,1,1,1,1
15771059,Welch,Germany,Female,34,756,148200.72,194584.48,1,0,0,1
15687852,Vinogradoff,France,Male,30,611,104145.65,159629.64,1,0,0,1
15695280,Hung,Germany,Male,24,532,142755.25,34231.48,1,0,0,1
15592751,Okwudiliolisa,Germany,Female,63,684,81245.79,69643.31,1,0,1,1
15598338,Mays,Germany,Female,33,647,168560.46,90270.16,2,0,0,1
15735784,Gardner,France,Male,38,583,0.0,47848.56,1,0,0,0
15629128,Mamelu,Germany,Male,42,774,132193.94,162865.52,2,1,0,1
15642870,Ross,France,Male,58,677,0.0,168650.4,1,1,0,0
15637977,Barese,Germany,Male,25,542,139330.1,54372.37,1,0,0,1
15600792,Swayne,Spain,Male,29,613,0.0,133897.32,2,1,0,0
15576131,Phillips,France,Male,40,666,0.0,147878.05,2,0,0,0
15686588,Manfrin,France,Female,28,777,134571.5,118313.38,1,1,0,1
15761018,Tan,Germany,Male,50,581,143829.2,181224.24,2,0,1,1
15616029,Adams,France,Male,32,705,0.0,7921.57,2,0,0,0
15761149,Teng,France,Female,44,673,133444.97,5708.19,1,1,0,1
15802758,Chinwendu,Germany,Female,23,594,104753.84,56756.52,2,0,1,1
15647838,Davison,Germany,Female,51,648,116574.84,4121.04,1,0,1,1
15735968,Hsing,France,Male,41,605,0.0,97213.09,2,1,0,0
15581286,Castro,France,Female,40,734,176914.8,12799.23,1,1,0,1
15625445,Parkin,France,Female,36,572,68348.18,50400.32,2,1,0,1
15600173,Manna,France,Female,33,595,0.0,41447.86,2,1,0,0
15635143,Fennescey,France,Male,42,749,56726.83,185543.35,2,1,0,1
15664849,Colon,Spain,Male,46,573,65269.23,189988.65,1,1,1,1
15762455,Yeh,Spain,Male,33,624,66220.17,170819.01,1,1,0,1
15797165,Bergamaschi,France,Male,56,703,0.0,85547.33,1,0,1,0
15788189,Matveyeva,France,Female,41,665,96147.55,137037.97,1,0,0,1
15780492,Ignatyeva,France,Male,42,648,0.0,19283.14,2,0,0,0
15678497,Lederer,Spain,Male,48,850,0.0,169425.3,1,0,1,0
15588560,Nwabugwu,Germany,Female,32,569,145330.43,132038.65,1,1,0,1
15606003,Abramowitz,France,Female,21,566,0.0,3626.47,2,1,0,0
15611756,Chapman,Germany,Female,47,537,124192.28,50881.51,2,1,0,1
15789563,Fiorentino,Germany,Female,46,706,111288.18,149170.25,1,1,1,1
15702416,Cecil,France,Male,43,734,107805.67,182505.68,1,0,0,1
15766288,Ikechukwu,Germany,Female,36,586,103700.69,194072.56,1,0,1,1
15667633,Allen,France,Female,38,612,0.0,9209.21,2,1,0,0
15622774,Kao,France,Male,34,648,0.0,167931.81,1,1,0,0
15755416,Hart,France,Female,27,557,87739.08,123096.56,1,1,0,1
15769915,Charlton,Spain,Female,20,643,133313.34,3965.69,1,1,0,1
15643908,Turnbull,France,Female,49,433,0.0,87711.61,1,1,0,0
15627395,Manners,Germany,Male,41,643,154902.66,49667.28,1,1,0,1
15679663,Chiazagomekpere,France,Female,36,488,0.0,136675.22,2,0,0,0
15651581,Lavrentyev,Germany,Male,68,758,112595.85,35865.44,1,0,1,1
15596379,Wallace,Germany,Male,39,743,119695.75,26136.13,1,1,0,1
15746674,Miller,France,Female,47,730,0.0,33373.26,1,0,1,0
15801256,Bazhenov,Spain,Male,49,746,0.0,10096.25,2,1,0,0
15663808,Ifesinachi,Germany,Female,59,666,152614.51,188782.3,2,1,0,1
15598521,Ma,Germany,Female,33,580,131647.01,79775.19,2,0,0,1
15621457,Chu,France,Male,27,850,96654.72,152740.16,2,0,0,1
15764726,Kerr,France,Male,22,563,137583.04,5791.85,1,1,0,1
15646374,Wynne,Germany,Female,28,766,62717.84,13182.43,2,1,0,0
15716501,Moon,France,Male,32,659,95377.13,187551.24,1,1,0,1
15589948,Disher,Spain,Male,28,607,135936.1,110560.14,2,1,0,1
15811343,Cattaneo,Germany,Male,35,644,161591.11,63795.62,3,1,0,1
15659677,Beluchi,France,Male,47,746,142382.03,62086.62,1,1,0,1
15594436,Mazzi,Spain,Male,33,588,0.0,12483.56,2,1,0,0
15748995,Ifeajuna,Spain,Male,30,691,0.0,10963.04,2,1,0,0
15677062,Howe,France,Female,38,666,127043.09,8247.0,1,1,0,1
15697201,Yocum,Spain,Female,46,640,0.0,156260.08,1,1,0,0
15666453,Moore,Germany,Female,29,611,78885.88,26927.69,2,1,0,1
15693771,Y?an,Spain,Female,45,651,95922.9,84782.42,1,0,1,1
15569867,Chinweuba,France,Female,29,529,0.0,19842.11,2,0,0,0
15711602,Lowrie,France,Female,36,676,91711.59,95393.43,1,1,0,1
15717736,Shen,Germany,Female,46,639,110031.09,133995.59,2,1,0,1
15750441,Lavarack,France,Male,36,782,81210.72,108003.38,2,1,0,1
15732791,Davide,Germany,Male,32,641,122947.92,99154.86,1,1,0,1
15775104,Gomes,France,Female,38,697,182065.85,49503.5,1,0,0,1
15757607,Matveyeva,France,Male,45,623,0.0,196533.72,1,0,1,0
15793070,Fiorentino,Spain,Female,41,494,69974.66,188426.13,2,0,1,1
15760456,Eberechukwu,France,Female,38,731,123711.73,171340.68,2,0,1,1
15665385,Gibney,France,Male,44,657,76495.04,79071.89,1,0,0,1
15612418,Virgo,France,Female,38,744,0.0,20940.76,2,0,0,0
15727138,Kulikova,Spain,Male,46,774,0.0,34774.26,2,1,0,0
15732061,Liu,Germany,Female,45,850,121874.89,6865.41,1,0,1,1
15776051,Kao,France,Female,45,551,0.0,51143.43,2,1,0,0
15616530,Foran,France,Male,36,638,188455.19,47031.4,1,0,1,1
15632344,Jones,France,Female,42,792,99045.93,47160.01,2,0,0,1
15744979,Fowler,France,Female,36,666,0.0,158666.99,1,1,0,0
15745433,Conti,Germany,Female,30,716,205770.78,65464.66,2,0,0,1
15683657,Stephenson,France,Female,31,594,79340.95,78255.86,1,0,0,1
15718572,Willis,Germany,Male,57,600,138456.03,103548.25,2,1,0,1
15665783,Ts'ui,France,Male,49,565,0.0,89609.26,2,1,0,0
15652782,Chibuzo,Germany,Male,48,678,101099.9,193476.04,2,1,0,1
15707025,Fang,Spain,Female,31,648,0.0,5199.02,2,1,0,0
15647807,Wyckoff,France,Male,40,642,109219.83,52827.51,1,0,0,1
15718281,Muir,Germany,Male,67,706,123276.69,86507.88,2,1,1,1
15660571,Halpern,Spain,Male,43,668,113034.31,100423.88,1,1,0,1
15727857,Flynn,Spain,Male,41,635,0.0,175611.5,2,0,0,0
15639252,Shao,Spain,Male,30,603,129548.5,19282.85,2,1,0,1
15628144,Soares,France,Female,72,635,74812.84,27448.33,1,1,0,1
15683560,Gallo,France,Female,40,642,0.0,183963.34,2,0,0,0
15653275,Lei,Spain,Female,54,785,0.0,45113.92,2,0,1,0
15622182,Daniels,Germany,Female,28,628,153538.13,110776.01,2,0,0,1
15613962,Kenechi,France,Female,38,499,0.0,183042.2,2,1,0,0
15618437,Singleton,Spain,Male,34,567,0.0,161571.79,2,1,0,0
15783338,Williams,Spain,Male,32,449,155619.36,166692.03,1,1,0,1
15764491,Greece,Spain,Male,35,701,159693.9,71173.64,2,1,0,1
15712960,Olisanugo,Spain,Male,37,613,171653.17,5353.12,1,1,0,1
15688157,Padovano,Germany,Female,39,683,47685.47,86019.48,2,1,0,0
15579287,Rossi,France,Male,35,581,0.0,86383.82,2,1,0,0
15570931,Grant,France,Male,61,620,0.0,31641.52,1,0,1,0
15615177,Ebelegbulam,Spain,Male,28,561,123692.0,70548.96,1,1,0,1
15809906,Mitchell,Germany,Male,26,558,148853.29,24411.02,2,1,0,1
15652169,Buckley,France,Male,35,642,133161.95,122254.86,1,1,0,1
15649450,Repina,Germany,Male,24,805,143221.35,186035.72,2,0,0,1
15777179,Ellis,France,Male,35,687,0.0,73133.82,2,1,0,0
15803538,Douglas,Spain,Male,56,695,0.0,187734.49,3,0,1,0
15610936,Becher,France,Male,33,562,0.0,111590.35,2,0,0,0
15590094,Nwachukwu,Germany,Male,38,613,126265.88,15859.95,2,0,0,1
15572706,Smith,France,Male,37,589,0.0,61324.87,1,0,0,0
15634564,Aksyonov,Spain,Male,31,593,112713.34,176868.89,1,1,0,1
15684296,Artyomova,France,Male,34,714,141173.03,98896.06,1,1,0,1
15702293,Medvedeva,Spain,Female,35,588,0.0,108739.15,2,1,0,0
15642099,Tsui,Spain,Male,39,679,0.0,12266.06,2,0,0,0
15773273,Runyon,Spain,Male,38,730,118866.36,163317.5,1,1,0,1
15613337,Gallo,France,Male,47,833,0.0,182247.77,2,1,0,0
15800482,Bradshaw,Spain,Female,33,586,0.0,168261.4,2,1,0,0
15732644,Evans,Spain,Female,54,567,92316.31,158590.66,2,0,1,1
15713426,Hancock,Germany,Male,30,637,122185.53,102566.46,1,0,1,1
15640789,Butler,France,Male,38,711,123345.85,141827.83,1,0,0,1
15598892,Bradshaw,France,Male,30,828,73070.18,161671.15,2,0,0,1
15606436,Bergamaschi,Spain,Male,38,500,0.0,192013.23,2,0,0,0
15751227,Ebelegbulam,France,Male,47,807,95120.59,127875.1,1,0,0,1
15812365,Greco,France,Male,40,850,102800.65,60811.56,1,0,0,1
15616088,Lucas,France,Female,70,782,97072.42,131177.22,1,1,0,1
15803886,Barber,Spain,Male,31,629,132876.55,130862.11,1,1,0,1
15587311,Dobbs,Spain,Male,33,582,0.0,72970.93,2,1,0,0
15617401,Thomson,France,Male,22,468,0.0,28123.99,2,0,0,0
15775886,Su,France,Male,36,670,0.0,140754.19,1,0,1,0
15807305,Watkins,France,Male,39,805,0.0,166650.32,1,0,0,0
15761717,Ch'ien,France,Male,26,720,51962.91,45507.24,2,0,0,1
15628008,Monds,Spain,Female,29,781,98759.89,112202.64,1,0,0,1
15583755,McClemans,Germany,Male,33,592,156570.86,37140.2,1,1,0,1
15661409,Shen,France,Female,42,542,0.0,178256.58,1,1,1,0
15774250,Gallo,France,Male,42,532,159024.71,100982.93,1,0,1,1
15681476,Foveaux,France,Female,39,520,73493.17,109626.13,1,1,1,1
15654870,Longo,France,Female,45,759,0.0,99251.24,2,1,0,0
15790448,Calabresi,France,Female,35,473,69617.36,143345.69,1,0,0,1
15785326,Randall,Spain,Female,35,639,136526.26,59653.03,2,0,0,1
15592854,Garcia,France,Male,25,705,113736.27,196864.61,1,1,0,1
15617486,Sullivan,France,Male,52,530,106723.28,109960.4,1,0,1,1
15806796,Higgins,Germany,Female,33,516,138847.9,127256.7,1,1,0,1
15644699,Crawford,France,Female,40,850,0.0,1099.95,2,0,0,0
15622305,Martin,Germany,Female,33,746,107868.14,146192.4,2,1,0,1
15608209,Currey,Germany,Male,33,622,96926.12,48553.77,2,0,0,1
15626898,Teng,France,Male,30,743,77599.23,144407.1,1,0,0,1
15644297,Austin,Germany,Male,38,732,178787.54,195760.53,1,1,0,1
15731569,Hudson,France,Male,81,850,0.0,44827.47,2,1,0,0
15582149,Ts'ui,Germany,Female,34,850,129668.43,88743.99,2,1,0,1
15802483,Hancock,France,Male,34,686,146178.13,88837.11,2,1,0,1
15686999,Nicholas,France,Female,40,556,0.0,62112.7,2,0,0,0
15772479,Napolitano,France,Male,37,673,0.0,163563.07,2,0,0,0
15778884,Jamieson,France,Female,38,809,154763.21,174800.31,2,1,0,1
15623630,Foster,Germany,Female,56,634,116251.24,42429.88,1,1,1,1
15774316,Moretti,France,Male,37,630,0.0,82647.65,2,1,0,0
15695097,Chiedozie,Germany,Female,30,564,100954.88,134175.15,2,0,0,1
15645404,Okwukwe,France,Female,51,625,124620.01,92243.94,2,0,1,1
15750574,Lumholtz,Spain,Female,34,677,0.0,6175.53,2,1,0,0
15636812,Rose,France,Male,40,583,112701.04,29213.63,1,0,0,1
15712068,Wan,Spain,Male,45,592,84692.5,67214.02,1,1,0,1
15652030,De Bernales,Germany,Male,49,637,108204.52,169037.84,1,0,1,1
15577398,Ch'eng,France,Male,30,850,86449.39,188809.23,1,1,0,1
15756848,Edmondson,Spain,Male,42,633,0.0,79408.17,1,1,0,0
15806929,Ch'ien,Germany,Male,36,751,73194.99,89222.66,1,1,0,1
15656005,Millar,Germany,Male,31,592,124593.23,86079.67,1,0,0,1
15722632,Dickson,Germany,Male,50,716,119655.77,12944.17,1,1,1,1
15794356,Toscani,Germany,Male,42,641,121765.37,166516.84,2,1,0,1
15659656,Pan,France,Male,35,849,110837.73,126419.8,1,0,0,1
15588341,Chigozie,Spain,Male,47,647,99835.17,89103.05,1,1,0,1
15709142,Sagese,Germany,Female,30,608,91057.37,132973.17,2,0,0,1
15627042,Reilly,France,Female,26,555,0.0,93122.41,2,0,0,0
15627517,Taylor,Spain,Male,27,497,149400.27,167522.19,1,0,0,1
15803032,Yen,Germany,Male,38,599,89111.63,157239.6,1,0,0,1
15665129,Kapustin,Germany,Male,33,545,132527.9,107429.71,2,1,0,1
15628272,Singh,France,Female,36,774,114997.42,75304.09,1,0,0,1
15678206,Yeh,France,Male,46,464,161798.53,182944.47,1,0,0,1
15678427,Genovese,Germany,Female,27,696,96129.32,5983.7,2,1,0,1
15678067,Boyle,Spain,Male,45,667,0.0,163655.01,2,0,0,0
15793331,Blair,France,Male,32,812,133050.97,89385.92,2,0,0,1
15699532,Okagbue,France,Male,51,516,120124.35,168773.54,2,1,0,1
15605827,Khan,France,Male,39,645,0.0,96864.36,2,0,0,0
15643635,Robertson,Spain,Male,32,664,133705.74,134455.84,1,0,0,1
15787710,Tikhonov,Spain,Female,39,427,0.0,28368.37,2,0,0,0
15614137,MacDonald,France,Female,40,685,0.0,103898.59,2,0,0,0
15754494,Ah Mouy,France,Female,33,585,152805.05,63239.65,1,0,0,1
15713440,Barese,Germany,Female,21,519,151701.45,170138.68,3,1,1,1
15803479,Winter-Irving,France,Female,67,708,0.0,3837.08,2,1,0,0
15709639,Wilson,France,Female,22,717,112465.06,92977.75,1,1,0,1
15601719,Fiorentino,Germany,Male,24,465,156007.09,191368.37,1,0,0,1
15772482,Iloerika,Germany,Male,28,829,132405.52,104889.2,3,0,1,1
15591489,Davison,France,Male,26,826,142662.68,60285.3,1,0,0,1
15629002,Hamilton,Germany,Male,36,747,102603.3,180693.61,2,1,0,1
15798053,Nnachetam,Spain,Male,32,707,0.0,126475.79,2,0,0,0
15753895,Blue,Spain,Male,37,590,0.0,133535.99,2,0,0,0
15595426,Madukwe,Spain,Male,57,603,105000.85,87412.24,2,1,1,1
15645815,Mills,France,Male,45,615,0.0,164886.64,2,1,0,0
15632848,Ferrari,France,Female,36,634,69518.95,116238.39,1,0,0,1
15703068,Nixon,Germany,Male,41,716,126145.54,138051.19,2,1,0,1
15791513,Manfrin,France,Male,41,647,138937.35,101617.64,1,1,1,1
15587210,McCartney,Germany,Female,44,591,113581.98,1985.41,1,0,0,1
15793803,Robinson,France,Male,34,574,112572.39,165626.6,1,0,0,1
15787756,Nkemdirim,Germany,Male,51,467,114514.71,177784.68,2,0,1,1
15723437,Sal,France,Female,35,701,0.0,65765.22,2,1,0,0
15702715,Kao,France,Female,34,747,0.0,50759.8,2,1,0,0
15809872,Ikechukwu,France,Male,32,650,84906.45,163216.48,1,0,0,1
15644295,Hargreaves,Spain,Female,39,731,126816.18,74850.93,1,1,0,1
15778694,Sievier,Germany,Female,26,638,105249.76,23491.09,2,1,0,1
15759555,Murphy,Spain,Male,41,569,0.0,134272.57,2,0,0,0
15631406,Munro,Germany,Male,50,459,109387.9,155721.15,1,0,0,1
15616676,Donnelly,Germany,Male,23,632,122478.51,147230.77,1,0,1,1
15771154,North,France,Female,73,683,137732.23,133210.44,2,1,0,1
15669491,Cruz,France,Female,46,850,157866.77,18986.12,1,1,0,1
15697691,Sinclair,France,Female,41,512,0.0,100507.81,1,1,0,0
15665180,Vasiliev,France,Female,31,616,136789.14,59346.4,1,0,1,1
15752588,Vasilyeva,France,Male,36,664,0.0,95372.64,2,1,0,0
15743051,Hamilton,France,Male,30,694,144684.03,31805.49,1,1,0,1
15571873,Sung,France,Male,24,655,107065.31,51959.82,1,1,0,1
15679743,Genovesi,France,Female,33,607,91301.72,130824.57,1,1,0,1
15769412,Atkinson,Spain,Male,39,684,207034.96,157694.76,2,0,1,1
15775124,Watterston,Spain,Male,37,763,0.0,933.38,2,1,0,0
15732113,Butters,Spain,Male,50,671,0.0,2560.11,1,1,0,0
15578141,Chien,Spain,Male,38,592,0.0,12905.89,1,1,1,0
15595874,Gorbunova,Spain,Female,36,666,0.0,176692.87,2,0,0,0
15755642,Bulgakov,France,Male,34,667,0.0,102908.63,2,1,0,0
15576526,Steele,Spain,Male,36,850,0.0,41291.05,2,1,0,0
15792489,Polyakova,Spain,Male,42,622,0.0,119127.06,2,0,0,0
15733705,Bull,France,Female,30,577,92472.1,126434.61,2,1,0,1
15807221,Weaver,Spain,Male,21,555,0.0,103901.35,2,0,0,0
15573045,Earl,France,Male,62,547,127738.75,85153.0,2,1,0,1
15756824,Giordano,Germany,Female,50,613,101242.98,12493.61,2,0,0,1
15773520,Begg,France,Female,43,672,92599.55,167336.78,2,1,0,1
15627439,Pickering,Spain,Female,36,624,0.0,186180.42,2,1,0,0
15701439,Fanucci,Spain,Female,50,698,0.0,88566.9,4,0,1,0
15785352,Chang,France,Male,37,606,82373.94,172526.9,1,0,1,1
15616525,Sopuluchi,Spain,Male,31,720,141356.47,137985.69,1,0,0,1
15717489,Martin,France,Male,23,835,0.0,19793.73,1,0,1,0
15795737,McNaughtan,Spain,Female,47,771,72664.0,107874.39,2,1,0,1
15693877,Stewart,France,Female,47,811,123365.34,171995.34,2,0,0,1
15576111,Reagan,Germany,Male,33,734,121898.58,61829.89,1,0,0,1
15595713,Heller,Spain,Male,33,548,0.0,31728.35,1,1,0,0
15808868,Nwokeocha,France,Female,31,652,103696.97,155221.05,3,0,1,1
15708193,Liu,France,Male,33,707,0.0,130866.95,2,0,0,0
15697801,Sokolova,Germany,Female,56,605,74129.18,62199.78,2,1,1,1
15770121,Bancroft,France,Female,34,623,0.0,24255.21,1,0,0,0
15800524,Nnanna,Germany,Male,29,686,185379.02,64679.07,1,0,0,1
15686236,Trevisani,Germany,Female,47,525,118087.68,88120.78,1,0,1,1
15659807,Nwachinemelu,Spain,Male,41,657,109402.13,66463.62,1,1,0,1
15736078,Ting,Germany,Female,33,730,130367.87,15142.1,1,0,1,1
15620836,Lo Duca,Germany,Female,34,816,108410.87,102908.91,2,0,0,1
15698184,Marshall,France,Female,50,484,90408.16,48170.57,2,0,0,1
15717643,Band,France,Female,34,728,90425.15,11597.69,2,1,0,1
15776596,Ferri,Spain,Female,39,730,140094.59,172450.04,1,0,1,1
15814757,Carter,Spain,Male,31,477,0.0,184061.17,2,1,0,0
15812607,Wilson,Germany,Female,46,663,95439.4,21038.58,1,1,1,1
15663888,Connor,Germany,Male,34,549,204017.4,109538.35,2,0,0,1
15748882,Reid,Spain,Male,29,714,0.0,129192.55,2,0,0,0
15690829,Sandefur,Germany,Male,49,430,137115.16,146516.86,1,0,1,1
15695819,Bidwill,Germany,Male,43,504,134740.19,181430.91,2,0,0,1
15696834,Cone,France,Female,29,530,0.0,121451.21,2,0,0,0
15797710,Saunders,Germany,Male,29,619,98955.87,131712.51,1,1,0,1
15700654,Liardet,Germany,Male,44,617,49157.09,53294.17,2,0,0,1
15583764,Wilkes,Germany,Male,31,791,130240.33,96546.55,1,0,0,1
15688849,Martin,France,Male,48,609,108019.27,184524.65,3,1,1,1
15661473,Boni,Germany,Male,51,780,126725.25,195259.31,1,0,1,1
15601030,Patel,Germany,Female,34,777,96693.66,172618.52,1,1,0,1
15789557,Howell-Price,Germany,Female,27,817,129810.6,59259.44,1,1,0,1
15745250,Simpson,France,Male,58,850,156652.13,25899.21,1,0,1,1
15590349,Rowland,France,Female,36,732,0.0,3749.0,1,0,1,0
15741693,Barnard,France,Male,40,693,130661.96,101918.96,1,1,0,1
15618446,Nnonso,France,Female,50,576,0.0,57802.62,2,1,0,0
15766552,Rossi,France,Male,37,643,0.0,142454.77,2,0,0,0
15668775,Pendred,France,Male,47,757,130747.1,143829.54,1,0,0,1
15757895,Martin,Germany,Male,30,569,106629.49,44114.88,1,1,0,1
15774551,K?,Spain,Male,36,772,112029.83,186948.35,1,1,0,1
15684011,Miller,Germany,Male,29,576,130575.26,173629.78,1,1,0,1
15736146,Afamefula,Germany,Male,28,608,96679.71,49133.45,1,1,0,1
15656286,Sims,France,Male,33,794,0.0,178122.71,2,0,0,0
15774847,Knight,France,Male,50,593,171740.69,20893.61,1,0,0,1
15619340,Obijiaku,Spain,Male,38,597,0.0,41303.29,2,0,0,0
15815656,Hopkins,Germany,Female,39,541,100116.67,199808.1,1,1,1,1
15623357,Onio,Germany,Male,24,692,120596.93,180490.53,1,1,0,1
15601324,Black,France,Female,48,697,0.0,87400.53,2,1,0,0
15715510,Eluemuno,France,Male,29,768,95984.69,73686.75,2,1,0,1
15663770,Doyle,France,Male,38,802,142557.11,172497.73,1,1,0,1
15779267,Onyemere,France,Male,47,584,0.0,89286.29,2,0,0,0
15597957,Rahman,Spain,Male,66,614,0.0,180082.7,2,1,0,0
15584620,Su,Germany,Female,36,850,143644.16,22102.25,1,0,1,1
15750772,Walker,France,Female,38,671,132129.72,76068.95,1,1,0,1
15706557,Ferguson,France,Female,52,626,0.0,32159.46,2,0,1,0
15594391,Samaniego,France,Female,68,770,183555.24,159557.28,1,0,1,1
15661656,Onwumelu,France,Male,38,633,91902.56,107673.35,2,1,0,1
15631217,Young,France,Male,40,663,156218.19,33607.72,1,1,0,1
15588955,Mazzi,Germany,Female,43,581,93259.57,141035.65,3,0,1,1
15758252,Toscano,Germany,Female,45,561,168085.38,115719.08,2,1,0,1
15740223,Walton,Germany,Male,51,479,107714.74,86128.21,3,0,1,1
15805413,Chiang,France,Female,31,769,117852.26,147668.64,2,0,0,1
15635116,Burgos,Spain,Male,60,659,0.0,177480.45,1,0,1,0
15764892,Spinelli,Spain,Female,51,590,84474.62,190937.09,2,1,0,1
15795936,Lung,France,Male,50,560,0.0,84531.79,2,0,0,0
15655232,Noble,Germany,Male,35,437,126803.34,161133.4,2,1,0,1
15640133,Pai,France,Female,34,661,0.0,185555.63,2,0,0,0
15751524,Chigozie,Germany,Female,36,677,68806.84,33075.24,1,0,0,1
15670552,Peavy,France,Female,31,560,115141.18,39806.75,1,0,0,1
15623966,Yermakov,France,Female,35,578,0.0,26389.92,2,1,0,0
15752193,Burton,Spain,Male,34,421,90723.36,12162.76,1,1,0,1
15607269,Costa,Germany,Female,49,492,151249.45,167237.94,2,1,0,1
15700752,Pugliesi,France,Female,32,545,0.0,52067.37,2,1,0,0
15777901,Lindell,Germany,Female,43,640,94752.49,184006.36,1,0,1,1
15639117,Sorenson,Spain,Female,34,624,0.0,582.59,1,0,1,0
15720203,Arcuri,Spain,Male,28,577,0.0,143274.41,1,0,0,0
15586236,Banks,France,Male,31,704,132084.66,54474.48,3,1,1,1
15676645,Parry,France,Male,45,523,0.0,121428.2,2,1,0,0
15715988,Cockett,France,Male,35,793,0.0,79704.12,2,1,0,0
15603749,Galkina,France,Female,53,564,45472.28,41055.71,1,1,1,1
15608956,Su,France,Male,33,711,0.0,41590.4,1,0,0,0
15733872,Marino,Germany,Female,33,791,130229.71,54019.93,2,0,1,1
15666982,Spears,Germany,Female,38,629,123948.85,76053.07,1,0,0,1
15602647,Cunningham,Germany,Male,39,729,127415.85,184977.2,1,1,1,1
15623063,Taylor,Germany,Male,35,651,110067.71,127678.95,1,0,1,1
15682928,Chiazagomekpere,Spain,Male,39,695,65521.2,1243.97,1,1,0,1
15729246,Hardacre,Spain,Male,31,847,0.0,76326.67,2,1,0,0
15588928,Maslow,France,Male,47,704,0.0,145338.61,2,1,0,0
15803352,Scott,Germany,Male,33,613,155736.42,57751.21,2,1,0,1
15607485,Wakelin,Spain,Female,29,692,0.0,138880.24,2,0,0,0
15656249,Esposito,France,Female,34,720,118307.57,136120.29,2,1,0,1
15761783,Shah,France,Male,41,577,0.0,167621.18,1,1,0,0
15716605,Chukwufumnanya,Germany,Female,24,710,103099.17,173276.62,2,0,0,1
15757425,Fleming,France,Female,38,716,0.0,99661.46,2,1,0,0
15603096,Lori,France,Male,33,410,125789.69,66333.56,1,0,1,1
15588580,Kennedy,Germany,Female,36,584,109646.83,70240.79,1,1,0,1
15770539,Walters,France,Male,30,792,127187.86,113553.42,1,1,0,1
15572022,Han,France,Female,36,605,0.0,690.84,1,1,0,0
15571843,Lawrence,Spain,Male,24,486,0.0,98802.76,1,0,0,0
15752502,Cooke,France,Male,41,615,130385.82,130661.95,1,1,0,1
15609058,Wan,France,Male,23,676,107787.47,116378.82,1,1,0,1
15775108,Lo Duca,France,Male,34,571,99325.04,186052.15,2,1,0,1
15708904,Yermakova,France,Female,37,850,0.0,100101.06,1,0,0,0
15600086,Combs,France,Male,48,717,123764.95,169952.82,1,1,0,1
15814675,Chien,Germany,Female,39,642,128264.03,61792.76,1,0,1,1
15572777,Meng,Spain,Male,47,780,86006.21,37973.13,1,1,0,1
15585106,Calabresi,Germany,Female,38,492,57068.43,188974.81,2,0,0,1
15738936,Stevenson,Germany,Male,29,760,103607.24,86334.64,2,1,0,1
15750970,Davidson,Spain,Male,40,500,99004.24,152845.99,1,1,0,1
15725772,Ch'in,Spain,Female,36,654,0.0,146652.11,2,1,0,0
15692106,Rose,Spain,Female,25,606,147386.72,45482.04,3,0,1,1
15791533,Ch'ien,Spain,Male,42,367,93608.28,168816.73,1,0,1,1
15715715,Artyomova,Spain,Male,38,799,0.0,59297.34,2,1,0,0
15785576,Mayrhofer,Germany,Male,71,434,119496.87,125848.88,1,0,0,1
15798834,Yefremov,Spain,Female,32,719,0.0,76264.27,1,0,0,0
15744127,Kosovich,France,Female,37,641,0.0,3939.87,2,0,0,0
15637427,Lu,Spain,Female,25,461,0.0,15306.29,2,1,0,0
15576990,Taplin,Germany,Female,25,790,152885.77,58214.79,1,0,0,1
15615352,Ebelechukwu,France,Male,31,588,99607.37,35877.03,2,1,0,1
15647333,Fleming,France,Male,27,621,137003.68,21254.06,1,0,0,1
15572050,Yefimov,Germany,Male,48,768,122831.58,24533.89,1,1,1,1
15581370,Andreyeva,Spain,Male,38,681,99811.44,23531.5,2,0,0,1
15813503,Pickering,Spain,Male,37,606,154712.58,89099.18,2,0,0,1
15769783,Allan,Spain,Male,37,542,0.0,807.06,1,1,0,0
15793135,Wang,Germany,Female,24,713,147687.24,121592.5,1,1,0,1
15599182,Reynolds,Spain,Female,33,597,0.0,4700.66,2,1,0,0
15689517,Hales,France,Male,27,635,127009.83,161909.95,1,0,0,1
15641366,Y?an,Germany,Male,61,599,124737.96,90389.61,1,1,1,1
15588859,Rowley,Spain,Female,44,496,179356.28,2919.21,2,0,1,1
15732293,Chia,Spain,Male,31,759,0.0,99086.74,2,1,0,0
15568032,Moore,Germany,Male,31,757,127320.36,163170.32,3,0,0,1
15623525,Copeland,Spain,Male,31,564,125175.58,72757.33,1,1,0,1
15606601,Rishel,France,Female,22,561,186788.96,73286.8,2,0,0,1
15800811,Wan,France,Male,40,702,148556.74,146056.29,1,1,0,1
15610711,Eluemuno,Germany,Female,40,678,128644.46,167673.37,1,0,0,1
15809654,Hsia,France,Female,46,707,127476.73,146011.55,2,1,0,1
15576077,Kelly,France,Female,27,610,159561.93,103381.47,1,1,0,1
15643378,Muir,France,Male,42,744,112419.92,83022.92,1,1,0,1
15566790,McIntyre,France,Male,28,598,129991.76,46041.08,2,1,0,1
15774402,Donaldson,Spain,Male,36,562,0.0,182843.24,1,1,0,0
15694641,Wright,Spain,Female,59,621,0.0,171364.18,2,1,0,0
15605916,Uvarova,France,Female,50,659,0.0,183399.12,1,0,1,0
15812356,Doherty,Germany,Female,40,722,89175.06,152883.95,2,1,0,1
15644179,Allen,France,Female,39,606,0.0,50560.45,2,0,1,0
15771674,Ma,Spain,Female,39,603,162390.52,54702.66,2,0,0,1
15623314,Tucker,Germany,Female,59,506,190353.08,78365.75,1,0,0,1
15613292,Ch'eng,France,Male,21,715,0.0,68666.63,2,0,0,0
15813871,Hs?,France,Male,47,690,0.0,151375.73,2,0,0,0
15759480,H?,France,Female,40,644,139180.97,19959.67,1,1,0,1
15587712,Chimaijem,France,Male,36,589,114435.47,26955.72,1,0,0,1
15671165,Esomchi,France,Female,66,592,149950.19,76267.59,1,1,0,1
15620746,Lorenzo,France,Male,42,632,126115.6,100998.5,1,0,0,1
15706537,Pirogov,Germany,Female,59,577,111396.97,191070.01,1,1,0,1
15589312,Larkin,France,Male,30,588,115007.08,176858.5,1,0,0,1
15741180,Eddy,France,Male,54,617,102141.9,45325.26,1,1,0,1
15733888,Sells,Spain,Female,36,668,133686.52,190958.48,1,0,1,1
15798532,Crawford,France,Male,32,810,120879.73,78896.59,2,1,0,1
15577359,Bezrukov,Spain,Male,47,767,0.0,121964.46,1,0,1,0
15614936,Mancini,Spain,Female,49,718,82321.88,11144.4,1,1,0,1
15747647,Iadanza,Spain,Female,27,589,0.0,144181.48,2,0,0,0
15588566,Wilkinson,Spain,Male,33,778,116474.28,32757.55,2,1,0,1
15570141,P'eng,France,Female,34,724,132352.69,80320.3,1,0,0,1
15800793,St Clair,Germany,Female,39,477,182491.57,185830.72,1,0,0,1
15572415,Preston,France,Male,34,580,0.0,160095.31,2,1,0,0
15635125,Findlay,Spain,Male,63,566,120787.18,52198.84,2,1,0,1
15636551,Nixon,France,Female,29,711,130181.47,31811.44,2,0,0,1
15600912,Gorshkov,Germany,Male,32,706,88348.43,104181.78,2,1,0,1
15768476,Chukwubuikem,Spain,Male,31,703,0.0,67667.19,2,1,0,0
15650266,Medvedeva,Germany,Male,39,679,146186.28,193974.47,2,1,0,1
15621004,Chukwuhaenye,France,Male,32,603,0.0,198055.94,1,0,1,0
15748352,Endrizzi,Spain,Male,34,598,104488.17,43249.67,1,1,0,1
15788920,Ch'ang,Germany,Female,32,836,109196.67,55218.02,2,0,0,1
15743236,Piccio,France,Female,61,687,80538.56,131305.37,1,0,1,1
15637717,Lockington,Germany,Male,41,704,109026.8,43117.1,2,1,0,1
15635500,Seleznyov,Germany,Male,75,605,61319.63,186655.11,1,1,0,1
15634792,Weston,France,Female,40,516,0.0,33266.29,2,1,0,0
15607560,Groom,France,Female,39,572,0.0,555.28,2,1,0,0
15727177,Manfrin,France,Male,42,557,177822.03,150944.31,1,0,1,1
15774358,Robertson,Germany,Male,59,443,110939.3,72846.58,1,0,1,1
15791304,Ch'ang,Germany,Male,25,604,165413.43,35279.74,1,1,0,1
15603328,Lucchesi,France,Male,27,483,77805.66,2101.89,1,1,0,1
15804937,Cambage,France,Male,50,702,0.0,94949.84,2,0,0,0
15804142,Tan,Spain,Female,57,670,175575.95,99061.75,2,0,1,1
15608845,Tao,Spain,Female,38,804,124197.22,74692.06,1,0,0,1
15702434,Hsieh,France,Female,30,850,0.0,116692.8,2,0,0,0
15632609,Burdekin,France,Female,39,554,160132.75,32824.15,1,0,0,1
15603550,Longo,Germany,Female,37,588,70258.88,139607.61,2,0,0,1
15755239,Maughan,Germany,Male,32,758,162657.64,115525.13,2,1,0,1
15670528,Franz,Germany,Male,43,787,132217.45,20955.03,1,0,1,1
15732704,Piazza,Spain,Male,25,582,148042.97,52341.15,2,0,0,1
15589019,Morant,Spain,Female,33,633,92855.02,159813.18,1,1,0,1
15677796,Becher,Germany,Male,47,766,129289.98,169935.46,1,0,1,1
15760177,Lombardi,Spain,Male,37,564,100252.18,146033.52,1,1,0,1
15636595,Loton,Spain,Male,37,602,107592.89,153122.73,2,1,0,1
15737275,Conti,France,Male,39,649,113096.41,60335.24,1,1,0,1
15672905,Sani,Spain,Female,40,679,0.0,163757.29,2,1,0,0
15753955,Lori,Spain,Male,34,639,149940.04,156648.81,2,0,0,1
15708504,Wong,Germany,Male,50,790,121438.58,176471.78,1,1,1,1
15592451,Lombardi,France,Male,32,565,0.0,5388.3,2,0,0,0
15790455,Obialo,France,Female,50,478,0.0,93332.64,1,1,1,0
15572174,Mazzi,France,Male,29,825,148874.01,71192.82,2,1,0,1
15656330,Von Doussa,Spain,Female,32,528,68138.37,170309.19,1,1,0,1
15569626,Miller,Spain,Male,35,577,110080.3,109794.31,1,1,0,1
15608726,Miracle,France,Male,24,663,0.0,166310.82,2,1,0,0
15637366,Su,Germany,Female,25,505,114268.85,126728.27,2,1,0,1
15778049,Wyatt,Germany,Male,29,633,117412.35,30338.94,1,0,0,1
15727421,Anayolisa,France,Female,38,586,0.0,37935.83,2,1,0,0
15688865,Wade,France,Female,35,850,0.0,25329.48,2,0,0,0
15751032,Enemuo,Germany,Female,37,629,35549.81,49676.33,2,0,0,0
15734737,Bruno,France,Male,56,744,0.0,169498.61,2,1,0,0
15746515,Greece,France,Male,36,750,136492.92,26500.29,3,1,1,1
15664311,Yang,Germany,Male,28,637,123675.69,166458.41,1,1,0,1
15708139,Brown,France,Female,40,575,139532.34,181294.39,1,0,0,1
15768574,Anderson,Spain,Male,58,671,178713.98,21768.21,1,1,0,1
15738018,Johnston,France,Male,40,571,0.0,72849.29,2,0,0,0
15699753,Zakharov,France,Male,41,590,89086.31,24499.97,1,0,0,1
15703199,Golibe,Spain,Male,38,619,96143.47,98994.92,1,0,0,1
15627830,Nikitina,Germany,Female,30,640,32197.64,141446.01,1,1,0,1
15570855,Leonard,France,Male,38,670,0.0,77864.41,2,1,0,0
15772503,Burns,France,Female,33,737,0.0,115115.32,2,0,0,0
15584453,Burtch,Spain,Male,32,555,0.0,168605.96,2,1,0,0
15710111,Clark,France,Male,33,742,0.0,38550.4,2,0,0,0
15618562,Woodward,Germany,Female,40,618,140306.38,160618.61,1,0,1,1
15706764,Spencer,France,Female,35,560,0.0,3701.63,2,0,0,0
15798737,Chao,France,Male,38,654,0.0,88659.44,2,0,0,0
15712608,Costa,Germany,Female,42,787,74483.97,44273.91,2,1,0,1
15636736,McLachlan,France,Female,53,611,0.0,156495.39,2,1,1,0
15703544,Hung,Spain,Male,34,559,0.0,182988.94,1,0,0,0
15815645,Akhtar,France,Male,37,481,152303.66,175082.2,2,1,0,1
15705739,Toscani,Germany,Male,32,753,159904.79,148811.14,1,0,0,1
15709643,Gray,France,Male,32,675,0.0,85901.09,3,0,0,0
15669805,Warren,Germany,Female,31,748,99557.94,199255.32,1,0,0,1
15737489,Ramsden,Spain,Female,46,610,116886.59,107973.44,1,0,0,1
15775131,Bartlett,Spain,Male,32,580,142188.2,128028.6,2,1,0,1
15765283,Wenz,Germany,Female,40,624,149961.99,104610.86,2,0,0,1
15628715,Kisch,France,Female,36,709,0.0,69676.55,2,1,0,0
15813283,Mai,France,Female,34,605,0.0,35982.42,1,0,0,0
15745716,McGregor,Spain,Male,53,706,0.0,117939.17,2,1,0,0
15598485,Pinto,Spain,Male,40,567,28649.64,95140.62,1,1,0,1
15696552,Newman,France,Female,21,747,81025.6,167682.57,2,0,0,1
15754569,Pagnotto,France,Male,57,664,0.0,56562.57,2,1,0,0
15701741,Williams,France,Female,39,711,152462.79,90305.97,1,0,0,1
15572631,Ndubuisi,France,Male,25,609,0.0,109895.16,1,1,0,0
15636069,Plummer,Spain,Male,28,632,155519.59,1843.24,1,0,0,1
15682467,Chimezie,France,Female,36,725,118851.05,102747.02,1,1,0,1
15790744,Nash,France,Female,34,850,92899.27,97465.89,2,0,0,1
15625023,Onochie,France,Male,40,682,0.0,105352.55,1,1,0,0
15731267,Rizzo,France,Male,37,797,75263.7,85801.77,1,0,0,1
15742879,Boni,Spain,Male,38,668,147904.31,69370.05,1,1,0,1
15757015,Davies,Germany,Female,41,783,106640.5,176945.96,1,0,0,1
15770711,Lu,Germany,Female,28,766,90696.78,21597.2,1,1,0,1
15569430,Burrows,Spain,Female,36,704,175509.8,152039.67,2,0,0,1
15617304,Ershova,France,Male,40,722,0.0,111893.09,2,1,0,0
15704466,Udokamma,France,Female,34,692,0.0,195074.62,2,0,0,0
15664681,Aitken,France,Female,35,584,114321.28,15959.01,2,0,0,1
15605534,Turnbull,Germany,Female,51,644,95560.04,72628.84,1,0,1,1
15792473,Reilly,Germany,Female,50,598,88379.81,64157.24,3,1,1,1
15802625,Hardy,Germany,Male,48,733,85915.52,23860.5,1,1,0,1
15766017,Brookman,Germany,Male,58,615,72309.3,85687.09,1,1,1,1
15762172,Kerr,France,Female,39,850,0.0,179451.42,2,0,0,0
15728333,McBurney,France,Male,43,521,0.0,93180.09,1,1,0,0
15792868,Mickey,France,Male,69,675,0.0,157097.09,2,0,0,0
15605698,Harrison,France,Male,58,746,0.0,80344.96,3,1,1,0
15777060,Olszewski,France,Female,33,770,0.0,26080.54,1,0,1,0
15626243,Chijioke,France,Male,30,618,133844.22,31406.93,1,1,0,1
15719898,Young,France,Male,36,556,154872.08,32044.64,2,1,0,1
15599976,Bellasis,France,Female,27,749,0.0,132734.87,2,0,0,0
15752809,De Mestre,Spain,Male,43,702,116121.67,61602.42,1,0,0,1
15589698,De Luca,Germany,Male,42,555,107104.5,41304.44,1,1,1,1
15609977,Mundy,France,Male,47,587,71026.77,57962.41,1,0,0,1
15750121,Tung,France,Male,38,639,0.0,42862.82,1,0,0,0
15734177,Donahue,France,Male,33,643,0.0,152992.04,2,1,0,0
15781347,Okagbue,France,Female,41,600,0.0,91193.65,2,1,0,0
15592025,Nnaemeka,France,Male,53,651,0.0,130132.41,2,1,0,0
15670163,Verjus,France,Female,27,666,0.0,88751.45,2,0,0,0
15765402,H?,France,Female,39,520,145644.05,104118.93,1,0,0,1
15624343,Napolitani,Spain,Female,50,650,129667.77,42028.16,1,0,0,1
15602354,Ginikanwa,Germany,Male,33,564,109341.87,75632.78,1,0,0,1
15579183,Spaull,France,Male,64,586,0.0,53710.23,2,1,0,0
15584899,Siciliani,France,Female,35,617,0.0,13066.3,2,1,0,0
15723658,Voronina,Spain,Female,30,712,0.0,152417.97,2,0,0,0
15803965,Tang,France,Male,55,654,87485.67,3299.01,1,1,0,1
15682489,Crumbley,France,Male,27,605,0.0,198091.81,2,0,0,0
15813645,Hamilton,France,Female,36,491,53369.13,103934.12,1,1,0,1
15766787,Piazza,France,Female,35,707,0.0,70403.65,2,1,0,0
15687171,Birch,Spain,Male,34,638,146679.77,102179.86,1,0,0,1
15690744,Custance,France,Male,43,683,112499.42,30375.18,2,0,0,1
15707974,Anayochukwu,Spain,Female,38,815,48387.0,184796.84,1,0,0,1
15673084,Galkin,Spain,Male,38,645,68079.8,166264.89,1,1,0,1
15814772,Adams,Germany,Male,49,645,160133.88,88391.97,1,1,0,1
15743709,Toomey,France,Male,30,683,66190.33,115186.97,1,1,0,1
15610343,Marshall-Hall,France,Female,37,705,0.0,13935.53,2,1,1,0
15737414,Shen,France,Male,35,647,123761.68,83910.4,1,0,0,1
15788480,Pagnotto,Germany,Female,33,786,122325.58,34712.34,1,0,1,1
15568519,Wood,France,Male,41,534,0.0,13871.34,2,0,0,0
15792453,More,Spain,Female,42,602,138912.17,139494.75,1,1,0,1
15658100,Piccio,France,Female,42,695,0.0,140724.64,2,1,0,0
15695197,Tochukwu,Germany,Female,25,553,128524.19,20682.46,2,0,0,1
15749807,Graham,Spain,Female,31,516,0.0,124202.26,2,0,0,0
15773876,Tung,France,Female,34,655,0.0,159638.77,2,0,0,0
15591698,P'eng,Germany,Female,49,849,132934.89,171056.65,1,0,1,1
15712813,Nevzorova,Germany,Male,43,520,150805.17,25333.03,3,1,1,1
15763898,Toscani,Spain,Female,46,568,0.0,29372.62,2,1,0,0
15793324,McKenzie,Spain,Male,32,695,0.0,38533.79,3,1,0,0
15757759,Okwuoma,Spain,Female,28,807,165969.26,156122.13,3,0,1,1
15796230,Morley,Germany,Female,36,642,124495.98,57904.22,3,1,1,1
15611729,Kerr,Germany,Male,39,703,141559.5,31257.1,1,1,1,1
15709531,Harding,France,Male,38,556,114756.14,193214.05,1,0,0,1
15650751,Butler,France,Female,30,585,0.0,137757.69,2,1,0,0
15641413,Crawford,Germany,Female,49,587,155393.98,13308.2,2,0,1,1
15753840,Brown,Spain,Female,32,524,0.0,132861.9,1,1,1,0
15669994,Greece,Germany,Female,31,556,128663.81,125083.29,2,0,0,1
15695301,Matthews,Spain,Male,44,504,113522.64,12405.2,1,1,0,1
15792004,Heath,Spain,Female,26,731,0.0,37697.29,2,0,0,0
15603035,Vincent,France,Male,34,651,0.0,105599.65,2,1,0,0
15717286,Sal,Spain,Female,40,675,79035.95,142783.98,1,0,1,1
15577107,Milne,Spain,Female,22,657,0.0,168412.07,3,1,1,0
15754747,Bazile,Germany,Male,33,686,141918.09,184036.47,2,1,0,1
15705676,Wardle,France,Female,35,690,107944.33,48478.47,2,0,0,1
15751912,Lilly,France,Male,36,567,0.0,3896.08,2,1,0,0
15677336,Aitken,Germany,Male,57,557,120043.13,132370.75,1,0,1,1
15684395,Enderby,Spain,Female,45,446,125191.69,128260.86,1,1,1,1
15659949,Chiu,France,Male,31,850,96399.31,106534.15,2,0,0,1
15812422,Ugorji,France,Male,41,637,0.0,102515.42,2,1,0,0
15806941,Sharpe,France,Male,60,499,76961.6,83643.87,2,1,0,1
15637690,Houghton,Germany,Female,34,622,98675.74,138906.85,1,0,1,1
15632882,Konovalova,Germany,Male,37,684,126817.13,29995.83,2,1,1,1
15807107,Patel,France,Male,32,612,121394.42,164081.42,1,0,0,1
15661034,Ngozichukwuka,Germany,Female,29,813,106059.4,187976.88,1,0,1,1
15811958,Medland,Germany,Male,44,850,112755.34,158171.36,2,0,0,1
15785167,Padovano,Spain,Male,29,795,0.0,155711.64,2,0,0,0
15646720,Tsui,Spain,Female,55,628,0.0,85890.75,3,0,1,0
15658614,H?,Germany,Female,38,565,145400.69,83844.79,2,1,0,1
15704657,Denman,France,Male,39,601,72647.64,41777.9,1,0,1,1
15567147,Ratten,Spain,Male,40,802,0.0,81908.09,2,1,0,0
15701319,Baxter,Germany,Female,37,614,96340.81,139377.24,2,1,1,1
15745266,Norman,Spain,Male,55,434,0.0,73562.05,1,1,1,0
15650437,Shen,Germany,Male,32,522,124450.36,165786.1,2,1,0,1
15764314,Reilly,Germany,Male,36,550,113877.23,174921.91,2,0,0,1
15612594,Ifeanacho,Spain,Male,25,599,0.0,120790.02,2,1,0,0
15593501,Graham,France,Female,36,493,148667.81,56092.51,2,0,0,1
15804150,Lysaght,France,Male,34,755,0.0,158816.03,2,1,0,0
15649297,T'ang,France,Female,62,605,111065.93,125660.99,2,1,0,1
15641110,Abron,France,Male,41,708,0.0,128400.62,1,0,0,0
15660608,Chimaraoke,France,Male,44,699,158697.61,107181.22,1,0,0,1
15806570,Y?an,France,Female,53,763,0.0,77203.72,1,0,1,0
15715345,Sergeyeva,Spain,Male,25,743,0.0,129740.11,2,0,0,0
15755521,Ma,France,Female,48,660,90044.32,187604.97,2,1,1,1
15579074,Obiajulu,Germany,Male,38,619,84651.79,184754.26,1,1,0,1
15641158,Belcher,Germany,Male,32,739,102128.27,63981.37,1,0,1,1
15752507,K?,Germany,Male,60,769,148846.39,192831.67,1,0,1,1
15597983,Brown,France,Male,69,692,154953.94,70849.47,1,1,0,1
15586069,Abernathy,France,Female,30,560,108883.29,27914.95,1,0,0,1
15655082,Pape,France,Female,48,607,112070.86,173568.3,3,0,1,1
15720155,Tao,Germany,Male,29,630,131354.39,9324.31,1,1,1,1
15582116,Ma,Germany,Female,45,767,132746.2,26628.88,2,0,1,1
15749365,Earle,France,Female,34,543,0.0,145601.8,2,1,0,0
15632069,Kazantsev,France,Male,39,776,125211.55,144496.07,2,0,0,1
15663134,Uspenskaya,Spain,Male,58,535,0.0,11779.98,2,1,1,0
15766683,Coombes,Germany,Male,36,549,139422.37,83983.39,1,0,1,1
15707219,Hopman,France,Female,28,844,0.0,123318.37,2,1,0,0
15709232,McKay,Germany,Female,47,586,157099.47,65481.86,2,1,0,1
15801351,Milanesi,France,Male,40,583,0.0,47728.0,2,0,0,0
15578747,Chineze,Spain,Male,26,701,83600.24,59195.05,1,1,0,1
15675626,Dawson,France,Male,28,726,0.0,98060.51,1,0,0,0
15583736,Shih,Germany,Male,36,829,81795.74,90106.94,2,0,0,1
15590011,Hughes,Spain,Male,38,749,129378.32,13549.34,1,1,0,1
15609913,Clark,France,Female,46,743,0.0,113436.08,1,0,0,0
15719479,Chukwuhaenye,Spain,Female,56,619,0.0,42442.21,2,1,0,0
15575147,Wall,France,Male,22,699,99339.0,68297.61,1,0,1,1
15597309,Howell,Spain,Male,36,749,0.0,80134.65,2,0,0,0
15648367,Lo,Germany,Female,29,600,74430.1,96051.1,2,1,0,1
15758031,Lazarev,Spain,Male,38,760,91241.85,80682.35,1,1,0,1
15751771,Lowe,Germany,Male,32,528,99092.45,111149.98,1,1,0,1
15689288,Folliero,France,Female,26,630,0.0,182612.38,2,0,0,0
15731026,Han,Germany,Female,39,683,100062.16,109201.43,2,0,0,1
15775809,Holloway,Germany,Female,26,677,98723.67,151146.67,1,1,0,1
15743076,Pai,Spain,Male,29,669,0.0,93901.61,1,1,0,0
15658258,Trejo,France,Male,43,693,128760.32,36342.79,1,0,0,1
15756321,Johnston,Spain,Female,52,612,144772.69,98302.57,1,0,1,1
15706799,Macknight,Spain,Male,44,719,0.0,84972.9,1,0,1,0
15775703,Lo,France,Male,26,702,71281.29,108747.12,1,1,1,1
15642636,Glossop,France,Male,29,755,117035.89,21862.19,1,1,0,1
15704651,Bishop,France,Male,26,514,0.0,121551.93,2,0,0,0
15806771,Yefremova,France,Female,40,753,3768.69,177065.24,2,0,1,0
15566735,Obialo,Germany,Female,36,548,108913.84,140460.01,2,1,0,1
15681671,Nkemjika,Germany,Male,28,850,101100.22,35337.31,2,1,0,1
15775949,Trevisani,France,Female,38,612,110615.47,193502.93,1,1,0,1
15586752,Parkes,Germany,Male,33,628,152143.89,32174.03,1,1,0,1
15582519,Seleznyov,France,Male,47,479,121797.09,5811.9,1,1,1,1
15658233,Naylor,France,Female,41,724,109798.25,149593.61,1,1,0,1
15755330,Forbes,Germany,Male,41,512,122403.24,37439.9,1,1,1,1
15605072,Douglas,France,Female,43,638,145860.98,142763.51,1,1,1,1
15617538,Nwankwo,Spain,Male,40,834,0.0,45038.74,2,0,0,0
15591428,Myers,France,Male,29,781,0.0,172097.4,2,0,0,0
15692142,Rogova,Germany,Female,48,707,105086.74,180344.69,1,1,1,1
15692931,Hsing,France,Male,22,670,114991.45,37392.56,1,1,0,1
15781127,Giordano,Spain,Female,33,663,96769.04,36864.05,1,1,0,1
15677136,Okwukwe,France,Female,23,624,0.0,132418.59,2,0,0,0
15677828,Chalmers,France,Female,34,598,0.0,60894.26,2,0,0,0
15567897,Chiazagomekpere,Germany,Male,23,619,132725.1,143913.33,1,1,0,1
15793641,Evseyev,France,Female,70,792,0.0,172240.27,2,1,0,0
15678333,Parry-Okeden,France,Female,26,683,0.0,86619.77,2,0,0,0
15630511,Picot,France,Female,33,691,0.0,164074.89,2,0,0,0
15792627,Reid,Spain,Female,33,765,84557.82,69039.43,1,1,0,1
15717191,Ferri,France,Male,49,508,93817.41,132468.76,2,1,1,1
15625716,Genovesi,France,Female,33,637,113913.53,65316.5,1,1,0,1
15710053,Neumayer,Germany,Female,44,667,140406.68,57164.19,2,1,0,1
15580043,Murray,Spain,Female,22,575,105229.34,34397.08,1,1,0,1
15601410,Tien,Spain,Female,46,744,0.0,177431.59,3,1,1,0
15684669,Parkes,France,Female,41,567,137891.35,142009.46,1,0,1,1
15619083,Yip,France,Female,35,502,0.0,80618.47,2,1,0,0
15692207,Ingle,France,Female,53,609,0.0,124218.27,2,1,0,0
15730705,Chidubem,France,Male,37,715,165252.52,85286.3,1,0,0,1
15749688,Lu,France,Male,32,541,0.0,40889.14,2,0,0,0
15728542,Vorobyova,France,Female,71,850,0.0,107236.87,2,1,0,0
15760063,Chiedozie,Spain,Male,23,595,0.0,168085.97,2,1,0,0
15658982,Napolitani,Germany,Female,28,650,122034.4,146663.43,3,1,1,1
15758769,Coffey,France,Female,44,625,0.0,4791.8,1,0,0,0
15778481,Chigbogu,France,Male,59,817,118962.58,120819.58,1,1,0,1
15661162,Akabueze,Spain,Male,49,526,0.0,114539.67,1,0,1,0
15568164,Istomin,France,Female,34,850,71379.53,154000.99,2,1,0,1
15601569,Ndubueze,France,Female,40,598,171178.25,137980.58,1,0,1,1
15772383,Toscani,France,Male,36,613,131307.11,83343.73,1,0,0,1
15667456,Ross,Spain,Male,62,709,0.0,82195.15,2,1,0,0
15672983,Fernando,Spain,Female,27,678,87099.85,149550.95,2,0,0,1
15799534,McClaran,France,Male,71,720,183135.39,197688.5,2,1,0,1
15582847,Yermakova,France,Male,26,662,0.0,72929.96,2,1,0,0
15612478,Somadina,France,Male,51,525,0.0,171045.35,3,0,1,0
15709621,Wan,France,Male,31,662,0.0,27731.05,2,1,0,0
15802009,Mazzi,France,Female,33,770,0.0,126131.9,2,1,0,0
15698816,Tuan,Spain,Female,33,721,72535.45,103931.49,1,1,0,1
15574830,Townsley,Germany,Male,58,633,128137.42,147635.33,2,0,1,1
15603082,Yashina,France,Male,51,701,0.0,61961.57,2,0,0,0
15685947,Henderson,Germany,Male,42,556,115915.53,125435.47,2,1,1,1
15643048,Mueller,France,Male,66,639,0.0,42240.54,2,1,0,0
15807568,Wright,France,Male,50,632,0.0,57942.88,2,0,0,0
15597591,Lung,France,Male,29,456,107000.49,153419.62,1,1,0,1
15747558,Bryant,Spain,Female,38,729,0.0,189727.12,2,0,0,0
15756655,Madukaife,France,Female,34,632,0.0,165385.55,2,0,0,0
15589949,Maclean,Spain,Male,34,433,152806.74,19687.99,1,0,0,1
15601012,Abdullah,France,Female,60,802,92887.06,39473.63,1,0,1,1
15724269,Yao,France,Male,25,670,0.0,144723.38,2,1,0,0
15567506,Cheatham,Germany,Female,40,738,114940.67,194895.57,2,1,1,1
15791877,Gallagher,Germany,Male,34,706,140641.26,77271.91,2,1,0,1
15794360,Hao,Germany,Female,70,592,71816.74,105096.82,2,0,1,1
15686538,Nixon,France,Female,41,522,0.0,176780.39,2,1,0,0
15585985,Wang,France,Male,48,746,165282.42,153786.46,1,0,1,1
15699257,Kerr,Spain,Male,42,651,143145.87,43612.06,2,0,0,1
15804104,Romani,France,Male,28,494,114731.76,79479.74,2,1,0,1
15727619,Lock,Germany,Female,46,753,113909.69,92320.37,3,0,1,1
15740237,Millar,Germany,Male,36,671,116695.27,193201.86,1,0,0,1
15801436,K'ung,France,Male,42,696,0.0,126353.13,1,0,1,0
15705735,Onyekachi,Spain,Male,43,577,0.0,135008.92,2,1,0,0
15649359,Somayina,France,Male,36,587,0.0,17135.6,2,1,0,0
15624892,Dennis,Germany,Male,37,712,93978.96,60651.77,2,0,0,1
15784918,Brown,Germany,Male,35,498,121968.11,188343.05,2,1,0,1
15584785,Ogochukwu,France,Male,37,660,97324.91,23291.83,1,0,0,1
15797197,Macleod,Spain,Male,29,678,0.0,64443.75,2,0,0,0
15574858,Page,France,Male,37,530,0.0,287.99,2,1,0,0
15794101,Barese,France,Female,48,559,0.0,137961.41,2,1,0,0
15743245,Agafonova,France,Male,42,624,145155.37,72169.95,1,0,1,1
15791535,Caraway,France,Male,28,592,137222.77,39608.58,1,0,0,1
15605215,Stevenson,France,Male,48,767,0.0,175458.21,2,1,0,0
15771749,Duncan,Germany,Female,38,653,114268.22,89524.83,2,1,0,1
15616833,Wang,Spain,Male,27,678,0.0,13221.25,2,1,0,0
15750728,Kaur,Spain,Female,42,586,0.0,102889.34,1,0,0,0
15769353,Jenkins,France,Female,40,550,150490.32,166468.21,1,0,1,1
15770091,Edwards,Germany,Male,28,643,160858.13,27149.27,2,0,0,1
15716420,Kelly,Spain,Male,39,612,170288.38,59601.15,1,1,0,1
15740602,Boyle,Germany,Female,27,674,111568.01,22026.18,1,1,0,1
15796071,Loane,Spain,Male,29,657,83889.03,153059.62,1,0,0,1
15811389,Padovano,Germany,Female,35,724,171982.95,167313.07,2,1,0,1
15783875,Li Fonti,France,Female,34,500,0.0,12833.96,2,0,0,0
15671800,Robinson,France,Male,20,688,137624.4,197582.79,2,1,0,1
15677288,Geach,France,Male,50,599,121159.65,4033.39,1,0,1,1
15633525,Payne,France,Male,29,631,0.0,125877.22,2,1,0,0
15634606,Chinonyelum,Spain,Male,52,634,0.0,176913.42,2,1,0,0
15579207,Watkins,France,Male,37,545,91184.01,105476.65,1,0,0,1
15619892,Page,Spain,Male,18,644,0.0,59172.42,2,0,0,0
15567778,Genovese,Germany,Female,54,690,144027.8,108731.02,1,1,1,1
15711750,Watson,France,Female,34,711,0.0,175310.38,2,1,0,0
15751084,Mancini,France,Female,29,712,140170.61,38170.04,1,1,0,1
15768945,Chibueze,France,Male,27,627,62092.9,105887.04,1,1,0,1
15586931,Hunter,Spain,Male,39,694,0.0,95625.03,1,1,0,0
15636353,Buchi,Spain,Male,35,534,0.0,9541.15,2,0,0,0
15623858,Charteris,France,Male,45,603,0.0,148516.79,1,0,0,0
15703354,Aksenov,France,Female,33,808,103516.87,113907.8,1,0,0,1
15663987,Wright,Spain,Male,30,723,0.0,164647.72,3,0,1,0
15780805,Lu,France,Female,35,585,0.0,98621.04,2,0,1,0
15768566,K?,France,Male,34,706,0.0,37479.97,2,1,0,0
15643229,Hou,France,Female,31,671,0.0,15846.42,2,1,0,0
15754940,Descoteaux,Spain,Male,43,597,85162.26,5104.08,1,1,1,1
15676576,Stephenson,France,Female,43,646,143061.88,61937.6,1,0,0,1
15800068,Cooper,Spain,Female,46,801,0.0,170008.74,2,1,0,0
15648030,Crump,Spain,Female,33,731,137388.01,165000.68,2,0,0,1
15668594,Diggs,Germany,Female,25,620,137712.01,76197.05,1,1,0,1
15728709,Shih,Germany,Male,40,484,106901.42,118045.98,2,0,0,1
15724181,Hudson,Spain,Male,47,647,105603.21,157360.9,2,1,0,1
15647546,Carvosso,Germany,Female,40,688,150679.71,196226.38,2,1,0,1
15702601,Wyatt,Germany,Male,30,680,108300.27,44384.57,2,1,1,1
15567725,Kodilinyechukwu,France,Female,46,689,52016.08,72993.65,2,1,0,1
15674179,Vorobyova,Germany,Male,34,513,60515.13,124571.09,1,0,0,1
15686957,Piccio,Germany,Male,35,553,158584.28,43640.16,2,0,0,1
15607690,Hsing,Germany,Male,47,689,118812.5,31121.42,2,0,0,1
15806546,Lucas,Spain,Male,46,517,0.0,22372.78,1,0,0,0
15632850,T'ang,France,Male,37,731,0.0,170338.35,2,1,0,0
15709016,North,Germany,Female,47,687,91219.29,158845.49,1,0,1,1
15638068,Thompson,Spain,Male,32,507,0.0,67926.18,2,0,0,0
15749345,Simpson,France,Female,22,468,76318.64,194783.12,1,1,0,1
15791321,Nwora,Spain,Female,58,682,0.0,176036.01,1,0,0,0
15699095,Chandler,France,Female,24,603,0.0,198826.03,1,1,1,0
15638329,Uspensky,Germany,Male,25,522,111432.13,168683.57,1,1,0,1
15575445,Ferguson,Spain,Male,41,629,150148.51,6936.27,1,0,0,1
15752622,Kerr,France,Female,32,729,38550.06,179230.23,1,1,0,1
15774507,Furneaux,France,Female,39,574,119013.86,103421.91,1,0,0,1
15570857,Kambinachi,Germany,Female,39,677,111213.64,147578.26,2,1,0,1
15599386,Black,Germany,Male,28,627,71097.23,130504.49,1,1,0,1
15744913,Chizoba,Spain,Male,36,788,109632.85,16149.13,1,1,0,1
15647292,Peng,France,Male,63,697,148368.02,118862.08,1,0,1,1
15728838,Leach,France,Male,45,578,148600.91,143397.14,1,0,1,1
15584704,Chiazagomekpele,France,Male,48,519,71083.98,137959.0,1,0,0,1
15749068,Nickson,France,Female,40,632,139625.34,93702.96,1,0,1,1
15622985,Lin,France,Female,39,679,0.0,172939.3,1,0,1,0
15587676,Alexeieva,France,Male,30,699,0.0,108162.13,1,1,0,0
15779496,Sykes,France,Male,64,615,81564.1,35896.09,2,1,0,1
15733460,Martin,Spain,Male,36,622,0.0,104852.6,2,1,0,0
15711457,Herz,France,Female,28,755,124540.28,188850.89,1,1,0,1
15795290,Nikitina,France,Female,42,767,133616.39,28615.8,1,0,0,1
15611223,Ko,Germany,Female,38,752,101648.5,172001.44,2,0,0,1
15794159,Highett,France,Female,26,633,124281.84,60116.57,1,1,0,1
15780677,Jackson,France,Female,59,717,0.0,170528.63,2,1,0,0
15690175,Ball,Spain,Male,45,585,0.0,189683.7,2,0,0,0
15722599,Nelson,France,Female,37,751,183613.66,49734.94,2,0,0,1
15569976,Woronoff,Germany,Male,65,754,136186.44,121529.59,1,1,1,1
15707011,Morrison,France,Male,47,495,137682.68,71071.47,1,0,0,1
15702277,Smith,France,Male,34,650,106005.54,142995.32,1,1,0,1
15801915,Rendall,France,Female,31,529,152310.55,13054.25,1,0,0,1
15580213,McIntyre,France,Female,43,585,0.0,89402.54,2,0,0,0
15637947,Wei,Spain,Male,32,668,134446.04,111241.37,1,1,0,1
15715888,Allardyce,France,Female,38,591,142289.28,119638.85,1,1,0,1
15732967,Cremonesi,France,Male,19,731,0.0,151581.79,2,1,0,0
15737047,Weatherford,France,Female,45,754,0.0,73881.68,1,0,1,0
15694039,Jen,Germany,Female,46,650,149003.76,176902.83,2,0,0,1
15649457,Macleod,Germany,Male,41,588,131341.46,7034.94,2,1,0,1
15742809,Mironova,Spain,Female,29,712,77919.78,122547.58,1,0,0,1
15637829,Sharpe,France,Female,34,691,0.0,161559.12,2,1,0,0
15633194,Osborne,France,Female,41,771,108309.0,137510.41,4,1,1,1
15611635,Chu,Spain,Female,39,678,0.0,185366.56,1,1,0,0
15638774,Chong,Spain,Female,40,719,0.0,182224.14,2,0,0,0
15722037,Alvarez,Germany,Male,36,610,115462.02,42581.04,1,1,0,1
15672930,Palerma,Spain,Male,37,722,0.0,31921.95,2,0,0,0
15668774,Chiemenam,Germany,Female,23,758,122739.1,102460.84,1,0,1,1
15780966,Pritchard,France,Female,32,709,0.0,109681.29,2,0,0,0
15659694,Wallis,Germany,Female,53,634,113781.5,106345.05,2,1,1,1
15624424,Palerma,Spain,Female,49,678,0.0,102472.9,2,1,0,0
15708713,Hill,France,Male,35,633,0.0,36249.76,2,1,0,0
15755405,Hudson,France,Male,43,710,128284.45,32996.89,1,0,1,1
15647570,Chung,Germany,Male,45,640,120591.19,195123.94,1,0,0,1
15684348,Zhdanova,France,Male,63,656,0.0,57014.43,2,1,0,0
15702541,Fraser,France,Female,59,551,166968.28,159483.76,1,0,1,1
15646942,Meng,Spain,Female,39,786,0.0,100929.59,2,0,0,0
15748920,Cherkasova,France,Female,49,561,0.0,12513.07,2,1,0,0
15694581,Rawlings,Spain,Male,42,807,0.0,74900.9,2,1,0,0
15643215,Jen,Germany,Male,38,602,71667.97,137111.89,2,0,0,1
15649060,Chien,Germany,Female,31,727,82729.47,60212.51,2,0,0,1
15774258,Gorbunov,France,Male,40,678,0.0,187343.4,2,1,0,0
15731553,Lucas,France,Male,23,730,0.0,183284.53,2,0,0,0
15617029,Young,Spain,Female,30,596,0.0,8125.39,2,0,0,0
15780716,Colombo,Germany,Male,39,686,129626.19,103220.56,2,1,0,1
15577018,Tsao,Germany,Female,26,684,114035.39,96885.19,1,0,0,1
15809515,Lewis,Germany,Male,32,797,151922.94,8877.06,1,0,0,1
15789924,Hussain,France,Female,39,658,0.0,147530.06,1,1,0,0
15725076,Anderson,Spain,Female,27,653,107751.68,33389.42,2,1,0,1
15672481,Ulyanov,France,Male,37,641,0.0,45309.24,2,0,0,0
15574115,Shaw,Spain,Female,41,656,101179.23,35230.61,2,1,0,1
15661830,Lucciano,Spain,Female,36,750,0.0,59816.41,2,1,0,0
15665879,Gordon,France,Female,40,768,0.0,69080.46,2,1,0,0
15673820,Woodward,France,Male,33,568,0.0,143450.61,2,0,0,0
15747772,Cunningham,Germany,Male,36,706,58571.18,40774.01,2,0,0,1
15666197,Boni,Germany,Female,38,430,153058.64,99377.27,1,0,0,1
15773639,Truscott,Germany,Male,35,745,98270.34,133617.43,1,0,0,1
15581893,Ginikanwa,France,Male,43,747,130788.71,101495.0,1,1,1,1
15672447,Bailey,Germany,Male,40,657,99165.84,119333.95,1,1,1,1
15777830,Hutchinson,France,Female,42,639,0.0,167682.37,2,0,0,0
15713890,Maclean,France,Male,44,704,0.0,152884.85,2,1,0,0
15577598,Chiang,Spain,Male,23,651,115636.05,70400.86,2,0,0,1
15786042,Willmore,Germany,Female,44,706,185932.18,65413.41,2,0,0,1
15753462,Godson,Germany,Male,30,632,72549.0,182728.8,2,1,0,1
15759690,Smith,France,Male,42,751,0.0,81442.6,2,1,0,0
15801414,Bitter,France,Female,35,767,0.0,144251.38,2,0,0,0
15656141,Ts'ao,France,Male,39,741,0.0,40207.06,1,1,0,0
15608701,Chialuka,Germany,Male,29,651,121890.06,54530.51,1,0,1,1
15582892,Scott,France,Male,46,601,99786.07,32683.88,1,1,1,1
15632967,Feng,France,Male,34,520,0.0,104703.96,2,1,0,0
15587573,Castiglione,Germany,Male,27,626,115084.53,26907.43,2,1,0,1
15654891,He,France,Male,30,811,0.0,180591.32,2,1,0,0
15611365,Fanucci,France,Female,32,730,127661.69,60905.51,1,0,0,1
15749103,Ginikanwa,Germany,Female,47,604,118907.6,47777.15,1,1,1,1
15810203,Manning,Germany,Female,44,499,77627.33,108222.68,2,0,0,1
15813660,Forlonge,Spain,Male,40,754,160625.17,3554.63,1,1,0,1
15605673,Liang,Spain,Female,29,716,0.0,78616.92,2,0,0,0
15669282,Uchechukwu,France,Female,20,636,124266.86,100566.81,1,0,0,1
15792726,Sung,France,Female,25,470,127974.06,183259.35,2,1,0,1
15593241,Tochukwu,France,Male,43,444,0.0,159131.21,2,1,0,0
15683053,Reyna,Spain,Female,48,809,0.0,160976.85,1,0,1,0
15632736,Liang,Germany,Female,30,850,104911.35,42933.26,2,1,0,1
15731865,Unwin,France,Male,27,637,0.0,91291.2,2,0,0,0
15760450,Rutherford,France,Male,43,512,0.0,52471.36,2,1,0,0
15787204,Howe,Spain,Female,43,774,110646.54,108804.28,1,0,0,1
15650454,Tran,France,Male,57,641,0.0,122449.18,2,1,0,0
15573730,Thompson,Germany,Male,42,586,126704.49,41682.3,2,0,0,1
15705050,Linger,France,Male,30,611,0.0,148887.69,2,1,0,0
15791342,Johnston,Spain,Male,31,660,84560.04,137784.25,1,1,0,1
15684316,Udokamma,France,Male,43,532,0.0,190573.91,2,0,1,0
15700540,Barrera,Germany,Female,38,557,129893.56,102076.03,1,0,0,1
15770631,Sutherland,Spain,Male,25,730,167385.81,56307.51,1,1,0,1
15790594,Bednall,France,Female,27,535,0.0,49775.58,2,1,0,0
15604020,Otoole,Germany,Female,36,773,105858.71,4395.45,1,1,0,1
15637599,Cremonesi,Germany,Female,44,510,123070.89,28461.29,1,0,1,1
15736578,Hamilton,France,Male,39,539,0.0,28184.7,1,1,0,0
15666332,Donaldson,Spain,Female,48,690,0.0,3149.1,2,1,0,0
15727291,McKay,France,Female,40,821,0.0,194273.12,2,0,0,0
15785920,Black,Germany,Male,35,687,125141.24,148537.07,2,1,0,1
15658987,Kane,France,Female,46,557,96173.17,116378.31,2,1,0,1
15687719,She,Spain,Female,37,532,0.0,6761.84,2,1,0,0
15799641,Bruno,Spain,Male,39,540,0.0,81995.92,2,0,0,0
15758702,Watson,France,Female,55,705,0.0,14392.68,2,1,0,0
15689526,Shih,Germany,Female,35,542,127543.11,468.94,2,0,1,1
15586848,Rose,France,Male,38,706,0.0,122379.54,2,0,0,0
15707637,Zikoranachukwudimma,France,Female,56,765,0.0,13228.93,1,0,1,0
15719426,Cole,France,Male,67,529,103101.56,154002.02,2,1,1,1
15639265,Isaacs,France,Male,54,714,126113.28,112777.38,1,0,0,1
15576124,Muravyova,France,Male,41,582,40488.76,128528.83,1,0,0,1
15757829,Timperley,Germany,Female,40,609,137389.77,170122.22,2,0,0,1
15633227,Kenechukwu,France,Female,28,518,85146.36,2803.89,1,0,0,1
15753092,He,Germany,Male,35,791,129828.58,181918.26,1,1,1,1
15782939,Storey,France,Male,42,747,80214.36,115241.96,1,0,1,1
15746338,Onyekachukwu,France,Female,40,565,0.0,129956.13,2,1,0,0
15590676,Kharlamova,France,Male,34,735,141796.43,45858.49,1,0,0,1
15599329,Christopher,France,Female,49,697,195238.29,131083.56,4,1,1,1
15783097,Lombardo,Germany,Male,27,813,111348.15,46422.46,1,0,0,1
15597885,Kerr,France,Male,43,772,0.0,57675.88,2,1,0,0
15597467,Duncan,France,Female,71,606,0.0,169741.96,2,1,0,0
15724764,Lawley,Germany,Female,42,667,64404.26,26022.37,2,0,0,1
15778418,Burns,Germany,Male,40,637,154309.67,125334.16,1,1,1,1
15684769,Whitson,France,Male,67,542,129431.36,21343.74,1,1,0,1
15756167,Doyne,Spain,Female,43,762,134204.67,139971.01,1,1,0,1
15632439,Pinto,France,Female,39,698,0.0,47455.82,2,1,0,0
15755138,Chin,France,Female,32,850,0.0,55593.8,2,1,0,0
15659092,Davide,France,Female,50,621,0.0,191756.54,2,0,1,0
15742116,Torres,Germany,Female,48,671,116711.06,76373.38,2,0,0,1
15801994,Buccho,France,Male,31,775,0.0,169278.51,2,0,0,0
15647572,Greece,Spain,Male,34,504,54980.81,136909.88,1,1,0,1
15644551,Wimble,Spain,Female,37,751,99773.85,54865.92,2,0,0,1
15709135,Pirozzi,Germany,Male,30,691,101231.77,156529.44,2,0,0,1
15684469,Hsiung,Germany,Male,32,841,117070.21,113482.2,1,0,0,1
15627637,Obioma,Germany,Male,23,709,73314.04,63446.47,2,0,0,1
15667093,Onio,France,Male,37,673,0.0,13624.02,1,1,0,0
15690589,Udinesi,France,Male,37,541,212314.03,148814.54,1,1,0,1
15595350,Fermin,France,Female,31,661,136067.82,65567.91,2,0,0,1
15777586,Moss,Spain,Female,42,784,109052.04,6409.55,2,0,0,1
15804064,Docherty,France,Female,35,742,79126.17,126997.53,1,1,0,1
15717770,Marcelo,Spain,Female,55,850,0.0,171762.87,1,0,1,0
15754443,Fadden,France,Female,35,443,108308.0,129031.19,1,0,1,1
15776939,Zox,Germany,Female,48,778,102290.56,182691.31,2,0,0,1
15713517,Otitodilinna,France,Male,39,529,102025.08,12351.01,2,0,0,1
15683522,Kennedy,Germany,Female,37,678,113383.07,135123.96,1,1,0,1
15673995,Tu,Spain,Female,65,516,102541.1,181490.42,1,0,0,1
15771054,Barnes,Spain,Male,35,469,0.0,186490.37,2,0,0,0
15578788,Bibi,Spain,Male,40,786,0.0,41248.8,2,0,0,0
15737408,L?,France,Female,41,703,109941.51,116267.28,1,0,0,1
15750837,Landseer,Germany,Male,41,579,141749.68,9201.53,1,1,0,1
15576022,Nwachinemelu,France,Male,38,565,0.0,80630.32,2,1,0,0
15635502,Ch'iu,France,Male,44,443,0.0,159165.7,1,0,0,0
15627298,Vinogradova,France,Male,37,589,85146.48,86490.09,2,0,1,1
15811415,Jenks,France,Female,44,691,134066.1,197572.41,2,1,0,1
15645059,Crace,France,Female,28,711,0.0,105159.89,2,0,0,0
15689671,Packham,Spain,Male,27,775,0.0,40807.26,1,1,0,0
15718667,T'ien,France,Male,35,621,87619.29,143.34,1,0,0,1
15803202,Onyekachi,France,Male,51,350,0.0,125823.79,1,1,1,0
15593683,Solomina,Spain,Female,30,668,0.0,138465.7,2,0,0,0
15703394,Hawes,Spain,Male,27,633,0.0,44008.91,2,0,0,0
15570289,Benson,Germany,Male,43,697,103409.16,66893.28,1,0,1,1
15567437,Emenike,Germany,Female,30,734,123040.38,76503.06,1,1,0,1
15711687,Nero,France,Male,41,434,108128.52,56784.11,1,1,0,1
15656592,Toscano,Germany,Male,48,646,169023.33,175657.55,2,1,0,1
15634373,Yang,France,Male,30,764,0.0,105155.66,2,1,0,0
15769125,Palerma,Spain,Female,41,727,0.0,47468.56,2,1,0,0
15711386,Trentini,France,Female,29,724,0.0,64729.51,2,1,0,0
15714241,Haddon,Spain,Male,42,749,222267.63,101108.85,1,0,1,1
15642530,Coates,Germany,Female,47,706,144090.42,140938.95,1,0,1,1
15713599,Castiglione,France,Male,30,728,114835.43,37662.49,1,1,0,1
15744770,Stone,France,Male,44,636,0.0,86414.41,2,0,0,0
15780498,Maynard,France,Male,34,634,145030.92,41820.65,1,1,0,1
15624397,Moore,France,Male,43,627,71240.3,127734.16,1,1,0,1
15615219,Obielumani,France,Male,59,518,138772.15,123872.0,1,1,0,1
15570908,Harding,Spain,Female,29,687,93617.07,113050.92,1,1,0,1
15762855,Hill,Spain,Female,23,622,0.0,131389.39,2,1,0,0
15661827,Brown,Spain,Female,45,693,0.0,26589.56,2,1,0,0
15746035,Pagnotto,Spain,Male,25,450,74237.2,195463.35,2,1,0,1
15691906,Esposito,Germany,Female,49,664,127421.78,108876.75,2,0,1,1
15793424,Tan,Spain,Female,28,663,61274.7,136054.45,2,0,0,1
15577905,Hammond,France,Male,34,660,106486.66,182262.66,2,1,0,1
15667216,Chung,France,Female,29,579,73194.52,129209.09,2,1,0,1
15673971,Houghton,Germany,Female,44,655,146498.76,64853.51,1,0,1,1
15701238,Chia,France,Male,47,683,0.0,148989.15,2,0,0,0
15644849,Zikoranachidimma,France,Female,32,655,0.0,71047.51,1,1,0,0
15635531,Boag,Spain,Female,30,575,0.0,185341.63,2,0,0,0
15632263,Pagnotto,Spain,Male,30,574,120355.0,137793.35,1,0,0,1
15720110,Oluchukwu,France,Male,32,795,117265.21,198317.23,1,1,0,1
15619045,Baxter,France,Female,43,776,0.0,162137.5,2,1,0,0
15697510,Tien,Spain,Female,52,707,0.0,109688.82,1,0,1,0
15784923,Chimezie,Germany,Female,37,705,109974.22,36320.87,1,1,1,1
15567383,Slone,Germany,Female,44,678,98009.13,31384.86,2,1,0,1
15732621,Martin,France,Male,34,663,0.0,114083.73,1,1,0,0
15757981,Loggia,France,Male,66,748,0.0,163331.65,1,1,0,0
15727819,Hartley,Spain,Female,34,677,171671.9,50777.77,1,1,0,1
15738088,Parkin,Spain,Male,63,634,0.0,30772.86,2,0,1,0
15765173,Lin,France,Female,60,350,0.0,113796.15,1,0,1,0
15665159,Brooks,France,Male,61,727,128213.96,188729.08,2,1,1,1
15618203,Tien,Germany,Male,51,773,116197.65,86701.4,2,1,0,1
15791452,Dann,France,Male,39,675,0.0,153129.22,2,0,0,0
15638159,Trentino,Spain,Female,36,649,86607.39,19825.09,1,0,0,1
15585466,Russo,France,Male,29,552,0.0,12186.83,2,0,0,0
15677310,Christie,Germany,Male,62,761,98854.34,86920.97,1,0,1,1
15646262,Ross,France,Male,31,622,0.0,35408.77,1,0,0,0
15656901,Nnonso,France,Male,59,615,0.0,165576.55,2,1,0,0
15621093,Teng,Germany,Male,31,681,97338.19,48226.76,2,0,0,1
15592123,Buccho,France,Male,30,768,0.0,199454.37,2,1,0,0
15589200,Madukaife,Spain,Male,34,617,0.0,118749.58,2,0,0,0
15602934,Dunn,France,Female,33,452,131698.57,151623.91,2,0,0,1
15812720,Hooker,Germany,Male,37,807,130110.45,172097.95,2,1,0,1
15695383,Griffin,Spain,Male,44,567,0.0,87677.15,2,0,0,0
15723064,Kistler,Spain,Male,24,603,165149.13,21858.28,2,0,0,1
15761606,Law,Spain,Female,37,617,101707.8,123866.28,1,0,0,1
15650322,Grigoryeva,France,Female,34,701,105588.66,74694.41,1,1,0,1
15669782,Chu,Germany,Male,39,820,111336.89,16770.31,1,0,1,1
15751628,Onyemachukwu,France,Male,60,438,78391.17,49424.6,1,1,0,1
15809057,Lu,Spain,Female,27,600,0.0,172031.22,2,1,0,0
15617052,Watson,France,Male,34,782,0.0,183021.06,1,0,1,0
15590810,Fallaci,Germany,Female,41,638,144326.09,73979.85,1,0,1,1
15801293,Ni,Germany,Male,27,850,101278.25,26265.18,2,1,0,1
15770968,Leason,Germany,Female,19,741,108711.57,24857.25,2,0,0,1
15572356,Tsai,Spain,Male,73,689,108555.07,167969.15,1,1,0,1
15603247,Bruner,Germany,Female,35,743,146781.24,189307.7,1,0,0,1
15619116,Wallace,France,Female,36,493,0.0,99770.3,2,1,0,0
15691792,Young,Spain,Male,35,416,0.0,119712.78,1,0,0,0
15783276,Forbes,France,Female,25,725,0.0,168607.74,2,1,0,0
15766137,Muir,France,Male,34,497,0.0,83087.13,2,1,0,0
15574554,Pugh,Germany,Male,66,537,103291.25,130664.79,2,1,0,1
15578671,Webb,Spain,Female,29,706,209490.21,133267.69,1,1,1,1
15716608,Walker,Spain,Male,38,651,0.0,67029.82,3,0,1,0
15690670,Cox,France,Male,33,720,0.0,141031.08,2,1,0,0
15630466,Maclean,France,Male,45,797,0.0,125110.02,1,0,0,0
15630349,Hollis,Spain,Male,23,543,0.0,117832.39,2,0,0,0
15803801,Jamieson,France,Male,34,454,0.0,198817.72,2,0,0,0
15647890,Su,France,Male,37,691,149405.18,146411.6,1,1,0,1
15606115,P'eng,France,Female,52,510,191665.21,131312.56,1,1,1,1
15714642,Hawkins,Spain,Female,40,792,0.0,141652.2,1,0,0,0
15741181,Ndubuagha,France,Male,41,721,135071.12,64477.25,1,1,0,1
15773973,Hill,France,Male,41,765,0.0,191215.61,2,1,0,0
15758546,Norton,Spain,Male,39,850,0.0,37090.44,2,1,0,0
15598940,Achebe,Germany,Male,38,681,181804.34,57517.71,2,1,0,1
15669783,Simpson,France,Female,60,586,47020.65,63241.21,2,1,1,1
15624993,Chiang,France,Female,36,753,128518.98,44567.83,1,1,1,1
15760568,Dalrymple,Germany,Female,38,593,142658.04,135337.11,2,1,0,1
15699047,Chukwuemeka,France,Female,21,674,120150.39,33964.03,2,1,0,1
15616168,Ojiofor,France,Female,35,610,81905.95,61623.19,1,1,0,1
15773146,Rubeo,France,Male,26,652,137998.2,168989.77,2,1,0,1
15770375,Fanucci,Germany,Female,26,850,123126.29,74425.41,1,0,0,1
15589725,Zubarev,France,Female,51,740,0.0,178929.84,2,1,0,0
15710034,T'ao,Germany,Male,43,637,135645.29,101382.86,2,1,1,1
15800806,Pai,Spain,Male,31,685,122449.31,180769.55,2,1,0,1
15570485,Udegbunam,Spain,Male,40,558,161766.87,92378.54,1,0,0,1
15575391,Claypool,France,Female,37,677,0.0,38252.25,2,1,0,0
15790750,Manfrin,Germany,Male,36,592,123187.51,146111.35,1,1,0,1
15714832,Baker,Germany,Male,36,652,150956.71,72350.17,1,0,0,1
15619953,Efremov,Spain,Female,42,662,105021.28,48242.38,1,0,0,1
15673929,Chin,France,Male,64,543,0.0,148305.82,2,1,0,0
15578835,Brookes,Spain,Female,50,675,133204.91,8270.06,1,1,0,1
15752388,Doyle,Spain,Female,35,643,0.0,41549.64,2,1,0,0
15797081,Ajuluchukwu,Germany,Female,49,611,115488.52,138656.81,2,1,1,1
15570194,Ikemefuna,France,Male,29,412,0.0,12510.53,2,0,0,0
15580149,Fowler,Spain,Male,41,638,0.0,43889.41,2,0,0,0
15777708,Liao,Spain,Female,38,824,0.0,192800.25,2,0,0,0
15769955,Onuora,France,Female,40,683,0.0,75762.0,2,0,0,0
15810444,Aksenov,Germany,Female,39,562,130565.02,9854.72,1,0,1,1
15645593,Trevisani,France,Female,41,599,91328.71,115724.78,1,0,0,1
15765345,Wood,France,Male,35,753,0.0,106303.4,2,1,0,0
15760873,Lombardo,France,Male,50,594,81310.34,183868.01,1,1,0,1
15794178,Walpole,France,Male,34,657,107136.6,153895.46,1,0,0,1
15589361,Chikwendu,Spain,Male,34,716,0.0,66695.71,1,1,0,0
15662483,Ko,France,Male,43,850,0.0,173851.11,2,1,0,0
15809736,Steigrad,France,Male,46,664,0.0,177423.02,1,1,1,0
15731148,Isayeva,France,Male,33,558,108477.49,109096.71,1,1,1,1
15774328,Boni,Germany,Male,40,606,144757.97,166656.18,2,1,0,1
15646969,Anayolisa,Spain,Male,33,776,0.0,176921.0,2,1,0,0
15718769,Fallaci,Spain,Male,36,557,113110.26,98413.1,1,0,0,1
15610226,Fenton,France,Female,27,614,106414.57,77500.81,2,0,0,1
15616270,Chao,Spain,Male,42,620,106920.91,119747.08,1,1,0,1
15790717,Osinachi,Spain,Male,35,695,0.0,160387.98,2,0,0,0
15635703,Chu,Germany,Female,39,729,131513.26,193715.0,1,1,0,1
15616365,Obiuto,France,Female,53,571,0.0,28045.77,2,0,0,0
15630244,Chu,France,Male,40,457,134320.23,150757.35,2,0,0,1
15734714,Nash,France,Female,29,559,79715.36,82252.28,1,0,0,1
15721433,Hixson,France,Female,38,664,74306.19,154395.56,2,0,0,1
15590201,Fiorentini,Spain,Female,50,500,0.0,83866.35,4,1,1,0
15590828,Chidimma,Germany,Male,42,782,126428.38,39830.1,1,0,0,1
15752097,Chiazagomekpere,Spain,Male,38,708,99640.89,12429.22,1,0,0,1
15800031,Laura,France,Male,43,681,66338.68,18772.5,1,1,1,1
15630857,Wu,Spain,Female,39,674,0.0,9574.83,2,1,0,0
15689953,Toscani,Spain,Male,43,697,128226.37,188486.94,1,0,0,1
15759733,McMillan,France,Female,26,774,0.0,64716.08,2,1,0,0
15810826,Chiekwugo,France,Male,36,624,0.0,84749.96,2,0,0,0
15668009,Hendley,Spain,Male,37,747,0.0,180551.76,2,1,0,0
15743456,Birnie,France,Female,32,715,0.0,60907.49,2,0,0,0
15725762,Kemp,France,Male,24,808,122168.65,174107.04,1,0,0,1
15761713,Johnstone,France,Female,43,678,178074.33,110405.9,1,0,0,1
15769246,Lo Duca,Germany,Male,59,813,135078.41,187636.06,1,0,1,1
15781129,Montgomery,Spain,Male,38,687,69434.4,66580.13,2,1,1,1
15599124,Miller,France,Female,29,832,0.0,178779.52,2,0,0,0
15639004,Chiemezie,France,Male,72,668,0.0,70783.61,2,1,0,0
15810995,Wright,Germany,Male,34,526,122726.56,46772.36,1,1,0,1
15653773,Shaw,France,Female,38,457,164496.99,163327.27,1,1,0,1
15708357,Chapman,Spain,Female,38,649,0.0,103760.53,1,0,0,0
15733597,Y?an,France,Female,41,669,150219.41,107839.03,2,0,0,1
15789560,Clark,France,Male,42,668,187534.79,32900.41,1,1,1,1
15699524,Howells,France,Female,30,466,0.0,193984.6,1,0,0,0
15626475,Gamble,France,Male,30,685,0.0,140889.32,2,1,0,0
15810839,Rogers,France,Male,34,610,103108.17,125646.82,1,0,0,1
15684318,McMillan,Germany,Female,50,582,96486.57,20344.02,2,1,0,1
15768120,Brown,Germany,Male,36,702,90560.48,174268.87,2,0,0,1
15712807,Robertson,Spain,Male,46,556,131764.96,108500.66,1,1,1,1
15696371,Thomas,Spain,Female,24,812,92476.88,83247.14,1,0,0,1
15675794,Hsing,Germany,Male,47,645,152076.93,121840.2,1,0,1,1
15774277,Chiu,France,Male,43,809,0.0,132908.07,2,1,0,0
15603764,Chang,France,Male,49,560,0.0,100075.1,1,1,1,0
15618647,Kornilova,France,Male,29,744,43504.42,119327.75,1,1,0,1
15614643,Chifo,Spain,Female,39,731,0.0,136737.13,2,0,0,0
15707696,Lu,Spain,Female,28,471,0.0,22356.97,2,1,0,0
15749583,Bellucci,Germany,Female,38,686,93569.86,10137.34,3,0,1,1
15815125,Michael,Spain,Male,45,668,102486.21,158379.25,2,1,0,1
15779620,Sinclair,France,Male,36,575,0.0,94570.56,1,1,0,0
15768233,Chukwuebuka,Germany,Male,37,435,114346.3,980.93,1,1,1,1
15637788,Schmidt,France,Male,23,743,110203.77,95583.45,1,0,0,1
15777046,Parry,France,Female,39,580,128362.59,86044.98,1,0,0,1
15788723,McIntyre,Germany,Female,49,599,143888.22,166236.38,2,1,1,1
15790489,Lo Duca,Spain,Male,34,534,170600.78,5240.53,1,1,0,1
15739476,Ferrari,France,Female,32,680,0.0,150684.23,1,1,0,0
15612670,Berry,Spain,Female,46,631,0.0,129508.96,2,1,0,0
15631222,Cattaneo,France,Female,39,485,75339.64,70665.16,1,1,0,1
15658972,Foster,France,Female,40,699,122038.34,102085.35,1,0,0,1
15724691,Gordon,France,Male,34,712,0.0,195052.12,2,1,0,0
15740442,May,France,Male,51,603,186825.57,93739.71,1,0,1,1
15760427,Cameron,France,Male,40,850,124788.18,65612.12,1,0,0,1
15677939,Ch'eng,France,Female,41,584,0.0,160095.48,2,1,0,0
15611599,Curtis,France,Female,71,604,0.0,49506.82,2,1,0,0
15633474,Whitehead,France,Male,51,586,138553.57,92406.22,1,1,0,1
15671973,Chukwuemeka,Spain,Male,39,467,0.0,7415.96,2,1,0,0
15790019,Onwughara,France,Male,35,520,105387.89,25059.06,1,1,0,1
15737735,Grant,Spain,Male,40,683,95053.1,116816.54,1,1,1,1
15661745,Browne,France,Male,36,557,0.0,144078.02,1,1,0,0
15797065,Goloubev,Spain,Female,32,613,0.0,126675.62,2,1,0,0
15710671,Gordon,France,Male,34,786,137361.96,183682.09,1,0,0,1
15656522,Sutherland,Spain,Male,32,593,158537.42,166850.57,1,0,0,1
15705085,Quesada,Spain,Female,29,670,0.0,27359.19,2,0,0,0
15744873,Wright,Germany,Female,48,657,143595.87,101314.65,1,0,1,1
15781914,Simmons,Germany,Male,32,718,169947.41,27979.16,2,1,0,1
15637354,Yobachukwu,France,Female,24,623,148167.83,109470.34,2,1,0,1
15717307,Read,France,Male,31,496,0.0,93713.13,2,0,0,0
15746695,Wunder,France,Female,39,429,48023.83,74870.99,1,0,0,1
15804962,Nnaife,France,Male,36,606,155655.46,192387.51,1,1,1,1
15665378,Shen,France,Female,46,499,0.0,73457.55,2,0,0,0
15757865,Powell,France,Male,62,642,0.0,61120.75,2,1,0,0
15578787,Goddard,France,Female,52,641,0.0,90964.54,1,0,1,0
15794323,Buckley,France,Male,32,673,121240.76,116969.73,1,0,0,1
15697546,McIntyre,France,Female,36,570,0.0,92118.75,2,0,0,0
15629519,Yen,France,Female,37,472,0.0,48357.9,2,1,0,0
15624703,Okonkwo,Germany,Male,35,550,129847.75,197325.4,2,0,0,1
15570002,Burlingame,Germany,Female,55,625,118772.71,135853.62,4,0,1,1
15808566,Hs?,France,Male,46,516,0.0,169122.54,2,1,0,0
15805463,Board,Germany,Male,32,682,105163.88,164170.46,2,1,0,1
15709136,Adams,France,Male,28,620,0.0,199909.32,2,1,0,0
15801605,Rizzo,France,Female,39,626,0.0,83295.09,2,1,0,0
15567855,Chukwufumnanya,France,Female,29,623,0.0,39382.06,2,0,0,0
15675141,Fraser,France,Female,35,569,93934.63,184748.23,1,0,0,1
15665759,Russell,France,Female,69,724,117866.92,62280.91,1,1,0,1
15761487,Yefimova,France,Female,55,678,0.0,196794.11,1,1,1,0
15700394,Palermo,Spain,Female,26,713,122857.46,144682.17,2,0,1,1
15631162,Bergamaschi,France,Male,32,631,0.0,196342.66,2,1,0,0
15630641,Shao,France,Female,37,846,127103.97,41516.44,1,1,0,1
15585066,Chimaraoke,France,Female,43,660,0.0,112026.1,1,1,1,0
15722991,McGregor,France,Male,54,567,96402.96,52035.29,1,0,1,1
15737404,Kesteven,France,Male,31,731,132512.26,185466.85,1,1,0,1
15722409,Ritchie,Spain,Male,47,693,107604.66,80149.27,1,1,0,1
15806420,Jenks,France,Male,34,772,0.0,170980.86,2,0,0,0
15658148,Udokamma,France,Male,38,657,0.0,185827.74,2,0,0,0
15810660,Boyle,Germany,Male,34,774,120875.23,113407.26,2,1,0,1
15709780,Azuka,France,Female,37,667,71786.9,67734.79,2,1,0,1
15727350,Pai,France,Female,37,516,113143.12,3363.36,1,0,0,1
15752312,Howells,Spain,Male,49,551,150777.72,135757.27,2,1,0,1
15616745,Hs?,Spain,Male,35,542,174894.53,22314.55,1,1,0,1
15572294,Kelly,France,Male,28,623,0.0,129526.57,1,0,0,0
15674110,Walton,France,Female,43,701,160416.56,37266.43,1,1,0,1
15662501,Ebelechukwu,France,Male,48,583,91246.53,60017.46,1,0,1,1
15649239,Vasilieva,Spain,Male,46,731,0.0,153015.42,2,0,0,0
15700424,Hsiao,France,Female,35,461,0.0,54209.02,1,1,0,0
15636388,Abrego,Germany,Female,23,702,98775.23,114603.96,1,0,0,1
15713975,Gibson,Germany,Female,47,565,139756.12,165849.49,1,0,1,1
15592925,Giordano,Spain,Male,42,711,177626.77,16392.72,3,1,1,1
15581626,Mancini,France,Male,54,664,0.0,162719.69,1,1,1,0
15641319,Afanasyeva,Spain,Male,50,518,0.0,107112.25,1,0,1,0
15723481,Wright,Spain,Male,42,728,0.0,41823.22,2,1,0,0
15787825,Okwudiliolisa,Germany,Male,37,585,152496.82,99907.29,1,1,0,1
15710726,Hughes,France,Male,52,573,0.0,178229.04,2,1,0,0
15627195,Parrott,Germany,Male,26,568,112930.28,22095.73,2,0,0,1
15657957,Hughes,Germany,Female,26,602,113674.2,197861.16,1,0,1,1
15676117,Zinachukwudi,France,Male,44,603,0.0,138328.24,1,0,0,0
15607874,Keane,France,Male,38,687,144450.58,137276.83,1,1,0,1
15796993,McCollum,France,Male,52,741,171236.3,21834.4,2,0,1,1
15649858,Simpson,Spain,Male,37,469,96776.49,119890.86,1,1,0,1
15811032,Gambrell,Germany,Female,58,477,145984.92,24564.7,1,1,0,1
15679963,Moretti,Germany,Male,43,737,96353.8,10209.8,1,0,0,1
15579131,Ricci,France,Male,25,835,0.0,83449.65,2,1,0,0
15572428,Rieke,Germany,Female,33,717,115777.23,81508.1,1,1,0,1
15622461,Ndubuagha,France,Female,51,562,122822.0,32626.21,2,0,0,1
15636105,Chung,Spain,Male,61,758,0.0,43982.41,2,1,0,0
15583849,Ts'ai,France,Male,40,408,0.0,124874.23,2,0,0,0
15718780,Cox,Spain,Female,32,650,79450.09,118324.75,1,1,0,1
15739271,Lei,Germany,Male,33,582,122394.0,22113.93,1,1,0,1
15697129,Ulyanova,Spain,Female,43,706,0.0,31962.77,2,0,0,0
15763415,Gray,Germany,Male,41,567,134378.89,105746.94,1,1,0,1
15796617,McGregor,France,Male,29,720,0.0,39925.52,2,0,0,0
15626628,Tretiakova,Spain,Female,31,631,88161.85,127630.88,2,0,0,1
15765857,Genovesi,Spain,Male,41,623,142412.13,28778.98,1,0,0,1
15742511,Gordon,France,Male,35,514,121030.9,10008.68,1,0,0,1
15786433,Aitken,Germany,Female,35,650,165982.43,24482.16,2,1,0,1
15685805,Ginikanwa,Spain,Female,35,673,0.0,98618.79,2,0,0,0
15627971,Coates,France,Female,32,504,206663.75,16281.94,1,0,0,1
15783025,Piazza,Germany,Male,37,723,94661.53,121239.65,2,0,0,1
15726289,Cawood,France,Male,25,645,174400.36,42669.37,1,0,0,1
15802118,Ignatieff,Spain,Male,41,664,123428.69,164924.11,1,1,0,1
15607990,Gallo,Spain,Male,43,760,175735.5,157337.29,1,1,0,1
15695932,Yelverton,Spain,Male,36,766,78381.13,153831.6,1,1,0,1
15812279,William,France,Male,37,634,115345.86,168781.8,2,0,0,1
15687558,Mault,Germany,Female,31,640,118613.34,168469.65,1,0,0,1
15729065,Mackay,Germany,Male,28,784,109960.06,170829.87,2,1,0,1
15698902,McIntyre,Germany,Female,42,547,142703.4,86207.49,1,0,1,1
15570192,Henry,Germany,Female,40,608,121729.42,61164.45,1,0,0,1
15809265,Kao,France,Female,35,547,0.0,133287.73,1,1,0,0
15745201,Frewin,France,Female,43,612,139496.35,77128.23,2,1,0,1
15580623,Yefremova,Spain,Male,28,573,0.0,77660.03,2,0,0,0
15578156,Anenechukwu,Spain,Male,32,615,138521.83,56897.1,1,1,0,1
15631063,Trentino,France,Female,33,710,0.0,72945.32,2,0,0,0
15692577,Tomlinson,Germany,Female,38,674,83727.68,45418.12,1,0,0,1
15810910,Royston,Spain,Female,38,702,0.0,158527.45,2,1,0,0
15723217,Cremonesi,France,Male,37,616,0.0,111312.96,1,0,0,0
15733111,Yeh,Spain,Male,32,688,124179.3,138759.15,1,1,0,1
15610727,Ch'in,France,Male,36,605,128829.25,190588.59,1,0,0,1
15792720,Martinez,France,Male,33,676,171490.78,79099.64,1,0,0,1
15723153,Wearing,Spain,Male,33,708,0.0,138613.21,2,0,0,0
15802823,Maclean,Spain,Female,38,745,0.0,194230.82,2,1,0,0
15756118,T'ao,Spain,Male,20,661,0.0,110252.53,1,0,0,0
15684934,Rose,France,Male,31,726,0.0,106117.3,2,1,0,0
15776936,Whitworth,France,Male,40,475,160818.08,169642.13,1,1,1,1
15729087,Suttor,Germany,Male,54,751,156367.6,116179.92,2,1,0,1
15786463,Hsing,Germany,Female,59,645,121669.93,91.75,2,0,1,1
15717498,Boni,France,Male,42,775,133970.22,187839.9,2,1,0,1
15718406,Marshall,France,Male,41,540,0.0,121098.65,2,0,0,0
15799468,Catchpole,France,Female,34,591,96127.27,30972.06,1,0,0,1
15626383,Tang,Spain,Male,60,596,121907.97,30314.04,1,1,0,1
15597385,Siddons,Spain,Male,41,573,0.0,14479.29,2,1,0,0
15570271,Wan,Spain,Male,31,577,0.0,196395.25,1,1,0,0
15690330,Efimov,Germany,Female,40,830,77701.64,19512.38,1,1,0,1
15680611,Rose,France,Male,67,663,0.0,72318.77,3,1,0,0
15810227,Fanucci,France,Male,34,421,0.0,96615.23,2,1,0,0
15807194,Iweobiegbulam,Spain,Male,34,718,113922.44,30772.22,2,0,0,1
15712199,Ijendu,Germany,Female,61,655,183997.7,161217.18,2,1,0,1
15694995,O'Sullivan,France,Male,23,712,0.0,66795.78,2,1,0,0
15723400,Hutchinson,France,Male,28,663,0.0,123969.64,2,1,0,0
15654772,Kwemto,France,Female,47,640,89799.46,13783.77,2,1,1,1
15574743,Chiu,Spain,Male,29,577,0.0,168924.41,1,1,0,0
15807593,Berry,Spain,Female,36,546,85660.96,134778.01,1,0,0,1
15686718,Hung,Germany,Male,37,802,115569.21,119782.89,1,1,0,1
15695299,Mordvinova,France,Female,45,590,81828.22,52167.97,1,0,0,1
15722701,Bruno,Germany,Male,18,594,132694.73,167689.56,1,0,0,1
15799635,Arbour,Spain,Male,51,577,108867.0,140800.66,1,0,1,1
15742323,Barese,France,Male,39,541,0.0,19823.02,2,0,0,0
15658435,Hingston,France,Female,27,781,0.0,72969.9,2,0,0,0
15586029,Davis,Germany,Male,34,806,96152.68,143711.02,2,0,0,1
15772337,Lawrence,Germany,Female,49,723,153855.52,180862.26,1,1,1,1
15807555,Chung,France,Male,45,535,0.0,125658.28,2,0,0,0
15603378,Padovano,France,Female,36,768,141334.95,125870.5,1,1,0,1
15792862,Blinova,Germany,Male,41,653,104584.11,15126.32,1,0,1,1
15657349,Carter,Germany,Female,50,803,98173.02,22457.25,1,0,1,1
15777614,Webb,Spain,Female,44,545,0.0,82614.89,2,1,0,0
15653952,T'an,Germany,Female,38,581,135157.05,32919.42,1,1,0,1
15724336,Yates,Germany,Female,49,513,171601.27,126223.84,1,0,0,1
15689594,Su,France,Male,29,731,179539.2,112010.02,1,0,0,1
15801920,Christian,Germany,Male,39,727,80615.46,180962.32,2,0,0,1
15653347,Chiu,Spain,Male,47,560,0.0,128882.66,1,0,1,0
15749951,Sacco,Germany,Male,27,766,126285.73,177614.17,1,0,1,1
15648178,Lettiere,Germany,Female,23,630,137964.51,174570.55,1,1,0,1
15738662,Daluchi,Germany,Male,41,652,159434.03,178373.93,1,0,0,1
15640855,T'ien,Germany,Male,40,729,113574.61,103396.08,2,0,0,1
15584288,Hung,France,Female,33,629,0.0,59129.72,2,1,0,0
15760988,Liu,Germany,Male,33,667,124573.33,683.37,2,0,0,1
15569624,Feng,Germany,Female,31,671,105864.6,145567.34,2,0,0,1
15597949,Gilbert,Germany,Female,47,768,104552.61,48137.08,1,0,1,1
15604551,Robb,France,Female,35,732,0.0,90876.95,2,0,0,0
15617476,Manfrin,France,Female,30,546,0.0,198543.09,2,1,0,0
15645323,Chinwenma,France,Male,55,630,0.0,106202.07,1,1,1,0
15793311,Smith,Germany,Female,46,765,119492.88,166896.01,2,1,1,1
15764153,Rowe,France,Female,33,704,130499.09,74804.36,2,1,0,1
15802560,Moran,Spain,Female,48,470,140576.11,116971.05,1,1,0,1
15728608,Walker,Germany,Female,34,688,91025.58,163783.0,2,1,0,1
15770474,Myers,France,Female,33,685,0.0,70221.13,3,1,1,0
15724444,Wall,France,Female,38,567,125877.65,107841.77,2,1,0,1
15753110,McKay,Spain,Male,64,720,45752.78,79623.28,2,0,1,1
15711521,Egobudike,France,Male,39,609,121778.71,138399.67,1,1,0,1
15632816,Williams,Germany,Female,49,521,127948.57,182765.14,1,1,0,1
15693637,Ochoa,France,Female,30,556,0.0,186648.19,2,1,0,0
15725509,Otutodilinna,Germany,Male,30,662,115286.68,149587.92,2,1,0,1
15684645,Ajuluchukwu,Germany,Male,41,704,62078.21,129050.67,2,0,0,1
15692235,Bellucci,France,Female,38,750,0.0,47764.99,2,0,0,0
15777459,Gordon,Spain,Female,32,619,175406.13,172792.43,2,1,1,1
15656937,Johnston,Spain,Male,26,468,131643.25,64436.16,1,0,0,1
15610643,De Luca,Germany,Male,44,435,151739.65,167461.5,1,0,0,1
15777315,Hill,France,Male,43,529,93616.35,98348.66,2,0,0,1
15611058,Eluemuno,Germany,Female,60,702,138597.54,41536.59,2,1,1,1
15630413,Howarth,France,Female,41,608,0.0,72462.25,2,1,0,0
15635942,Thomson,France,Male,40,576,0.0,112465.19,2,0,1,0
15648858,King,France,Female,27,666,85225.21,64511.44,1,1,0,1
15810732,Grant,France,Female,36,730,148749.29,91830.75,2,0,0,1
15705448,Gilbert,Germany,Male,52,647,130013.12,190806.36,1,1,1,1
15730488,Richmond,Spain,Female,27,516,0.0,112311.15,1,1,0,0
15620443,Fiorentino,France,Female,81,711,0.0,72276.24,2,1,0,0
15741078,Greece,France,Male,54,736,111729.47,84920.49,2,1,0,1
15753161,Dickson,France,Female,36,768,180169.44,17348.56,2,0,0,1
15711396,Henderson,Spain,Male,40,427,0.0,82870.75,2,1,0,0
15593499,Stevens,Spain,Female,47,686,0.0,32080.69,1,0,1,0
15579189,Mitchell,France,Female,42,690,0.0,120512.08,2,1,0,0
15743545,Nworie,Spain,Female,29,647,0.0,179032.68,2,0,0,0
15791316,Boni,France,Male,35,714,0.0,95623.28,2,1,0,0
15608246,Wentcher,Germany,Female,36,736,103914.17,110035.88,1,1,1,1
15676526,Bentley,France,Female,34,608,88772.87,168822.01,1,1,0,1
15813911,Hayes-Williams,France,Female,39,809,0.0,77705.75,1,0,0,0
15630195,Johnstone,France,Female,40,745,131184.67,49815.62,1,1,0,1
15736250,Johnstone,France,Male,38,781,117810.79,65632.33,1,1,1,1
15671334,Nixon,France,Male,31,527,0.0,169361.89,1,0,0,0
15574169,Trevisano,Germany,Female,32,595,92466.21,4721.3,1,0,0,1
15718839,Tsui,Germany,Female,38,850,102741.15,23974.85,2,1,0,1
15762331,Moss,France,Male,37,569,178755.84,199929.17,1,0,0,1
15606901,Graham,France,Male,43,728,0.0,40023.7,2,0,0,0
15713559,Onyemauchechukwu,Germany,Female,32,473,146602.25,72946.95,2,1,0,1
15768881,Saunders,France,Male,29,738,0.0,170421.13,2,1,0,0
15743075,Ko,France,Male,35,659,0.0,58879.11,2,1,0,0
15660980,Cairns,Spain,Male,38,597,115702.67,25059.05,2,1,0,1
15810942,Chiemela,Germany,Female,61,445,137655.31,29909.84,1,1,0,1
15728362,Robertson,France,Female,29,671,0.0,158043.11,2,0,0,0
15683339,P'eng,Spain,Female,34,656,59877.33,14032.62,1,0,1,1
15685476,Tseng,France,Male,31,658,100082.14,49809.88,1,1,0,1
15663650,Russell,Germany,Male,52,698,107304.39,28806.32,3,0,1,1
15617434,Yen,Spain,Male,38,655,0.0,90490.33,1,1,0,0
15622470,Yeh,Spain,Male,41,772,96032.22,75825.57,1,1,0,1
15703682,Kalinina,Spain,Male,33,681,0.0,158336.36,1,0,0,0
15727391,Collier,Germany,Male,29,688,144553.5,143454.95,2,0,0,1
15711062,Thomas,Germany,Male,40,633,86172.81,117279.49,2,1,0,1
15567339,Shaw,France,Male,73,735,0.0,114283.33,1,1,0,0
15760662,Francis,Germany,Female,29,521,87212.8,994.86,1,1,0,1
15605737,George,France,Male,36,541,0.0,124795.84,2,0,0,0
15692977,Ikenna,Germany,Female,36,612,130700.92,77592.8,2,0,0,1
15672082,Schatz,France,Male,62,562,0.0,105986.01,2,0,0,0
15600280,Tao,France,Female,32,703,0.0,33606.52,2,0,0,0
15804052,Scott,Spain,Male,23,710,0.0,134188.11,2,1,0,0
15576065,Sims,Spain,Female,40,731,171325.98,159718.27,1,1,1,1
15796838,Chibugo,Spain,Male,58,703,92930.92,85148.78,1,1,0,1
15693526,Ku,France,Female,40,618,0.0,119059.13,1,0,0,0
15748595,Stanton,France,Female,29,689,77556.79,122998.26,2,1,0,1
15679029,Kung,France,Male,33,718,102874.28,117841.06,1,0,0,1
15753639,Gibson,France,Male,37,608,146093.39,160593.41,2,0,0,1
15604138,Iheanacho,Spain,Male,34,749,0.0,174189.04,1,0,1,0
15666095,Costa,Spain,Male,51,753,79811.72,68260.27,2,1,1,1
15643487,Sal,Spain,Male,39,630,105473.74,58854.88,1,0,1,1
15764033,Lin,Germany,Female,43,693,121927.92,87994.95,1,0,1,1
15747288,Ferri,Spain,Female,40,838,61671.19,150659.35,1,1,1,1
15790599,Yin,Germany,Female,39,756,149363.12,109098.39,2,1,0,1
15737705,Avdeyeva,France,Female,27,775,152309.37,104112.0,1,0,0,1
15737194,Tu,France,Female,33,635,0.0,122949.71,2,0,0,0
15726776,Donnelly,Spain,Male,36,705,111629.29,21807.16,1,1,0,1
15804357,Loggia,France,Male,40,481,0.0,32319.93,1,1,0,0
15664432,Chao,Spain,Female,49,727,96296.78,190457.87,1,0,1,1
15688984,Belonwu,France,Male,20,595,95830.43,177738.98,1,0,0,1
15583026,Welch,France,Female,38,535,135919.33,80425.65,1,0,0,1
15771668,Henderson,France,Male,59,578,185966.64,9445.42,1,0,1,1
15779904,Yobanna,France,Female,29,597,0.0,174825.57,2,1,0,0
15784323,Gallo,France,Female,21,449,0.0,175743.92,2,0,0,0
15756277,Wilson,Germany,Female,43,850,92244.83,54949.73,2,0,0,1
15663312,Marino,France,Female,35,494,112727.06,183752.91,2,0,0,1
15793197,Bailey,France,Female,34,676,100359.54,46038.28,1,0,0,1
15731463,Gboliwe,Germany,Male,43,818,105301.5,78941.59,1,1,0,1
15621768,Chukwuhaenye,Spain,Male,45,712,112994.65,198398.68,1,0,0,1
15691323,Bianchi,Germany,Male,40,672,89025.88,188892.19,2,0,0,1
15781326,Ford,France,Male,35,636,95478.17,169286.74,1,0,0,1
15595640,Rizzo,France,Male,37,698,0.0,145004.39,2,0,0,0
15814331,Lung,Germany,Female,43,597,119127.46,55809.92,2,0,0,1
15602030,Ramirez,France,Male,28,717,128206.79,54272.12,1,1,0,1
15747974,Sabbatini,France,Male,49,614,0.0,192440.54,2,0,0,0
15611315,Ts'ao,Germany,Female,23,708,71433.08,103697.57,1,0,0,1
15636977,Trevisan,Germany,Male,36,507,118214.32,119110.03,3,0,1,1
15690337,Chinwenma,France,Female,27,581,102258.11,194681.6,2,0,0,1
15680666,Berry,Spain,Female,39,579,151963.26,158948.63,2,0,0,1
15679551,Colombo,Spain,Female,46,504,163764.84,165122.55,1,1,1,1
15778915,Harris,France,Female,32,737,128551.36,189402.71,2,1,0,1
15568849,Bryan,Spain,Female,31,540,118158.74,158027.57,1,1,0,1
15747762,Chigozie,France,Male,32,609,118520.41,3815.48,1,0,0,1
15753679,Mullawirraburka,France,Male,24,778,0.0,162809.2,2,1,0,0
15750049,Steele,France,Male,40,621,163823.37,89519.47,1,0,0,1
15606097,Zakharov,Germany,Male,63,665,104469.58,25165.36,1,1,1,1
15802368,Ch'eng,France,Female,47,608,0.0,126012.57,1,1,0,0
15767488,Berry,Spain,Male,36,680,0.0,20109.21,2,0,0,0
15669946,Jen,Germany,Female,46,663,141726.88,58257.23,1,1,0,1
15612103,Wang,Germany,Female,35,627,137852.96,172269.21,1,1,1,1
15645353,Chubb,France,Male,26,607,0.0,29818.2,1,0,0,0
15650018,Chen,France,Female,43,681,154100.3,114659.81,1,0,0,1
15659002,Mazzanti,France,Female,45,766,0.0,147184.74,2,0,0,0
15616028,T'ao,France,Male,30,694,0.0,15039.41,3,1,0,0
15660475,Ndubueze,France,Female,54,411,0.0,76621.49,1,1,0,0
15652615,Ferri,France,Male,39,742,140004.96,92985.78,1,1,0,1
15653572,Thornton,Spain,Male,43,673,127132.96,6009.27,1,1,1,1
15628059,DeRose,France,Male,61,529,0.0,191370.97,2,1,0,0
15703413,Montes,France,Female,38,519,125328.56,188225.67,1,0,0,1
15610433,Kwemto,France,Male,35,573,0.0,11743.89,2,0,0,0
15770548,Lucchese,Germany,Female,28,453,139986.65,136846.75,1,0,0,1
15645637,Huggins,Germany,Female,39,798,119787.76,164248.33,1,1,0,1
15590888,Wade,Spain,Female,34,693,107556.06,154631.35,2,0,0,1
15568326,Kenenna,France,Female,44,637,0.0,149665.65,2,0,0,0
15655368,Wheeler,France,Male,47,672,0.0,91574.92,1,0,0,0
15665579,Cartwright,France,Female,28,597,142705.95,127233.39,1,0,0,1
15676091,Iloerika,France,Male,42,543,0.0,56650.47,1,1,0,0
15716984,Palermo,Spain,Female,56,695,0.0,84644.76,2,0,0,0
15715078,Nkemakolam,France,Male,35,584,161613.94,148238.16,2,1,0,1
15569452,Butler,Germany,Female,58,652,116353.2,193502.9,2,1,0,1
15628863,Calabresi,France,Male,38,601,60013.81,38020.05,1,1,0,1
15778192,Nkemdilim,Spain,Male,28,628,0.0,176750.81,2,1,0,0
15793723,Ch'iu,Germany,Male,32,607,144272.07,176580.63,2,0,0,1
15798943,Alexander,France,Female,46,646,0.0,133059.15,2,0,0,0
15764708,Chiabuotu,France,Male,30,572,117696.67,100843.82,1,0,0,1
15791040,Vasilyeva,Spain,Male,58,801,79954.61,30484.19,2,1,0,1
15631512,Schneider,France,Female,26,597,149989.39,42330.58,1,0,0,1
15640106,Mason,France,Male,40,613,124339.9,193309.58,1,0,0,1
15710315,Chukwukadibia,Germany,Male,29,529,135759.4,112813.79,1,0,1,1
15771535,Tsui,Spain,Female,37,794,0.0,68008.85,2,0,0,0
15611947,Banks,France,Male,34,557,83074.0,132673.22,1,0,0,1
15670266,Shih,France,Female,28,499,141792.61,22001.91,1,1,0,1
15609083,Tretiakova,France,Female,26,544,0.0,100200.4,1,0,1,0
15567923,Barese,France,Female,30,739,0.0,122604.44,1,0,0,0
15788183,Longo,Germany,Female,43,458,106870.12,100564.37,2,0,0,1
15735782,MacDonald,France,Male,31,528,120962.59,5419.31,1,0,0,1
15774401,Chambers,Spain,Male,51,773,0.0,123587.83,2,0,1,0
15737971,Cowen,France,Female,30,646,0.0,13935.32,2,0,0,0
15758750,Iweobiegbunam,France,Male,31,564,110527.17,87060.77,1,1,0,1
15611767,Mai,Germany,Female,52,624,133723.43,4859.59,1,0,1,1
15643770,Yu,France,Female,52,682,112670.48,21085.17,1,0,1,1
15744717,Duffy,France,Female,44,726,0.0,26733.86,2,1,0,0
15570681,Chiang,France,Male,24,560,116084.32,89734.7,1,0,0,1
15792650,Watts,Spain,Male,36,382,0.0,179540.73,1,1,1,0
15605531,Daly,Spain,Female,38,457,0.0,173219.09,2,0,0,0
15605339,Baker,France,Female,37,673,0.0,37411.35,2,1,0,0
15672216,Uvarov,France,Female,40,584,82441.75,80852.11,1,0,0,1
15812893,Costa,France,Female,39,629,0.0,43174.49,2,1,1,0
15624180,Genovesi,Germany,Female,37,584,134171.8,70927.11,4,1,1,1
15701364,Doherty,France,Male,30,724,0.0,54265.55,2,1,0,0
15762588,Kaleski,France,Male,31,644,0.0,41872.17,2,1,0,0
15806318,Wright,Germany,Female,48,676,124442.38,15068.53,1,0,1,1
15712596,Huang,France,Male,31,499,0.0,25950.49,1,0,0,0
15600399,Trentino,France,Male,60,598,0.0,197727.14,1,0,1,0
15576216,Chienezie,Germany,Female,37,655,108862.76,79555.08,1,0,1,1
15620750,Sugden,France,Male,28,559,141099.43,15607.27,1,1,0,1
15623489,Tu,France,Female,67,543,128843.67,134612.48,1,1,0,1
15667944,Onuchukwu,France,Male,39,679,86843.61,159830.58,1,1,0,1
15584928,Ugochukwutubelum,Germany,Female,32,594,120074.97,162961.79,2,1,0,1
15779913,Davidson,France,Male,27,586,130231.8,192427.16,2,1,0,1
15644977,Goddard,France,Female,31,776,0.0,92647.94,2,0,0,0
15749679,Beck,France,Male,39,699,109724.38,180022.39,1,1,0,1
15629010,Beam,Germany,Female,35,847,111743.43,183584.14,1,1,0,1
15768465,Sheppard,Germany,Male,35,582,121309.17,28750.67,2,1,0,1
15767781,Godfrey,France,Male,38,648,82697.28,74846.67,1,0,0,1
15635364,Gray,France,Female,49,618,44301.43,89729.3,3,1,1,0
15722004,Hsiung,France,Female,31,543,138317.94,61843.73,1,0,0,1
15766044,Cameron,Germany,Male,49,642,120688.61,24770.22,1,0,1,1
15586680,Fleming,France,Male,27,462,176913.52,80587.27,1,0,0,1
15635388,Austin,Spain,Male,47,640,89047.14,116286.25,1,0,0,1
15655175,Wallace,Germany,Male,40,740,114318.78,129333.69,2,0,1,1
15639133,Ku,France,Female,50,773,0.0,129372.94,2,0,0,0
15799653,Fiorentino,Germany,Female,32,583,94753.55,18149.03,2,1,0,1
15723872,Buccho,Spain,Female,46,589,0.0,168369.37,2,1,0,0
15775627,Gordon,France,Male,35,509,0.0,67431.28,2,1,0,0
15630704,Haworth,Germany,Male,32,612,106520.73,177092.16,2,0,0,1
15815534,Guidry,Spain,Male,37,505,134006.39,93736.69,1,1,0,1
15697249,Lettiere,Germany,Female,25,546,132837.7,131647.31,1,0,0,1
15681316,Tai,France,Female,41,681,120549.29,175722.31,2,0,0,1
15682523,Chigozie,France,Male,20,762,139432.55,85606.83,1,1,0,1
15650244,Bezrukov,Spain,Male,29,786,80895.44,64945.57,2,0,0,1
15648638,Chia,Spain,Male,34,629,0.0,190347.72,2,0,0,0
15795747,Sheppard,Spain,Female,39,787,171646.76,100791.36,1,1,0,1
15607330,Vasilyev,Spain,Male,42,713,109121.71,167873.49,1,1,0,1
15624013,Maxwell,France,Female,39,541,109844.81,25289.23,1,0,0,1
15800805,Maher,France,Female,31,451,140931.82,20388.77,1,1,0,1
15667321,Cocci,Spain,Male,49,644,0.0,145089.64,2,1,0,0
15601116,P'an,France,Male,32,686,0.0,179093.26,2,1,0,0
15622033,Rapuluchukwu,Germany,Female,41,847,101543.51,16025.17,4,0,1,0
15758451,Azuka,Germany,Male,37,765,102708.77,9087.81,1,0,0,1
15688689,Esposito,Germany,Female,37,678,149000.91,21472.42,2,1,0,1
15652674,Hou,France,Male,20,539,83459.86,146752.67,1,1,0,1
15806327,Cyril,France,Female,40,800,75893.11,132562.23,2,0,0,1
15649618,Tomlinson,Germany,Female,39,799,167395.6,139537.43,2,1,0,1
15677117,Crawford,France,Female,61,629,0.0,133672.61,2,1,0,0
15751445,Chikwado,Germany,Female,52,734,71283.09,38984.37,2,1,0,1
15749669,Hargreaves,France,Female,31,542,0.0,115217.59,2,1,0,0
15656351,Laidley,Spain,Male,60,414,0.0,93844.82,2,1,0,0
15667438,Ferguson,France,Female,38,675,104016.88,22068.83,1,0,1,1
15682273,Burns,France,Female,38,683,127616.56,123846.07,1,0,0,1
15580912,McNeill,France,Male,32,748,154737.88,172638.13,2,1,0,1
15785183,Chukwuebuka,Spain,Male,29,596,0.0,1591.19,2,1,0,0
15705383,Shen,France,Male,35,642,125476.31,91775.51,1,1,0,1
15712903,Diaz,France,Female,21,499,176511.08,153920.22,1,1,0,1
15774285,Kentish,Spain,Female,47,649,110783.28,71420.16,1,1,0,1
15583138,Persse,France,Male,42,739,141642.92,172149.76,2,0,0,1
15740160,Okwukwe,France,Male,31,616,0.0,54706.75,2,1,0,0
15793425,Watt,Spain,Female,33,560,0.0,183358.21,1,1,0,0
15749265,Carslaw,Germany,Male,42,427,75681.52,57098.0,1,1,0,1
15623989,Griffin,France,Male,54,435,0.0,156910.46,1,0,1,0
15604832,Hsia,France,Male,29,633,0.0,130224.73,1,1,0,0
15584580,Fyodorova,France,Male,35,443,161111.45,13946.66,1,0,0,1
15573854,Chukwujekwu,France,Male,62,727,0.0,38652.96,2,1,0,0
15614847,Townsend,France,Female,45,674,72494.69,140041.78,1,1,0,1
15679966,Marsh,France,Female,31,661,133964.3,166187.1,1,1,0,1
15799435,Hayes,Spain,Male,34,619,0.0,139919.38,1,0,0,0
15752186,Padovano,France,Female,27,562,0.0,28137.03,2,0,0,0
15705544,Ma,France,Male,61,633,157201.48,50368.63,1,1,0,1
15713632,Ham,Spain,Female,48,551,95679.29,94978.1,1,0,0,1
15586523,Paten,Germany,Female,29,720,106230.92,69903.93,1,1,1,1
15609176,Cawthorne,France,Female,32,688,0.0,177607.77,2,1,0,0
15769308,Herbert,Germany,Female,36,635,81231.85,196731.08,2,0,0,1
15676810,Jen,France,Female,31,561,81480.27,65234.6,2,1,0,1
15634591,Saunders,France,Male,33,850,73059.38,186281.0,1,1,0,1
15679804,Esquivel,France,Male,36,636,117559.05,111573.3,2,1,0,1
15677764,Chao,Germany,Female,74,461,186445.31,196767.83,2,1,0,1
15571917,Eluemuno,Germany,Female,38,771,137657.71,72985.61,2,0,0,1
15574608,Sidorova,France,Male,36,713,133889.35,143265.65,1,1,0,1
15740868,Pirogova,Germany,Female,45,658,134562.8,159268.67,1,1,0,1
15702442,Benson,Germany,Female,56,586,100781.75,54448.41,2,1,0,1
15699797,Santana,France,Male,30,737,174356.13,31928.5,1,0,0,1
15648047,Williamson,Germany,Male,27,742,190125.43,21793.59,2,0,0,1
15766826,North,France,Male,26,824,146266.0,21903.62,1,0,1,1
15591628,Davies,Germany,Male,41,701,164046.1,49405.93,1,0,0,1
15583857,Siciliano,Spain,Female,43,623,123536.52,154908.52,2,0,0,1
15752534,Mironov,France,Male,36,744,0.0,182867.84,2,1,0,0
15741403,Amechi,Spain,Female,38,698,171848.38,16957.45,1,0,0,1
15783589,Toscano,France,Male,40,616,0.0,93717.55,2,0,0,0
15598046,Su,France,Female,39,662,139562.05,61636.22,2,0,0,1
15643330,Chukwuemeka,France,Male,37,594,0.0,95864.5,2,1,0,0
15680405,P'eng,France,Male,40,685,168001.34,167400.29,2,1,0,1
15728683,Lombardo,France,Male,27,742,0.0,131534.96,2,1,0,0
15621644,Lombardi,Germany,Male,83,678,123356.63,92934.41,1,1,0,1
15733032,Butler,Spain,Male,47,651,0.0,119808.64,2,1,0,0
15608381,Dean,Germany,Male,50,585,125845.66,9439.31,1,0,1,1
15658946,Piccio,Germany,Male,40,579,45408.85,18732.91,2,0,0,0
15757912,Bradley,Germany,Female,37,722,125977.81,160162.42,1,0,0,1
15645371,Cameron,Germany,Female,51,613,147262.11,53630.9,1,1,1,1
15653110,Chan,France,Male,42,694,133767.19,36405.21,1,0,0,1
15766355,Lettiere,Germany,Male,49,550,108806.96,61446.92,3,0,1,1
15585249,Mironova,France,Male,42,741,106036.52,194686.78,1,0,1,1
15611786,Tsui,Spain,Female,69,668,0.0,134483.07,1,1,0,0
15575486,Okoli,France,Female,27,529,0.0,37769.98,2,1,0,0
15780215,Berry,France,Male,31,636,0.0,2382.61,2,1,0,0
15686099,Ruse,Spain,Male,61,563,82182.1,106826.92,1,0,1,1
15739042,Bogolyubov,France,Female,35,767,0.0,39511.61,2,0,0,0
15815316,Kennedy,France,Male,50,644,76817.0,196371.13,4,0,1,1
15778489,Bolton,Germany,Male,71,780,142550.25,122506.78,2,1,0,1
15786389,Chuang,Spain,Female,41,635,0.0,61994.2,2,1,0,0
15601787,Greco,Germany,Male,35,641,103711.56,192464.21,1,1,1,1
15624715,Ma,Spain,Female,40,593,0.0,5194.95,1,1,0,0
15763093,Nucci,Germany,Female,35,540,128369.75,198256.15,2,0,0,1
15572073,Yao,Spain,Male,35,663,0.0,62634.94,2,1,0,0
15780256,Palfreyman,France,Male,34,630,0.0,114006.35,2,1,0,0
15659305,Webster,Germany,Male,19,605,166133.28,107994.99,1,1,0,1
15638882,Cardell,Germany,Female,62,710,148214.36,48571.14,1,0,1,1
15714680,Bianchi,France,Female,78,755,121206.96,76016.49,1,1,0,1
15777217,Somadina,Spain,Male,25,641,0.0,180808.39,2,1,0,0
15739123,Mellor,Germany,Male,50,737,127552.85,4225.11,2,0,0,1
15594450,Tomlinson,France,Male,49,695,159458.53,135841.35,1,0,0,1
15797751,Pai,Germany,Female,47,466,102085.72,183536.24,1,1,1,1
15691543,Lennox,Germany,Male,58,558,142537.18,88791.83,1,1,0,1
15722845,Meldrum,Spain,Male,29,665,182781.74,63732.9,2,1,0,1
15605804,Watson,France,Male,45,737,0.0,1364.54,2,0,0,0
15702061,Findlay,France,Male,29,654,0.0,149184.15,2,1,0,0
15694321,Su,France,Female,28,619,0.0,53394.12,2,0,0,0
15798749,Davidson,Germany,Female,43,845,152063.59,97910.06,2,0,0,1
15720050,Barrett,France,Female,28,727,110997.76,101433.76,1,0,0,1
15758048,Miah,France,Male,50,582,148942.0,116944.3,1,1,0,1
15805681,Chamberlain,France,Male,41,716,0.0,113267.48,1,1,0,0
15802809,Vidal,Spain,Female,36,660,84438.57,181449.51,1,1,0,1
15807239,Lung,France,Female,34,664,93920.47,179913.98,1,0,0,1
15749093,Tretyakova,France,Male,43,801,158713.08,98586.14,2,0,0,1
15689344,Montgomery,Spain,Male,42,615,0.0,120321.09,3,1,0,0
15606076,Golubev,Germany,Male,63,718,123204.88,100538.8,1,1,0,1
15610090,Han,France,Male,40,667,72945.29,98931.5,2,0,0,1
15693926,Pan,Spain,Male,37,670,178742.71,194493.57,1,1,0,1
15791501,Carroll,France,Male,43,590,0.0,143628.31,2,1,0,0
15621870,Hawkins,Spain,Female,40,739,0.0,167030.51,1,0,0,0
15734711,Loggia,France,Male,42,373,0.0,77786.37,1,0,1,0
15814405,Chesnokova,France,Female,46,418,0.0,81014.5,1,1,1,0
15729359,Chambers,France,Female,29,837,0.0,41866.26,2,1,0,0
15606944,Fleming,Germany,Male,43,645,140121.17,11302.7,1,0,1,1
15671934,Veale,Germany,Male,39,552,132906.88,149384.43,1,1,0,1
15641773,Browne,Germany,Male,45,580,179334.83,169303.65,2,1,0,1
15701972,Parsons,France,Male,35,684,137179.39,37264.11,1,1,0,1
15749114,Bailey,Spain,Male,35,634,0.0,19515.48,2,1,0,0
15780362,Ferrari,France,Female,49,607,119960.29,103068.22,2,0,0,1
15753229,Genovese,France,Male,29,802,127414.55,134459.12,1,1,0,1
15656009,McIntyre,France,Female,36,736,0.0,70496.66,1,0,0,0
15785024,Warner,France,Female,40,629,137409.19,175877.7,1,0,1,1
15670492,Gordon,France,Male,28,737,0.0,106390.01,2,0,0,0
15795458,McMillan,Spain,Female,39,718,0.0,52138.49,1,1,0,0
15732438,Cheng,France,Male,43,561,0.0,18522.91,4,0,1,0
15781987,Akhtar,France,Male,31,641,112494.99,32231.6,1,1,0,1
15775826,Iadanza,France,Male,30,677,78133.15,174225.88,1,1,0,1
15807457,Abernathy,Spain,Female,36,641,0.0,102021.39,2,0,0,0
15632538,Watson,Spain,Female,32,658,145553.07,31484.76,1,1,0,1
15641389,Shen,Germany,Male,48,659,123593.22,82469.06,2,0,1,1
15657306,Kershaw,France,Female,47,567,0.0,110900.43,1,0,1,0
15709447,Reed,France,Female,26,584,146286.22,105105.35,1,0,0,1
15762682,Mitchell,Spain,Female,35,709,111827.27,12674.68,2,0,0,1
15626042,Webb,Spain,Female,26,690,0.0,93255.85,2,1,0,0
15597109,Vanzetti,France,Male,70,627,94416.78,145299.5,1,1,0,1
15756148,Nnanna,Spain,Male,45,765,91549.78,47139.44,1,1,0,1
15665634,Campbell,France,Female,38,645,59568.57,167723.25,1,1,0,1
15739997,Capon,France,Female,23,716,94464.81,185900.88,2,1,0,1
15686242,Otutodilichukwu,France,Female,57,771,0.0,85876.67,1,0,1,0
15759244,Boone,Germany,Male,44,687,95368.14,1787.85,2,1,0,1
15672027,McIntyre,Germany,Female,33,717,102185.42,23231.93,2,0,0,1
15594576,Zhdanov,France,Male,32,524,144875.71,187740.04,1,0,0,1
15707138,Nagy,Spain,Male,39,679,0.0,100060.54,2,1,0,0
15756954,Lombardo,France,Female,32,538,0.0,80130.54,1,1,0,0
15619130,Simpson,Germany,Female,37,752,113291.05,132467.54,2,1,0,1
15639665,Herbert,Spain,Male,61,846,0.0,96202.44,2,1,0,0
15571065,Lehr,Spain,Female,39,532,0.0,94977.3,2,0,0,0
15686060,Chou,Germany,Male,43,670,111677.88,178827.3,1,0,1,1
15615753,Upchurch,Germany,Female,35,597,131101.04,192852.67,1,1,0,1
15800961,Ugorji,Germany,Male,52,627,76101.81,177238.35,2,1,0,1
15763065,Palerma,Spain,Female,40,700,0.0,199753.97,2,0,0,0
15672467,Coles,France,Female,52,766,92510.9,66193.61,2,1,0,1
15752915,Hsueh,France,Female,34,488,0.0,181270.84,2,1,0,0
15744695,Tu,France,Male,39,694,77652.4,25407.59,1,1,0,1
15584897,Kuo,France,Female,31,639,98360.03,20973.8,1,0,0,1
15601857,Woodhouse,Germany,Female,46,705,115518.07,76544.9,1,0,1,1
15674156,Tretiakova,Germany,Male,69,810,27288.43,110509.9,1,1,0,1
15695465,Gibson,France,Female,36,638,0.0,164247.51,1,0,0,0
15792232,Moss,Spain,Female,43,595,0.0,105149.8,2,0,0,0
15807900,Chineze,France,Male,36,575,0.0,55868.97,1,1,1,0
15743760,Davidson,France,Male,31,850,131996.66,178747.43,2,1,0,1
15652835,Liang,Spain,Female,27,419,121580.42,134720.51,1,1,0,1
15767818,Graham,France,Male,55,640,132436.34,978.66,1,0,0,1
15591150,Nwebube,Spain,Male,34,570,0.0,183387.12,2,1,0,0
15734659,Sozonov,Germany,Female,46,640,107978.4,155876.06,2,0,0,1
15796115,Forbes,Germany,Female,40,689,78119.59,119259.34,4,0,1,1
15724648,Chikezie,France,Male,26,725,98684.15,133720.57,1,0,0,1
15737732,Onwuemelie,France,Female,44,751,0.0,170634.49,2,0,0,0
15632280,Toth,Spain,Female,53,544,0.0,125692.07,1,0,1,0
15750407,Hunt,Germany,Female,43,768,129264.05,19150.14,2,0,0,1
15795370,Mazure,Germany,Male,37,648,131753.41,86894.67,1,0,0,1
15656829,Hughes,Spain,Female,33,577,0.0,57975.8,2,0,0,0
15643794,Bennett,Spain,Female,27,639,0.0,82938.99,1,1,0,0
15798605,Tien,Germany,Male,26,686,57422.62,79189.4,1,1,0,1
15637324,Kay,France,Female,28,657,0.0,5177.62,2,1,0,0
15589589,Bryan,France,Male,34,613,144094.2,44510.26,1,0,0,1
15778936,Ingamells,France,Male,33,701,147510.34,190611.92,1,0,0,1
15757385,Milne,Spain,Female,28,578,161592.76,177834.79,1,0,0,1
15666200,Lombardo,France,Female,40,689,0.0,119446.64,2,1,0,0
15683977,Owens,Spain,Female,72,687,0.0,50267.69,2,1,0,0
15675518,Charlton,Spain,Female,53,499,75225.53,144849.1,2,0,1,1
15584812,Overby,Spain,Female,39,693,0.0,81901.6,2,0,0,0
15752984,Chifley,France,Female,70,737,87542.89,42576.86,2,1,0,1
15577913,Oliver,France,Female,32,651,144581.96,87609.5,1,1,0,1
15591980,Hill,France,Male,33,753,122568.05,82820.85,2,1,0,1
15598948,DeRose,Spain,Female,24,523,172231.93,155144.12,1,1,0,1
15574142,Chuang,Germany,Female,28,458,171932.26,9578.24,2,1,0,1
15582903,Edwards,France,Male,39,643,0.0,170392.59,2,1,0,0
15733229,Rodriguez,Spain,Female,34,638,0.0,3946.29,2,0,0,0
15635752,Lo,Germany,Male,38,685,111798.06,102184.66,2,1,0,1
15771000,Powell,France,Male,38,684,0.0,75609.84,3,0,0,0
15804864,Chu,France,Female,27,670,79336.61,26170.08,1,1,0,1
15641175,Munro,Germany,Male,63,701,120916.52,144727.45,3,0,1,1
15692226,Onwumelu,France,Female,31,705,142905.51,58134.97,1,1,0,1
15584156,Siciliani,Spain,Male,27,593,0.0,94620.0,3,0,1,0
15702656,Yobachi,France,Female,33,651,96834.78,108764.69,1,0,0,1
15606552,Akabueze,France,Male,37,741,105261.76,149503.54,2,1,0,1
15687001,Chiemenam,Germany,Male,54,596,123544.0,120314.75,1,1,1,1
15781903,Odinakachukwu,Germany,Male,41,581,127913.71,44205.95,2,1,0,1
15731951,Reilly,Spain,Female,28,689,95328.6,6129.61,1,0,1,1
15580953,Forbes,France,Male,30,544,73218.89,126796.69,1,1,0,1
15810390,Amadi,France,Female,41,718,0.0,27509.52,2,1,1,0
15628274,Ferri,Germany,Male,35,583,149995.72,42143.55,2,0,0,1
15615444,Y?an,Germany,Male,28,663,123674.28,87985.2,2,1,0,1
15784010,Williamson,Germany,Male,33,666,124125.26,81884.8,1,0,0,1
15571586,Briggs,Spain,Male,29,524,159035.45,2705.31,1,0,1,1
15748616,Napolitani,France,Male,27,599,0.0,30546.4,2,0,0,0
15769402,Carpenter,France,Male,27,667,156811.74,149402.59,1,1,0,1
15739248,Lin,France,Male,52,727,0.0,118429.02,2,1,0,0
15603481,Robinson,Spain,Female,55,689,0.0,58442.25,2,1,0,0
15723604,Collins,France,Male,39,639,150555.83,30414.17,1,0,0,1
15797822,Kingsley,France,Male,28,678,109137.12,58814.41,1,1,0,1
15665064,Harvey,France,Male,36,523,158351.02,155304.53,2,0,0,1
15640580,Obiora,France,Female,47,650,0.0,187943.6,1,0,0,0
15581089,Knight,Spain,Male,35,744,0.0,43036.6,2,1,0,0
15728605,Hung,France,Male,40,697,0.0,26543.28,2,1,0,0
15737385,Curtis,Spain,Female,46,800,0.0,171928.04,2,0,0,0
15714789,Perez,France,Male,24,664,0.0,35611.35,1,1,0,0
15786035,Gosnell,France,Male,39,740,0.0,19047.23,2,0,0,0
15815259,Fang,France,Female,56,835,0.0,39820.13,2,1,0,0
15592716,Clarke,France,Male,52,559,0.0,129013.59,1,0,1,0
15734850,Milanesi,Spain,Male,36,676,82729.49,113810.12,1,0,0,1
15638047,Chia,Germany,Female,45,613,142765.24,34749.65,2,0,0,1
15674573,Gearhart,France,Female,25,713,121172.97,56268.98,1,1,0,1
15694859,McLean,Germany,Female,28,751,132932.14,46630.47,2,1,0,1
15776404,Williamson,France,Male,22,523,123374.46,124906.59,1,1,0,1
15579345,Murphy,Germany,Female,74,775,161371.5,134869.93,1,1,0,1
15690733,Angelo,Spain,Male,45,608,0.0,36697.48,2,0,1,0
15631481,Thomson,France,Male,51,673,79563.36,172200.91,2,1,0,1
15620988,Murray,France,Male,46,616,0.0,137136.46,2,0,0,0
15571529,Kirby,Germany,Female,48,650,138232.24,57594.78,1,0,0,1
15592104,Lane,France,Female,41,655,0.0,36548.0,1,0,1,0
15651900,Bergamaschi,Germany,Female,53,782,81571.05,182960.46,1,0,1,1
15596212,Yang,Spain,Male,35,781,0.0,42117.9,2,0,0,0
15710687,Mills,France,Female,33,593,95927.04,199478.05,1,0,0,1
15613787,Chidubem,Spain,Male,35,505,116932.59,91092.84,1,0,0,1
15599211,Findlay,France,Male,40,707,0.0,14090.4,2,0,1,0
15675983,Wood,France,Female,36,692,79551.12,178267.07,1,1,0,1
15622370,Boyle,Germany,Male,30,813,116416.94,85808.22,1,1,0,1
15656319,Toscano,Spain,Male,37,850,88141.1,109659.12,1,0,0,1
15605130,Seccombe,France,Male,32,753,177729.13,161642.08,1,1,0,1
15672574,Uspenskaya,Spain,Female,32,850,0.0,3830.59,1,1,0,0
15659355,McKenzie,Spain,Male,32,671,123912.78,146636.44,2,1,0,1
15777907,Liang,France,Female,33,791,0.0,144413.92,1,1,1,0
15655171,Yermakova,France,Male,80,624,0.0,65801.44,1,1,0,0
15619674,White,France,Female,35,649,108306.44,192486.24,1,1,0,1
15775192,Rounsevell,Germany,Female,48,732,102962.62,120852.85,1,0,1,1
15617657,Ts'ai,France,Female,36,664,103502.22,146191.82,1,1,0,1
15688951,Stoneman,Germany,Male,43,789,119654.44,148412.24,2,1,1,1
15763460,Yao,France,Male,33,680,183768.47,164119.35,1,0,0,1
15756992,Chukwukere,France,Male,37,701,0.0,163457.55,2,0,0,0
15617454,Ifeatu,France,Female,25,684,0.0,144978.47,2,1,0,0
15701932,Millar,France,Female,52,586,140900.97,67288.89,1,1,0,1
15700813,Igwebuike,Germany,Female,25,522,94049.92,103269.0,2,0,0,1
15645600,Obidimkpa,Spain,Female,27,739,98926.4,106969.98,1,1,0,1
15634146,Hou,Germany,Male,18,835,142872.36,117632.63,1,1,0,1
15686743,Moody,Spain,Male,29,790,46057.96,189777.66,2,1,0,1
15698792,Keldie,France,Female,48,671,119769.77,66032.65,1,1,0,1
15591724,Liu,France,Female,44,560,143244.97,98661.27,1,0,0,1
15571281,Ts'ao,France,Male,28,651,79562.98,74687.37,1,1,0,1
15661380,Walker,France,Male,69,682,0.0,149604.18,2,1,0,0
15728885,Defalco,France,Male,41,808,0.0,79888.78,1,1,0,0
15618950,Lo Duca,Spain,Male,26,644,96659.64,138775.69,2,1,0,1
15609804,Hyde,France,Male,29,688,0.0,154695.57,2,0,0,0
15735849,Kanayochukwu,France,Female,26,617,165947.99,168834.38,2,1,0,1
15652948,Yen,France,Male,33,738,92676.3,105817.63,1,0,0,1
15618155,Ts'ui,France,Male,45,663,83195.12,48682.1,1,1,0,1
15566378,Tillman,France,Male,48,515,129387.94,147955.91,1,1,1,1
15565879,Riley,France,Female,28,845,0.0,56185.98,2,1,0,0
15792922,Tu,Spain,Male,38,639,130233.14,81861.1,1,1,0,1
15770567,Ruiz,France,Female,32,557,123502.53,69826.8,1,1,0,1
15738042,Goliwe,Germany,Male,37,543,140894.06,118059.19,2,1,0,1
15714920,Balashov,Germany,Male,44,585,163867.86,112333.22,1,1,0,1
15782121,Leonard,France,Female,27,610,0.0,14546.76,2,0,0,0
15673180,Onyekaozulu,Germany,Female,18,727,93816.7,126172.11,2,0,0,1
15660636,Carpenter,Spain,Female,40,540,0.0,3560.0,2,0,0,0
15664504,Beede,France,Male,35,418,0.0,88878.15,2,1,0,0
15790322,Beneventi,France,Female,32,660,114668.89,84605.0,1,0,0,1
15739847,Sadlier,Germany,Male,38,850,146756.68,78268.61,1,0,0,1
15699415,Lewis,France,Female,46,618,150213.71,120668.46,1,0,1,1
15665521,Chiazagomekpele,Germany,Male,18,642,111183.53,10063.75,2,1,0,1
15682868,Elliott,France,Female,40,850,99816.46,163989.66,1,1,1,1
15584462,Liang,France,Male,34,739,0.0,60584.33,1,0,0,0
15661708,She,France,Female,41,508,0.0,94170.84,2,1,0,0
15584452,Bozeman,France,Male,41,667,0.0,167181.77,2,0,0,0
15717010,Yu,France,Female,60,741,0.0,38914.51,1,1,0,0
15643828,Teng,France,Male,29,592,0.0,91196.67,2,1,0,0
15733361,Davide,Germany,Female,45,651,86714.06,85869.89,1,0,1,1
15795488,Beneventi,Spain,Male,52,773,0.0,57337.79,2,0,0,0
15581551,Yobachukwu,Spain,Male,41,850,132838.07,175347.28,1,1,0,1
15632051,Douglas,Germany,Female,42,550,128707.31,63092.65,1,0,1,1
15780409,Egobudike,France,Male,40,783,0.0,109742.55,2,0,0,0
15572767,Shelby,France,Male,29,777,0.0,124489.88,2,0,0,0
15590337,Golubov,France,Male,29,659,123192.12,56971.41,1,1,1,1
15634551,Williamson,Germany,Male,46,727,115248.11,130752.01,4,0,1,1
15669290,Fan,France,Male,38,603,59360.77,191457.06,1,1,0,1
15621140,Nwebube,Spain,Male,37,644,0.0,96442.86,2,1,0,0
15613518,Bellucci,France,Female,35,647,112668.7,122584.29,1,1,0,1
15728043,Udinese,Germany,Female,37,648,138503.51,57215.85,2,0,0,1
15570073,Marian,Spain,Male,57,721,0.0,195940.96,1,1,0,0
15777033,Chizoba,France,Male,29,524,0.0,105448.74,2,1,0,0
15682454,McFarland,France,Female,34,626,0.0,37870.29,2,1,0,0
15758513,McDonald,France,Male,43,569,0.0,52534.81,2,0,0,0
15772604,Chiemezie,Spain,Male,36,578,157267.95,141533.19,2,0,0,1
15721715,Fane,France,Female,40,769,133871.05,50568.02,1,1,0,1
15688563,Marchesi,Germany,Male,31,694,141989.27,26116.82,2,0,0,1
15772009,Scott,France,Female,41,664,0.0,152054.33,1,1,0,0
15809585,H?,France,Male,38,646,0.0,1528.4,2,0,0,0
15593778,Craig,France,Female,29,779,46388.16,127939.26,3,0,1,0
15655360,Chikelu,Germany,Female,72,782,148666.99,2605.65,1,0,1,1
15780909,Caffyn,Germany,Male,34,769,115101.5,57841.89,1,0,1,1
15757310,Otitodilichukwu,Germany,Male,67,655,148363.38,186995.17,1,1,0,1
15801411,Green,Spain,Male,46,623,0.0,5549.11,1,0,1,0
15761706,Y?an,Spain,Female,39,705,144102.32,11682.36,1,1,0,1
15658409,Mao,France,Male,41,686,128876.71,106939.34,3,1,1,1
15810010,Dahlenburg,Germany,Male,36,678,118448.15,53172.02,2,0,0,1
15627027,Shih,France,Male,39,738,0.0,114388.98,2,1,0,0
15624374,Maclean,France,Male,28,703,0.0,2151.17,2,1,0,0
15720083,Fiorentino,Spain,Male,42,554,0.0,183492.9,2,1,0,0
15752294,Long,France,Female,38,582,135979.01,76582.95,4,1,1,1
15743193,Olson,France,Male,37,644,117271.8,104217.96,2,0,1,1
15696733,McKenzie,France,Male,29,724,0.0,8982.75,1,0,0,0
15677522,Rossi,France,Male,33,593,0.0,9984.4,2,0,0,0
15643523,Power,Spain,Female,30,710,0.0,19500.1,2,0,0,0
15624936,Yen,France,Male,35,631,129205.49,79146.36,1,1,0,1
15716085,Norris,Spain,Female,41,739,0.0,191694.77,1,0,1,0
15641688,Collier,Spain,Male,18,644,0.0,59645.24,1,1,1,0
15796834,Rivers,Germany,Male,35,652,104015.54,55207.88,2,1,0,1
15720123,Hudson,Spain,Male,37,554,0.0,166177.3,2,0,0,0
15604732,Milani,France,Female,30,483,0.0,136356.97,2,0,0,0
15723484,Hunt,Germany,Female,42,669,103873.39,148611.52,1,0,0,1
15807120,Oluchukwu,Germany,Female,52,841,112383.03,85516.37,1,0,1,1
15810891,Lorenzo,France,Male,34,662,117731.79,55120.79,2,1,0,1
15640407,Chidiegwu,Germany,Male,45,821,135827.33,131778.58,2,1,0,1
15778838,Warren,France,Male,38,783,114135.17,153269.98,1,0,0,1
15709256,Glover,France,Female,28,850,0.0,164864.67,2,1,0,0
15742285,Andersen,France,Male,62,559,118756.62,20367.68,1,1,0,1
15729019,Arcuri,Spain,Male,34,602,98382.72,39542.0,1,0,0,1
15608588,Mackinlay,Germany,Male,41,563,100520.92,19412.8,1,1,1,1
15610557,McCarthy,Spain,Female,35,695,79858.13,127977.66,2,1,0,1
15786418,Chiu,France,Female,20,546,0.0,20508.85,1,1,0,0
15653050,Norriss,Germany,Female,76,719,95052.29,176244.87,1,0,0,1
15744914,Moore,Germany,Male,42,539,177728.55,105013.63,1,0,0,1
15669611,Mott,France,Male,71,632,83116.68,27597.76,1,1,0,1
15594786,Ts'ai,Germany,Male,34,772,111565.91,121073.23,1,1,0,1
15649211,Fokina,Spain,Male,40,708,83015.71,101089.76,1,0,0,1
15766066,Nikitina,Germany,Female,28,668,124511.01,114258.18,1,0,0,1
15772216,Henry,France,Female,67,738,130652.52,22762.23,1,1,0,1
15619898,Chiefo,France,Male,55,785,0.0,7008.65,2,1,0,0
15724543,Mao,France,Male,61,597,0.0,81299.17,2,1,0,0
15755084,Bezrukova,France,Male,37,531,121854.45,147521.35,1,0,0,1
15730441,Dodd,France,Male,26,509,0.0,6177.83,2,1,0,0
15666767,Lori,France,Male,35,508,86893.28,59374.82,1,0,0,1
15690456,Yudina,Germany,Female,32,749,79523.13,157648.12,1,1,0,1
15570533,Conti,Germany,Female,55,621,131033.76,75685.59,1,1,1,1
15797692,Volkova,France,Female,33,659,89939.62,136540.09,1,0,0,1
15603135,Boni,Germany,Female,59,634,95727.05,97939.4,1,0,1,1
15698927,Ritchie,France,Male,39,675,0.0,36267.21,2,1,0,0
15687363,McMillan,France,Male,31,770,155047.56,186064.34,2,1,0,1
15733444,Phillips,France,Female,29,736,0.0,176152.7,2,0,0,0
15678057,Lombardi,France,Male,44,524,118569.03,82117.2,2,0,0,1
15806918,Ireland,France,Male,28,674,0.0,151925.25,1,1,0,0
15638247,Boan,Spain,Male,44,700,0.0,142287.65,2,0,0,0
15674833,Shao,France,Female,35,741,0.0,36557.55,2,0,0,0
15812534,Chiemenam,France,Male,40,455,0.0,129975.34,3,1,0,0
15586522,Hunter,Spain,Male,37,608,130461.02,21967.15,1,0,0,1
15794297,McKay,France,Male,36,776,0.0,53477.76,2,0,0,0
15737025,Roberts,France,Male,33,635,0.0,178067.33,3,0,1,0
15615931,Aitken,France,Female,37,746,0.0,171039.56,2,1,0,0
15664860,Chao,Spain,Female,47,692,0.0,150802.41,2,0,1,0
15664539,Bruce,Spain,Male,35,683,61172.04,82951.12,1,0,0,1
15583692,Chan,Germany,Female,35,591,90194.34,57064.57,2,0,0,1
15693131,Watts,France,Female,24,581,95508.2,45755.0,1,1,0,1
15779973,Gibbons,Germany,Male,35,684,99967.76,176882.08,1,1,0,1
15620557,Ni,Spain,Male,37,561,101470.29,88838.14,1,1,0,1
15639549,Jen,Germany,Female,33,718,70541.06,88592.8,1,0,0,1
15618750,Phillips,France,Male,31,590,112211.61,26261.42,1,0,0,1
15796790,Amaechi,France,Female,47,573,154543.98,29586.73,1,0,0,1
15668309,Maslow,France,Female,40,350,111098.85,172321.21,1,1,1,1
15732437,Rowley,Germany,Female,44,504,131873.07,158036.72,2,1,1,1
15665158,Chukwuemeka,Spain,Male,27,813,137275.36,115733.16,1,1,0,1
15689322,Bevan,Spain,Male,31,641,153316.14,59927.99,1,0,0,1
15596624,Topp,France,Female,22,662,0.0,44377.65,2,1,0,0
15601977,Burgoyne,Spain,Male,44,497,121250.04,79691.4,1,1,0,1
15801462,Yermakov,France,Male,31,716,109578.04,51503.51,2,1,0,1
15566139,Ts'ui,France,Female,37,526,53573.18,62830.97,1,0,0,1
15791006,Kodilinyechukwu,Germany,Female,34,760,58003.41,90346.1,1,0,0,1
15668057,K?,France,Female,31,669,113000.66,40467.82,1,0,0,1
15580805,Marino,France,Male,27,655,0.0,51620.94,2,0,0,0
15658768,Lucas,France,Female,49,547,0.0,65466.93,1,0,1,0
15613048,Anderson,Germany,Female,40,648,139973.65,667.66,1,1,1,1
15803654,Wei,France,Female,31,790,151290.16,172437.12,1,1,0,1
15662337,Baldwin,Germany,Female,50,744,121498.11,106061.47,2,1,1,1
15650924,Foster,Spain,Female,32,761,103515.39,177622.38,2,1,0,1
15647203,Gebhart,France,Female,35,750,0.0,191520.5,1,0,0,0
15682778,Fedorov,France,Male,34,680,0.0,95686.6,2,1,0,0
15579820,Robertson,Spain,Male,38,704,106687.76,173776.5,1,0,0,1
15709354,Tudawali,France,Female,41,521,0.0,113089.43,2,1,0,0
15728480,Iloerika,France,Female,35,452,0.0,149614.81,2,1,0,0
15641091,Onyemauchechukwu,France,Female,31,695,106089.2,99537.68,1,0,0,1
15603111,Muir,Spain,Male,71,850,69608.14,97893.4,1,0,1,1
15679693,Walker,France,Male,31,625,0.0,90.07,2,1,0,0
15797190,Charlton,Germany,Female,40,608,96202.32,161154.85,1,0,0,1
15788025,Tseng,France,Female,38,715,0.0,332.81,2,1,0,0
15646168,Ifeatu,Spain,Male,33,834,0.0,66285.18,2,0,0,0
15580493,Chin,France,Male,33,469,127818.52,163477.22,1,0,0,1
15726720,Blinova,France,Female,40,480,0.0,170332.67,1,0,1,0
15735799,Maconochie,Germany,Male,58,527,137318.42,126144.96,1,1,0,1
15773098,Ch'in,Spain,Male,34,834,0.0,53437.1,2,0,0,0
15668971,Nicholson,France,Female,40,583,55776.39,26920.43,2,0,0,1
15603221,Burgess,Germany,Male,32,696,84421.62,52314.71,1,1,0,1
15740043,Young,France,Male,32,606,83161.65,116885.59,1,1,0,1
15712264,Plumb,France,Female,39,713,0.0,126263.97,2,1,0,0
15751926,Trentino,Germany,Male,42,821,87807.29,64613.81,2,1,0,1
15589401,Allen,France,Female,30,550,0.0,89216.29,2,0,0,0
15742019,Benford,France,Female,39,675,0.0,83419.15,2,0,0,0
15660611,Gallo,Spain,Male,39,748,0.0,123998.52,2,1,0,0
15607634,Cobb,Germany,Male,40,606,95293.86,96985.58,2,1,0,1
15595036,Doherty,Germany,Male,30,726,92847.59,146154.06,1,0,0,1
15745794,Cocci,France,Male,30,547,0.0,18471.86,2,1,0,0
15781689,Macadam,Spain,Male,35,758,0.0,95009.6,2,0,0,0
15696054,Tychonoff,France,Male,37,596,0.0,121175.86,1,1,0,0
15752467,Johnson,Spain,Male,34,720,0.0,77047.78,2,1,0,0
15597739,Tu,France,Male,37,674,0.0,158049.9,1,0,0,0
15651336,Chidiebere,France,Female,32,756,0.0,147040.25,2,0,0,0
15636061,Pope,Germany,Male,78,649,68345.86,142566.75,2,1,0,1
15723013,Sutherland,Germany,Male,28,613,76656.4,185483.24,2,1,0,1
15784148,Beneventi,France,Male,62,643,0.0,155870.82,2,0,0,0
15578098,Jamieson,France,Male,31,600,0.0,121555.51,2,1,0,0
15638621,Simmons,Spain,Male,39,735,60374.98,40223.74,1,0,0,1
15720924,Chijioke,France,Female,34,585,0.0,75503.6,1,1,0,0
15566531,Iloerika,Germany,Male,33,724,88046.88,186942.49,1,1,1,1
15718064,Chia,Spain,Male,29,635,0.0,117173.8,2,0,0,0
15605067,Nwachinemelu,France,Male,19,472,0.0,3453.4,2,0,0,0
15655335,Becher,France,Male,36,590,0.0,48876.84,2,0,0,0
15607301,Romano,Spain,Female,63,651,129968.67,11830.53,1,1,0,1
15694628,Walker,Germany,Female,39,686,157731.6,162820.6,2,0,0,1
15607112,Chiawuotu,France,Male,32,606,0.0,36540.63,2,1,0,0
15635775,Watt,France,Male,33,781,89276.48,6959.0,1,0,0,1
15644280,Udegbunam,France,Male,45,593,138825.19,10828.78,1,0,0,1
15708362,Watson,France,Male,63,793,103729.79,80272.06,2,1,0,1
15771997,Bryant,France,Female,31,791,75499.24,22184.14,1,0,0,1
15730579,Ward,France,Male,68,850,169445.4,186335.07,1,1,0,1
15728005,Urban,France,Female,57,698,111359.55,105715.01,2,0,0,1
15791674,Sutherland,France,Female,34,846,142388.61,68393.64,2,1,1,1
15754599,K'ung,France,Male,42,765,123311.39,82868.34,2,1,0,1
15693690,Iweobiegbunam,Spain,Male,52,574,115532.52,196257.67,1,0,0,1
15728963,Wei,Germany,Female,51,617,167273.71,93439.75,1,0,1,1
15659710,Lascelles,France,Male,25,581,77886.53,150319.49,2,0,0,1
15658675,Ts'ao,Germany,Male,37,710,135795.63,46523.6,1,1,0,1
15638788,Mack,France,Male,32,550,97514.07,199138.84,1,1,0,1
15609735,Campbell,Germany,Male,51,533,127545.56,79559.02,2,0,1,1
15771477,Fiorentini,France,Male,49,779,106160.37,116893.87,1,0,0,1
15570145,Long,France,Female,23,763,0.0,153983.99,2,0,0,0
15797149,Lloyd,Spain,Female,36,563,143680.47,63531.19,2,1,0,1
15636912,Sneddon,Spain,Male,38,678,124483.53,126253.31,1,0,0,1
15687828,Gorshkov,Spain,Female,31,644,86006.3,73922.95,1,1,0,1
15667424,Forbes,Germany,Female,43,682,111094.05,64679.3,2,1,0,1
15759872,L?,France,Male,22,625,0.0,157072.91,2,0,0,0
15572374,Hopetoun,Spain,Male,36,733,0.0,108377.82,2,1,0,0
15754926,Lucchesi,France,Female,30,512,0.0,88827.31,2,0,0,0
15687431,Faria,France,Female,41,642,115171.71,37674.47,1,1,0,1
15604515,Yefremov,Germany,Female,22,737,111543.26,106327.85,2,0,0,1
15682839,Genovesi,France,Female,57,575,137936.94,84475.13,1,1,0,1
15624677,Marquez,Germany,Female,37,543,122304.65,33998.7,2,0,0,1
15646366,Trevisani,Germany,Male,41,521,120586.54,20491.15,1,1,0,1
15701768,Tung,France,Male,32,637,0.0,197827.06,2,1,0,0
15623566,Barnhill,France,Male,40,714,46520.69,96687.25,1,1,0,1
15681274,Marshall,Spain,Female,56,726,105473.74,46044.7,1,1,0,1
15762573,Bednall,Spain,Female,34,680,0.0,98949.85,2,0,0,0
15706458,Pan,Germany,Male,39,812,115730.71,185599.34,3,1,1,1
15654222,Ogg,Spain,Male,30,757,145396.49,198341.15,1,1,0,1
15704053,T'ang,Spain,Male,62,710,131078.42,119348.76,2,0,1,1
15724321,Baresi,Germany,Female,47,516,128298.74,149614.17,1,0,1,1
15621815,Obiajulu,France,Female,40,803,165526.71,12328.08,1,0,0,1
15724876,McGregor,France,Female,38,560,83714.41,33245.97,1,1,0,1
15696588,Lung,France,Female,36,679,0.0,2243.41,2,1,0,0
15612832,Jamieson,France,Male,32,526,125540.05,86786.41,1,0,0,1
15804295,Pinto,France,Male,41,485,100254.76,12706.67,2,1,0,1
15712536,Fallaci,France,Female,36,625,0.0,41295.1,2,0,1,0
15662494,Goliwe,Spain,Male,43,773,138150.57,177357.16,1,1,0,1
15807728,Ferri,France,Female,45,530,0.0,190663.89,1,1,1,0
15764916,Rowley,Germany,Female,43,616,95984.21,115262.54,1,1,1,1
15615330,Tretiakova,France,Male,23,651,0.0,170099.23,2,1,0,0
15638487,She,Germany,Male,38,586,136858.42,189143.94,1,1,0,1
15627859,Nebeolisa,Germany,Male,29,607,102609.0,163257.44,1,0,0,1
15622192,Young,Spain,Male,39,724,0.0,95562.81,2,1,0,0
15789413,Fitzgerald,France,Male,64,733,0.0,75272.63,2,1,0,0
15583221,Arnold,Germany,Male,70,667,77356.92,20881.96,2,1,0,1
15768495,Chidimma,France,Female,32,700,110923.15,161845.81,2,1,1,1
15644103,Wells,Spain,Male,78,659,151675.65,49978.67,1,1,0,1
15741197,Calzada,Spain,Male,22,710,0.0,107292.91,3,0,0,0
15664547,Black,France,Male,37,760,0.0,32863.24,1,0,1,0
15797293,Sopuluchukwu,France,Female,25,677,0.0,179608.96,2,0,0,0
15572021,Ts'ao,Germany,Female,29,798,80204.11,70223.22,2,0,0,1
15637461,Ukaegbunam,France,Male,35,758,0.0,77951.84,2,0,0,0
15620577,Wood,France,Male,45,715,0.0,55043.93,2,1,0,0
15609643,Furneaux,Germany,Male,32,752,115587.49,101677.46,2,1,0,1
15785358,Gresswell,Germany,Male,46,586,106968.96,79366.98,1,1,1,1
15603883,Ch'in,France,Male,36,818,0.0,8037.03,2,1,0,0
15782550,Ma,Germany,Female,41,490,139659.04,176254.12,1,1,0,1
15775761,Iweobiegbunam,Germany,Female,69,610,86038.21,192743.06,3,0,1,1
15680201,Marcelo,Germany,Male,24,627,102773.2,56793.02,2,0,1,1
15767594,Azubuike,France,Female,35,533,0.0,187900.12,2,1,0,0
15591985,Stewart,France,Female,51,708,70754.18,92920.04,1,1,1,1
15789339,Yen,France,Male,59,681,122781.51,140166.95,1,1,0,1
15781530,Hsieh,France,Male,21,690,0.0,155782.89,2,1,0,0
15705174,Chiedozie,Germany,Male,68,656,153545.11,186574.68,1,1,0,1
15572114,Shih,Spain,Male,40,673,121629.22,3258.6,1,1,0,1
15804009,Amechi,Germany,Male,36,806,167983.17,106714.28,2,1,0,1
15662698,Ko,Spain,Female,43,648,81153.82,144532.85,1,1,1,1
15696047,Chimezie,France,Male,35,501,99760.84,13591.52,1,1,0,1
15701160,Azubuike,Germany,Female,43,556,125890.72,74854.97,1,1,0,1
15790093,Aguirre,France,Female,27,627,0.0,125451.01,2,0,0,0
15632143,Lung,France,Male,31,652,119148.55,149740.22,1,0,0,1
15736778,Adams,Germany,Female,60,807,72948.58,17355.36,2,1,0,0
15734917,Castiglione,Germany,Male,21,708,133974.36,50294.09,2,0,0,1
15643903,Yao,France,Male,27,619,154483.98,156394.74,1,0,0,1
15569526,Morales,France,Male,40,601,98627.13,77977.69,2,0,0,1
15777067,Thomas,France,Male,64,445,136770.67,43678.06,1,1,0,1
15795511,Vasiliev,Germany,Male,39,800,95252.72,13906.34,1,0,0,1
15610419,Chukwueloka,France,Male,33,554,117413.95,12766.74,1,1,0,1
15644994,Ko,Germany,Male,54,714,137986.58,51308.54,2,1,1,1
15703707,Atkins,France,Male,44,656,143571.52,127444.14,1,0,0,1
15659327,Moffitt,France,Male,49,520,121197.64,72577.33,1,0,1,1
15771323,Panicucci,Spain,Male,39,480,121626.9,82438.13,1,1,0,1
15750549,Akobundu,Germany,Male,30,660,84440.1,60485.98,2,1,0,1
15698462,Chiu,France,Male,36,532,0.0,132798.78,2,1,0,0
15739692,Tsui,France,Male,42,679,0.0,71823.15,2,0,0,0
15744041,Yobanna,France,Female,26,780,140356.7,117144.15,1,0,0,1
15700714,Hollis,France,Male,29,747,0.0,141706.43,2,1,0,0
15777743,Cattaneo,France,Female,39,705,92224.56,54517.25,1,1,0,1
15623143,Lung,France,Female,43,732,0.0,183147.17,2,0,0,0
15712568,Angelo,Spain,Male,40,515,121355.99,138360.29,1,0,0,1
15617432,Folliero,Germany,Female,40,816,109003.26,79580.56,1,1,0,1
15650424,Bryant,France,Female,48,641,147341.43,157458.61,1,1,1,1
15728829,Weigel,France,Male,18,509,102983.91,171770.58,1,0,0,1
15680430,Ajuluchukwu,Germany,Female,49,601,96252.98,104263.82,2,0,0,1
15687626,Zhirov,France,Male,39,527,0.0,167183.07,2,0,1,0
15609187,Cox,France,Female,27,455,155879.09,70774.97,2,0,0,1
15609521,Chimaraoke,Germany,Male,34,803,142929.16,114869.56,2,1,0,1
15752626,Genovese,France,Male,32,553,64082.09,109159.58,1,1,0,1
15571756,Ohearn,France,Female,28,724,0.0,59351.68,1,0,0,0
15814040,Munroe,France,Female,45,610,0.0,199657.46,2,1,0,0
15658211,Morrison,Spain,Female,39,559,0.0,121151.1,2,1,0,0
15742091,Parkhill,Germany,Female,35,825,118336.95,26342.33,1,0,1,1
15787168,Y?,Spain,Female,28,819,168253.21,102799.14,1,1,0,1
15772363,Hilton,Germany,Female,42,772,101979.16,90928.48,1,0,0,1
15659364,Thompson,Spain,Male,23,685,164902.43,141152.28,1,0,0,1
15738980,Yobanna,France,Male,43,506,0.0,105568.6,2,0,0,0
15794236,Thorpe,Germany,Male,22,642,111812.52,183045.46,2,1,0,1
15721383,Harvey,Spain,Male,40,627,0.0,194792.42,2,1,0,0
15652981,Robinson,Germany,Male,30,600,119755.0,21852.91,1,1,0,1
15722731,Manna,France,Male,46,653,119556.1,78250.13,1,0,1,1
15640507,Li,Spain,Female,35,762,119349.69,47114.18,3,1,1,1
15578878,Hancock,Spain,Female,30,569,139528.23,33230.37,1,1,0,1
15744295,Hao,France,Male,40,756,94773.11,114279.63,1,0,0,1
15776558,Nicholls,France,Male,31,673,108345.22,38802.03,1,1,0,1
15596136,Folliero,France,Female,36,637,166939.88,72504.76,1,1,0,1
15704597,Trumbull,France,Male,33,644,174571.36,43943.09,1,1,0,1
15648272,Medvedeva,Spain,Male,35,658,71829.34,68141.92,1,1,0,1
15594915,Crist,France,Female,36,649,0.0,109179.89,2,1,0,0
15581115,Middleton,France,Female,39,603,76769.68,48224.72,1,0,0,1
15763907,Watts,France,Female,39,820,104614.29,61538.43,1,0,1,1
15705994,Udinese,Spain,Male,27,712,0.0,94544.88,1,0,0,0
15772421,Tretiakov,Germany,Female,31,645,128927.93,2850.01,1,1,0,1
15711572,O'Kane,Germany,Female,31,705,110941.93,163484.8,2,0,0,1
15691170,Vasilyeva,Spain,Female,29,590,99250.08,129629.41,1,1,0,1
15600106,Wei,France,Male,36,631,0.0,133141.34,2,0,0,0
15745431,Chinonyelum,France,Male,34,604,0.0,188078.55,2,1,0,0
15649508,Chin,Spain,Male,48,643,0.0,174729.3,2,0,0,0
15812611,Lorimer,Spain,Female,30,690,0.0,78700.03,2,1,0,0
15619699,Yeh,France,Male,31,558,0.0,198269.08,1,0,0,0
15813946,Duffy,Germany,Male,51,637,104682.83,55266.96,1,0,1,1
15762762,Onyekachukwu,Germany,Female,45,648,118886.55,51636.7,1,0,0,1
15629793,Banks,Spain,Male,28,652,156823.7,198251.52,2,0,0,1
15781298,Hughes,Germany,Male,39,808,124216.93,171442.36,1,1,0,1
15622658,Lai,France,Female,26,551,144258.52,49778.79,1,0,0,1
15658980,Matthews,Germany,Male,26,711,128793.63,19262.05,1,0,0,1
15701936,Bell,Germany,Male,28,467,126315.26,32349.29,1,0,1,1
15686917,Tu,Spain,Female,40,789,0.0,137402.27,2,0,0,0
15807312,Hsia,Spain,Male,33,602,0.0,64038.34,2,1,0,0
15574523,Cheng,France,Male,39,576,0.0,68814.23,2,1,0,0
15724200,Cheng,France,Male,38,584,115341.55,173632.92,1,1,0,1
15738224,Lin,France,Male,32,593,99162.29,128384.11,1,0,0,1
15593283,Higgins,Germany,Female,48,705,156848.13,99475.95,2,1,1,1
15814690,Chukwujekwu,Germany,Female,64,595,105736.32,89935.73,1,1,1,1
15807245,McKay,Germany,Female,41,699,200117.76,94142.35,2,0,0,1
15799358,Vincent,France,Female,46,516,62212.29,171681.86,1,1,1,1
15616172,Ubanwa,France,Male,31,838,0.0,8222.96,2,0,0,0
15777958,Ch'ien,France,Male,39,587,0.0,170409.45,2,1,0,0
15809124,T'ien,France,Male,38,750,151532.4,46555.15,1,1,0,1
15616367,Ricci,Germany,Male,39,581,121523.51,161655.55,1,0,1,1
15687385,McDowell,France,Male,41,484,0.0,74267.35,1,1,0,0
15607877,Maclean,Spain,Male,26,576,0.0,34101.06,2,1,0,0
15736327,Manna,Germany,Female,46,567,68238.51,109572.58,2,1,0,1
15746704,Jibunoh,Spain,Male,30,638,136808.53,106642.97,2,1,0,1
15778304,Fan,Germany,Male,24,646,92398.08,18897.29,1,1,0,1
15588456,Hsieh,France,Female,40,658,143566.12,189607.71,1,1,0,1
15664035,Parsons,Spain,Female,38,590,0.0,148750.16,2,1,0,0
15596405,Udinese,Spain,Male,25,546,127728.24,105279.74,2,1,0,1
15815097,Root,France,Female,34,603,0.0,167916.35,2,0,0,0
15762708,Chiemezie,Spain,Female,38,619,119658.49,8646.58,1,1,0,1
15776211,Toscani,France,Female,34,678,0.0,124592.84,2,1,0,0
15626012,Obidimkpa,France,Male,26,459,149879.66,50016.17,1,0,0,1
15792077,Degtyaryov,Germany,Male,28,671,119859.52,125422.66,2,0,0,1
15718765,Maclean,Spain,Male,43,501,104533.24,81123.59,1,0,1,1
15576615,Giordano,Spain,Male,37,719,145382.61,80408.59,1,0,0,1
15752650,Saad,Spain,Female,37,681,121231.39,146366.08,1,1,0,1
15797502,Lord,Spain,Male,24,706,141078.57,24402.87,1,1,0,1
15687329,Hope,Germany,Female,32,763,108465.65,60552.44,2,0,1,1
15779423,K?,France,Male,39,716,70657.61,76476.05,2,1,0,1
15619514,Bull,Germany,Male,40,507,120105.43,92075.01,1,0,1,1
15615430,Adams,Germany,Male,55,678,129646.91,184125.1,1,1,1,1
15716431,Brookes,France,Female,30,775,191091.74,96170.38,2,1,0,1
15798341,Victor,France,Male,38,544,0.0,98208.62,1,1,0,0
15651958,Giles,France,Male,27,756,0.0,157932.75,2,1,0,0
15726179,Ferrari,Germany,Female,43,757,131433.33,3497.43,2,1,1,1
15652999,Milne,Germany,Male,33,742,137937.95,51387.1,1,1,0,1
15691950,Parry,France,Male,49,591,0.0,50123.44,2,0,0,0
15632446,Allan,France,Male,24,667,0.0,180329.83,2,0,0,0
15620936,Warren,France,Male,32,787,0.0,13238.93,2,1,0,0
15587640,Rowntree,France,Female,43,718,93143.39,167554.86,1,0,0,1
15782231,Andrejew,France,Male,38,521,0.0,51454.06,2,0,0,0
15580462,Corby,Spain,Male,40,607,112544.45,19842.22,1,1,0,1
15736371,Kennedy,France,Female,34,633,123034.43,38315.04,2,1,0,1
15648032,Young,Spain,Male,37,588,0.0,187816.59,2,1,0,0
15610454,Poole,Germany,Female,33,724,119278.44,197148.24,1,1,0,1
15671358,Fletcher,France,Male,44,720,0.0,163471.01,2,0,0,0
15747130,Tsao,France,Male,39,521,0.0,653.58,2,1,0,0
15578374,Gilroy,Spain,Male,36,620,169312.72,45414.09,1,0,0,1
15572182,Onwuamaeze,Germany,Female,33,505,106506.77,45445.78,3,0,1,1
15770041,Manna,Spain,Female,43,728,128412.61,139024.31,1,1,0,1
15669414,Pisano,Germany,Male,62,486,118356.89,168034.83,2,0,1,1
15777054,Thorpe,Germany,Male,42,584,137479.13,25669.1,1,0,0,1
15621021,Dwyer,Spain,Female,40,687,0.0,8207.36,2,0,0,0
15785490,Okeke,France,Male,50,771,105229.72,16281.68,1,1,1,1
15577695,Zito,France,Male,41,678,148088.11,14083.12,1,0,0,1
15686974,Sergeyeva,France,Female,48,751,0.0,30165.06,1,1,1,0
15574584,Fang,France,Male,33,670,126679.69,39451.09,1,1,0,1
15719541,Flannagan,Spain,Male,31,675,90826.27,60270.87,2,0,0,1
15646310,Mao,Spain,Male,24,684,143582.89,22527.27,1,1,0,1
15697606,Sturdee,France,Female,21,637,125712.2,175072.47,1,0,0,1
15711489,Azikiwe,Spain,Female,32,760,0.0,114565.35,1,1,0,0
15670427,Chidi,Spain,Male,37,662,155187.3,48930.8,1,0,0,1
15731755,Hull,France,Male,49,680,0.0,187008.45,2,0,0,0
15796370,Shah,Spain,Male,40,604,155455.43,113581.85,1,1,0,1
15598331,Morgan,France,Female,40,764,100480.53,124095.69,1,0,0,1
15704795,Vagin,France,Female,77,521,0.0,49054.1,2,1,0,0
15796764,Bruno,Germany,Female,56,684,127585.98,80593.49,3,1,1,1
15589420,Osinachi,France,Female,40,795,101891.1,183044.86,1,1,0,1
15810563,Ho,Spain,Female,61,678,0.0,159938.82,2,1,0,0
15746569,Tsui,France,Male,38,589,0.0,95483.48,1,0,1,0
15811594,Gordon,Spain,Female,28,660,128929.88,198069.71,1,1,0,1
15645896,Duncan,Germany,Male,39,646,121681.91,61793.47,2,1,0,1
15802909,Hu,Germany,Female,56,706,139603.22,86383.61,1,1,0,1
15797665,Docherty,France,Female,27,730,0.0,144099.48,2,0,0,0
15778959,Brookes,France,Female,36,606,0.0,155641.46,2,1,0,0
15722532,Angelo,Spain,Female,36,690,91760.11,135784.94,1,1,0,1
15784124,Emenike,Germany,Male,41,645,93925.3,123982.14,1,0,1,1
15776518,Pugh,France,Female,38,579,175739.36,193130.55,1,1,0,1
15611247,McKenzie,France,Female,28,481,0.0,145215.96,2,0,0,0
15721469,Mach,Germany,Male,45,492,170295.04,164741.81,2,0,0,1
15773338,Endrizzi,France,Male,58,739,101579.28,72168.53,1,1,0,1
15784042,L?,France,Male,55,624,118793.6,95022.02,1,1,1,1
15776229,MacPherson,France,Male,44,682,115282.3,23766.4,1,0,0,1
15655903,Michael,Spain,Female,34,701,107980.37,119374.74,1,1,0,1
15590177,Chiedozie,France,Female,44,718,133866.22,139049.24,1,1,0,1
15568876,Hughes,France,Female,34,496,102723.35,180844.81,2,0,0,1
15813140,Taylor,Spain,Male,41,543,0.0,143980.29,2,1,0,0
15770516,Evdokimov,Spain,Female,44,616,193213.02,137392.77,2,1,0,1
15755731,Davis,Germany,Male,53,635,117005.55,123646.57,1,1,1,1
15574480,Ubanwa,Spain,Male,31,652,132862.59,158054.49,1,0,0,1
15798084,Murray,France,Male,26,688,0.0,105784.85,2,0,0,0
15673020,Smith,France,Female,49,678,204510.94,738.88,1,1,1,1
15643575,Evseev,Germany,Male,36,757,65349.71,64539.64,1,0,0,1
15596811,Mitchell,France,Male,36,667,139753.35,79871.16,1,0,0,1
15786789,Ni,France,Female,29,725,0.0,190776.83,2,1,0,0
15578865,Palerma,Germany,Female,50,632,107959.39,6985.34,1,1,1,1
15605672,Yuan,France,Female,38,694,195926.39,85522.84,1,1,0,1
15603674,Knight,France,Male,36,803,0.0,149370.93,2,1,0,0
15759915,Rapuokwu,France,Female,31,814,87772.52,188516.45,1,0,0,1
15686219,Wan,France,Male,38,611,71018.6,2444.29,2,0,0,1
15696388,Artamonova,Germany,Male,38,755,111096.91,19762.88,1,1,0,1
15713604,Rossi,Germany,Male,40,425,166776.6,172646.88,2,1,0,1
15647800,Greco,France,Female,34,850,101266.51,33501.98,1,0,0,1
15813451,Fleetwood-Smith,Spain,Male,18,677,134796.87,114858.9,2,1,0,1
15765375,Butusov,France,Female,46,797,0.0,162668.33,1,0,0,0
15774586,West,Germany,Female,43,692,118588.83,161241.65,1,1,1,1
15603454,Sanders,Germany,Male,28,735,160454.15,114957.22,2,1,0,1
15653037,Parks,France,Male,77,609,0.0,18708.76,1,1,0,0
15782475,Edith,France,Female,42,700,0.0,105305.72,2,1,0,0
15593496,Korovin,Spain,Female,36,526,91132.18,58111.71,1,0,0,1
15808971,Lajoie,Spain,Female,57,693,0.0,135502.77,2,1,0,0
15791972,Bergamaschi,France,Female,20,748,0.0,10792.42,2,0,0,0
15676869,T'ien,Spain,Male,36,657,0.0,123866.43,2,1,0,0
15683007,Torode,Germany,Female,25,739,113113.12,129181.27,1,0,0,1
15659495,Fu,Spain,Male,23,784,0.0,6847.73,1,1,0,0
15703923,Cameron,Germany,Male,41,744,190409.34,138361.48,2,1,0,1
15674000,Cattaneo,France,Male,44,645,0.0,166707.22,2,1,0,0
15618171,James,France,Female,33,669,0.0,107221.03,2,1,0,0
15732202,Abramovich,France,Male,34,615,83503.11,73124.53,2,1,1,1
15735078,Onwughara,Germany,Female,53,724,139687.66,12913.92,2,1,0,1
15798615,Wan,France,Female,47,850,137301.87,44351.77,1,0,0,1
15638494,Salinas,Germany,Female,39,625,129845.26,96444.88,1,1,0,1
15763874,Ho,Spain,Male,46,635,0.0,60739.16,2,1,0,0
15696355,Cleveland,Germany,Male,37,724,125489.4,118570.53,1,0,0,1
15655952,Burke,France,Male,47,550,0.0,97057.28,2,1,0,0
15739850,Trentino,France,Male,45,645,155417.61,3449.22,1,1,0,1
15611338,Kashiwagi,Spain,Male,29,714,0.0,37605.9,2,1,0,0
15707861,Nucci,France,Female,46,520,85216.61,117369.52,1,0,1,1
15672237,Oluchi,France,Male,25,633,0.0,100598.98,1,0,0,0
15657771,Ts'ui,France,Male,37,537,0.0,17802.42,1,1,0,0
15677783,Graham,Spain,Male,38,764,113607.47,91094.46,1,0,0,1
15681026,Lucciano,Germany,Female,33,795,104552.72,120853.83,1,1,1,1
15566543,Aldridge,Spain,Male,44,573,0.0,107124.17,2,0,0,0
15594612,Flynn,Spain,Male,44,702,0.0,59207.41,1,0,1,0
15814664,Scott,Germany,Male,33,740,126524.11,136869.31,1,0,0,1
15642785,Douglas,France,Male,34,479,117593.48,113308.29,2,0,0,1
15690164,Shao,Germany,Female,33,627,83199.05,159334.93,1,0,0,1
15590213,Ch'en,Spain,Male,35,479,125920.98,20393.44,1,1,0,1
15603794,Pugliesi,France,Male,48,623,118469.38,158590.25,1,1,0,1
15733491,McGregor,Germany,Female,40,512,153537.57,23101.13,2,0,0,1
15806360,Hou,France,Male,41,609,0.0,112585.19,1,1,0,0
15587133,Thompson,France,Male,42,518,151027.05,119377.36,2,0,0,1
15721377,Chou,France,Female,34,833,144751.81,166472.81,1,0,0,1
15747927,Ch'in,France,Male,26,758,155739.76,171552.02,1,0,0,1
15806455,Miller,France,Male,27,611,0.0,157474.1,2,1,0,0
15695474,Barker,France,Male,33,583,122531.86,13549.24,1,0,0,1
15666295,Smith,Germany,Male,50,610,113957.01,196526.55,2,0,1,1
15656062,Azikiwe,France,Female,33,637,103377.81,84419.78,1,0,0,1
15579969,Mancini,France,Female,32,683,0.0,24991.92,2,1,0,0
15703563,P'eng,France,Male,40,774,93017.47,191608.97,2,0,0,1
15692664,Diribe,France,Female,58,677,90022.85,2988.28,1,1,0,1
15719276,T'ao,Spain,Male,35,741,74371.49,99595.67,1,0,0,1
15672754,Burbidge,Germany,Male,42,498,152039.7,53445.17,1,1,1,1
15768163,Griffin,Germany,Female,46,655,137145.12,115146.4,1,0,1,1
15656710,Cocci,France,Male,40,613,0.0,151325.24,1,0,0,0
15696175,Echezonachukwu,Germany,Male,35,602,90602.42,51695.41,2,1,0,1
15586914,Nepean,France,Male,36,659,123841.49,96833.0,2,0,0,1
15581736,Bartlett,Germany,Male,47,673,183579.54,34047.54,2,1,0,1
15588839,Mancini,Spain,Male,30,606,180307.73,1914.41,2,1,0,1
15589329,Pirozzi,France,Male,30,775,0.0,49337.84,2,0,0,0
15605622,McMillan,Spain,Male,28,841,0.0,179436.6,2,1,0,0
15798964,Nkemakonam,Germany,Male,33,714,35016.6,53667.08,1,0,0,1
15769959,Ajuluchukwu,France,Female,53,597,88381.21,69384.71,1,0,1,1
15657105,Chukwualuka,Spain,Male,36,726,0.0,195192.4,1,0,0,0
15569266,Rahman,France,Male,28,644,155060.41,29179.52,1,0,0,1
15719294,Wood,France,Female,29,800,0.0,167773.55,2,0,0,0
15606229,Obijiaku,France,Male,39,771,0.0,96270.64,2,0,0,0
15569892,Johnstone,France,Male,35,516,57369.61,101699.77,1,1,0,1
15584532,Liu,France,Female,36,709,0.0,42085.58,1,1,1,0
15682355,Sabbatini,Germany,Male,42,772,75075.31,92888.52,2,0,1,1
15628319,Walker,France,Female,28,792,130142.79,38190.78,1,0,0,1
