CustomerId,Cluster,PCA1,PCA2
15634602,0,-1.7975733484163308,-0.33075543588559475
15647311,1,0.3311887358455605,-2.149024147096946
15619304,1,1.1724851084857675,0.7379009966276117
15701354,0,-2.772091911439177,-2.161472218690548
15737888,1,0.6296453447299492,-1.336660274825953
15574012,1,1.5077172336737767,1.0293582247227733
15592531,0,-2.66795934826536,2.5392943553958944
15656148,1,-0.7951342196086293,-1.4904171946375306
15792365,1,0.5032163954108974,-0.5742770032339454
15592389,1,0.575804658416122,-1.6967338517463826
15767821,1,0.7085799890158782,-0.01959765000210123
15737173,0,-2.4833921322152697,-0.46630362066971986
15632264,0,-1.8696522457484428,2.8349320423967925
15691483,0,-0.8967794574070728,-0.09846898725936197
15600882,0,-2.4171377978241897,1.6650692367209377
15643966,1,0.23860406722558342,-1.0579198737827076
15737452,1,0.3917468739124896,-1.7151503959140848
15788218,0,-2.7793374932539536,2.0565730323243843
15661507,0,0.19194930080127076,1.2688373819127319
15568982,0,-2.7739537452440852,0.8825224405082268
15577657,0,-1.3615930205321638,1.9011380386860068
15597945,0,-1.2201418945290885,1.5396116088206504
15699309,0,-0.8082783503507736,0.4035187413910305
15725737,0,-3.0426675855018757,0.39965235549985156
15625047,0,-0.6701329819737291,0.5791274485420792
15738191,0,-2.282341957166729,-0.6174740410695402
15736816,1,1.4638597979945616,-1.9188071147772594
15700772,0,-1.378193380394094,2.899109176808085
15728693,1,1.2111227852490132,-0.9612940873548541
15656300,0,-2.364651409262389,-3.1062746241259247
15589475,0,-2.559377594635109,-0.6242409074352548
15706552,1,1.7296150090383031,0.48429251219513825
15750181,1,1.3332978915980818,1.5445387040287222
15659428,0,-2.7052890919945938,1.682777028313796
15732963,0,-1.6699686628403694,1.789438060990386
15794171,1,0.4092173939760614,-2.4256931732101137
15788448,1,1.6150048631277756,-1.3913485562756096
15729599,1,1.0936514961748807,0.6270638172448126
15717426,0,-1.6484989924772027,1.8654926033196038
15585768,1,0.6781126396732398,0.21445640964429935
15619360,0,-1.1817063698897858,0.6654285303729857
15738148,1,3.2871316013404424,1.2025681437065052
15687946,1,0.7892420496941431,-0.9476463736523518
15755196,1,2.5617482041626176,-1.8172769614297133
15684171,1,2.3600634882258764,0.23217680177191408
15754849,1,0.0271203166850941,-0.9385328052546654
15602280,1,1.495524848345032,0.7742486397574821
15771573,1,2.0168547515174646,1.2769758626024383
15766205,1,0.7539393499616619,-1.3966050029474952
15771873,1,0.6247611844322787,-2.2708951674846625
15616550,1,2.18020728913281,1.6356986553737618
15768193,1,1.2545729630454623,-0.5126800586980153
15683553,0,-1.4127969337780595,0.47048780004824575
15702298,1,3.028780697925609,0.7657524887126952
15569590,1,0.13520897258965167,-1.940910950547099
15760861,1,0.5443039075491174,-2.3088244808297285
15630053,1,1.776355952441665,0.05717912632056579
15647091,1,0.006551574305484618,-2.5605210761450263
15623944,0,-1.4786086125842213,1.7360252675017156
15804771,1,-0.2932994859171211,0.5244359718869932
15651280,1,2.098251898953773,-0.3782879308046914
15773469,1,2.006023002759177,0.3838814745966863
15702014,1,-0.40721815027482394,-3.3220068814580817
15751208,1,1.2468858445713553,2.120695519417483
15592461,1,0.7179316293144745,-0.8103137526925599
15789484,1,0.34004941094121127,0.10672285947267603
15696061,1,0.6978378064698189,-2.3834822160904907
15641582,1,1.7019759344454062,1.6098412347558493
15638424,1,0.9853567174317212,-0.623271859437346
15755648,1,0.8508950579489298,0.5938147463102248
15703793,1,-1.78564113066243,-2.179611782201807
15620344,0,-1.3681643549347398,1.1806817731477903
15812518,1,0.6831450183141258,-2.7466170357901722
15779052,1,0.17725524515301078,-0.7411335711474266
15770811,0,-1.1773255355003045,2.109994711640559
15780961,1,-0.5048449804997649,-3.546659554550374
15614049,0,-1.4038152092757727,2.707150072597724
15662085,0,-0.6198140859638002,1.9591815310280452
15575185,1,1.6549420226986307,-0.49628479647104734
15803136,1,1.4046531323990654,1.853468762638788
15706021,1,0.06069807902342825,-3.5079489329302094
15663706,0,-1.0560870245193614,-0.7643524797354643
15641732,0,-2.4467803939176473,0.007826124861414237
15701164,1,1.093959384534314,-0.7266504762665575
15738751,0,-2.6955422583995925,0.9622195733941512
15805254,0,-0.9681988495307932,4.862772863407186
15762418,1,1.5351206661419423,-1.5891158351066097
15625759,0,-1.0378478591697182,1.7359210795885558
15622897,0,-2.6400088684761465,0.37565967260664945
15767954,1,-0.29960890583036587,-1.4919155077935462
15757535,0,-2.352133440729353,0.5755852698985665
15731511,1,1.4275862273462447,0.6280506695473005
15809248,0,-1.161135407120421,2.6060454828875663
15640635,0,-1.5333962569377657,1.3165938475461039
15676966,0,-2.257311734913057,0.5084606465097814
15699461,1,2.930453512546747,1.1577449057608349
15738721,1,1.5044184780415342,1.7461510016346928
15693683,1,0.9069635788741677,0.2649929166282559
15604348,0,-1.3472264932658597,1.1715987431137629
15633059,0,-1.7955881451238394,2.512316858357064
15808582,0,-0.7261401622070006,1.163529612689619
15743192,0,-0.7309934020815818,1.1064578324655374
15580146,1,1.0912477547576243,1.4056177008263715
15776605,0,-1.9071753999299723,1.670632951160964
15804919,0,-1.4081802460854576,-1.0875092316392285
15613854,1,-0.6315862709069906,-0.10077441288938117
15599195,1,-0.8266852973496399,-1.871296099193638
15812878,1,0.24868442490424153,-1.2113415888031491
15602312,1,2.1495142685941087,-0.46407570949944793
15744689,1,1.762607022007591,1.336509024163131
15803526,1,0.4782999746851678,-0.9113277683376441
15665790,1,0.24656465260077556,0.9282179642577962
15715951,1,1.2453893451081544,-1.341514823887087
15591100,1,1.132600357133817,1.6395885225642841
15609618,1,1.3089606401226148,0.5909764434193416
15675522,1,0.496968407355281,0.9780266023962975
15705512,1,2.5548438742673083,-0.1765158313773589
15698028,0,-3.5976503757881697,-1.8216237611682293
15661670,1,2.5986775208262194,0.28781743449390107
15600781,1,1.521166265274681,-1.3418141422687082
15682472,1,0.9917038979249025,0.8647761744682988
15580203,1,2.1787397543993485,0.19061743754877797
15690673,0,-1.3480473200034315,1.0573006970656456
15760085,1,2.7893802893715836,1.8978679264974874
15779659,0,-0.17981840908499225,-0.6076954970622547
15627360,1,2.7411379184640197,1.3260956864938178
15671137,0,-2.508847917920311,-0.6588726208889283
15782688,1,0.7945625916118199,-2.4487988396403426
15575492,0,-0.9509776600945494,1.4217912060323228
15591607,1,2.2368975914176956,0.41753793500033254
15740404,0,-2.5548113873382974,-0.34797893890680476
15718369,1,1.8005419536497616,1.0045281166960405
15677871,1,1.1373029608098795,1.6427485350317905
15642004,0,-4.018936607120878,-2.021724177711137
15712543,1,0.7052375021384772,0.49027473535386656
15584518,1,0.10239379400694858,0.30021725836844154
15802381,1,1.2861465595042458,-0.262437244391604
15610156,1,1.173724600968251,-1.5358436507583333
15594408,1,2.315205749940631,-1.7570836016099751
15640905,1,-1.35765392957953,-2.940427457965186
15698932,1,3.3260499540553483,1.5741612005859995
15724944,0,-1.5054287347971163,1.152678730403886
15628145,1,2.0501507788270086,-0.3706837515762351
15713483,0,-0.7260142213708494,-0.4236856910878646
15612350,1,0.80777866268036,-0.10397965543887974
15800703,1,0.5184310586312834,-0.4890215873881836
15705707,1,1.52828574117864,0.20612234026472492
15754105,1,1.2512918759157352,0.1091003883384787
15703264,1,2.0635636536766637,1.7401942376991621
15794413,0,-4.189814005667434,-2.1582327290667513
15650237,0,-1.7357179869607953,1.3664396982261593
15759618,0,0.19830650631958963,2.7335332487449238
15811589,0,-0.7293583593410914,1.844038217495515
15689044,1,1.3178531514470204,-1.6087001664011666
15709368,0,-2.0918954579339863,1.4127680332370849
15679145,0,-1.0013822556624012,2.817845850300223
15655007,0,-1.4328474560529494,1.3941724652830414
15623595,0,-3.1233211006485013,-0.9898604086178054
15589975,1,1.8104794576540446,1.7034501995271523
15804017,1,2.0079254832029703,-0.8662891015814977
15692132,1,1.0547744946208932,-0.24336165090192058
15641122,0,-2.645203985141341,-0.981703630264246
15630910,1,1.8439882472675568,1.2934879940217057
15680772,0,-2.948368811799619,-0.8837846737605212
15658929,1,0.5431831600566223,-2.752648863279711
15585388,1,0.9512914085761294,0.8009280968970471
15724623,1,2.157611191989257,-0.2508348502373777
15588537,1,2.8517394790149058,1.157549757725966
15574692,0,-2.9244214520909533,-0.6110441427197844
15611325,1,0.14039234459007507,1.0567543147839717
15587562,1,2.1355117605309757,-1.1867909336381655
15613172,1,0.7223080372632483,-0.788175966893889
15651022,1,1.7462197039343295,2.3839136499823232
15586310,1,2.2324729785255326,-1.1704775225331066
15625524,0,-1.964234216097313,0.7158563963224218
15755209,1,0.9571039831778715,0.7410499473495615
15645248,0,-3.4949467022658642,-2.675655421548296
15790355,1,2.5813565279431283,-1.1428095734491304
15762615,1,1.6134528458179682,1.201274569360698
15625426,1,1.3638666216638,-0.4598464785662992
15716334,1,0.12097107263659766,-1.0318349208998072
15789669,0,-3.2045530804553986,-0.003643971094046458
15621075,1,0.6552303786463347,-3.6617016999247056
15810845,0,-3.3182022201238883,-0.5391354557163462
15719377,0,-2.12833477537845,1.2710125848081564
15654506,0,-1.5615724557147719,1.7199278595988081
15771977,1,1.3730800727344254,-2.6345967673201915
15708710,0,-1.7071929493508173,-1.7753884904289243
15726676,0,-1.3365571016673277,0.1167472226773257
15587421,1,1.1970903136364315,0.18830832102535872
15726931,1,0.5970147548736602,1.3944593901659394
15771086,1,-0.7803908878944033,-0.7897488034006849
15756850,0,-2.5872045452784453,-2.2197580614572785
15702741,1,1.5068006914805692,0.8756962709582449
15679200,1,0.5396818160173718,1.039354863137824
15594815,1,0.7883596974648825,-0.9549220293986007
15635905,0,-2.7646153605146404,1.250098702857956
15777892,1,1.1912336464393034,-1.1745377878227716
15656176,0,-1.8236137885969146,4.1192424237476715
15811127,1,0.7591168691352039,0.5831623955603569
15604482,1,0.14550398693687125,-1.4069821095874073
15622911,1,1.396585931424887,-0.4680665166274333
15600974,0,-0.517484767585576,1.1409732720455217
15727868,1,-1.028703258026193,-1.5885096369209093
15627801,1,2.0757582746015024,-1.4606747197452015
15773039,0,-1.0097598976413158,-0.24501638990889463
15755262,1,2.2048775937823732,-1.2377571918046606
15679531,1,1.7341352148545008,-0.5638442176770768
15684181,0,-0.41316561249443756,0.9519865566887876
15612087,1,1.385354506654888,-1.5425564461682748
15752047,1,1.1500830294303321,-2.5787468725410707
15624592,0,-1.516654300303544,1.4306314415103556
15573152,0,-1.0211664525166335,2.533430144401984
15594917,1,-0.9055895964926051,-1.821148283047391
15785542,1,0.43257913076830656,-0.9993351893108382
15723488,1,2.166433500141365,0.8320919132624225
15680920,1,1.401322097067812,1.1881214073879343
15786308,0,-0.44658015656994265,1.7500578913968858
15659366,1,-1.2177551997913338,-2.8108749479638817
15774854,0,-1.35384913844933,3.161594740067997
15725311,1,0.4760223222019321,1.026737037552269
15787155,0,-0.6968029068232823,1.2338177765115859
15727829,0,-2.405209912862606,-0.9950553468764355
15733247,0,-1.129758627736694,2.8720817947534347
15568748,1,1.1794877812150155,0.6146363109796762
15699029,1,1.989255296010718,-1.4828195695836446
15774393,0,-2.5839107557722136,2.3130608196595284
15676895,1,-1.0158023440075237,0.40394856736586837
15637753,1,0.834864948700472,-1.0768533916531013
15605461,1,1.1725583323513602,-1.1742019919405429
15808473,0,-2.9606319639217586,-1.5978431850926211
15627000,0,-3.4674418396893367,-2.3381216375291096
15787174,0,-2.8100746111598456,-2.3756106886194734
15723886,1,0.40808705859490957,-1.93649209101068
15704769,1,0.7062693623934568,0.7872450337397598
15772896,1,1.0725546755694366,0.7312954811845893
15711540,0,-1.5481630925513978,-0.7930709537823505
15764866,1,-0.7205781299888574,-1.2265514617119917
15794056,0,-3.288581863816898,-1.0937083888211947
15795149,1,-0.17920109178787194,-2.184761291544741
15812009,0,-1.693571873617772,0.16148007032446188
15651001,1,1.8621687982459794,-0.24423307442232128
15813844,1,0.4925455407997281,1.065474369956312
15596175,1,1.1711299726666868,1.6397530553394946
15576269,0,-1.922635613881579,1.5774118597530875
15797219,1,2.612294777594762,1.6661562580102423
15685500,1,1.054947977330995,-0.11354816987122254
15599792,0,-2.867449427507486,-2.7028856062536875
15657566,1,1.5502664595161004,0.20991994313444556
15772423,1,2.6524100203868013,1.54518834796119
15628112,1,1.4679467319227302,-0.07561649060589727
15753754,0,-3.6435799875535086,-2.1513419931584976
15793726,0,-2.598550850156844,-2.2591228080658388
15694717,1,-0.17125511434737975,-1.1066101249481701
15665834,0,0.3243707550521621,1.194359346319304
15765297,0,-3.888541271826937,-2.195693614948491
15636684,0,-1.0193371123681207,2.184372084965278
15592979,1,0.5237181875669307,0.1418736402547659
15750803,1,0.8859173855064683,0.10296318923909474
15607178,1,0.3614943403788245,-0.7823332562816063
15713853,1,0.31362320398224686,1.7714352958554855
15673481,1,1.3955065854520998,0.8442546296446528
15686776,1,0.9220815916087981,-0.13743295165123526
15673693,1,0.4915863186889828,-2.868516664552052
15700696,1,0.3187394352367652,1.5870991432005523
15813163,1,2.0519777109128525,1.253716089353896
15653857,0,-2.6192017521274864,-1.0858234191008427
15777076,0,-2.2888343094421697,1.8549680956924235
15717398,0,-0.39107725006026145,1.7383695641815493
15799217,1,1.5104474973724715,0.571936153996869
15787071,0,-0.7268801002128579,2.1780023919005536
15619955,1,-1.0694588314205762,-1.3521267648964255
15796505,1,-0.019738513676353844,-3.7641169568324457
15725166,0,-2.105912497976345,1.8702113047879438
15800116,1,1.556527491135545,-1.0061434411402126
15758685,0,-2.02804744732801,1.5654522619991935
15694456,0,-2.1638474679632904,1.0850022491725386
15767339,0,-0.21728481019686147,3.2323611647426014
15683562,1,1.6436735098334823,0.04182507975147734
15782210,0,-1.194788294104405,-1.3798603294233076
15668893,0,-2.5019247066612285,2.36153007265004
15669169,0,-2.165931691684243,2.430340601686457
15643024,1,0.8257343597270276,-0.509713229168395
15699389,1,0.8297893981694914,1.1242932715184588
15708608,1,2.104374855065863,-0.5276243056129826
15626144,1,0.3819030426162816,0.9061803694504685
15573112,1,1.8875979162054597,-0.666372548318628
15790678,1,1.9601560714591943,0.679131849798299
15727556,1,2.286442600836413,-1.1467542740893613
15697307,0,-1.4459767410393929,2.613796566530088
15652266,1,1.598823797722761,1.7277570099641864
15607098,1,1.1740464537846207,-0.45715667769757756
15655774,0,-2.1086542002331945,1.312523593570028
15590241,1,2.7501314715373586,0.9079394572866516
15785819,0,-2.6125278322565655,-0.1918987152111784
15723654,1,1.126800222856211,-1.8251982709069894
15774510,1,1.0828781472019278,-0.8095800940290414
15684173,0,-1.6538651125119213,1.5160783160906897
15650068,1,1.216401708773567,-2.828002582560044
15811490,0,-2.3927202378796197,0.6403545612811049
15803976,0,-0.8399043833286074,2.1035573588683545
15682541,1,1.6154165325892673,0.35334325761033736
15695699,0,-2.2141748920958437,2.204788535535034
15624188,0,-1.5600211615908057,0.6817622762257813
15812191,1,1.7960283483474409,-0.7589287634444597
15636673,1,-0.29593420110352725,-2.1376875618963127
15594898,0,-1.2381087079095483,-0.5949706386664246
15660211,1,0.8572536754318001,0.4560268044807082
15773972,1,2.1325222213573625,-0.4416697656611977
15746726,1,0.9678729578603824,1.089342423899317
15712287,0,-1.3876046753470963,1.2945166400171868
15702919,1,1.3537653795680007,0.010764411760995853
15674398,0,-1.2556634392149004,-0.5386070100364485
15797960,1,1.7320574722004003,-2.9000008287459575
15631868,1,1.0140153946678159,-1.6755449791485642
15581539,0,-2.1836105357703666,-0.08986729527513114
15662736,1,1.8347234047794971,-1.5480576570525941
15666252,0,-2.372610627891323,2.9350645120149585
15677512,0,-1.3687808490400208,-0.32106538941504736
15626114,1,0.6887058770751383,-0.6622268833049315
15810834,1,0.8902631594149166,-1.0720686966937878
15678910,1,0.993431420057471,0.8576782686535259
15694408,1,1.802365506398976,-2.7952662254536986
15585215,0,-2.1196453480199002,0.25114917459704783
15682757,0,-2.186580297419426,-0.44897040396860144
15736601,1,2.130915913770271,-0.9737027128703779
15601848,0,-2.4434198688386526,-0.9504501936363609
15736008,1,2.0471700599743388,1.8529908592536914
15669064,1,1.2793313145203562,-2.827989237255589
15624528,1,0.18129293920826775,0.09625193137575606
15598493,0,-1.8178993925471085,2.2516463076372246
15601274,1,0.574347559591095,-2.1633257870300064
15702669,1,0.2575652992456498,-1.9631039546867795
15728669,1,2.458138514861154,0.3028237182279833
15742668,1,0.8954598631010676,0.6102333987506326
15697441,1,2.7596180194594027,-0.22347054846168876
15740476,1,1.1183320832702972,-1.8935207587636063
15648064,0,-3.2812658265524712,-0.5823248452742411
15636624,1,1.598388144152688,-0.07147588452198547
15807923,1,1.7700967112939203,2.01238948262689
15745844,1,0.6853592303555057,0.21523508108797262
15786170,1,2.319167728061184,-1.1006698633674967
15681081,0,-2.756509296745565,1.39726624829091
15684484,0,-1.1153886151767032,1.0657538463753764
15785869,0,-2.3101678038004456,1.3038474622805398
15763859,0,-1.5749596101688972,1.8370744833117356
15658935,1,1.2886131002605172,1.0034659050262753
15747358,1,1.1725615232499507,-0.43227902367876025
15735203,1,0.4409047006213892,-2.492706878103887
15576256,0,-2.1119457952297935,0.7451416667182209
15659420,1,-0.3694575736172309,-1.312694464691299
15593365,1,-0.45806806881326106,-0.9239737485872199
15777352,1,2.189399788216027,0.1991368959092697
15812007,0,-2.5681966711838533,0.8280828576611703
15625461,1,0.23633683439331815,-3.6209976075422596
15739438,0,-2.713387327746315,-2.866790097765054
15611759,1,1.1888812897882108,1.7079222119006672
15661629,1,2.78527541788317,0.7876853180691784
15633950,1,0.30903720378590194,-2.2599413427147796
15592386,0,-2.7369987073808675,0.620936684996946
15803716,0,-1.7991347785571234,-0.7783746081800776
15696674,1,0.7061480959863962,-1.15270716690952
15706365,1,2.322255997709476,1.7585462521884743
15745088,1,0.08042210971100482,1.314783972101483
15676715,0,-0.5602012743686084,3.605608955851483
15613085,0,-0.9780681928864096,-0.3880364567994279
15633537,1,1.4462078947022352,1.3982477094703052
15594720,1,1.019001926904078,0.5715278914362151
15684042,0,-1.5492960703141059,-1.3742299244096152
15583303,1,1.0536048703468894,-1.6595584410568671
15611579,1,0.6306309825076863,-0.18034201672498026
15774696,1,-0.5704694706720745,-2.5494263945827393
15694506,1,-0.6856559989562563,-3.891897997374935
15688074,1,1.0636967346758834,-2.8274608473058254
15759537,1,0.18158831886767443,0.49589590132015093
15758449,0,-1.3078065919565367,2.420775136119214
15583456,1,0.45722045270257333,1.9923549672004368
15667871,1,2.1903100438722225,-0.9868259255556436
15677371,1,-0.588943936177394,-0.9161288249473548
15629677,0,-2.196691222009388,-1.6934948585949574
15713578,0,-1.5671927557224108,3.0298838772165815
15591509,1,0.8970799321034575,0.4318433168642106
15568240,1,0.8209170049667566,1.3026374123439215
15622993,1,1.3682302012563574,0.21379335002374605
15689294,1,1.1494603239174006,-0.7357419365730561
15720910,0,-1.126820317036056,4.289317464334339
15721181,0,-2.028981512664974,1.7231027144375308
15776433,0,-2.113812743111145,-0.6446441110971377
15748936,0,-2.0869849472734603,-0.9586759413575555
15717225,1,0.8354736943574426,0.8524665954862743
15685226,1,1.5051176424044845,0.15736334637661337
15785611,1,1.4709406862070888,-1.2183112854253453
15573456,1,1.2555069733822668,1.7669037774652607
15684548,0,-1.9025468657008753,2.3535802516478954
15620505,1,-0.3563777968712087,-2.6077470545910817
15807432,1,0.5349531034087538,-2.2615392641511196
15584766,1,-0.7938678954990133,-0.32177249754926
15612187,1,2.1658944159382902,0.6041420166878958
15762218,0,-1.1314516109566024,2.2571133068884306
15646372,1,1.9277236582807562,-2.3235076702239907
15690452,1,0.29769660715918206,-1.8517567599730023
15747795,1,1.5966768387643653,-0.8081564947718017
15781589,0,-0.7855033296767712,2.3524043026656063
15732674,1,-0.3591577500105318,0.5189063445956215
15642291,0,-2.107526630091984,1.2773861790305854
15692761,0,-0.8470326041032267,2.519257960580607
15578045,1,3.564035225491802,1.4493222512335815
15745354,0,-1.7872906123303682,0.17662123953467823
15701376,1,1.6832472494682802,1.2559187576603565
15691625,1,1.7451362894383688,-1.086897993934954
15566594,0,-0.8946783293500994,1.7335999199419392
15760431,0,-3.7733851834967522,-2.0219060952351207
15686302,1,1.206779350291744,-1.3515898657887369
15801559,1,1.6252130926702253,0.7338929814044104
15810432,0,-0.9485999680749987,1.5592745725536827
15809616,0,-0.5409333407385369,0.9934069967122631
15720559,1,1.4654920026590665,0.9890603364335188
15695632,1,1.2106591189213631,1.6449566235867372
15659843,0,-1.1952554453810464,1.43054300748113
15615624,0,-0.993272420682104,0.5099823148956598
15810418,1,1.505167736426923,-0.422015686096689
15716186,0,-2.553096865666589,-0.8183669433385489
15674551,1,1.1203389933440049,1.0942035917914263
15622834,0,-0.7904166992451477,0.27680176577379006
15566111,0,-0.7687860758550678,2.670238524929843
15784597,1,2.5078419356803168,0.4663522000106787
15652883,1,1.8043966143761745,1.5172732269343376
15806964,1,-0.8303455761165457,-2.069465509591447
15576313,1,1.3780387891720134,1.814317439752625
15806467,1,1.2417415901130011,-2.4068815499892002
15597602,1,1.0624317453238807,-0.46586028267877916
15743040,1,0.8189756633343617,-2.316659068590895
15705521,1,0.040468579450838954,-2.4586571761605454
15595039,1,2.2634144204467677,0.7962458315008156
15799384,0,-0.4342390582788468,1.8564992451872009
15581197,1,0.9528889777574108,-0.5081205697878773
15693737,1,0.19259096428986025,-0.9051045328320468
15624623,1,1.5750791478761994,1.4794073200490847
15783501,1,0.44569395923854843,-2.0978499866690883
15690134,1,1.0024044817913396,-0.9300247638078671
15782735,0,-0.9565753133364218,-0.0027291012816461594
15611088,0,-1.5717474266888793,2.0619438809321378
15672145,1,0.16331500271650307,0.5242380142486756
15732628,1,0.9277880675878323,-1.4068773284710687
15787470,1,2.1715647739557316,-1.0100796566253827
15803406,1,0.7281026128013347,-2.6694094384154265
15730460,0,-0.8013363215820739,-0.6320521122125503
15644572,1,1.1381461937349406,-0.5030495930322567
15694860,1,1.8037070895479852,0.2864876265400016
15658169,1,1.2467772202631358,0.31525555667481886
15794396,1,2.1700951448783825,0.5230163616056965
15785798,0,-1.3358607558034556,2.4111004515698147
15710825,1,1.6024244134678112,0.5188829251073731
15668444,1,1.423502937739723,-0.8357005775773472
15726631,1,1.3799747701254472,0.3895396944734457
15733797,0,-1.3287467389234782,0.4384447243641332
15747960,0,-2.4427544239868806,0.34376039044891077
15634632,0,-2.433415401610572,-0.07923266545279194
15707362,1,1.200617165574385,-2.5298983997727102
15662976,0,-0.3397627770883664,1.699727838021989
15732778,1,-0.44972162272697763,-3.6605756698007026
15718443,0,-2.676241134758153,0.0851329321975063
15670039,1,0.16259974741043268,-1.5782990916357253
15773792,1,0.7397778398842029,-0.5894255740416064
15613786,0,-2.1055763874802773,-0.27227107277191887
15726032,1,1.4399701587604286,1.366527305993488
15663252,0,-2.6213376189158875,2.4431406575095678
15593782,1,-0.03964955022474484,-0.42724461359087557
15633283,0,-1.7679391268909534,1.9897412212925705
15749167,0,-2.055366978224017,-0.569097054774703
15759298,1,2.345883294980208,0.7496693848368235
15683625,1,0.6090036701345457,-2.2413254439666903
15635367,1,0.22335374424311175,-1.3824212243849894
15681705,0,-1.7821850950176497,1.5902895455860966
15603156,0,-3.0738098887003384,-2.2530216979986704
15591986,1,2.0086934655293276,0.6185324312018932
15798888,1,0.9466078461442271,-2.7617249827631984
15809722,1,1.2611744481382083,0.9212431663632222
15677538,0,-1.063631575598695,1.690506258357957
15797736,1,-0.21275496341025815,-0.2641498838802083
15695585,1,2.7018264750296797,-0.48083336022842277
15744398,0,-1.5081677806519413,0.0002756141095070526
15750658,0,-1.647135493204725,1.752446294987497
15578186,1,1.5045416028500553,1.0940176974060596
15676519,0,-0.5370132364075137,3.37510380299275
15637954,1,0.30073742851476215,-2.7267630182894327
15758639,0,-1.7780916323044857,1.6486952210575303
15613772,1,0.4026402743482436,-0.6783354996526667
15731744,0,-2.4593093237112766,-1.1509115508342227
15807709,1,2.68302676542048,1.9469260546201137
15714689,1,0.7733206401722345,-2.7327727853294372
15699005,1,0.4575136509437437,-1.2624322210037424
15624170,1,0.011448628925643332,-0.6037780964866267
15725679,0,0.5128812331539127,1.2019275476318982
15585865,1,1.3571484150050468,-2.4174388634661192
15804256,1,-0.05349165855940177,1.1384911335800623
15662403,1,1.413721098963189,-0.4047581316506412
15733616,1,1.0176576100489128,-0.02112216090067491
15591995,1,0.6124221763467482,0.27253505065264566
15677020,0,-0.24016489276833836,2.9543279806357927
15727688,0,-2.948464451305693,0.3834389400458102
15715941,0,-2.280029913819676,1.4311599216464646
15714485,1,1.292568241722414,0.8635934362010532
15730059,1,0.3191963358236911,1.8679791114410498
15715527,0,0.17744988170572512,0.1407744733759549
15576623,0,-2.462358920878163,0.8021968357802114
15805565,1,1.148425142198475,0.5670181193209077
15677307,1,2.773767265350835,-0.17904280270202946
15773890,0,-2.4112007080606754,0.19637001150653846
15598883,0,-2.6393241011649975,-1.00614977378947
15568506,1,0.4893145692296588,1.3944496483485642
15761043,1,0.39584879922848804,0.30638434452134133
15782236,0,-1.7710914769503177,0.695296992424992
15593601,1,0.7057948474614675,0.3792724567836778
15682048,1,0.9448429335875137,-0.5899959243570538
15746902,0,-1.4234643004094307,2.412422857225391
15752081,0,-1.9832997027104342,3.8953004971867524
15781307,1,1.2459920305905834,0.31750925407832065
15775912,1,0.8402447780462712,-0.6526156268832718
15745417,1,1.6979553283502755,1.06489111725044
15671256,1,2.7537686571746294,-3.317494396181098
15653547,1,1.9460077502130357,1.2795240396723189
15595766,1,0.1379955816185041,-0.2879666928361797
15742358,1,1.3071781867449612,0.7724909653565172
15763274,1,1.827171334874709,-0.8095878442811603
15786063,0,-2.9435570931910506,-1.0169180713095105
15600258,0,-2.4241102406600734,-0.969011215146301
15573318,0,-1.0878351644335782,1.1402332851580674
15653849,1,1.4396975266858791,-0.7084687503969848
15694272,1,-0.6162253651899329,-2.047472086561791
15736112,1,-0.886748426561814,-1.1740400267600073
15749851,1,1.1262165624094218,-0.8688889056715352
15663478,1,0.7039079686638697,0.25223253261677947
15592300,1,1.2499281234912352,1.971783425965588
15567832,1,1.5238072331752648,0.8911971063059906
15776780,0,-1.7721972031376874,-0.8169313519651643
15592846,1,1.050764711871764,1.6276768291049948
15739803,0,-1.1672179495129105,2.0471556895179286
15794142,1,-0.5955040694023772,0.7544060318862041
15762729,1,0.47748376130487885,-2.3967226307226794
15667896,1,1.233972166423225,0.5940514109229078
15626578,0,-1.6252576588227252,1.5911834192867735
15776223,1,0.4153260910437931,-0.12958549967801197
15705953,1,1.5406783120616487,-2.8891748642335475
15802593,0,-2.323296118569669,2.0443497549420555
15615457,1,0.2431610684835348,-1.8967995683526804
15708916,0,-3.596110334781415,-2.302304756922662
15720187,1,0.7074501953625252,0.2763067220097829
15595440,1,0.42929076564589574,1.1527552256076896
15600651,0,-5.177748977080408,-3.0275392670934935
15750141,1,-0.9452623330146461,-0.7380581312801755
15657284,1,0.43996254537411106,1.089185863087012
15763063,1,2.325028587745817,0.82479314182334
15709324,0,-1.9758953159047314,1.6113154749887326
15711309,1,2.2638685528285483,-1.6024818292701533
15775318,1,0.756062852999434,-1.7706991972445114
15705515,1,1.4471483250164434,-0.5849395215313836
15634844,1,1.8228119092172768,-1.17285135336349
15717046,0,-3.080204770190616,0.4969623307235924
15571816,0,-1.8227704162544374,2.458466405578404
15670080,1,1.7408887034299283,0.1386515270092431
15800440,1,1.1074616731005495,-2.073032206535212
15665678,1,1.793485446915139,0.8082036864026448
15665956,0,-1.8427713173681257,-1.0394101368729247
15788126,1,0.5871486136349696,0.6131031022837845
15811773,0,-2.2056570685959387,0.1516392410351808
15651674,0,-0.09309094696308878,-0.5384385874972245
15689614,1,0.21450536984544338,-1.7282435873925959
15795564,1,-0.10046663564600934,-0.39992611036012105
15706647,0,-2.2850687076339855,0.9657522327505824
15728505,1,-1.58499857843266,-2.8015572096090766
15730076,0,-1.8820275328321294,-1.0493985175748233
15622003,1,1.3031455896835922,1.0361561167504003
15607312,0,-1.064300878073586,3.199815113400167
15644753,1,0.2210584504610833,-0.5990897479603544
15653620,0,-2.830321881476833,1.8741014661472664
15761986,1,1.4267921420503729,-1.1934097443863863
15633922,1,0.6715412961333562,-1.1905384863217865
15734674,0,-0.9573109830598239,1.5355346783017576
15658032,0,-3.1235084263829194,-0.7178858635578939
15692671,0,-0.9140043972435803,1.6037965651201718
15737741,1,-0.21922339014338835,-2.0062438411504795
15576352,0,-2.9642641807078354,0.7007196030600302
15753719,1,1.2321611367526077,1.2769901981274365
15803689,1,-0.4789760722994481,-2.86727714251358
15718057,1,2.065223172522377,-1.5388816985982803
15722010,1,2.543361456601549,2.098469564683089
15680998,0,-1.1671184049910237,1.08125505030138
15614782,0,-1.1799430565747904,-1.5784394114995146
15591047,1,2.168850339896055,0.024827276303270363
15788291,1,1.3669533013510653,0.6807621986691983
15604044,1,1.4521639589979107,1.2769071447043971
15679587,1,0.9007576531475237,1.514328885219681
15775153,1,1.7364221613508721,-0.8024295146146512
15603925,1,0.4360856065063553,-1.1685471278370954
15680970,1,1.7006339813317868,-1.7171799899634217
15697183,0,-1.178967630718232,2.6001819866371565
15567446,1,0.9741384321170202,1.7785339054551863
15637476,1,2.0715787567391004,0.5561643963271943
15714939,1,1.1717632818409158,-0.581204287760768
15683503,0,-2.0846875521228654,2.1155967191851737
15645569,1,0.8776522782908329,-0.2547196658751244
15782569,0,-0.254181521283261,4.335510144894287
15592387,0,-1.288323065159478,0.7899753473333015
15609286,1,2.069296478152459,1.5577878345649938
15814035,0,-1.21545870872863,2.0823871661520146
15661249,0,-1.9417352019850762,0.7420296143296159
15629117,0,-2.031900235039041,2.5145883345134084
15607170,0,-2.577750229470089,0.8100388315394161
15586585,1,1.1015442056875895,-1.1695407374848399
15686611,1,3.192650518384429,0.8601672023861652
15603203,0,-2.632203297209765,1.1579412540204042
15619857,1,0.31566386016637865,-0.6241075904568765
15805062,1,-0.2675975893296327,-2.038957685023862
15660271,1,2.279576179198275,-0.010795304924133607
15745295,0,-1.6273627795557124,-1.8459849623062967
15719352,1,1.4185617709491145,-0.09559200246377846
15766575,1,3.4412151145752436,1.6146402043003927
15594594,1,1.6019319088288997,0.7709139127692961
15646161,0,-1.3195967594812525,1.66096002243788
15682585,1,1.806421951151219,1.3263718944849474
15603134,1,3.1534207115955497,1.3574062981782409
15636444,1,0.4267428097026868,0.25875244903516037
15773456,1,0.3966998242932125,-1.4136091242625786
15745307,1,0.6423609049303395,-1.0576195872994987
15604119,1,2.3197271415696576,0.3427822018282879
15626900,1,0.5163625107723652,-2.552259107808633
15605447,1,0.02957506854820816,-0.7121100669887869
15589030,0,-3.1811799702943047,-2.124038202366846
15692463,1,1.1754278351481844,-1.2092316241012535
15712403,0,-1.8366554469627736,-0.742441988807822
15811762,1,1.629287411139681,1.0242762757024213
15718673,1,1.2998746205986542,1.8100580394349204
15724282,1,-0.2591110571766477,-0.9423888558282619
15738181,1,0.013769209960581317,0.2784446689428
15633648,0,-2.050404065388629,1.3983655396417807
15603323,0,-2.612801066472599,-2.3613729039380402
15583725,1,1.5387146952195196,-2.5703483207704863
15588350,1,1.9113591343696554,2.1576367175256816
15798398,1,2.8212426264030226,-1.1691026419780948
15784844,1,2.216499904337827,-0.06031364058702242
15580684,1,1.0340839874167844,-0.23472871892537023
15809663,1,0.4298642356401382,-2.5742557418240097
15640078,1,2.503478550360008,-0.5466762415488674
15698786,1,1.7528078430706302,1.5990289101260529
15569807,1,0.33899129932614147,1.5250849713174794
15730830,0,-2.744921432963793,-0.3735459090671275
15805112,1,0.7157041020412368,1.1668362960768113
15633064,0,-2.287302866926257,0.40479476977253814
15703119,0,-1.859282647500526,1.0648041292355235
15730447,0,-1.6329602460116646,0.31878244748274165
15813850,0,-1.6330192008836348,2.6771277529341986
15711889,1,1.9179243450298527,-1.1411925710621416
15664610,1,0.6687311464737573,0.028514722300400114
15751710,1,0.3004586497595095,0.7511008552688321
15692926,1,1.6057422234866265,0.2636905840044674
15813741,1,1.790124153042163,-0.381004042682595
15698474,1,-0.020082603976941085,-3.3595059022089098
15568595,1,2.174823656631182,2.7010877477006225
15603065,0,-2.4784725515152206,1.2105610766192019
15592937,1,-0.11694789809529706,-0.4103821262969626
15699637,1,1.897128796816197,1.8821147558268434
15667215,0,-3.3736037344628276,-0.7934988869993235
15788659,0,-2.1409736067780347,0.46408501965137183
15763218,0,-2.9916697404942543,-2.2124811849954504
15645772,0,-2.0703372973172423,2.238556624167592
15725511,1,1.7564076390360241,-1.4838815337461684
15575024,0,-2.429746922369136,-0.5464424286603159
15640825,1,0.6343312359250453,-0.6041034462127475
15662397,1,1.1964208956551812,0.06951015098337583
15576368,1,0.2544634476267667,-0.7888386872191396
15674991,0,-1.7911914261445754,2.7744809202875675
15721024,0,-1.9074886944356693,-1.6454841067312833
15745621,1,-0.4361535662060266,0.2766423135538923
15642394,0,-1.6906395876817708,0.37388131871791397
15754605,0,-3.0201238842850633,1.2044778918642782
15607040,1,-0.12002397684141632,-0.45289372580832415
15715142,1,2.0003421907822743,0.80601511879239
15810978,0,-3.888168210402634,-1.3084453043387623
15668886,0,-2.6286196595603735,0.021019282722261366
15780804,1,1.2345302119510642,0.6449281905948476
15613880,1,2.144244808992249,0.32894005419887956
15775238,1,1.995076444431968,-0.7727286646022103
15786905,1,1.6352581019526495,0.8909257227017163
15747867,1,2.389693339709159,0.513417654470834
15600337,1,1.7954014818033583,-1.5534570410220627
15801277,1,0.05460140648711323,-2.3290192656496607
15579334,1,2.056613544057979,-0.09280325128039187
15802741,1,1.835373394626302,1.3066145291615285
15720649,1,0.4261652682011839,0.3180463446073039
15589493,1,-0.8298715634371112,-3.3110091833130895
15688251,1,-1.2496361233765374,-2.819101584453525
15665238,1,1.9262975404292042,1.0567472297141054
15740900,0,-1.6467864482453878,0.7793173684034956
15681068,1,0.8043263110318265,-1.3848068729437815
15748625,0,-2.6764462823988002,2.343004069403608
15727299,1,-0.42413701168689694,-1.477747887504936
15620204,1,-0.9618683410796283,-2.8422527224827947
15669516,0,-3.6820256958905344,-0.5153971729682543
15736534,1,1.066507545228377,-3.1206197368246635
15803457,0,-1.9376488786284782,0.5670839104747254
15659098,1,1.1973936364703373,0.653929287197464
15603436,1,0.24716991271871475,-1.817462620389808
15566292,0,-3.5013114475230522,-2.051434480128345
15808621,1,-0.6365860361469035,-1.8824856514827761
15580148,1,0.053782883477336646,-0.35424301791063484
15776231,1,0.04845485769422539,-0.17360889923633047
15773809,0,-2.7046983120072614,0.8163363956298815
15649423,0,-2.404682735941197,2.2330713934721436
15734886,1,0.7626003827206194,-1.6046332205111495
15722548,1,1.6638635229056087,-2.874469578919312
15650288,1,1.978519643106909,-0.02191759629423537
15629448,1,0.8234555350940921,-2.3514695678149438
15716164,1,2.3523806914428818,-1.3853971662085636
15807609,0,-1.58039516444519,-1.3753674414640882
15578977,0,-1.0334562884312928,1.9730463278007022
15677369,1,1.7746909926127221,-0.6604675079747558
15804072,0,-2.0593309899389594,1.1674967050918994
15696859,0,-0.15129837383357086,2.822613758364181
15653780,0,-1.7395908660483963,1.336341012523575
15721658,1,1.2534959006971438,-2.2065583325162903
15578761,1,1.1176313054814995,-0.029423963212071566
15736879,0,-3.09250436131005,-2.3235913967307473
15571973,1,2.435662707731608,-2.1243545156378776
15626742,1,0.7160361625627549,-0.9728080894432048
15672692,1,1.0297074624989642,1.9005339760604358
15673570,0,-1.7169807960056505,2.438920616723033
15767432,0,-3.637371835524875,1.3471054208904862
15654238,1,1.8008992474107666,-0.1503771682808614
15612525,0,-0.9471846579787037,-1.1364469563378437
15812750,1,0.8616721068966849,-0.13385481505060304
15790757,0,-0.3890561766822432,1.6062540632134694
15723873,1,1.7619619157095723,-1.2898916447885231
15744607,1,1.017485203519361,1.6931306978211276
15612966,1,2.7908786797949023,1.204267989974309
15784209,0,-1.2135729615279738,1.739900920149753
15794278,1,1.836443407522575,1.3251324117133325
15766741,1,1.512114840481677,-1.817965097560698
15661036,0,-1.0949655077041422,1.2444246710558855
15705639,1,0.16898550025242592,0.7928700091882593
15637414,1,1.155256832988031,0.20007076527971346
15716835,1,1.9821386279538242,0.046530612658016585
15696231,1,1.491785277875698,0.13100195565757794
15641675,1,-0.2029020117558246,-2.26515638633438
15670755,0,-1.620821744490627,3.0961780737466364
15640059,0,-2.578975810675167,1.0196817525620954
15787619,1,2.3245562892586267,-2.459017204024946
15587535,1,2.173108017445449,-0.043165156436440824
15813034,1,-0.382298310101786,-1.002852864431545
15698839,1,0.4157687460717381,-0.5997857555984906
15790314,0,-3.1052747407386097,-2.5829934061127005
15634245,1,1.7737969307012318,2.0441939250745644
15677305,1,0.4317462113645357,0.9835016562709585
15661526,1,-0.8331358645099176,-1.52828756234049
15685997,1,0.6226984900499459,-0.19953309919598075
15660101,1,1.9078480995178768,0.5430984960717267
15637979,1,-0.014235784754337368,-1.9451453664480747
15815364,0,-2.9231426564110663,-1.1007903911592363
15647099,1,2.387622143608003,1.190389008284524
15625944,1,0.7958097546222241,0.8470075966240598
15583212,1,2.70676146436311,-0.48396828725639457
15582741,1,1.6273364300992788,-0.27920309279064004
15637876,1,1.0648435098199176,0.5772197630878246
15622750,1,0.13914272346815776,-2.36527525113354
15672056,1,-0.4944871064137227,-2.5655150224540555
15812351,1,1.690244506349958,-2.055025067342173
15810864,0,-1.6595602577751274,-0.23346977800149443
15677921,1,2.327818283197341,2.1919235339554017
15724296,1,0.6093048041098877,-2.010617057479912
15685329,1,0.1552593601155681,-1.5788133713027506
15584091,1,0.10884095112608953,-1.879872414855062
15640442,1,1.490368040774325,-0.6759222893538627
15639314,0,-3.420558635754543,-0.6084064921794133
15685320,1,2.185820858636662,-1.3458967300208116
15789158,1,1.3759999471812394,0.33823388462695453
15752137,1,1.6637870267865122,0.27306278541837853
15712551,1,2.341353197028579,1.3884702388824697
15628936,1,1.646006380903408,1.1100963825913293
15797227,0,-2.516648119386933,1.7578022087047016
15769974,1,2.5077483698607455,0.6867873437937708
15737051,0,-0.861478706623775,1.0798642319185145
15585595,1,-1.6751918499190224,-2.9898897329353695
15654060,0,-2.813907930711534,-0.6809156192792122
15745196,0,-1.2674435748858643,1.8650598140451675
15571221,1,2.361717053621481,1.1643138812064544
15660155,1,0.8543993788583244,0.040536141709844736
15605284,0,-3.6428504201631178,-2.321279904475661
15694366,1,1.385926299028826,-1.5566954783368063
15600739,0,-3.022865585044365,-2.6356965923845825
15653253,1,2.881178546111281,0.9306826130038027
15763431,1,-1.0108274142977953,-1.6907345111351333
15643696,0,-2.268647033097072,-0.025598540215622852
15707473,1,1.9312946212621598,0.5767303013282116
15769504,1,0.530685249031577,-2.487450471264995
15776807,0,-1.0676798670302117,-1.786069043585799
15686870,1,1.2458147494818264,0.8330061190791215
15668747,1,1.896248510717914,1.853089052433211
15766908,1,1.2461774358939934,-1.1278308521419513
15570134,1,0.6416350522006453,-0.07044384383085772
15567367,1,2.239128937002563,1.475857090410525
15747542,0,-1.3063944407160912,1.9683003502183758
15762238,1,-1.7878633240360517,-3.0318609913362007
15681554,1,-0.08760808119804382,0.4926584607793828
15712825,0,-1.3318093514179359,1.7629753679357907
15640280,1,0.8780655753288996,-0.9772137013633296
15756026,0,-0.5957014815918237,3.125609759423139
15613319,0,-0.8427605922163725,-2.085415741451316
15798906,0,-1.3542972279864471,1.5770261725890338
15708917,1,2.9215532153548067,2.2038832991443793
15778463,1,1.6756206483174343,0.20194071404908914
15699430,0,-0.6088629109371609,2.2554082123811185
15649992,1,2.0734715745379506,1.263973893737695
15578980,0,-3.0856925069276215,-0.09459987425079151
15775306,1,-0.25773158090070397,0.44546029829614897
15641655,0,-2.6037381716438572,-0.9752368035391635
15619708,1,1.4204605832634203,-1.172483791337567
15734565,0,-0.8418518166294594,1.1776360304714917
15806438,1,1.6791960802252233,-1.5404497357540698
15591969,1,1.3955306177999889,0.8131464069568174
15747807,1,1.7221936539199723,-0.09359354124322007
15596939,1,0.5657116359214807,-0.834176797245077
15716155,1,2.6631239134920257,-0.6117532361348766
15765311,0,-0.771609988217124,1.95502953672216
15757811,1,2.790153397497552,2.8338047630648457
15603830,0,-1.65168277773308,0.07343616444139751
15660602,1,0.2873531241891118,0.8882700960080933
15660535,0,-1.6209313818546303,0.8155280253064788
15666633,0,-4.222601679471699,-1.4227769567275748
15596914,1,-0.34857602567041407,-2.1198508354353507
15639788,0,-1.9114247710968215,3.1784659761819656
15695846,0,-2.0301667783506137,0.9663804127740745
15726234,0,-0.5374693701287292,0.7731748933244351
15797964,1,1.0361164195222738,-2.8228373284952526
15625881,1,0.24734310672157142,-1.4663500072296165
15780628,0,-1.9230713660244474,1.0683474947249754
15575883,1,-0.44582140275797094,-1.7610290364757777
15585036,0,-2.3422353195383425,-0.35955815949275516
15589488,1,1.0997308022896204,0.6229297958112935
15585888,0,-1.7781220914373208,0.6075249103680432
15727915,1,1.7498810527083195,-0.6576028168398672
15707567,1,2.5743077293560264,0.5120595544705365
15737792,1,2.665516406686173,-3.244989341271006
15599433,1,1.814872015825901,0.7772512383085224
15672012,0,-1.387294236565386,1.272413052459637
15806983,1,1.636240012745681,-0.9484634943627677
15592222,1,2.203816384005023,1.1059130589349442
15608968,1,-0.05315069262243319,-0.11806947628806529
15586959,0,-1.5751301281906742,0.8086591212913696
15646558,1,0.8560416587053123,-2.3048212701933384
15725811,1,-0.10449594521960322,-2.596602296634971
15572265,1,-0.26961599459424573,-3.157965733853744
15794048,1,-0.31841287691660375,-3.031386665408445
15677610,1,1.5113936426404964,1.2316646155891313
15745012,0,-2.9164321445970725,1.8260644180771737
15601589,0,-1.3855962004802744,2.9387743031214626
15686436,0,-1.4929288275424282,-0.14359006777791183
15693864,1,1.9716800397184953,0.13331584073262498
15760550,1,1.6956197379947342,0.14115644649083736
15686137,1,2.17681656842277,0.7916513519573459
15809087,0,-2.1351460639235906,-2.097175818115421
15807663,1,3.015908137495422,0.8118935087503169
15809100,1,2.5853504031483427,-2.3347894317588036
15794916,1,1.4978103038812072,0.737934084246268
15614215,0,-1.7203419921684038,1.8048331405433928
15805449,0,-0.9395702886094236,-0.08422599133453028
15686983,1,0.6001829539129596,1.0722687828364323
15808017,1,-2.0877733304317045,-2.6773600748118147
15756804,1,1.677766359960402,-2.5332212096287785
15646810,1,0.835503873651772,0.3799574154948996
15710424,0,-0.7298067619590598,0.09288574299157377
15799422,0,-1.5726197121709347,2.495526325503228
15692750,1,-0.1599501284381302,1.0302500337577811
15794549,1,-0.5930532959353457,-1.8532108941809196
15803764,0,-2.4460252021600173,1.534826254361241
15674840,1,-0.5010265695172442,0.20588388294330856
15653762,1,3.154867362713727,1.0283184322169163
15581229,1,1.5226964169150068,-2.8444664263502677
15800228,0,-2.9837305173727953,0.7499509386849248
15656333,1,1.2705637126100173,-1.0972435752463356
15697497,1,0.3940465365750162,1.924471596703619
15585362,0,-1.1059539562658482,2.466976831955951
15571928,0,-2.49387898781541,0.19321181310307145
15785519,1,2.0216144891629892,-0.0026546556109970903
15743007,1,0.3544436800391475,0.19175394237091198
15777211,1,1.7635011961077982,1.814112416155096
15721935,0,-1.8078265334347516,0.8585555912757304
15591711,1,0.16940878188676275,-2.4343913200225566
15625021,0,-3.614416500502761,-0.3863412688022063
15702968,1,1.3017263707933777,-0.10497318200494558
15600462,1,1.5437739080649133,1.4480302998504841
15768104,1,2.3773126095133432,0.8772776152367406
15780140,0,-2.064541773384293,-1.2658085444125309
15585255,0,-0.5154956555285455,2.7260882098926387
15772781,0,-3.506887621172162,0.006796922229737798
15669987,1,0.7535910041065926,0.913842441304107
15697000,1,0.7944114555134645,-0.24504696341763504
15733119,0,-1.5314265397381965,1.8583594272938118
15782390,0,-0.24252251482087145,1.1275215694144196
15654700,1,1.2645210784847818,-1.5270204040421227
15632210,1,1.1837877198137705,-1.8130910758745766
15642041,1,-1.099199839123038,-2.9381918001358924
15709737,1,1.1553149746775073,0.28414014033661406
15792388,1,1.5573663457994043,1.0465935464698446
15786014,1,1.612588645273677,-1.1477047004192764
15794580,0,0.1951511318802503,0.7319099829783317
15675964,0,-0.8603614738616316,2.8710687653521942
15814275,1,1.4789105860553582,-0.015828126781862906
15724848,1,0.8590453567748687,-2.21316095103476
15754713,1,2.016244055731404,1.1766631351202352
15693814,0,-2.409624783615829,1.348167822337621
15599660,1,0.07022014327151925,0.20333992361173803
15746490,1,1.5340128269983346,0.8129414970017859
15566091,0,-1.0648800238623477,0.3175211466432637
15655961,1,0.9028870479415717,-2.613388630039601
15710404,1,2.5032552220215742,1.1922804709418813
15775625,0,-0.8038344227805322,1.7316592044377765
15792328,0,-1.5808319379355877,1.5616224412633444
15719856,1,-0.3419670216376646,-0.20777275670592513
15593773,0,-2.014737993259992,-0.2565608042373497
15733114,0,-1.7975796721569122,3.04259887764092
15797748,0,-2.6955403380088683,1.3626720957588585
15743411,0,-2.150241124335806,-0.585601378371613
15753337,0,-1.6131630779668107,0.6979556196085891
15601026,1,-0.21174396150376276,-2.4001200001433336
15658485,1,0.6579398086062694,1.5870391111930353
15636731,1,-2.1051845877982136,-2.6915568345216268
15628303,0,-2.360987914368814,0.3631136139306438
15633461,1,1.697436806221995,-0.3888151414020598
15677135,1,1.0119144748894804,2.04846176814015
15590876,1,2.030465465475682,-0.06678796288936922
15790782,1,1.8441707111443055,0.37174382462221334
15700476,1,-0.01544861011104123,1.883126805520301
15634141,1,1.3102959383685684,1.102559537945709
15737795,0,-1.57787871078962,-1.4517090562746475
15790299,0,-3.2045041952819147,2.6742506197895115
15675316,0,-2.236289506913393,-0.2474639321665978
15613630,1,1.5666460018203108,1.7589540862188178
15662100,1,2.2534577084512972,-0.31121121995353385
15668032,0,-1.6727175489973283,0.594564479239613
15599289,1,2.0545876119072615,1.69392763796948
15754084,1,0.368287594801815,-2.406021760983355
15676521,0,-0.47032522334635735,1.2317866485384328
15804586,0,-0.14119733431029252,1.3664216950629795
15781465,1,2.20186069814479,0.37883060573346516
15729362,1,1.5832562566603554,1.0269196528870823
15709295,1,-0.2294265720610015,-0.6106146274076693
15745324,0,-0.1914170152287707,0.12198681815601194
15741336,1,0.38194972365990837,0.26059554985094757
15783659,1,1.9103611082921228,0.07427977336551762
15620981,1,0.6087838583025378,-0.2392913161458003
15630328,1,0.39130752131116964,1.626754131590364
15785899,1,1.6093643958631931,0.9231754077604014
15606149,1,3.045093129615343,2.509911892635914
15671139,1,0.08665676304918006,-2.5994868585666997
15660429,1,0.8502604163839569,-2.2771048170037256
15571002,1,1.8507710637110317,-0.39546215685719305
15631681,0,-3.465703428447987,-2.381081529460431
15731522,0,-1.9373140554422794,3.637876485494132
15619529,1,1.6440563081629438,0.6999499601326694
15628034,1,0.7762756975611543,0.48310005973355596
15686164,1,0.40329464690053435,-2.5123072133261246
15582797,1,1.8821876971888332,-0.852089131041101
15753831,1,0.5779085109590534,0.7391141171968465
15731815,1,-0.114054294113149,-0.10541097039543226
15580956,1,1.1699114760927503,-0.43370007664339794
15602084,1,1.0904448913728453,0.07302595182740136
15589805,1,1.918723834807976,-0.21618962370545572
15720893,0,-1.645202233846271,2.4215868917223435
15641009,1,1.1384262162466423,-0.8222147049892475
15605926,1,1.5625408130185714,2.9863290278824492
15805955,1,1.7282324069825201,2.4472231640127644
15801488,0,-2.548318656388951,-0.6231023961352596
15605918,1,1.0040149275432255,-0.16689210697363988
15779711,1,1.1264822613273626,0.33462127835075833
15705620,1,1.0040317524574898,-0.6287526707172656
15685357,1,1.0030765489060545,1.286832814862135
15570060,1,2.025192899952381,1.2643759468025584
15582616,0,-2.3351834648062364,0.49453240755886635
15799515,1,2.195032548788107,1.453624321223236
15642937,0,-1.2023447771782867,1.8204191407759158
15624729,1,2.478569553846422,-3.565753741903677
15566156,1,-0.48381821186066837,-3.502017853083176
15792360,0,-2.9873339452508603,1.7984510646235028
15807008,1,1.984731394129821,0.1172284586978878
15704770,1,-1.4641171825146324,-3.108048001298012
15756475,1,0.008416524462943806,1.2446141460220939
15655339,1,0.9855413503673417,-2.449887715494495
15613749,1,1.1837827851043334,-2.975190375922949
15664521,1,0.759061109216205,0.08900349038110224
15681206,1,2.4704681753433784,-1.1940657861307349
15745527,1,0.07268004492499773,-0.05899275716819036
15806926,1,-0.442070704279991,-1.983688074714544
15724563,1,-0.18991234998659182,-1.0135629025882278
15782899,1,1.8402497632175394,0.22877739744475983
15623521,1,1.6997207617374523,1.3440812193978093
15810218,0,-2.4019385429576556,1.9120856939346225
15645621,0,-2.4986541706367214,0.05490002318881007
15608114,1,1.342016833287611,2.02789220807715
15659557,1,-0.20088611863266984,-0.9135141539728519
15787772,1,0.937101456144611,-2.302209123942448
15691111,1,0.4071301288833488,1.482551103419932
15592089,0,-1.5295106164277394,3.030156444992761
15633897,1,-1.2800054088389825,-3.110764846289019
15701301,1,1.1854316111136793,-1.3946250329184582
15723685,1,0.21602539263670992,0.2781977525284762
15701602,1,0.13713575743827525,0.18814909615127662
15739189,0,-2.1956038486322695,1.2173721617101212
15573086,1,0.6866178442218835,1.195677115936434
15569050,0,-0.37721966311501454,1.4353297291985827
15750765,0,-1.5366402496265212,-1.4794400490301496
15799811,0,-0.005755902754661036,2.7743576906988086
15698442,1,1.2066669483133772,-1.2291954762899977
15655274,0,-2.6825474108471705,0.2733156682021817
15603594,0,-2.8992314433800686,0.06915993089745469
15585961,0,-1.5167303707498994,-0.4499135567664867
15686936,1,1.3215999855823886,-0.27927615795943705
15770424,1,0.27693965906628176,0.9519608169466117
15587451,1,1.933683821078484,0.7431245113821016
15602010,1,1.24079124245733,0.2925960466225019
15600583,0,-2.1210906981256215,-1.2126308143778717
15654673,1,3.1833432081628708,0.06185428595418427
15717164,1,0.7684453200701403,-0.3362567409921294
15765014,1,-0.1417428514853484,-3.242373997725916
15682639,0,-2.8557245734632537,-0.24942503362815294
15729279,1,0.9929857918606267,-0.787593003592264
15759805,0,-2.3704979937325645,0.29512696387931586
15767864,0,-0.7311723657853133,0.6043675285299817
15769948,1,0.4398515240769011,-2.6875217770054065
15686345,0,-2.0783464996881484,2.292286471489236
15688071,0,-0.09038323250374719,3.475527863034287
15681174,1,1.5433280353860999,-2.5743710511081694
15667521,0,-2.5324536824532538,-0.38129740498978026
15750243,0,-2.315920993536721,0.4603476066601421
15695475,1,0.13134496765089224,-3.8184914931344416
15689176,0,-1.6844491311548522,-0.2850185394216539
15652955,0,-2.3316673698725117,-1.502792436748409
15668958,1,0.726162886278458,-1.5054210002260835
15631054,0,-3.033389203581368,-2.6652162712356593
15581479,1,0.12483152132448926,-2.3938993465484204
15577478,0,-1.4644836548069575,1.0396776612631249
15780870,1,0.8328709082637742,-0.026831808809865465
15692317,0,-1.3864683290438071,0.2097953276306377
15593969,1,2.483799180544489,0.37018527855235894
15570417,0,-3.857490795950093,-1.8175581160269905
15779059,1,0.09279182512831056,-0.7421930911513622
15785980,1,0.7006804372027537,0.004628801086346808
15644200,0,-2.32022508629044,-0.8998108935337027
15793949,0,-0.7556491829418127,0.7177939685146327
15645103,1,0.9602561218711632,-0.4196535279448932
15705860,1,0.9005870959226349,-0.7252573840316785
15623828,0,-0.7437416852717821,0.0004969979178732237
15715003,1,-0.3752484222476979,-0.7029804395894824
15623471,1,1.7602897373127868,-1.2272156173201645
15798348,1,0.7090510677257826,1.0803684932010253
15743016,1,1.4344260733964058,0.04571434649755021
15769499,0,-1.900937385632075,0.5549085405810621
15798521,0,-2.6627648210541257,-0.11347897376788323
15706534,1,1.9597117325759479,-2.605792650616924
15706186,1,0.3383556695026406,1.1074335785424059
15812197,1,1.9736158164052908,0.6419492417465482
15650933,1,3.3784759649152414,0.8875753821956597
15692991,0,-2.2304323361420275,0.22407750011877678
15631189,1,1.3052401021693583,1.7171752163322165
15762198,1,1.4382202566819542,-0.4558941204777457
15699598,0,-2.3778030366599086,-0.3417535915658051
15692744,1,0.7968138348439505,-0.7928438662984516
15688963,0,-1.1615853993825562,3.941892452114129
15599131,1,1.88562218150115,-1.7798994011442808
15680303,0,-1.1270408744437173,2.3510394653606714
15628674,1,1.321907528263219,0.9726964928361671
15648075,1,3.0523067248399083,-0.46799614479788015
15586970,1,0.8786731371836027,2.1052388448970127
15625698,0,-1.2922442024978096,0.22640459613106922
15790497,0,-1.0629359640872642,0.962497484991024
15682618,1,-0.27813328629161643,0.5860630538538933
15762937,1,1.0043786926047569,-0.4376054985203607
15750929,0,-1.431126278160861,2.0317459205201036
15729832,1,1.030471336266829,-1.093011634188146
15633650,1,0.17694153944265195,1.358919979303074
15748856,1,1.5632438244125222,1.446826745143232
15589195,1,1.0942661207702014,0.9370479509220101
15699911,0,-0.26296614891421954,1.7662253204457716
15663438,1,0.9929626645425385,-2.912926317456765
15692583,0,-1.978312697494808,0.5923761817210728
15591257,0,-1.9717384281930512,1.4622533280333803
15646513,0,-0.015711165834295604,0.6191798635693561
15708063,1,-0.88254429111154,-2.248539560161424
15696098,0,-2.023784654761355,2.713710070401914
15645517,0,-3.8432336417539754,-0.7967429917598693
15649744,1,-0.49220861089516693,-0.6548123323588867
15604304,1,0.9267015514549524,-0.6432721841623571
15784092,1,1.7197781342271008,0.3832739731632472
15585198,1,1.4978935533948454,-0.5619509982880742
15624347,0,-2.1168466844739577,0.24173805715094696
15621687,0,-3.657193900666586,-2.347723942275664
15689081,0,-1.2453093293394706,0.29221452029295975
15813168,1,-1.3572815126910822,-1.2608680041809153
15604295,0,-1.093272469602787,0.7994324507560969
15724127,1,1.0334255417861415,-1.2956637888083538
15673055,0,-2.8543380430545735,2.0469791619801736
15768201,1,1.6898238536125583,-1.9520517545971474
15782219,0,-1.8724139662735726,2.097811699232354
15746410,0,-1.147405343048399,1.3951408970957342
15780144,1,-0.07114313974667087,-2.0114231850435167
15590476,0,-1.2827203748709246,0.9462093678947181
15624293,1,0.9591171893498583,-0.5655472429137512
15618182,0,-1.9884598099688724,-0.979186256144898
15660316,1,1.8005336048387284,-2.7679518524078723
15678886,1,0.4162766871998887,0.7847378907382065
15616330,0,-1.3260823771460597,-0.2680440238384667
15592229,1,0.7168484485754575,-2.6475011291922503
15798424,1,0.03809113759900598,-1.7366010749238858
15714750,1,0.14404300928898303,-0.9477100731121635
15648800,1,2.004137518333316,0.0390581031887301
15626147,1,3.695652602594792,1.620524648047801
15626608,1,1.0815852841285054,0.42891884310729833
15723250,0,-1.9008837994335246,2.2430249967247864
15592583,1,-0.5184373978580434,-4.374126718130447
15759381,1,1.3616253885037237,1.8064043321198633
15585241,1,-0.7859014070062116,-1.747118142857673
15589358,1,0.838817844714753,-1.2009699603296742
15672704,0,-1.3745652353565325,-0.5064193338094887
15789955,1,-0.22953819599087202,-2.9014465973499983
15596800,1,1.5853822806000077,-3.0178336009653357
15627305,0,-0.5833896218559933,1.4987945366750335
15645316,1,0.9660202323580206,-2.1934034114955834
15593973,1,2.786745959750203,0.3086072407483182
15647301,1,0.166313546661096,-1.1465985157191885
15750258,1,1.6318193341349632,-1.877534631200109
15685309,0,-1.5890576995285977,1.796856771551067
15628205,1,1.1948854743742545,-2.7083721925156583
15733974,1,2.3212267663777344,1.2050216620072338
15762110,0,-3.132567003434895,-2.7591390820679855
15706899,0,-2.8290005924274815,0.39395041857366786
15732660,0,-2.2649095702641593,-0.486159587666232
15656121,1,2.215623204752938,-0.742500876648618
15614220,0,-2.167569659387687,0.2024435138287863
15645269,0,-2.61273086952887,0.7724064766162286
15698510,1,2.6715842039692337,0.8710741344078269
15569247,1,-0.13194961066681402,-1.5630964741728017
15566251,1,1.3769938974105913,-0.0919276436984605
15716134,1,1.1565406605848099,-0.5980653326176387
15763625,0,-0.8566718471711977,2.3088839143451403
15605965,0,-2.308048196812045,2.968329062465798
15694821,1,2.394974904538917,-0.8968065000734128
15601688,0,-0.1537837311139092,1.3154099720913535
15575581,1,0.07320748631613687,-1.3671415258257609
15671209,1,-0.0038516324118016664,-0.8223001768703276
15616529,0,-2.1543587627138794,0.23673056574224555
15773906,0,-1.559645412706152,0.22448124771549938
15722993,1,1.5210285196445468,-0.009565382798480125
15752463,1,2.1391521582349453,-1.2864238731523874
15589754,1,1.6220124281831696,-1.6195253099707732
15669899,1,2.928882874128686,0.5716734125971811
15766887,1,-0.7401706010701787,-1.7033589899765673
15768006,1,1.0944268858076962,-0.971069313285774
15741295,0,-3.0218552492555824,0.3540451488305462
15811327,1,0.5700013135136363,-2.014957668261618
15690007,1,1.3084482720506638,2.4825392198308998
15690664,0,-1.2211896581484545,2.6885554177048276
15719348,0,-0.7151916728240116,1.99086893847189
15781802,1,1.869446540607002,0.2883462798176449
15752731,0,-0.6068997952283663,2.0402896156951593
15600997,1,-0.4230833603087602,-0.11624665611400924
15750776,1,0.49575204393212635,-2.8092550340182156
15723907,1,2.398489520975512,-0.5627965397048195
15633419,1,-0.43994547063057526,-3.4623216298955075
15702430,0,-1.4062694606983075,2.9582763171085533
15710456,0,-2.8263524120964876,-0.9614526405256157
15650351,1,1.8217398271076424,0.8510466348510656
15590820,1,1.898679729874158,-0.2996529806212008
15640454,1,0.5405217938519205,-2.465229855453057
15697789,1,-0.20266573692662374,-1.0471025230827413
15808182,1,-0.45496457864507217,-0.9445064645798806
15588670,1,3.452446630644881,-0.9251600245951163
15721292,0,-1.451901050966083,0.6081246584747599
15604217,0,-1.7448328683076695,2.465928425581088
15651369,0,-3.4439494327929268,-2.314273460300797
15782454,0,-0.6587019713591195,0.5109671792676743
15814032,1,0.007514287704208842,-3.5545349566175557
15570326,0,-2.285399939377775,1.0993011925270462
15624428,1,0.8082360992219982,0.16184308422458604
15755638,1,2.222364603967729,-0.41840162160295935
15600992,0,-3.2016199961326532,-2.3378629288522434
15755649,1,2.144026541280073,0.9455454121412695
15795228,1,0.7064718301819403,-0.9095201864382388
15589257,1,0.1870622665534566,-1.5065369741917942
15719302,1,1.7393794735435795,2.066753998033433
15639882,1,-0.2609192825701721,-1.9630800328125637
15791279,1,2.262274090556083,-0.5605768617564516
15636935,0,-3.397398218209246,-2.391249166166587
15686909,1,1.413477973774831,-1.4163646429584602
15589572,1,1.4702362845018793,-0.41340541286273647
15779947,1,0.4350967018933171,-0.5472288509876931
15573769,0,-1.065207594477314,0.6221735235344087
15578866,0,-2.166317623940119,-0.12314014034212216
15739131,1,0.18797897515381476,-0.31423289923146785
15813444,0,-1.166179295067967,0.7418390829185209
15678058,1,2.5856292228067637,1.1074497452785097
15769169,0,-1.328572384311448,2.1012055751178162
15804602,1,1.6061547888182193,-0.536244959603766
15651052,1,1.7240589625794587,-1.575578114715522
15724334,0,-0.59817830015901,0.1197748645674891
15569451,1,0.5856374112496775,-1.5142245644452235
15650098,0,-2.602608586675528,2.0123283929630267
15724307,1,2.48124142343047,4.01583348963458
15599268,0,-2.6171603716317327,0.9208464850615876
15594864,1,-0.05811746651704383,-0.3118503514384595
15616451,1,2.0542680073910997,0.28908327293165914
15715667,0,-0.8652321684345727,1.0510882101909669
15658969,0,-2.5082125473956407,2.3001360409303038
15738174,0,-2.286401129247253,0.687868754248648
15813590,0,-1.1693295901097516,1.1070804659328508
15624229,0,-3.399838360597409,0.24670834101201367
15674148,0,-0.8159355490942319,1.1001756702004635
15625080,0,0.35221852971219797,2.495913442494907
15682528,0,-1.5606771452179249,0.9737443881606104
15696900,1,-0.2578883643057986,-1.4154072934313395
15730038,0,-0.14611013051136507,0.050658270646815884
15812272,1,-0.13409859167946878,0.15055251508990758
15654654,1,0.9271934594255213,0.06969490188151813
15697625,1,0.44458451151970546,-2.1261411588340686
15616280,1,-0.09220263612417252,-1.770448450045292
15654229,0,-3.775550917772582,-1.697478078386422
15628298,1,2.9438397404375554,1.025837759353336
15733387,1,0.9502426895932099,1.102156459657298
15775572,1,0.28739963579628164,0.551905538477119
15613844,1,1.8617962248960913,-0.4103993686750252
15578515,0,-1.7026891707286953,-0.4443487592755492
15607598,0,-2.3493669709836325,0.9977527543930431
15742480,1,-0.4875563504333886,-1.804400810847214
15749482,1,0.1602008138647008,-0.21777208896801745
15607537,1,2.4580602237251337,1.660840212128131
15575410,1,0.23848606525580296,-0.6077009670718005
15684865,1,2.3429232931834325,1.6026883719687355
15600700,1,1.7116570102584598,1.192456567933049
15774155,1,0.5019094363027002,-2.9019272537869227
15634267,0,-1.200293508948767,0.6030584727361232
15619626,1,0.8356267039048165,-2.0126710823486094
15660422,0,-1.910660335058523,1.2642631976633143
15617934,1,1.4066982622028474,1.399001134327063
15760774,1,-0.05798117269841915,-3.992795914274517
15813132,1,1.6339602742348618,-1.1320676904211606
15593331,1,1.1165943651442658,-0.09389420184514014
15616709,1,-0.687293946404067,-3.4248783690861657
15658052,1,1.2350871304048014,2.5867149048054654
15721189,0,-1.7146631437108621,2.879632758456802
15711288,0,-2.368536284057023,0.8972482944727683
15770030,0,-2.052244987548039,-0.7796669337045735
15803681,0,-1.990366890420838,-0.3293851525538264
15702789,1,2.261464724221124,-0.8695707589498399
15814930,1,2.5557156336960563,1.6996809981836627
15658306,1,0.7316392973542964,0.658071345752181
15699523,1,1.0009393568307363,-0.3735538584788222
15610383,0,-4.112575375811643,-4.203023518625654
15615032,0,-2.9433033835691322,0.22243572490288951
15781989,1,2.9070089697089885,1.192732725751218
15647402,0,-3.12521237486643,0.07021335301678046
15740494,0,-1.4815861108650064,-0.7064621472840964
15701265,1,-1.3086699036280305,-2.967364335137468
15743532,1,1.636102936702052,-0.5879996932427844
15794870,1,0.06021556020109378,0.4558817694618341
15747591,1,1.5182713974888347,-2.6901090951919935
15726557,1,2.384723963186646,0.7295914503588838
15732199,1,1.2514100963424897,1.2634232397054188
15662291,1,0.8813743919942785,1.5681075997554128
15749050,0,-1.4020905408664004,0.12754042963606704
15781586,1,0.6131159369694783,-1.453398083436943
15617078,1,2.5125349741140197,0.14714198312779242
15723339,1,0.8333116497827574,-1.091573823218417
15671322,1,1.0781918179493837,0.598935360715825
15793854,1,-0.21347183878322487,-0.9521663987324486
15756539,1,2.178880084124378,0.13284268632693164
15612064,0,-1.2182405001822518,0.26312311377608344
15625916,1,2.2194136500763375,-0.2340660253884902
15683195,1,1.6845772274424156,1.0217030468177781
15690182,1,1.5696078627282786,-0.17483611164614193
15721719,1,-0.22704987129795287,1.0719620119869837
15641690,0,-0.8420012108320482,2.619238883511519
15634896,0,-2.4579893514142412,1.551194963642886
15671590,0,-2.8669418364113426,0.08135003650472684
15779182,1,3.635226758001514,0.7813995123161509
15778287,0,-1.7653749069268743,1.7777354046504563
15609510,1,2.81470552207522,0.4424843254756713
15742229,1,1.870795843233356,1.6138382784051715
15658532,1,1.4697508460888236,0.7777445050162355
15590993,1,1.6193256131935794,-0.6501000663659131
15565701,1,2.9840219291836916,1.1422607271161076
15597239,1,2.6295885299597908,0.2984223871149398
15688880,1,1.2951916551043101,2.315275058093786
15813917,1,2.217204191644498,0.8986458122054753
15679611,1,1.1708269352070926,-1.4146690807832583
15636589,0,-2.2720288137034395,1.8853712580694482
15687752,1,-1.3381077692441519,-1.538639967459961
15584363,1,0.8675503328337957,-3.1154982339179194
15737748,1,2.934573462563443,-1.7885076116520664
15803365,1,0.21554373165868745,-0.7301221334644079
15793247,0,-2.474405327354193,0.7306927859967972
15572360,1,1.4956025696849842,1.637883993020323
15795166,1,0.8663936809090835,1.07458288923742
15724620,1,1.567942969076359,-2.728220474795791
15800856,1,-0.2609446129271679,-0.5504739326438938
15671097,0,-2.8637359339612516,-0.8290655937173789
15683930,1,0.9262385894357769,1.0920408548605052
15749004,1,-0.6707439068380969,-3.6921647439493053
15800434,1,2.674598369049961,2.5006208136984025
15709117,1,-0.12667193277772124,-0.2660853712501656
15638806,0,-2.7565932130696553,-0.31003925393412735
15662294,1,1.432070683493163,1.084866373604285
15690079,1,0.9797714622600128,0.6593779752722434
15759317,1,0.4934954353913053,-1.6993578866617034
15750497,1,2.232995713104298,0.1918408255524906
15596181,1,0.560166895976941,1.4617554579303356
15576602,0,-2.879366103967839,-0.06580982555441599
15644833,0,-0.7844947644293232,-0.3355303313512611
15734634,1,0.9260890369391538,-0.13456779494976265
15808689,0,-3.141044932836704,0.4254650253108732
15720702,0,-0.9493078980193247,-0.08638026781243179
15665077,0,-2.9564633943827126,0.8430869205125242
15763612,1,-0.46134901941437684,-1.6760027547877587
15596493,0,-1.3487654829379239,1.7308479317228467
15704483,0,-1.2784827004028947,1.1934066526135132
15598846,1,-0.18919700337089643,-0.7439977402457393
15629244,1,1.6244774885059772,0.9610966410550393
15765537,1,1.336099921372443,-2.0984944379540744
15729975,1,2.148608274519497,1.3248838380285302
15682773,1,0.1662443569713982,-1.1842132973683426
15688007,1,0.843560196007198,-1.463127984370095
15574331,1,0.8074299849565799,-0.07087312129511945
15645572,0,-1.2735482529704782,1.639456108181459
15742854,0,-1.4087820582802846,2.4146932244510104
15575417,1,0.0504237179461727,0.7327566385773222
15796721,1,0.3597324465082192,-1.4714660858394735
15734942,1,0.8654127032368973,1.5284120927309501
15664772,1,-1.098328551738511,-3.384576922946595
15576683,0,-0.07953834802563992,2.5675757175309055
15682563,1,1.7201947039275625,-0.19723263746917652
15650889,1,1.8099279147052152,0.9156694829625457
15612108,1,1.6443614577753587,0.2387278669933497
15761132,1,1.3128654101651822,1.1003477812305014
15645511,1,0.4990164035832668,-1.2882937159438468
15609824,1,1.6600602399683158,-0.059486286930046706
15640268,0,-1.011101227404164,1.4634379995220845
15645778,1,1.6739387928411529,-1.0811573013927211
15691104,1,0.80061982225571,0.23496808375162265
15714567,0,-0.9605834462284516,0.404706576233097
15777826,1,1.274080687936193,-0.5327137650751295
15668445,0,-3.1009757823650443,-0.7681176907757788
15576162,1,0.17552973119950058,0.9386809297870887
15778135,0,-1.1999708269706069,0.23704618614830772
15613141,1,1.1449755865298321,-1.00346397518204
15635435,1,2.0164686213133036,2.5089965590081342
15596552,1,1.1306032743781922,0.31378891951075255
15623644,0,-2.097968966811895,1.4056293377753817
15683403,0,-0.8114188888349111,2.4000487274840054
15615029,0,-1.2809952632343098,1.3931867256574464
15769005,1,0.07084745572148259,-0.31114300784036664
15746326,0,-1.5246517301131701,-0.45222759424822345
15722364,1,1.2976781351348348,1.4137435340728983
15704954,1,0.3831013905050529,-2.7496371548507748
15694409,1,-0.5646562004337333,-1.396725038808776
15754068,0,-2.241727790552097,0.02544173608603834
15683841,1,1.4528848273975314,1.6067251051721019
15789095,0,-2.6091894031911718,0.2567550740099407
15719958,1,0.04963794624163195,-1.3080563138947467
15689514,1,3.453266074788588,0.6045134024444997
15621353,0,-2.277266866424972,1.900207666528575
15627232,1,1.2316779803087654,1.0322059901530767
15745843,0,-2.2976552018551866,0.010762084853426114
15722902,1,1.0972915278176703,1.9070203004448616
15791767,0,-1.1126263475110467,0.7471100251615169
15792722,1,1.5359519361453267,1.4476584663585224
15723006,0,-0.8455657260707495,1.619900542074157
15771942,1,2.7680576486223427,1.5336897062151658
15774738,1,2.0108719371722734,-1.1637634107035593
15574004,1,-0.47268315838584823,0.0794341343951211
15587233,1,0.09037911493911653,0.9474753072699603
15808228,1,1.2188145641314383,0.5071532057128676
15682834,1,-0.24434861931764787,-0.7542248795587854
15571752,1,0.8103722482602097,1.8125520362708305
15743067,1,1.6408181431472562,-1.5042338766701953
15714466,0,-3.2384993702512554,1.0927329606238692
15617982,0,-2.660105922296841,0.16028287149351966
15696637,1,1.5473790536819332,1.0392064323424375
15690647,1,1.0465103552814468,1.866141935625191
15672756,1,1.051569797172017,1.2083957455269168
15704586,0,-1.899334748692532,1.880542479305334
15674526,1,1.2116197895631515,0.3324842911556596
15775295,1,0.2437831081797221,-2.5184545736769195
15684196,1,1.8761337102860953,-1.4096841961223643
15727281,0,-1.533349346554896,1.8085492813792714
15787835,1,-0.6040323061280614,-0.39208418025720365
15730540,1,0.9239320556388404,1.3467502784501644
15646276,1,2.2592858313024777,-2.213228639418544
15582180,1,2.0824085779496957,0.6250756779714295
15697095,0,-1.3154036093986048,1.8671502726947202
15748797,0,-1.8532962811296005,-1.6953733996895375
15754796,1,-0.15708617371717662,-0.305632515288412
15628947,0,-2.0127793390404767,-0.16011386251854376
15775546,0,-1.9004335750586903,0.4420789109791492
15670481,1,1.1758998750627838,0.5705971567357215
15619029,0,-3.055673664426828,-0.4400776876366913
15613282,1,1.8623061327356447,0.552901430645098
15721487,0,-1.7358929655563444,1.0748286064898505
15797276,1,1.0206589416840353,-0.24633583523191074
15612494,1,2.4000508791040196,0.20571592586698606
15629617,1,0.7540896475212292,-1.7578260465878064
15600821,1,1.407932281310005,-1.0756325843244792
15579062,0,-1.642059530358138,2.2937896644496676
15814268,1,1.6227317053827388,-0.09386159140301845
15710164,0,-0.4829011854369597,2.957660792260853
15693904,1,0.5843326415637972,-1.176832694699661
15588986,1,-0.056271728038044894,-0.3264253914719149
15797733,1,1.32267615398924,1.3082360329554044
15620507,1,1.8887634772830433,-0.7753643324486373
15685150,1,0.9998034333182192,-0.17728986662052254
15667651,0,-1.4005154566296374,1.689705630741808
15774166,1,-0.1239761853296011,-2.282032604705738
15649280,1,1.7252510604029574,1.6949698447774464
15705657,1,0.9674373094023095,-1.470872826777874
15753969,1,0.581375297078226,0.5404445105430778
15742378,1,1.1538951365503574,-0.16346303052365913
15794874,1,2.8532695048010317,1.093378040097172
15589221,1,-1.4811747391002346,-3.1064953629096426
15596671,1,2.4492268174657346,1.0862757705444113
15583668,1,1.5382412522423694,-1.6967361465500748
15710206,1,1.2897071452344335,-0.3928218532151437
15799966,1,3.104607785832789,2.2356569389792513
15794560,0,-0.884118130361161,1.4775408424179794
15626485,1,0.18492570181900178,0.9903521395019991
15703143,1,0.7870472780430597,-1.114013156962073
15809772,0,-1.689165692962619,-0.031157929111159107
15687959,0,-1.4816152449385007,0.7470569540330814
15585282,1,-0.14169265901280956,-3.018468802851799
15714993,1,2.559936512084622,1.322932361936814
15596021,0,-0.9565482824419329,2.077924231333853
15646615,1,-1.1249025795883827,-3.210374329161841
15742632,0,-0.8764311147322205,2.158453161616775
15574068,1,2.2440612792020675,2.508961271489876
15806967,0,-0.9442303872083614,2.9846409605229423
15796334,1,1.990206464995523,1.9390080485269734
15688713,0,-1.0580738161226655,1.5159671898184999
15796179,0,-0.4369055093988284,2.28504226079453
15598751,0,-1.7170874328279004,1.112859068832782
15703019,0,-1.2897234878664425,2.723740693535772
15646302,1,1.6583586399334092,-0.010809252154830305
15680855,1,1.4110463013246253,-1.8222371076150115
15697311,1,0.8431261500121373,0.7509230571686978
15585367,1,2.28736965097879,-0.6731950096055915
15726556,1,1.4846138018553119,-0.613386585200898
15676242,1,1.4335130369284392,-1.2422337977910107
15684198,0,-2.5482518939291645,3.2305656959064537
15774882,1,-0.1945583679625438,-0.5373226663620879
15714227,0,-0.6290606517345582,2.224606393780773
15608653,1,0.06710129087648696,1.079125556249396
15784280,1,-0.38353185251779226,-1.8769420643434742
15789546,0,-1.377958902187193,1.3960992869867361
15590320,0,-2.197464612334917,1.3227042424781363
15678385,0,-1.8053543908184795,-1.5572055875550221
15571778,1,2.5041696798973505,2.6907297096161615
15657085,1,1.274468312200087,0.9890365155571349
15640627,0,-1.4508958805642398,-0.09960225615312955
15566211,1,-0.08662635692191058,-1.8129604871861262
15669293,1,0.8584295217917344,0.11681466550631743
15595067,0,-1.5430092874776118,0.9975209861588186
15753566,1,1.0958041096816316,-1.1194842850700657
15650391,1,1.6900190343293549,0.2980022389010514
15681843,1,0.6461744961046605,-4.2322043354810255
15814846,0,-0.3793624188266962,0.08960991220909177
15670374,1,-1.711572297416373,-5.168338313121273
15762332,0,-2.173586573111557,-2.802663085880305
15700223,1,1.0721298794351055,-0.169935473347373
15729956,1,-0.8998151304122843,-1.9739121845458583
15594862,0,-0.8633230445616452,1.7182166034221824
15598782,1,0.6866957992687328,-0.2265500481801016
15745080,0,-1.2999156968529135,1.7762038076303799
15703399,1,0.5752376053480044,-0.832672442976565
15732175,0,-2.2527614147495614,-0.10855754983250714
15630725,1,2.0203197094136214,-0.09747560745944196
15640260,1,0.3655884650990846,0.7509014041294164
15716822,1,0.08373315445583772,0.07127718149658106
15583748,0,-0.7888031369057548,1.6593428772734518
15605968,1,0.5831722987203337,0.8081312585920792
15790683,1,-1.205608870069122,-3.0389599858638516
15607713,0,-2.872945317367946,-2.6592970556526123
15700212,0,-0.5319641249443782,3.0803851303923904
15626710,0,-1.6797802854582853,0.664843133023291
15716491,1,1.497308606083035,-0.20671122671551204
15625824,1,-0.9790384052348222,-0.23045562520045657
15617705,1,2.7665174049873604,0.599333520794247
15761976,0,-1.4078242646665702,1.5678549521692107
15634891,1,2.5500560064036533,0.5175948368630575
15744517,0,0.7022175822812441,2.717733520421704
15686963,0,-0.6966458591890179,-0.41982650736988925
15808189,0,-1.5132866394243996,1.672573638507694
15580845,1,1.879927856435247,1.4776973481874998
15799156,0,-1.2619639487368808,2.029614372310797
15694296,1,0.45498141229733724,1.489918840112713
15677049,1,1.0490916849549303,-0.266332066665487
15583595,0,-1.1396488999046117,1.6133133553123475
15590146,1,-0.035147264377148574,-1.784145822360674
15801548,1,-0.03967430825815224,0.48740554645799394
15660833,1,0.6588415177150277,-0.1590271474570082
15762277,1,2.508218062323907,-0.07623369411633173
15791302,0,-1.1828980329894405,1.5138526104108296
15798975,1,1.6570650553670918,-0.14636255088201214
15599956,0,-1.7685060942907123,2.4351624277653525
15577274,1,0.9062966017488184,-0.6051274916070878
15701200,0,-2.670020133519568,1.3875329681724462
15638149,1,2.3888175451594518,-0.14200854134953192
15786199,1,0.9169167117582917,-1.7079032760638302
15701765,0,-3.3985257220920713,-2.2863846987830914
15586974,0,-1.7354019265492189,2.879434581573659
15729040,0,-2.8209229120436445,-0.5719391151815436
15788676,0,-0.7936665553082438,1.6197137239329304
15602497,1,1.1632786946718305,0.49838387734734546
15701333,1,2.4757806730698713,0.3663693360762025
15812071,1,0.8321047920246488,0.7405363052164168
15634375,0,-1.2680469875188078,1.9118609346486846
15738267,1,1.2605785664905254,-0.3603173178072946
15786800,1,1.7548275421797237,0.2761521760318727
15591130,0,-2.0375466028958225,0.8838325089488984
15720662,1,-0.5382494141078173,-1.953699652117873
15751531,0,-1.4293217477931432,1.9441992953739982
15653595,0,-0.9621101610017372,1.3258979275032787
15568360,1,1.837820123405625,-0.8122085679449006
15781210,0,-1.58123893816068,1.9583077921712106
15668058,1,1.950635022376548,0.8434148710528392
15597131,1,0.6584449486152568,-0.07552018507973204
15697283,0,-1.5685187712718003,1.217624145651123
15640953,1,-0.5316258175956287,-2.157749166056369
15715031,0,-2.397959481799282,1.0138212823036223
15589660,1,0.6278066515965004,-2.42852448621833
15769818,1,2.167631782137439,-1.4494914345698129
15782736,1,2.407810346385464,-0.7452095758592744
15614818,1,2.6698365507183306,0.7329893668020511
15794014,0,-2.0957656049018127,2.0793070083141414
15732448,0,-1.6909024186657142,1.8674495360918995
15723411,1,0.30055329825485033,-0.2547640617407704
15797686,1,1.855276002070403,0.8503634142633977
15605950,1,-0.4061748490317832,-3.7856349382733616
15812497,1,1.392281716313719,-0.0878595954898611
15690678,1,1.6991682524038585,-1.033433250089727
15747677,1,1.727085049690317,1.4934000379965706
15618926,0,-2.5431265248076116,2.141658731310585
15673908,1,2.0926886722075158,0.07544698411561636
15727944,1,0.30912641328145574,-2.1241211908975695
15807294,1,-0.9485557906407833,-1.8661730658297067
15618581,0,-1.8915037644479258,1.28101291220514
15584364,1,1.4035948284037167,-0.21841952513808702
15599552,0,-3.2431708752651947,-0.27225106617201256
15749177,0,-1.3859522792973815,2.1302136399764686
15718779,0,-2.5131130466388556,-1.1685899300114055
15568106,1,0.24096936019894283,1.2679699485396596
15779481,1,0.688281410088234,-1.146133620874491
15709994,1,2.3247251146040893,0.4289931620552486
15772777,0,-1.9526189949028736,2.3177670235935364
15706815,1,1.0269486943346695,-1.699350940393297
15618018,1,-0.30346764577592006,-3.4952426859995738
15671032,1,-1.718191715350996,-3.2398933574146445
15634281,1,2.3622625122082894,2.1026974169104795
15766374,1,0.8259351830125677,-0.9674270849672658
15600991,1,-0.5753170426756437,0.2886163198957993
15777576,1,1.2343206177617072,0.0697421872252542
15742613,1,2.1504686769763888,0.6203948044764135
15649523,0,-3.501750258291247,-1.9360490505240928
15651063,1,1.9424232264760932,0.8818107801316385
15683124,1,3.025975410863502,0.39465217107525474
15618314,1,1.2077442311789162,1.2815780234714542
15670823,1,0.4067916297177515,-2.0646469226835626
15607133,1,-0.9236781331341415,-3.031621903519046
15615012,1,2.4964047732713204,-1.1685477217110438
15725141,1,0.749746707484529,-0.5313790335990276
15623560,1,0.6477339201975797,0.4295563071195019
15693018,1,1.3435702950114807,0.9718308424199152
15636756,0,-1.8329315795169792,-1.5600474955075245
15647474,1,0.07740144440398732,1.7649453754883233
15576714,0,-1.7937054249338842,1.007508571565513
15585047,1,3.445830102509938,-0.5253450065383446
15743976,1,1.2706366039638224,1.2397232091681196
15793881,1,0.7838165380392125,0.5046312797931517
15576517,1,0.2933499163661297,0.47326381888063207
15631072,1,-1.4223901690210095,-2.887037278831381
15730394,0,-0.47532163665187527,1.9021857224487064
15631460,0,-2.4484000522100855,-0.15216394747209994
15692002,1,1.6899705158887313,-0.18678222584573012
15595282,0,-1.6388931514631666,-0.04853082824709054
15789548,0,-1.89606903166852,1.5064552772705881
15758035,1,2.909785821365447,1.2061983757874377
15617518,1,1.3765704886527075,0.5265881928787253
15651802,1,0.3780524937552307,-0.12608543826293173
15631813,0,-2.5483261595323485,1.4600310321615684
15729668,1,1.0156269181188964,-1.154684687573913
15741728,1,1.751192605763194,0.3850342675023095
15576676,1,-0.15844877433434282,-0.045070193210003065
15711378,0,-1.2769296496213953,-0.04966559266298187
15765520,1,3.2474797132281243,-0.5838696121403038
15656726,1,-0.13293969051812718,0.22037956750509186
15647842,1,1.922812664563188,1.5829137578522738
15719309,1,-1.3255185997605887,-2.833355144759141
15748718,1,1.7406125232740723,-2.0606643287523583
15594404,1,2.018102995086341,1.0807841987735687
15751158,1,-0.5905128114657093,-0.6020725370779115
15593470,1,1.4664608615259243,0.9829131428896455
15695129,1,0.38721145192620476,-2.324740960661856
15640865,1,-0.15019972385644145,1.317665014945762
15714080,1,0.24572310956499116,-1.9956998562468804
15648721,0,-3.049650169720476,1.5606478594276085
15801466,1,0.0343820881566648,-1.8917053420591712
15750248,1,1.8883199075697181,0.8851536152216489
15758726,0,-3.4449514967596016,-2.797881478721069
15781553,1,2.1101494703884134,1.9922653782764406
15649121,0,-0.8617201517100028,0.3346322748529025
15674811,1,-0.9973674545554119,-1.1366992999659282
15646037,0,-1.9743076534614563,4.481759528399081
15722578,1,1.3107435662210707,-0.5489302129031481
15665695,0,-3.0295678780590727,1.0255394292032662
15801062,0,-2.1139109942512313,0.3765875895575651
15662955,1,1.1252176960147637,0.29656355300541715
15770309,1,2.3526778500674763,0.29823967125004874
15657386,1,-0.48998351480356966,-3.213876378430215
15777797,1,-0.15790637007799826,0.49400838277597003
15783955,1,0.32727012600451044,-1.076229026865022
15804516,0,-1.463172885910211,-0.3940727609286875
15681758,0,-1.682312736244693,2.144675634996598
15630321,0,-2.231100776347772,0.003563199572668821
15588248,0,-4.503261095427276,-2.204789534671992
15591932,1,1.418642463493484,-0.32328151563722424
15810347,0,-1.1812163102351845,1.737770760876116
15595303,1,1.2129493862085772,0.1743157546655103
15634950,1,1.8499749631887488,1.8999976716084301
15685372,1,1.6116676111777213,-2.5803590909515517
15745827,1,1.8583459284163502,-1.4901885751520818
15755868,0,-0.7091049926739457,1.6952133709277024
15735222,0,-2.7556780267921317,0.4125495697428907
15604804,1,1.5936261942064374,0.31024334040861207
15718944,0,-0.9419814980729667,0.7667531905782864
15678626,0,-2.217120975849366,-2.9716426110969287
15571550,0,-0.5132938413327751,2.534530449313997
15723053,1,0.7841381021618059,0.7123635077852026
15661528,1,1.5189383800111256,0.24989791018764684
15754177,1,-0.1747247570245313,-1.3198084805275754
15683544,0,-1.7238911412358606,0.871727483046895
15708048,1,1.6437059153200264,-0.7761133446065399
15701109,0,-0.4595748821116115,1.3289085563213543
15600110,1,-0.12742919302785408,-0.21284440850086173
15651533,1,2.588094353439421,-0.1424442863226169
15777904,0,-2.2575511971552684,2.086814972398503
15655574,1,2.5977617149457437,0.8175236708734568
15569423,0,-2.5883957119682144,0.7147859555840177
15718106,0,-0.6128655435304695,0.5905167980370731
15585067,1,2.0075790925516275,0.7689132117307174
15675501,1,1.174682653701731,0.7505441679751228
15633233,1,0.8828023419078199,-2.0246795590608486
15667134,0,-0.9143145571653392,1.5280620559253983
15659105,1,1.2097933323288772,2.303250943911562
15575409,1,1.7534135435103488,-0.08676425850029064
15752342,1,0.9486411932434828,0.34589621853444313
15654851,1,0.6120432583868695,-1.1952835668375525
15741429,1,0.5676560074553879,0.9882298833817803
15682356,1,0.1293554696712111,0.882181833159721
15806447,1,-1.0679665664046085,-3.690088916082656
15800229,1,2.7718552578091917,0.19954817917701395
15663441,1,2.6856448217130455,-1.0710992719405756
15791991,0,-0.6681860439080543,0.7377101493277528
15775082,1,-0.22644497609248374,-3.3805880327031277
15579706,0,-0.9255779605281458,1.2531362276177012
15718247,0,-1.1776524570313922,2.0953715887713305
15755722,0,-0.23083992685111016,1.975913790333086
15582259,0,-2.68867901046984,1.9078988023590981
15716994,1,1.1230437215724078,-1.3139591907777097
15586880,1,-0.8631056438994003,-1.5943963638553507
15713854,0,-1.6186132062936383,1.1120231866990506
15780835,1,1.0599250554499584,-2.9110905064391237
15675896,1,1.1946517725392565,0.9369900148423084
15658459,0,-0.799094808525099,2.2086650241365255
15658057,0,-2.2384072222606815,2.309759475067918
15801767,0,-1.3439962188272923,2.0380809980809853
15569178,1,0.6635523761128358,-0.8839084480224775
15731478,1,0.757824244945794,-2.142066452808607
15811236,1,1.2901585181565227,0.31361871282771503
15746749,0,-3.0919201569557777,-0.1328809704386466
15662758,1,0.3770099826126382,-2.513721494208442
15709387,0,-0.7329741372260913,1.1877645826753604
15572093,1,2.2447330311135945,-0.2636931548410714
15713826,1,1.1020699711537614,-3.0525658063210357
15570205,0,-2.004529295956762,0.5626116309153282
15589348,1,0.6647724273377157,-0.3833771093764131
15804610,0,-2.7524328117969215,-2.329164540200508
15700854,0,-0.5287906513652115,1.8914043834934933
15758836,1,-1.0742960460242392,-0.7551048406202798
15772933,0,-0.7883876469149604,1.5946928809789942
15809006,1,0.8983089475849293,-0.08048096492864416
15689612,0,-0.6805163758591505,1.8400140419120656
15744614,1,1.381780657699621,1.464625864280223
15704250,0,-1.1445704483705519,1.3161812182019188
15700255,1,1.261388924300142,1.2558136541738854
15669410,1,0.5883659040321628,0.8380403826751638
15807595,1,1.0765883766221995,1.1541153023040622
15664523,1,0.47796607547529124,0.8286490670780611
15642833,0,-1.3278501907092979,1.484340982802534
15605279,0,-2.1150874441366945,2.51756291329579
15713644,0,-1.5352235927975337,-0.03734027861600525
15750466,1,1.2448123970331444,-2.5248316687078085
15739054,1,1.3231282088766934,-0.8934753835422128
15612771,1,0.6035247882920424,-0.3847660397604884
15788483,0,-1.552299144495094,-1.776181424838956
15732832,0,-2.2876908120811463,1.0710537759823429
15772892,0,-0.8348435860902165,-0.308695322253951
15713843,0,-3.294683322829814,-0.7400524044330733
15567993,1,1.9177708802847195,0.46855147379815576
15617603,1,0.13140292627488742,-0.5631429451169279
15744983,1,0.6122956895953873,-2.254451273870543
15630419,1,2.3029491236571173,1.6529432033215006
15738828,1,3.1801472804892166,-0.014667282981881911
15778025,1,1.7194811280720157,1.2560992866653409
15799479,0,-0.8033960648719657,2.103859178568332
15684269,1,-0.0882293430068108,-0.43056539087992074
15762745,0,-0.30382276575953854,1.607227621660662
15746970,0,-4.099595569339825,-1.4645948763817673
15725024,1,-0.6077758073160923,-1.0432367428978975
15592116,0,-2.338063033786126,2.036208589499823
15624391,1,1.4596981789990384,-0.6174577786565849
15567422,0,-1.1344361986667353,1.0881523392189445
15612627,1,0.7009900784348653,-0.656257959577915
15574879,1,-0.7142591818596455,-1.6439876000121023
15745107,1,1.3198236223166706,-0.09365267480748186
15734491,0,-3.327404158371276,0.7086019897275356
15675320,1,0.9107856852583344,-0.23649506555697122
15643824,1,-0.9006947549330815,-3.6021450644123925
15643438,0,-2.3766023594958483,1.075211618702713
15721730,0,-2.2606032802565554,0.6646352925782772
15680727,1,2.24168920271425,-0.02592035644249195
15752508,1,-0.3074809434209906,0.6349048856384366
15808846,1,0.7925337867628003,-2.1815906357635257
15727251,1,1.9320256145339678,0.6995183903782924
15663489,1,1.7230017406209455,-3.3400954996473438
15683677,0,-1.3210061948004117,2.732281239970691
15596414,1,1.271021660211196,1.496820633048292
15730639,1,0.7284867374842755,-0.1091277387664716
15672132,1,1.918662064079743,0.9203580676798403
15742638,0,-2.7828454520273342,0.16862151525768224
15578603,1,1.07105487767081,-2.056859170302511
15726088,0,-1.8456302295292233,1.740739754908034
15682533,1,1.9262642275739639,0.5105486478380128
15772995,1,0.9310913962885,-1.6011346239339757
15765694,0,-1.4832521794772495,-1.0359913634929254
15659486,1,0.8197371205897702,1.7275982320571543
15568963,1,2.241101800856055,-2.1366299782256952
15703820,1,1.4685180531381765,1.4286111556614671
15569410,1,0.7252651618174021,0.17910151777370587
15632256,1,2.1441202749671335,0.16351903932481776
15724466,1,1.5773410616406418,-1.6912965341676176
15777639,1,0.6523685586707109,1.1469895103472383
15802501,1,0.6042853814370839,-0.4845280431732754
15778410,0,0.16674993461026882,1.9118523093594422
15670702,1,0.5188402912045229,-2.2230528465031565
15704763,1,0.8083436329667696,-2.5000003489315574
15645544,1,0.9529925830713699,-0.11675598263920789
15757646,0,-0.6227279782865194,1.8400772468299205
15701121,1,1.6844907979382204,-0.26217999430916467
15796313,1,1.4517297755405039,-1.2499858905777212
15815660,1,0.4334678499950235,-2.418876644003657
15602844,1,2.7072765127848974,0.2963812403643925
15636238,0,-3.5706954139403484,-2.067551620623262
15770101,1,-0.24830896772326674,0.6689430474839454
15645543,0,-3.1938573447632606,-0.01754898824091233
15596397,0,-1.7014499124222626,1.9509785871200678
15770525,1,-0.6586746032798185,-3.2324580730391754
15684267,1,-0.72500847828984,-1.7506358511108413
15689980,1,2.122988289595338,-0.8283441823940471
15633260,1,0.8763925276728959,-2.4511666020258893
15756471,1,0.3783914843673978,-1.2769353299226136
15721303,1,0.8096863487344818,-2.2806418536799553
15802256,1,1.035804674168302,-0.01829530427558826
15725664,1,2.6967553697211737,0.7563970704205405
15674851,0,-1.4454049348530364,0.7008079795565078
15701946,1,1.9082387061473527,-0.7850831726981551
15748947,1,0.6278701157984695,0.23991641730351615
15673342,0,-2.3967924810921524,-0.9557970807931636
15601008,0,-1.1689453289150016,1.5584922105969796
15771636,0,-1.0433756237269456,-1.9383135572997043
15642002,1,1.0833323308336056,-0.01354512411471037
15693381,1,-0.09570414194917161,-3.5085904102852044
15607691,1,2.1435034460466467,0.6426655512293072
15589380,1,-0.3355288587206469,-1.0834142124145072
15603846,0,-2.590525761379932,-0.8332009073296583
15753549,1,1.1207601440779946,-2.6042507977599123
15725355,0,-0.5570983855553624,2.2869580085405787
15773017,0,-1.8432048923512885,1.0036999819074728
15625641,1,-0.6962023577937453,0.12991367496315248
15776467,0,-0.6887800685478693,1.5411107696034567
15746451,1,2.3285887389764093,0.4412986360254296
15777922,1,-0.16349232843197917,-3.6274169262966605
15606841,0,-2.6162304402992187,-2.398767379674906
15757648,1,1.8244226616641355,-0.4788797665278716
15677173,1,1.8915419227372816,1.4173901292916702
15764170,1,0.779806747082304,-0.013910313588431948
15610446,1,-0.8305130610322138,-0.05850743840084234
15612776,0,-1.3847903308272298,2.6897056050910377
15794122,0,-2.8347818326368905,0.5578156241866971
15774931,1,1.1979910251809454,0.34891941187183345
15779247,1,2.2723170345974593,0.043329881101431794
15707078,1,2.1187974108066645,-3.060697639226667
15605263,1,1.0041580534033063,-0.09539447577890629
15607381,1,0.872094230211027,0.22914144342665377
15683471,0,-1.372432885250365,1.6215277071777539
15605037,0,-0.6747710734685715,-0.6023381795811253
15576085,0,-1.103306860947319,0.6421959843563663
15770435,1,0.01883098198720121,0.8648893186446643
15592994,0,-2.848393882485442,-2.475466509335236
15624068,0,-3.3321094348677107,-2.70678630858573
15595221,1,2.158530948572868,0.21486481705022226
15637131,0,-1.8916519523898905,2.6461802335104956
15613471,1,-1.5386198308091426,-1.535830517490142
15583499,1,0.8803177122574851,1.401789148709233
15752816,1,1.4239163171089926,-1.18157319493252
15804075,1,0.7362642321984597,-0.7792758533069832
15800517,1,0.45644042770036775,-0.5948570291425241
15712319,1,1.7274545888723591,0.9286638770660053
15797389,1,0.6911319557633379,0.9644437759026702
15621432,0,-2.0412739853519883,-2.606936475518096
15779390,1,1.088714824399312,-0.8525038354979773
15711219,1,2.1064603044314367,1.7496284625925043
15770498,1,0.7781933177794372,-0.4606325025383292
15678727,1,0.9190975458521348,-0.04136468207587385
15573893,1,0.7082216581365814,0.6091416634978145
15740104,1,1.5012755506122277,-0.5775566488316358
15792649,0,-1.0987635176493893,1.9696025468982534
15605275,1,3.051327233792322,0.9647527789773839
15572467,0,-2.15088940073097,0.6886927025986875
15738219,0,-2.5118333394785406,1.7637073585556065
15600710,0,-2.3881847068775865,-1.5928718569554807
15804394,1,1.6699436629613085,0.8237303110897192
15694188,1,-0.6637442242655363,0.5663086412687296
15583718,1,0.8297632189490135,0.5102794378028097
15802478,0,-1.5466902504360038,0.5801402854879705
15619343,1,1.9175310710645779,0.9859244262131525
15758813,1,-0.22118843681692227,-3.649600760766214
15761374,1,2.552484630853128,1.895301814790837
15569209,1,1.0301222099003007,-0.2523264638046217
15788539,1,0.5017041423792358,-0.6976755686957903
15747222,0,-1.8925152175335223,1.833694366179487
15769346,1,-0.7951828851050573,-3.125275327313878
15699634,0,-2.5212863761075286,-0.7906850204951218
15589076,0,0.11343728297129135,1.958632849746409
15812338,0,-0.6467023314429892,1.2853872063886689
15758845,1,-0.458380227824193,-2.2571396426465844
15685844,1,2.8473480958814568,0.34167902210508605
15583090,0,-2.0069052605484257,1.7729130519474572
15587581,1,0.8828598357939114,-0.803937121923124
15633640,1,1.6138880864857483,-0.3042879205558746
15573741,1,1.453074420234947,1.8840122702725632
15633574,1,2.4419810043080643,-0.897326690208206
15711455,1,1.7033907813653677,-0.6263250150495148
15570601,1,1.2606813482341588,2.120563213351872
15690925,1,-0.04354209843991033,-1.2156769060820007
15709338,1,0.7864180550824548,-2.7170672030932255
15780746,0,-1.5566864741455189,0.7014630963700504
15681956,0,-2.207769712916544,2.367129855685436
15778190,1,1.7097292585635384,0.34726748247671785
15786852,1,0.6952785022442715,-2.4219513305179357
15726494,1,2.7042084746363533,1.4838343824215214
15641183,1,1.5356360780079623,0.4660038787162959
15805312,1,1.997622103038217,0.8354820414321528
15636572,0,-2.139084704351557,1.3644939089171253
15632575,0,-0.1943795914719459,4.062197753730849
15740164,1,0.1330254800731896,-0.7827205100327722
15574947,1,-0.052984978634954244,1.2808041999468909
15597909,1,2.446816033427329,0.07661122776584316
15782574,0,-1.6025447139023137,1.0441431381851125
15734999,1,0.09885537899763223,-1.0632207040771715
15706593,0,-2.07397318910348,3.7615004576393503
15766686,1,0.036390412383990184,-1.9503188425784415
15590268,1,0.9238886578994678,-0.14442808866664586
15763055,1,1.3079917319352163,-0.3710840171140331
15664754,1,-0.7798258686219535,1.5308064998722606
15643630,1,1.4419129836018671,2.153261985989984
15641043,0,-2.316533885810895,1.6134624064085632
15768095,0,-0.36510978461957344,1.906592521791414
15811314,1,1.7400469019416587,0.930556799738477
15669922,0,-3.68855170615373,-0.49775977015242634
15707114,0,-3.49238467189485,-0.6390722773645574
15670602,1,1.8709888430241512,-0.19201585401935828
15713479,0,-2.5280273222907943,1.469978348579143
15663830,0,-2.951241765082047,1.347750887294462
15566958,1,1.555048488864365,0.6606690287322353
15680918,1,2.2757885709331784,0.6206247943450655
15663921,0,-1.2725792718325304,2.368337991179952
15716324,1,1.8080224610666262,0.4132676651857624
15796969,0,-2.778259355881031,0.3214170090241629
15574783,0,-2.958138871330252,-2.4357979377570844
15773487,1,2.5051273166893644,0.4294780507833038
15802486,0,-2.5314309173866594,-0.3418395723771408
15783398,1,2.1259108361051138,1.0453688785481332
15649418,1,1.1884895082132338,-0.21066612751032712
15604588,0,-1.7351176873932967,-0.5155910874757473
15735428,0,-2.979077588017864,-2.5044581209155887
15629078,1,2.0805258823932387,-0.3147391717869081
15806880,0,-1.2424877345628522,0.9702671335932422
15754999,0,-0.8952364387097442,1.761437936890372
15781034,0,-2.069227524991006,1.9754187344018364
15622017,0,-0.9029634187598579,2.557802244387842
15705885,0,-3.4464283048172923,-0.6346282149726724
15677382,1,1.0309306896861323,-2.0415016681442713
15566843,1,1.6788706386492598,0.29666561340671754
15608387,0,-2.0535952347132325,0.015186216181473507
15810786,0,-2.9178524158635146,0.8496015564371502
15626983,0,-2.587079827733079,1.8912438875046729
15773605,0,-2.6645548302540414,-0.142707719176645
15811261,1,-0.2247905422894684,-2.4250961137041065
15590606,0,-2.03311035155811,2.9154159173586396
15576644,1,1.1267766628926907,-0.7381709325075906
15750264,1,-0.28895242578360775,0.09049498527096204
15741554,1,1.168399015043195,-1.917142302915805
15769051,0,-0.21672696232959426,0.7390258991751021
15812198,1,0.49242676180964046,-1.862765316177693
15699772,1,0.2854063915966076,-1.1591413293436499
15744105,1,-0.4628737922278234,-1.263110876213969
15739858,0,-0.5412104917211723,2.3359089264648194
15723720,0,-2.2681170939470636,1.5202121933876809
15638355,1,2.5471074348979674,-0.6087082671930791
15805637,1,0.6990633666815133,1.0401184637055099
15629575,1,2.2206845221950084,-2.082689486584533
15586243,1,1.5685226604526266,1.3306371077808932
15757931,0,-1.7103374121375932,-0.8766128904426201
15716023,0,-2.6408099816980073,-2.5951534556142883
15647782,1,2.112132913923406,0.30880434981887733
15716609,1,1.6910665124397777,-0.5334598228563928
15623791,1,1.6475816645807828,-1.10056194265414
15627262,1,0.46848243318245375,-0.4029351483604506
15652693,1,2.316588081478904,-1.2614093531502786
15586993,0,-2.636159985084381,1.6943843521101405
15815560,1,1.2714505146453636,2.5203191277424626
15584930,1,-0.2827281688020001,-0.14880912357716863
15799031,0,-2.9182268351817884,0.2082503177435307
15810457,1,2.0948729945131426,0.5691725865953658
15697879,1,0.3251197858102889,-1.4768111880139543
15594902,1,1.3616863366831642,-1.1017784272113456
15799710,1,1.377139269514968,0.7170508726155023
15659651,1,1.9565087601515048,0.22050531087951097
15645956,1,0.8343167245266547,-0.5755091248324754
15651713,1,2.948204169161818,-0.029107276316241576
15737265,1,3.0855039483891686,-0.2411696023427419
15687310,0,-0.9572443552764247,2.2387126624997133
15607347,1,2.1666005153415275,-0.9458809960833096
15698321,1,-0.15311768342711787,-1.3716380275012026
15657812,0,-2.9382225645862965,-2.147384540555298
15569187,0,-0.6774507468275375,1.9913900709491408
15681562,1,-0.18485739964870565,-1.8895671361549706
15615456,1,2.155429061314833,1.696426954148305
15589793,1,3.3333489070635727,1.171406097385028
15781884,1,-0.26068989690868055,1.2752746801517707
15675190,0,-1.4128834204486014,1.6640185505685567
15600734,1,1.6065953893458744,-0.39356421615317205
15779176,1,-0.23293989583969935,-1.0989802907449862
15605286,1,0.39788737765736987,-0.2860837611904567
15674922,1,2.6888787684409534,0.3266260032610652
15737506,0,0.0804445137258008,1.1843592097982287
15780514,1,1.819654682125425,0.8065245168235604
15623647,1,0.9487215159101686,-2.4432680285296646
15668472,1,1.4737244228704074,-1.0890219989478003
15692416,1,1.3470197911374817,1.2019846963999132
15771139,1,1.1230489718834447,0.7014231888866772
15738318,1,1.4185989060993012,-0.0022766787832800544
15772243,0,0.2333212806301999,1.9291229409820807
15638463,1,2.432329265015961,1.132582931811668
15598088,0,-1.9990408591984534,0.12174660918576401
15693468,1,2.084913325525415,1.5908659025295668
15671930,0,-2.023582567522966,0.569897332178168
15762268,1,2.2020185987503993,1.95312171133605
15780954,1,-0.8339390286699686,-0.539085766233307
15700174,1,0.25322876120140264,-2.510359183146484
15635728,0,-1.159939983147511,0.12690070232253023
15679283,1,1.256890932074665,-1.2943347542725363
15591386,0,-2.259670225901459,0.8597177390868102
15694192,0,-0.7519089673775237,0.8449322442919613
15585901,0,-3.2050271884504458,-3.4614084981475695
15792329,1,1.115588908918861,-0.5616565264743768
15635597,0,-1.6060669949529471,1.5844641709446894
15775880,0,-2.471014576015347,2.265415494385754
15630913,1,0.9595117439580164,-1.8675482360308415
15756680,1,2.6696188460944046,-0.6468531257243781
15587913,0,-1.7080754822310178,0.2341170856885964
15737605,1,-0.413703257246744,-3.3436757732435813
15627876,1,1.9625860856934472,1.9706394161695284
15772601,1,0.754210357618639,-2.129150045066147
15758606,0,-1.3624585967751233,1.1612508946323454
15657107,1,2.507353999442515,1.1657237167260717
15622454,1,-0.4668968757176089,-2.498707855984764
15775803,0,-2.497667457208685,-2.4736049173256918
15570859,1,-0.009872325958621555,-2.099985030134606
15748381,1,0.8626367433380602,-0.45285315076325583
15787189,1,1.7637525468043598,1.5282692090699588
15666055,0,-0.7442527088842171,2.282814675581267
15617648,1,-0.023143594973218464,0.07530637845902426
15755678,0,-2.392169231089877,-0.1561390144930725
15624781,1,-0.24988864822411352,-3.645314956931269
15779497,1,0.671985509922691,0.3319371892255623
15567399,1,1.7186700921336862,-1.2186836575937703
15613656,1,-0.41656661875799955,-1.5899412520383753
15734311,0,-2.9952423733928115,-0.3326342081750343
15657214,0,-2.7712815454797206,0.13055877479803787
15799350,1,0.45506559727890866,-2.62132503132121
15729970,1,1.6475099955868489,0.5884007526534787
15725835,1,-0.21612381823834606,-1.252801463858948
15745543,0,-2.143670581302978,1.9313849397316376
15727384,1,1.782230296083839,2.2248226097406962
15666916,1,1.3492799309278778,0.06500234321173985
15732917,1,1.7920838817960767,0.07579587171638451
15612050,1,2.713443533671714,1.0256053133766143
15726267,1,0.5874341774146083,1.174210190107574
15780124,1,2.0835071056655803,3.460190923336761
15742238,1,0.8667219736928377,-1.0210317683702874
15679024,1,1.1435609192048783,-1.0787417135988495
15715297,1,-0.2501286222963815,-1.0100870291544506
15633612,1,1.7481717953370783,-1.207169866871217
15602929,0,-1.4094054784869692,0.7868121379518971
15696703,1,1.1292114673994456,-1.9699123413174546
15756668,1,0.6215662189372259,-1.1079259051487234
15565779,1,1.6305409353134304,-0.1274188724199267
15795519,1,2.4908949384706838,-2.0542868697172976
15761477,1,0.39561241882239123,-1.1656993917984066
15731890,1,1.3394426565863897,-2.620476814845348
15633043,0,-0.8554269565659939,1.526175539339026
15752953,0,-1.532310947176062,3.0334415797838115
15603088,0,-2.1784390780073997,1.8293013747227462
15606613,0,-0.3971411109981453,2.617812047367978
15635939,0,-1.1680248037380427,2.3666128933948114
15666043,1,0.9733329286304085,-1.3205071010119669
15746190,0,-2.683224610133932,-1.0842764874320174
15591357,1,1.164379600224987,-0.7231172927633132
15658716,1,0.31224738940042723,-0.6708169196607423
15679909,0,-1.1365205252495487,1.997064682202828
15634262,1,-0.2953760598831597,-0.66439944277265
15799825,0,-2.472109220934433,2.6383508319320366
15756875,1,1.4595406666082815,0.13809702797143586
15678146,1,2.8364030710933386,-0.405083680539776
15710743,0,-1.9861369909713549,-1.6181077411181504
15595831,1,2.4593725060866136,0.883656562896738
15626684,1,2.604306055395522,-0.6759310270269892
15709846,1,0.4230396473557884,-2.16635361374657
15635459,1,-0.6924282310870502,-1.0968934408186894
15642544,0,-2.784522286186142,1.0022558243620785
15566494,0,-2.57666644625217,-0.6220285895996215
15655238,0,-1.5723321247449245,2.2004286912863256
15733429,1,-0.2711832004277172,1.2046043578437409
15814536,1,-0.09883003363069455,-1.7526204785727317
15771702,1,1.4969489088825605,-0.7861173483833478
15723008,1,-1.7707287199530908,-2.6931403672692955
15797160,0,-0.178793717459787,2.2969095403576776
15792222,1,0.1934517759196151,-3.5076146067295357
15644765,1,1.661798464379618,-1.1514949836277688
15610686,1,4.0914643420110774,1.4832182475258717
15730868,0,-2.9622167947083655,1.244189017951706
15705991,1,1.715854856012082,1.6927733548807498
15577078,0,-0.8195523508436797,1.1277687996827777
15679550,0,-0.8161492553674703,1.7447320934322823
15787655,0,-1.4989193070223734,-0.27614268008068577
15668081,0,-2.557262645326697,0.8236942878325156
15747980,1,1.9784698654156463,-0.44438706206125983
15710295,1,1.4561841973799392,-0.18607264040777122
15724443,1,1.0374184858781987,-1.1962197272088493
15571305,1,1.284091446138818,-2.658012754851005
15569503,0,-1.672847865744575,1.2369992055432188
15581840,0,-1.2050564977659193,1.5883953966408522
15772262,1,1.7117617578459448,1.2904284700825126
15767794,1,1.1850279012504794,1.18762556355465
15629338,1,0.13083297040701616,-1.253466376403918
15790379,1,1.3753870102652892,0.5264121754732554
15750684,0,-1.5076061883034158,0.8844372211124433
15697214,0,-1.962411688691461,0.5411023437410755
15711015,0,-1.810208180637686,-0.06110363079474851
15573309,0,-2.947342123237978,-0.5730644828737231
15805303,1,1.9092487819043291,-2.7602186304210803
15741385,1,2.3037805200953234,1.465037850597225
15780254,0,0.3307361812506056,0.9662721205780954
15744843,1,3.21931902818306,-0.5329167611176305
15815626,1,-0.8336581588661294,-1.1028029834221458
15784736,1,1.700798209584835,0.598100375578867
15813412,1,0.3078410388443332,-0.033723972089802004
15809143,1,1.9069057524359943,0.9146122977164702
15617617,0,-1.4647060761762216,1.3756869962671274
15779738,0,-1.7167137234758296,-1.7575235837470637
15668669,1,1.5448075049644256,-0.2032772550260345
15687477,1,1.7565537770923063,-0.5655345150215146
15578908,0,-3.42822864104446,-2.6929770198708187
15687658,1,-0.22650900208592986,1.775444889841759
15615020,1,1.3154126167634268,1.3826140513057303
15608886,0,-3.003773953749247,-2.1654326809088427
15602551,0,-1.5593372531178131,2.550105431890305
15672945,1,1.7484142608206736,-0.2457914161378233
15757408,1,0.986652764088594,-2.1996692213351836
15806132,1,1.3445853194318802,-0.05883180903794204
15813022,0,-2.5326185797870124,-1.6400118572554154
15673578,1,0.3848198763713317,0.9236064375827718
15757916,0,-2.1908860359310536,2.6073188260760003
15689168,1,-0.5513221016150625,-3.2915406712143946
15769216,0,-1.671227289817195,-0.16287598941756487
15593295,1,1.2309206575602207,1.1229649136663173
15804814,0,-1.7711987416584845,0.26522514302075284
15778934,0,-1.4857069971223642,2.543241533534003
15802351,1,-0.6046786750788777,0.3734894843343436
15630241,1,1.0901344635186827,-0.42535639656021584
15719561,0,-2.4193063161709705,0.8553788666126114
15615096,0,-2.6011557740222306,1.5646809227029115
15659931,1,0.8701475221220528,-2.0267197119286062
15714586,1,0.37910915542630713,-0.4844397221311263
15634949,1,0.8341209758307659,0.9195078915019662
15589224,0,-1.6576198264810698,0.7262816222888143
15795990,1,1.3707906344817686,2.6246948249537816
15603216,0,-1.7272389999384108,1.0148726229064535
15631201,0,-2.874942176942732,0.4148017708775127
15686255,1,1.7664147629671825,0.19501960200537533
15746594,0,-0.4029774534435971,1.7073897000294163
15718893,1,1.677000509869209,-0.06648980420311872
15671609,0,-2.102551725810149,2.1630930530769406
15652540,0,-2.8818992820487224,-0.9117537004912314
15774857,0,-1.2557337434177354,0.8904896761443241
15791836,0,-1.8644372766216049,0.4124329108871051
15651554,1,1.446144922083259,-0.17570014815999274
15583576,0,-1.5399549646158386,-0.6389900877646106
15732740,1,2.7275206377979457,0.8565527449810509
15723320,1,-0.032935648121214106,-2.2308246181823943
15603851,1,0.7664572889430168,-0.39519046675358577
15777923,0,-1.3795982061647691,1.2794751576969028
15735719,0,-2.069324816565402,2.654948819115908
15703482,1,1.7110166691451019,0.8100313680786847
15605835,1,0.2701769416213655,1.1413353021645214
15664881,1,1.3472874193899613,-0.6535256968510715
15757568,0,-0.8597982852241033,1.4564679402470713
15792660,1,1.2280622196318915,-1.5533582177106633
15599722,1,0.03934605451117448,0.5103597702080778
15726354,1,2.3727284010964054,-0.3549357682568138
15610355,1,-0.11351739144560764,-1.8142683744368002
15704284,1,1.5733025274556114,2.7545435133038527
15621893,1,0.5785335119787179,-1.0100033413521652
15588219,1,-1.2805226849499105,-2.8828360663042836
15688619,1,0.4499080801342805,-1.3360250259355881
15765518,1,0.6122378973540402,-0.9242386716167875
15616931,1,1.5146128507755396,1.3788162659417214
15758372,0,-2.736613241851808,0.9621341691722993
15782591,1,2.310611567752939,-0.19642425700161553
15612109,1,1.361050777304767,1.0065393664421165
15613712,0,-3.3997522937822144,-2.0724466242140105
15639322,1,0.7184807227800807,-1.0112619549151924
15594349,1,1.3294151469570727,0.35222938295006023
15574167,1,0.9021193808717496,-1.7380821413450656
15811842,0,-3.0216105666873854,1.5142102228791572
15648794,1,1.0017790566229556,0.32995198914566914
15771211,1,1.140697887906919,2.1664320945732265
15588614,0,0.14253885521084314,2.237743986483536
15630698,1,1.7247555394621183,2.4945125361944807
15694200,1,2.780102519738489,0.6581217157147935
15721426,1,0.8874722076776572,3.445765648696618
15725997,1,0.8807937544182106,0.5162245374046454
15762138,0,-1.149323908805417,0.5845893024715657
15750649,0,-1.9433632574640116,-0.3508195274057083
15685706,1,1.8670752487645987,0.5051624482642656
15641835,1,1.4131057262425524,-0.057103891786456557
15586821,0,-2.791015497106233,0.7618475345341815
15569678,1,2.6749382317274972,-0.4590642110358077
15793842,1,0.8646427194106349,-1.5138662921304655
15667554,0,-2.708716624142133,1.3595023807588744
15794479,1,3.208406353781796,2.360309289829353
15585041,0,-1.3511383059706055,1.1643632584143522
15780650,0,-0.9049133233474042,2.5899647818620717
15780846,1,-0.9820650275273191,-3.188028340498987
15805260,1,1.5719172594844304,-1.2507775021348777
15621629,1,-0.3826990420874919,1.6846376784461696
15662151,0,-0.5805943637965415,0.28187512135612136
15747174,1,2.65948598579011,1.648733330372783
15651585,1,0.5018246587999315,-1.47050522381876
15649738,0,-3.462374896230631,-2.4596939784370035
15633108,1,2.2316891237787266,-1.3437278425669739
15769254,1,1.954938613087904,0.7843844608126902
15704746,1,-0.2217075810759366,-2.0363737318766804
15637644,0,-2.8524352076250383,0.17351836075632712
15609562,1,0.18093247024415474,-1.9384801940463547
15787459,1,1.5032316335653806,-0.9245776069963372
15762902,0,-2.3264924280616452,2.1032350763814947
15738605,1,0.8949282850916027,0.3350163733975203
15724889,0,-0.6707376657024855,2.4805063718698896
15730735,1,-0.5408690798113495,1.9273909777331815
15689147,0,-2.8414957285316134,-2.233073673134435
15730397,1,0.9676113972529218,-2.6055856344716593
15762169,1,1.4506134820135945,1.143812923058414
15589320,0,-1.2740217762551078,1.9996537209137517
15799211,1,2.4589251933310194,0.2695630100914075
15798310,1,2.0660756597628986,-2.203294221636534
15609998,1,2.511343753270851,0.26039902235547263
15583548,1,1.7786821310592662,0.6357190661680316
15761763,1,2.9537016936544083,0.25052539606726765
15764409,1,1.5738250256959634,1.35348762772866
15710161,0,-2.443586565288796,-1.1977799263025293
15735246,0,-0.5028349751573119,3.2934533479863566
15791700,1,-1.6795376069477175,-2.734555089951673
15670753,1,0.2152807626282585,-1.313467374440734
15573876,0,-1.5176820884418174,2.592169572020674
15770174,1,1.6104901314380713,-0.09548140468594847
15641114,1,1.7908362231191055,0.8332556425540864
15682435,1,0.8622576636270399,-1.0051784612013244
15751788,1,1.7760655184135445,0.6787531719059505
15672598,1,2.004647957311081,0.7140128214023623
15762803,0,-2.9171360982692645,-0.035079481264493895
15812982,0,-0.4018493209408716,-0.7939914222857744
15597901,0,-1.565407085504999,-1.6352445925284025
15731507,1,1.7391178700628818,-2.7114443973550797
15809826,1,0.511849242083825,-1.0020390374997388
15764237,0,-1.1327585232865764,2.100608018493938
15769917,1,-1.9107825103334461,-4.126883799537807
15641850,1,0.5825346035186346,-2.6388646297279137
15770974,1,2.156675560231474,0.48777356791013005
15803749,1,-1.078792702550746,-0.06210935768296931
15684999,1,0.12819406864076346,-1.120178494151002
15770225,0,-2.1638254112158335,2.4792132345239404
15627484,1,1.909512493105822,0.05586264195205623
15610337,1,1.6218380937779457,-1.8421117525798039
15752488,1,1.4037357899978655,1.061145089664323
15610056,1,0.8960922736151087,-0.16800012337712306
15806049,1,2.4267596259028865,-0.10095063073977165
15736069,1,2.0645091443688908,-0.05952378396129848
15763662,1,-0.8546775783556673,-1.6319678538173725
15615575,0,-1.7703814742261423,1.7178905739307924
15691723,1,2.2969581385585247,2.278768142164578
15774098,1,-0.15411300682404475,-1.0949007676438323
15750808,1,0.39990718914238643,-2.1095285003752875
15744368,1,1.5152299179911783,1.0397511770050079
15610594,0,-2.096318507017463,2.2596560895425264
15756125,1,1.5147310370700415,-0.46565342684578737
15623277,0,-1.3227693545610255,1.2709329834912162
15795954,1,1.2578792881416967,-1.6017954856001044
15671969,0,-0.9728822899800571,1.6369474895388554
15791268,1,0.8812998473801862,-2.6578345616273826
15713655,0,-2.100653350751258,2.993578034557235
15633930,1,1.8880698522154908,0.43864230323433573
15712849,1,2.5052406758655104,-1.3572750552926565
15639077,1,0.0628463071421869,-2.949225022269394
15808784,1,0.4748034790210526,-2.578286187823065
15648577,0,-1.084861949153101,-0.38613220960551853
15670345,1,2.9336981661956845,-0.4649211874527607
15633112,1,-0.3612978218496758,-0.7980969465422003
15714397,1,-0.22687296171701646,-2.216429630977278
15780038,1,2.3722199005446662,-0.08906314059138509
15756305,0,-1.3818634404969352,2.1105309650115758
15578799,1,1.9794550488011573,2.902386486970018
15800326,0,-1.7369521423128824,1.2494083591315852
15785485,1,1.4072619168010303,-1.6205116128515544
15783958,1,-0.8369394869155269,-2.9500172397992053
15727546,0,-2.3734969738993867,2.5063218183098592
15739576,0,-2.962035877895305,1.5398102646043648
15631333,1,1.528018660568455,0.5045274599175529
15604782,1,3.2744285575572705,-0.36717736265737044
15589643,0,-0.7837660244227093,1.693734260743104
15585533,1,2.547011766734668,-0.3122396434583913
15681506,0,-2.776114021227833,-2.398422612693783
15630551,1,0.46757028951343177,-1.462840486108568
15698349,0,-2.071026432536352,0.03871905773378609
15776631,1,1.326705470246273,-0.1510356353625856
15762216,1,1.4112204855896329,-1.08767732195455
15623927,0,-1.6221670055194992,3.3553430838089384
15681402,1,0.1302255225912918,-1.797059803048789
15586264,1,0.9430121340341859,-1.2573636025782835
15594685,0,-1.5102678425241018,-0.9461096311309373
15812945,0,-2.473670959574141,-1.6450970972087766
15734628,0,-1.854381881006986,0.6552286567525093
15629323,1,1.1049392719675872,-1.0826119470290896
15666823,0,-1.1821049577080494,-0.04524067814193655
15777553,1,2.503476917062606,2.255536002642501
15613097,0,-2.36115371146425,0.2494893933442943
15622217,1,0.4552002981550564,1.3404360037581409
15703588,1,0.47062156756630646,-0.6918334555552847
15570835,1,0.6501726005025078,0.3350594958650153
15679299,1,1.4678792197412218,0.18261957440030685
15808044,1,0.9456090694298497,2.67984039655839
15579208,0,-1.356537961634473,1.2742259218858953
15684951,1,-1.1633182211131394,-0.8256294393480542
15667620,0,-1.9101579188281137,1.518265440276145
15582960,1,1.9009169357316007,-0.5571464610954153
15590730,0,-1.79667202268496,2.3607263911076446
15763747,0,-2.4480312630553427,1.7248847872006676
15778320,1,2.9033325871533795,-0.5779881862175158
15642787,1,1.4716981310338284,-2.5533774001661422
15624633,1,1.7313722161618867,1.723952716397489
15766765,1,1.7507699969149157,0.6689989815862354
15783615,1,-1.8152499985273918,-1.3071437286125982
15640161,1,1.9255952403858623,-0.5179531060898762
15619889,0,-0.31218006572470686,-0.27596232796502773
15579166,1,1.1468274042605604,0.3250817352297916
15789097,0,-1.9296833561855407,2.7137075791355514
15674880,0,-2.7507706123241364,-0.4185159915305513
15778157,1,0.6258043089098645,0.508915331639105
15779064,0,-3.716310780715483,-0.7222179287028714
15801265,1,0.7866964765242076,-2.7004062964463755
15589204,1,2.3866063552082406,0.9282953793658054
15664543,0,-0.33897336834144526,1.547801489638749
15582714,1,2.272244219816636,1.7316562680775813
15797595,1,1.8391129660467405,1.4169102173772752
15614034,1,-0.2232143266708935,-1.371381344112133
15763171,1,-0.07563100860693707,-1.435014468983555
15647266,1,1.9457180337630107,2.3422895544938536
15757577,0,-1.4803116873126698,3.0793081803644426
15736656,0,-2.1550703791273764,0.7059727834788415
15635078,1,1.372283880373495,-3.0112826077288304
15680141,1,1.7730620135020025,0.3237935923037578
15576945,0,-1.463877185030145,-1.9494244650192176
15602034,1,1.0719678592103143,-1.572330171945172
15732020,1,1.4211243242780645,0.6011804427751043
15611029,1,1.9762968394212779,-0.9556387797084848
15621210,1,1.2490145026871597,2.0793333413750563
15569222,1,1.0716390029455123,0.11221024968156736
15664639,1,2.9169992454734746,-0.06666266002348084
15724223,0,-1.027520100831471,1.8041518567370582
15644621,1,1.49049172764988,1.268351207554477
15756056,0,-1.5201886455506686,-0.8345279772109845
15700353,0,-2.1005056205093156,1.3451881257715173
15624388,1,1.6551585258507089,0.14175653907674435
15627212,1,0.1465480421526176,-1.2699755109227409
15648005,0,-2.355602597030872,-1.2557467479920543
15681446,1,2.5240056124961328,0.9172308022009749
15775888,1,0.9235915394961532,-0.03608759815160119
15749019,1,0.5638614748997436,0.34834532058256984
15709928,0,-3.829193561196904,-1.7088874550000361
15784676,1,1.6041955519924413,0.3285467164009736
15748116,1,0.6066061808739635,-1.6488251953206727
15612193,1,1.4979755014795968,0.9873089820286093
15762984,0,-1.0784290776136918,1.32406484047682
15613713,1,-0.6201714461769338,0.3777632649891074
15664204,0,-3.717451923230158,-0.6727469738759447
15639415,1,2.6167343078871514,-1.7081066273500825
15806332,0,-1.7417167203470854,0.5649112072254681
15614929,1,-0.5992189507937764,-3.7802098890800866
15695492,1,2.8415831776142895,-0.681262310665852
15635972,0,-0.7692284940715837,1.5451854807254743
15616380,0,-3.48680592803491,-1.8486015947818577
15581440,1,0.14958162457819657,0.6975453632406278
15654390,1,1.716016314193752,0.47052422403244076
15660688,0,-0.4578347348689119,1.8792236149644928
15806307,0,-3.359995972224682,0.16421556658328212
15647975,1,2.595209864705811,-0.9787880749023734
15595728,1,1.300552113686327,-2.8235530711435626
15735388,1,1.3715044169448707,-0.36023414201101706
15788535,0,-0.539808937326737,0.9786151145359048
15765902,1,1.0131702100234534,-0.6374488541886717
15642345,1,0.5817873585125399,0.2590119158000362
15641250,1,2.3115182848205067,1.3006996689025239
15706163,1,1.8550899783326986,-0.32874513303524844
15746708,1,1.8931022134039932,1.4675656112844626
15775203,1,1.6169706463085598,-0.7976058026345322
15787907,1,0.7155853713615716,-0.6337324277039674
15646764,1,-0.002377824191217761,-0.4873970127705029
15678284,1,-0.042325076731070915,0.4113402505501007
15726791,1,1.6060395205383626,-1.7346402189107861
15813144,1,1.2047549884866318,-0.22928094247170047
15669342,1,0.47840124648287113,-2.2228990658727446
15710366,0,-2.3050965326282946,-1.0966353719071043
15614934,1,1.3346883267501377,-0.49636347886281074
15588701,0,-2.5080022436252074,0.5769182437126481
15665438,1,0.5853220814141158,-2.1674278104716853
15644896,1,1.3534635222164404,-1.4040471023101058
15670205,1,1.5306794284352145,0.012239729244129251
15635776,1,1.0955212728741681,-0.48229247961326893
15791053,1,1.3315264930343387,0.3596791782973988
15644005,0,-1.779185673661956,2.2277677727740417
15796343,1,-0.17781946694744458,-1.9029879899379714
15751057,1,1.7970847032097386,-0.37675711425015235
15623430,0,-0.8896891186319313,1.9081032343580833
15682600,1,2.534405592807629,1.2418675115913578
15769312,0,-0.8745285408806192,3.0443055306340905
15708212,1,2.724339726921919,0.992048723082298
15650258,1,1.902167381776405,-1.9635557698117645
15604345,1,1.0282170342601598,0.6703670498781991
15578297,1,1.2839184456606396,-2.4844316718892414
15671789,1,0.5249855488285862,-1.5986446640347296
15726186,1,0.6183226565666508,-1.107236778248188
15764618,0,-1.3644246985789426,1.4298878899841867
15730738,0,-2.641401791986905,2.3967298877722674
15637650,1,0.19409918571661794,2.4478441404518505
15606267,1,0.843022781435565,-0.4580928210108339
15625904,1,0.215107739311408,1.1598626140022759
15654463,0,-1.69641765571773,0.008960457031063797
15774151,1,2.409040520924861,0.6817752003149481
15693259,1,0.03300064849200704,-2.3165421424956816
15642468,1,2.388697718002209,1.0840205923500945
15758531,0,-0.7364089308798186,2.6413418841796017
15728352,1,2.151596697099431,-1.1538388013776697
15637240,1,0.6476416957203593,-0.5198433328814898
15595588,0,-1.5108636390753194,0.02255519559163977
15778395,1,-0.1521074720534922,-0.5899320099834453
15711825,1,-1.1301717207924038,-3.0294743468783043
15599251,1,1.8405724194975788,-0.16500895171960211
15570004,0,-2.066725491113072,-0.48666427811758906
15656912,0,-0.9650716234025006,0.7300874175741964
15657342,1,1.5083998314504707,-0.9138946083988078
15716284,0,-1.944758775996309,2.790868311616697
15672374,1,2.8996989757825826,1.4834570833535425
15732476,0,-2.25617067686232,-0.5712747188558702
15747724,0,-0.9571967200823155,2.862766452942406
15633877,1,1.0584430805482814,1.4493332381901467
15672516,1,1.4187620379091992,0.9284930504825767
15607827,1,-0.3152324025868551,-0.6684003951347672
15751336,0,-3.1636997098484967,-0.024129183964849695
15646539,1,0.7101605192156725,-0.9074043908004227
15756901,1,-0.7134435944417914,-0.6551715491975887
15809286,1,2.083427224028752,0.5022871856633371
15759021,0,0.11796199623405096,1.9739362675079295
15725039,1,1.0072242524051533,0.8964598432566976
15579130,1,1.437409517326106,-3.004627686454685
15754112,0,-2.3346905200949166,2.6357995108797896
15735522,1,1.4496958858418467,-2.5106079254913842
15613326,1,0.9619756286880233,-2.504690225606898
15739502,1,0.1396965090069735,1.2269943472649996
15670914,0,-1.8018209242762233,-1.2084594914029494
15604073,1,1.8005250553597558,0.15667305055274555
15806027,0,0.467844703366389,2.8393126221526623
15574886,1,1.2574195215456698,-0.02474199045756352
15707120,1,2.1671434127649967,1.7990790890242183
15800845,1,0.8804407829433806,1.050511196574872
15603914,0,-1.869717269874536,1.7437236275661678
15722765,1,0.9543893012965884,-2.5968373609858357
15783305,1,2.1441803156588826,0.8651452786330022
15574842,1,-0.053989463223105855,-3.224722150303739
15607837,1,0.29433249657770855,-0.5027603349324041
15714877,0,-1.0643879684661879,2.087240598438504
15782941,0,-3.1016929717570867,-0.923673839148854
15630167,1,1.4651902795688792,-0.7030129518041046
15759038,1,1.750681647486155,-1.1034984740260336
15661821,1,0.8929359363824195,0.45511088491353446
15728006,1,2.6841350887760624,-2.1723695763918798
15712176,0,-2.669212896233084,1.9978219064527678
15689351,1,0.8380766694880014,-0.23222580289726868
15782247,0,-2.6591404579742366,-0.6650508928696145
15769064,1,1.0819970663927505,-0.8158559488030761
15718153,1,1.4303600420221927,1.8322177760563387
15613189,1,0.618520076822171,-0.9552619751723579
15661734,1,1.0711844625305622,1.1567084728682808
15592645,0,-2.257956875969034,0.5379303093428421
15768387,0,-1.6206175800062645,2.376903638262382
15792525,1,0.5878016165531469,-1.9903610444485946
15586976,0,-0.00876581731312348,1.1045154810896576
15790659,0,-2.055236101451552,2.824447483118824
15691446,0,-1.9470028977259652,2.322572119287512
15772632,0,-2.5511689084875426,-2.5035172028366612
15706587,0,-3.1376854692721707,-2.315858429034746
15572461,1,-0.05978987155503904,-0.6644706871531499
15654409,1,-0.12685677497408845,0.31056078474208
15568025,1,1.3460375790845134,1.7898598670326726
15715769,1,-0.07900590983912721,-1.31176002055859
15667458,1,2.6786650753801386,0.8345638092905462
15567980,1,1.6808136283510489,0.05411887074905167
15679294,1,0.798119004018809,2.4635666488356627
15606507,0,-2.5722411094845845,0.5755588205867241
15578825,1,0.31721095623803797,-2.6359062358593244
15619935,1,1.2769737924704985,2.84755821337546
15636089,1,1.7051665714588944,-2.381566466315955
15727490,0,-0.8710599834760436,1.1879733267621186
15591766,1,1.3868906765578881,-1.0424867823215027
15641629,0,-3.734589266641485,-1.8905990319153247
15813303,0,-1.232160581035942,5.860991885210714
15756920,1,2.1089891983467606,2.967091309277687
15726403,1,0.42092307491521774,-2.0804603119388076
15592765,1,2.2197521693954387,0.7841093264110874
15704442,1,0.7312452916197326,1.5205149204182236
15641136,0,-2.8675335367615,-0.8900024595970891
15725818,1,0.12638794760380662,-0.013981453173005585
15612071,1,1.4945519249181292,1.5940053244302645
15719809,1,1.0731887166993623,-1.661471774480605
15716518,0,-1.022501328396453,-0.43460728083039213
15742210,1,0.9322550428143173,1.6934623930063386
15630617,1,1.6274114865606655,0.011677423134599381
15720838,1,1.5908861665817815,-1.3973897275722424
15595537,1,2.7715200655902192,1.2266592428521665
15623196,1,1.6450991424753718,0.10479103974005745
15679249,1,2.8920879036877865,-0.5349558504212012
15693199,0,-0.7188770038126763,1.5585813440631613
15661219,0,-1.2868872554769322,2.3992945633320835
15617136,1,1.4216157872177644,1.4590638223962957
15760294,1,2.1428863462513488,1.1099761674942135
15652808,1,1.835798761437756,-0.14402521629354137
15657139,1,0.5332070572943792,1.1958129002095148
15803790,1,-1.3576178086002546,-1.4795082601019023
15764105,0,-3.0344178265470614,-1.7779288318538577
15672610,1,1.8523720075151058,-0.5391601592330556
15766896,0,-2.8611722055963655,0.10346893797688887
15587735,1,1.1667138899431673,0.3329826034615052
15659501,1,1.3759192162409961,0.360039403956104
15745001,0,-1.5543088857958172,1.4823568270824623
15651140,0,-1.2091965671402727,-0.10236706943721362
15571148,0,-3.4062040038252985,-2.204486507889611
15776824,1,0.9261426975355576,-0.014824307638122034
15633141,1,1.9999141847917936,-0.8783921011234739
15764174,0,-1.9954207854409967,-0.31415065622716354
15778155,1,1.3637630805502923,-1.4299099360983405
15715920,1,1.5255726120901876,0.8571075102919782
15671917,1,1.9336048569228401,-0.1909293751870561
15666548,1,0.1025323314490124,-2.3408103273813436
15625623,0,-1.9380380746905084,0.46479846484132725
15748123,0,-2.4656191247999595,-0.8098277681941654
15648735,0,-2.803684310549436,2.4065276002918927
15634974,1,-0.6662207829257256,0.8266707676362463
15713378,0,-1.2457224126720654,2.8980465948447365
15753370,1,1.6928890513863664,-0.1990224900556577
15782659,0,-1.7147584445816184,-1.7733157320057609
15583364,1,2.086906122193944,-0.0768765130711384
15625942,0,-2.6858887593492553,-2.526314470778107
15720284,1,2.7647891100848545,-1.0928407070053774
15679642,0,-2.12350538964823,2.4550806237788576
15628007,0,-3.1342398643438343,-2.0979004080637695
15661974,1,0.413640799459605,-1.2025398030349927
15689341,0,-1.5564720882482126,2.9765706195529256
15607993,1,0.1518264217150889,-0.8940610362580125
15693267,1,1.547158886594515,0.5729180907811847
15769522,1,0.530743905268221,-2.1528558516504637
15755825,0,-1.166231868869841,2.796688470343678
15598175,1,0.5045742955008155,-1.1791972158085269
15744327,0,-1.0609943988982855,0.5984326030577465
15798666,0,-2.270664691478604,1.1702958853515906
15577064,1,-0.06147126002317241,-1.9370736304950618
15759436,1,-1.7460388609900621,-1.7998993894003856
15690231,1,0.3039630446333925,-3.862700085336306
15751561,1,2.740620624407114,1.334116523051955
15739068,1,0.3669457569855724,-1.3141238606815278
15758056,0,-2.646966384046516,-2.296650444768361
15742269,0,-2.4755573844518985,-2.7502797907957497
15726490,0,-1.7498258038657593,1.152591564590566
15738411,1,2.02521190659862,1.4836492122953764
15727919,0,-2.176443225157254,1.1479988942596557
15709396,0,-2.21795668935536,1.418309534043111
15654106,1,1.8951679215386428,-0.2087279363797599
15621653,1,1.826754549608516,1.0953509506765071
15598086,1,1.3700588711579695,-0.8452517170745344
15752300,1,1.3322984396375235,-0.33837986021472216
15658693,0,-2.808655673944444,-0.22135006054347955
15631838,1,-0.1201561757296843,0.9548197057259861
15803804,1,2.030829468802137,-0.5034720491939008
15578809,1,0.6156533867951957,-3.6300026759700126
15752026,0,-0.36726689628075415,0.19137765080651828
15723706,1,0.6641883489423259,-2.7850403124618026
15752838,0,-2.2767774150020466,1.2706680672994812
15569571,1,0.688562282914569,0.5276217389131782
15769703,1,2.3701984317128906,1.3148014820123002
15679770,1,-1.1993833813857944,-1.1493659625560744
15791102,1,0.055495242892238644,1.456336770432366
15655192,0,-3.6049060332678278,-2.261806217359802
15709487,1,0.13692446862432905,-0.09565272665063906
15687130,0,-1.7140577850115408,-1.820877399326845
15755178,0,-3.8522210859550237,-3.1609075822711135
15634772,1,0.5850348392918238,-2.3996061788339555
15617197,0,-2.9507855251585395,1.025968279330437
15631240,0,-2.7196091868657892,2.3132409052472735
15784301,0,-3.612320191594488,-2.2503768866256832
15631310,0,-1.585151331750606,0.5334865973340664
15756560,1,0.4540776871946318,1.1500021897630408
15732270,0,0.272823233657329,3.279539245578923
15739357,1,1.0922368943177363,-1.5397731975522295
15771540,1,2.374956760473104,1.2428833172898015
15567486,0,-1.9700620682566232,0.2043473422697299
15714634,1,0.6449713188026783,-1.2801530922380917
15727021,1,0.7287595160633848,0.43642544234285885
15650670,1,-0.13898183506053277,-1.7941890073368654
15711834,0,-0.7325712666157692,1.0466316304733214
15729763,1,-0.1464850177474936,-2.154213849042853
15646566,1,2.654071139234847,2.2781158817418183
15645463,0,-2.760967753343081,0.5683307832264318
15672144,1,1.3903963449478614,0.2301694399287469
15596088,1,0.28252933197891755,-0.32279438241707953
15614878,1,2.148742777319633,-0.529588527974464
15635240,0,-3.315537028317988,-1.8165949993429116
15775905,1,1.0904363620316075,0.782647019670239
15700657,1,1.6041801095623864,-1.6996917981816873
15611905,1,2.2090406452100284,-0.6766312865832267
15652527,1,1.4557114006850613,1.039516816786392
15785865,1,0.03962005275999639,2.8677401469612707
15645942,0,-2.450107189409306,-1.031333814442214
15688691,1,0.3196375618526459,2.4590303203687167
15592736,1,2.284020737023562,0.15046650642779563
15673529,1,-0.7015965311168149,-0.26034892523213626
15724145,1,2.6254296845327167,0.1946510138439338
15704629,1,1.0255625498625656,-2.651011334705036
15597896,1,0.6917876465429658,-2.7966623182202555
15731790,1,0.6986876592831045,0.5674702804882779
15634719,0,-2.535711229114254,-2.9520616204247974
15703205,1,0.4878560355218769,-0.08991141203015314
15567333,0,-1.0940811579514136,0.9949195341636105
15754537,0,-1.7397163951673398,-1.522879674479856
15612030,0,-2.024751466243558,1.907471998630557
15573242,1,0.8712801902635022,1.0347261322315415
15601892,0,-1.9612858434681892,1.8990992313215993
15663885,0,-1.727821214514593,0.8761688399238192
15701096,1,2.547932945346337,1.035673445980912
15710450,1,1.8756437037799978,-0.4174382039725597
15790846,1,0.7107797464673209,-1.4693046795175648
15658956,1,-0.1511959278580183,0.4416421312604716
15755223,1,2.0816803491157128,0.8708269078094212
15787318,1,1.0430117239479328,0.9923107187570294
15737310,1,2.930425074147739,0.7877508955139831
15763665,1,0.23767474739834524,-0.8287541458074027
15668818,1,1.8618151937970249,-1.9489943104760739
15765812,0,-4.27929366322984,-1.5456870828256797
15704844,1,1.2860917214353789,2.0204903243152654
15744582,0,-1.61408536662816,1.6632036107462742
15616700,0,-1.3577384507014738,2.367972350107698
15683521,1,-0.15402811743241565,-3.9681472968932625
15583049,1,2.9284521207163596,-0.16050324386151554
15643752,1,0.8077464933562468,-0.2680884900130349
15620398,1,-0.2968215126235884,0.012415503993991857
15715707,1,-0.4608759385299824,-1.2561598450775664
15814209,1,0.8243848433174524,-2.5081164700896807
15733768,0,-2.218164962291447,-1.3461189578435053
15755242,0,-1.6643077346328035,-0.30051436738913806
15729412,1,0.18511848077387905,-0.12199013648914259
15746564,1,1.2346179635208216,-1.0335423458994597
15588446,0,-1.6123884271214357,-0.4744236282468496
15665221,1,1.5247976303094974,-0.4366933524895109
15640846,1,-0.8473302109491858,-1.3621039388148115
15700209,1,1.6249052385700393,2.9062046015389127
15658360,1,1.943127210347621,0.8700298987557319
15602735,1,-0.05237700620132699,-0.06668246637989368
15724834,0,-2.4800955203223323,-2.4786219311355864
15800062,0,-0.5834152918560684,2.812307041042383
15685300,1,1.1708198289890501,-0.18073761935616142
15760102,0,-0.17980392986932442,0.47526531413574746
15787026,1,-0.5644509037652539,-3.944590976439908
15653696,0,-1.1887543905660873,1.8347736872877598
15788946,1,0.8740038732607393,-0.9050631057888928
15600724,1,1.8029218744803677,-0.5977238589394758
15574324,1,-0.016439930984659925,-2.1886366507777426
15707144,1,0.7454269584698153,-0.46271669035964963
15775891,1,0.6365228070125843,-1.215430629541498
15711789,0,-0.24478970869851147,-0.15793060503366513
15600879,1,0.07776734071977125,-1.1567893125588407
15681196,1,1.4789768463718775,-2.9009563822765516
15716000,0,-3.6589842556116188,-0.21491756127973388
15766776,0,-1.4644369377098228,-1.5414768216894972
15680278,1,1.0640334751664526,2.0864414967096963
15688637,0,-1.9541184878938471,-0.29813808550795173
15591179,0,-2.679787337833206,-1.1704563910507586
15677435,1,-0.43664200597979724,-3.854273205401173
15698619,0,-1.9666999818865096,2.798614419590601
15581036,1,0.4000874071821338,-1.2541002541534552
15622117,0,-1.1273780903347732,1.4378246812030282
15599301,1,1.3193606035854886,-0.03136473433456187
15581548,1,1.4309539757967351,-0.7270053174008895
15586870,1,2.298559929219199,-1.4973811559168697
15735263,1,1.2377691417693364,-0.5513711065187579
15765322,1,-0.7666458364681192,-0.4233527402255498
15582944,0,-1.4808902467585627,0.642272640825807
15687162,1,2.373609531123343,2.1568816432855726
15644962,1,1.7186180825647734,-1.475872852217887
15612615,0,-1.8155579858857573,1.2045190111941677
15813439,1,0.8562606281198814,0.01381078977605499
15604544,1,0.5157938149970285,-0.723807149453145
15761348,0,-2.6433007469478045,-2.7838205065030777
15785078,0,-1.7494527527168073,-0.013978621349874097
15759874,1,1.6462426772677337,-0.9358565942056642
15643658,1,-0.6569974457047969,-1.2314224318193205
15713267,0,-1.9804291563684489,0.5929614509359724
15737782,0,-1.6555131027863708,2.3069356252641806
15815490,1,0.8398925637900215,-2.9543601280850194
15679410,1,1.5146436426427616,0.29194562958921844
15756241,1,1.4575314433579105,-1.6987214525920336
15688409,1,2.1564059838050955,-2.2151877126248047
15742272,1,2.433818372763841,1.205513511377859
15717898,1,1.6371925078451166,-1.9680172156999156
15769582,0,-2.446464510024812,-0.543522765539721
15635660,1,2.376540310690927,0.7598170957108101
15576723,0,-1.3544271322684072,1.223427981572511
15591577,1,1.2483213438665202,-1.2199056320046513
15582325,1,1.5233432663550206,-1.3664766242854074
15693947,1,0.38520531350821186,-0.9402821818384217
15760446,0,-0.8413140692999381,4.151311887142014
15611105,0,-1.4751294501213135,1.3091263697057076
15630920,1,0.668301680640257,-2.1891777591481536
15574910,1,1.9619522002748049,-1.6183371442208163
15756472,1,1.8309983627365312,-0.046280178607728414
15682890,1,-0.22003525956249217,-0.10741796886521499
15641994,1,0.13654051911497284,-1.9214291263978167
15733297,1,1.7880042126220905,1.7176575354740942
15767793,0,-1.7759915688121182,3.028248032756307
15725698,1,0.8740516065240272,-0.5579462310976292
15813532,0,-2.3644491902757605,1.0746462521962432
15576760,1,1.1944475285699707,-0.5548520558924898
15732102,1,-0.00599833917240741,-1.403041076422512
15739046,1,1.713554754997065,0.5782296936017899
15631927,0,-0.6649582399228139,0.7657008554420464
15672115,0,-2.1372516822910743,2.2069122025104004
15618765,1,0.31655176987716666,-2.5350222217166505
15679148,1,0.4349000335645823,-1.0005050287310095
15728474,1,1.1794345760123202,-0.8278823876293365
15636999,0,-0.852417931899096,2.158931454302756
15754261,1,-0.24808155512555033,-1.6995823931482494
15629150,0,-3.313191448482381,-2.0608118151499215
15736274,0,-1.87663069192364,1.937457704713245
15627697,0,-3.310971390298739,-0.6177079163080955
15721585,1,0.20023028728265235,-1.5542289097849606
15639946,1,0.5309248461837867,0.890854475260557
15792176,1,0.23215509398911768,-2.671538784403851
15699450,0,-1.5540882265647438,1.8826949043316827
15729954,0,-2.0240010050959087,-0.029982737632239628
15600103,1,1.1652994981717018,0.6845175302969658
15786200,0,-2.4296098944073523,0.2906211383082912
15797010,0,-3.189231103400076,-0.6795675025551086
15670172,1,1.9245122782143582,-1.149228458389291
15627352,1,1.1631755396581673,1.3810581315038677
15622494,0,-2.7897999000088114,-0.8571742260539174
15585835,1,0.6529754712119834,-0.9698092008741421
15595071,1,2.540366147509012,-0.013427249121696959
15628203,1,1.7239293161660882,-1.075162444734016
15667190,1,0.05974980666793214,-2.5489905403360464
15780212,1,3.7232336428304973,-1.5052145998062623
15766869,1,-0.7121545302084735,-3.396432888780366
15775741,0,-1.8199046085935722,1.811853861280543
15628170,1,1.7442853368988942,1.1350680452663324
15701318,1,2.7083513094783993,2.76161319231934
15710928,1,1.9335272899111429,1.7725289395025026
15682547,1,0.6182908575500473,-2.322550934569224
15631170,0,-3.213628818554988,0.3236055025903365
15648702,1,0.4948802409747293,1.5321199810877413
15783444,1,1.5350991624222954,-1.1363653555423572
15809178,1,2.023740937417636,1.6731452667493336
15806688,1,0.84028727213303,1.5624923611727746
15576824,1,-0.9109947702615981,-1.3108498176178327
15675422,1,0.7200584404846275,1.4875212653806957
15681550,1,0.7963215113459493,1.5709897455725617
15812628,1,2.3063163885598548,0.8418055243014686
15597951,1,0.6556431439241406,0.37161286096128854
15807045,1,0.7447232426058792,-0.6183556776374763
15581748,1,-0.7943300283560928,-1.2527834938696696
15770420,1,0.17426004667350317,2.5359220296194414
15608230,0,-3.2281282811199445,-2.385138655845066
15730339,1,1.0896861910730875,-0.9714891027301551
15712584,0,-2.266076510751243,1.4852000396126077
15592816,1,0.9328571762104074,-2.2139276837282673
15641480,1,1.9868080024920947,-0.567578378827565
15708505,1,-0.4677170141072123,1.0640893524537358
15791131,1,1.8512683554569926,-2.042094611854021
15618225,1,1.5793637825722806,0.5439647103835443
15644724,1,-0.7185096620251648,-0.4939901034843136
15662098,1,0.2316377261623349,-1.6336391438295028
15723894,1,2.8042187422807974,0.6449430365629354
15787699,1,0.5672869976076551,-0.42214788307603757
15687738,0,-1.1414081822884472,1.8409783950963838
15576126,1,0.5560601979613728,-1.336751586648216
15658889,1,1.2341901707670342,-0.9884948500019289
15667046,1,2.065249673585889,0.5136487108215156
15669957,1,1.7639433269210993,2.199890467449071
15655794,0,-1.6354976636055925,1.768088212891377
15599829,0,-2.4005173556188346,2.956819929516918
15753332,1,2.92977569692229,1.0949205274460851
15671124,1,0.5211637731819254,0.05830313552925756
15767474,0,-1.5841486136425673,3.0799644365676704
15720671,1,1.387327011182496,0.7842786365375465
15626787,1,3.2524761533254662,0.1471343284038128
15774491,0,-1.8904567062316595,0.9708134440091445
15579647,0,-1.793496645011466,-1.7958484871082911
15625522,0,-1.491817478737731,1.1214165168431343
15765806,1,1.3856107757912628,-2.9920931174293304
15566708,0,-1.410911830321244,0.2820048290216299
15668347,0,-1.4994394318039805,1.1290058194084347
15575214,0,-0.13305112160917754,1.3661594189407538
15591123,1,0.16808636531975896,-0.4721447185021142
15573280,1,0.20202833384093422,0.7995803921823251
15589018,1,0.23352332880566784,-1.7440962522720278
15654495,1,1.7345878839646378,0.44277487881969924
15597265,0,-1.3818393325434473,1.423330374146369
15733876,0,-2.378193225062359,2.575781527766896
15677217,0,-1.5919177318556221,-1.7096798056728053
15747265,1,2.0784133852322544,0.9207205505764738
15713379,0,-1.8531846433251848,-0.3896785774346073
15730433,1,1.1920818655688181,-2.527017838192353
15693347,0,-2.6344730534952476,0.7184678502104199
15715465,1,1.8793169757340202,0.059390888184221835
15680736,1,0.0507062248204522,1.865247945200418
15610765,0,-2.3276188126043,-2.5799384795903104
15650034,0,-1.7519798209553097,-1.6602972688267006
15782468,1,-0.9102417556426827,-0.4712084047003068
15685109,0,-1.8983522860109463,1.937603648076832
15776233,1,3.1312090220458573,1.6915753248408865
15761141,0,-0.9137021023398475,4.575135424596613
15781702,1,1.6717939396849797,0.9755734405249824
15790235,1,0.5226777069245604,1.0808289472275765
15641416,1,1.1927322174182686,2.470129735484553
15775234,0,-1.3716450781651732,1.2996228426253449
15659475,1,1.1245726111449639,-0.11198795574036992
15642202,1,0.5403061924920696,-0.3687015339309483
15771417,1,2.2641139990482664,0.8103869555466319
15585100,1,3.0568685993418483,1.0142529641657985
15700487,1,0.7844291188125486,0.04275773868008928
15726589,1,0.5117288051893948,-2.202538364713445
15747503,1,1.3799008153051728,-2.9001649314035767
15595883,1,0.4640571123310885,-0.19933569212146265
15663826,0,-1.2796256089582734,0.7757429753575751
15742820,0,-2.018750094308324,-0.98153649061062
15624793,1,2.3893499567726084,-1.0911606723907887
15597930,1,2.4107868178564895,1.6309358894853845
15665110,1,0.5484954880087384,0.5186515844724978
15770719,1,1.259449979459347,0.3464499441192425
15731327,1,0.7847370083007809,-2.615077831019058
15576044,1,2.45984771907905,-0.5493199393601477
15775662,1,2.9031911671105717,0.8001546676612888
15646817,1,1.416158477440963,2.008881936053497
15596060,1,1.054087273971008,0.7706102859255292
15723299,1,1.5338891157899601,-0.2701695346148467
15636982,1,0.9757076430036977,1.0729217627852112
15751175,0,-3.27814421104239,-0.5093158031657421
15618936,0,-0.7590232307048702,1.3668620917104803
15787529,0,-2.040796193782894,-1.5213544921574456
15780128,1,0.7435145579994746,-1.6080399465736153
15615991,1,0.9261489936413748,1.0682768313543836
15757001,1,-0.6527489472403043,-1.970749741545315
15595388,0,-1.689353135819563,2.2678156750138725
15699550,0,-2.1899776283458126,2.357425166705595
15581620,0,-4.038599167234142,-1.3730865523499858
15600934,1,2.7703593441692673,0.8664364495405755
15738672,1,1.0467872142301673,-2.3513364485548665
15721307,1,-0.8519589982072049,-3.1194170665809557
15619280,0,-1.6907030095677302,-0.30307815267240124
15768244,0,-2.571427750419942,1.911235226752986
15806837,0,-0.7133593748062582,0.309566002943722
15643496,1,0.03901524886768973,-0.18603624753675588
15813916,1,0.3261582525087523,-2.4757284584017603
15626385,1,0.0756605081762176,1.7549978061975287
15603582,0,-0.8697517851864383,-0.20328705982431788
15764351,1,1.3430112562465368,0.7610675257233981
15667938,1,0.28043271306902945,1.224668769005914
15576360,1,0.36400442973519864,-2.2630950465870217
15628813,1,1.3044891166315487,-0.26282414614881333
15584190,1,0.7536313793125522,0.44520578113472065
15716449,1,2.5737130367196497,0.9686432382429285
15759913,1,0.41299525333272125,0.3248197284594378
15701555,1,-1.686042291881739,-2.4496474874550866
15758482,0,-2.1528845445581726,-2.994582504074915
15758171,0,-2.0373863153549316,0.17438394852379854
15680346,0,-0.6515929975249808,2.226142514707377
15649124,1,1.9029434849125841,1.0936017600346657
15812917,1,-0.389447833553171,0.38696735228782564
15768455,0,-2.0389931227615987,3.3051727396681483
15703059,1,1.7790982652435479,0.6559577129988254
15646196,1,1.4229744956120067,-2.52681807137038
15585451,1,-0.6001875544968619,-1.9658084929360087
15714057,0,-2.5663507104837198,0.6816324224880711
15748473,0,-2.1094213040773617,0.8937544316930824
15785782,0,-1.6416812466412403,-0.2498812452944239
15693233,1,0.5176827093018,0.04973493393589673
15757521,1,1.7010145763028666,-1.9280294410512873
15812513,1,2.445781466434909,2.06352996620718
15674950,1,1.231097874448812,-1.046682909021572
15678572,1,0.6364704606762408,0.6737694479975128
15713608,0,-2.8679742076004775,1.1898133649350842
15579262,0,-0.6081749476874208,2.8474534973973746
15610426,1,1.0879870187245992,0.03611547885515207
15776454,0,-0.7182416573734087,1.2302288054562305
15771483,0,-2.2234920532513067,1.3426081125479168
15648489,1,1.608405401266235,-0.20969909199289863
15646609,1,1.2250922042490233,-2.5132886036965414
15693203,0,-2.686393601027007,2.486891541860247
15813067,1,0.9039951266666296,-0.5593330734721975
15769829,0,-2.894672630004516,0.48628995714834067
15662434,0,-1.2408963452484723,-0.9397586894688016
15773503,0,-2.420013929388127,0.32216110075428267
15705890,1,1.8103996921660857,1.0171979000942024
15711398,0,-1.9362614205945965,0.7239731337103477
15752375,1,3.104412957620703,0.3043524424927264
15659175,0,-1.9077085276976926,2.9631012214174657
15597033,1,1.3388182850727377,1.0823612363773514
15590228,1,1.1005407696000336,-0.46451238968630104
15631848,1,1.8242400946227275,0.5630648218908059
15654211,0,-2.722044497451093,-1.0609465424692175
15707968,1,0.37772916530200473,1.1231448117323792
15594084,0,-1.7895083074812987,1.64241296107712
15651093,0,-3.5307455376515033,-1.6586243977524762
15798824,1,-1.76831811351153,-3.049671983337392
15671591,1,-0.4620933081957979,-1.7414750851264993
15707189,1,-0.12538621076175074,-2.1265246892957657
15733581,1,2.3106505835090707,0.8428531268982061
15641640,1,2.9712385821196388,-0.13954286786470785
15585284,1,1.3736030552932952,0.5350641973870842
15617866,1,0.553514192418894,0.7347120947617156
15667751,1,1.8888069917847339,-2.902127007636307
15669411,1,2.0438697411482107,0.7049687105903786
15789425,1,1.4625020555949293,0.6446204169838906
15570943,1,1.016238165835427,-1.7183573569847976
15685829,0,-3.1178657884873524,0.04115813646806943
15721917,1,1.0873511576790078,1.2213635426187521
15776047,0,-2.015395207805581,-0.6331199746956567
15716024,0,-1.660948792972449,0.8391932580738015
15675328,0,-1.8427795481580789,1.2293406443964614
15604314,1,0.2114719490871843,-2.3130079700317188
15658339,1,0.585201824609659,-2.424813128630921
15630402,0,-1.4447330134397913,2.450145526865857
15689616,1,1.9758826915025853,-0.31777251799808887
15774224,1,1.337988937974418,-0.9434025786157333
15701291,0,-2.6843085048394335,0.23740266786798223
15719606,0,-1.2925779726156836,3.2149030230534903
15644119,0,-2.170545615539132,0.15895005099359455
15646859,1,1.0949504238607584,1.2461041423778423
15606836,1,0.682912634499452,-1.5113745943335932
15664150,1,1.3093507591741478,0.753794534615218
15624510,1,1.6650834850219762,0.9294053686853397
15810944,0,-1.8402586548012736,1.5823532714681245
15668575,1,0.5119381455440937,0.08618928793611365
15603246,1,0.991628122095899,-1.6670183854861962
15804002,1,0.5227350741470939,-2.5034797584767623
15728773,0,-2.4102036406034966,2.2741282856480356
15598044,0,-1.256546538862193,-0.19242604752037523
15694829,1,2.1943765690361516,0.11976212092218054
15600575,0,-2.0866579303832586,1.5113956973614173
15727311,1,-1.9877596403977795,-3.374325856411678
15570769,1,1.185302693123601,3.4889292936348544
15606274,0,-1.1186359389792853,0.8467193087806433
15746139,1,1.4945402287921095,-1.662289472397167
15704987,1,0.874764015419467,2.2658349466978556
15628972,1,-1.8967868894489917,-4.309458170729101
15697686,0,-2.3369077529283664,1.3879916864176962
15733883,0,-1.694391803191218,1.2829425511160903
15617482,1,0.6039644625510946,-1.936197026210433
15704583,0,-1.0527308879914812,-0.14781979004895124
15621083,1,0.5337421944940588,0.9397384757491171
15649487,1,1.08444245699792,-1.03719786191982
15736760,0,0.46538364502067003,2.3640216500578197
15714658,0,-2.789802941606198,0.32956400214132753
15599081,1,1.1779216793802014,1.631964232767022
15705113,1,0.9057518788315414,0.5707266544387146
15631159,1,-0.23280026638840737,-0.5169975961033362
15792818,1,2.227652962724241,-0.38332918611000033
15633531,1,2.233183819347896,3.4121175538727786
15744529,0,-1.4704920372527157,3.1968373042184486
15669656,1,1.6711161694557854,-0.21288928737922502
15581198,1,0.9052158938231012,-2.7918891218646307
15729054,1,0.4982968098445325,-0.5077076480151781
15573452,1,1.2919945132675892,1.1036844624703006
15776733,1,1.4916501422640618,0.20699221866646034
15724858,0,0.6262813533316366,2.8721951846525
15713144,0,-0.6700427502952713,2.5761290025552768
15690188,0,-1.5431676678566877,1.6748830523213816
15689425,1,0.17283508636696476,1.186949378311744
15671766,1,1.2713619821485258,2.398960310518572
15782806,0,-1.4413153812971655,0.5983777506467558
15764419,0,-2.363871145090324,0.3755448897487792
15591915,0,-1.6987915963057676,-0.3210129931244827
15772798,0,-2.5310122059797826,0.5016803885851947
15792008,0,-1.2350491171636746,1.5289038675743554
15715541,1,2.3932875811659,1.2328823062182153
15639277,0,-0.6864862722840881,2.8749315913456353
15798850,0,-2.4164817311556117,1.7216308802354108
15776348,1,2.432370378914996,-1.5546492746999103
15727696,1,-0.9882741489959375,-3.0999444714432176
15793813,1,1.653839016347649,0.5232940589889421
15694395,1,0.441912378445146,-3.760606230310232
15764195,1,0.923995437378777,-0.44446304502112016
15744919,1,0.2367701215516352,-2.6666101810210923
15671655,1,0.9714248339714141,-0.030205933077701114
15654901,1,3.0239583212291943,2.1926731086133797
15649136,0,-2.843719619941321,1.789588323878766
15775562,0,-1.6654311412470468,0.48443020953405946
15807481,0,-1.6731353596405827,-1.3344894898910704
15642885,0,-0.7613418534393687,1.1863803887555873
15789109,0,-0.3900502634224675,2.8315487808545377
15814004,0,-2.7235033838857747,-1.0362250904249615
15673619,1,2.2136547492406233,0.561526844907837
15595135,1,2.5079285923950327,-0.16976912416162526
15583681,1,0.2952694585486837,0.2591701302014496
15605000,1,0.9139706669899431,0.8822115547960129
15718071,0,-2.9397070136304793,0.5009684874465327
15679760,1,-0.17493924156329313,-3.1310407318930453
15654574,1,1.4385998636576653,-0.7435463900488245
15577178,1,1.8690307033050053,-0.03428292619621805
15595324,1,-0.3803849378535928,-0.07949954434441399
15756932,0,-2.2730492824124657,1.6390168975104182
15726358,0,-1.0303818338793715,1.2469631039028162
15595228,0,-1.0829142134074454,2.1687100810467017
15782530,1,0.8075578515147576,-1.5536613604077303
15592877,1,1.8697108914453824,1.7337364697882844
15651983,1,2.8184266675074494,1.9007999545403775
15746737,1,1.8880623292623573,2.499612120481321
15774179,0,-2.021807090158293,1.112115519990565
15667265,1,1.5420492249547684,-0.7615086917133175
15655123,1,1.6451599601513758,1.1387172547182243
15595917,1,0.9838288024211974,-2.581822167318015
15668385,1,1.1088342819842916,-2.62911935563767
15709476,1,-0.11359337262244885,-0.9822107029065346
15711218,1,-0.243935255467316,-1.7548023915855413
15798659,0,-2.6815267293106886,0.21051705702550158
15663939,1,2.414002353111131,0.42720537107144396
15694946,0,-1.1358137603243534,1.88862412561889
15631912,1,1.7632053128961338,0.6586253036739997
15768816,1,-0.5488836025337335,-3.584814451655558
15682268,1,0.6688555705763778,-2.4017561940142604
15684801,1,-1.4200895978168842,-4.0662922344712555
15636428,0,-0.9526755776562151,-1.521606304710492
15809823,1,1.7575579188427832,-2.156219848968124
15699284,1,3.0151586503023444,1.1361467078389615
15786993,0,-1.200478926887645,0.8871884199172226
15709441,0,-1.2234713621211473,3.3643147888706433
15710257,1,1.550874405768268,-1.1374754235769515
15582492,1,1.7656572915917088,-2.051542740973674
15575694,1,0.4585700573484589,1.096976421787181
15756820,1,0.8482924391136395,0.4332240613721793
15766289,1,1.604786670093895,-0.3873154120436925
15593014,1,1.168427969093054,-2.7021985201100134
15584545,0,-1.3749588650477857,0.547391737624175
15675949,0,-2.746589609502924,0.6629342257894106
15672091,1,-0.1518672317454635,-1.8761944257413705
15801658,1,2.252792816200722,0.6699317267918641
15706185,1,1.1350936298723848,-0.3473842975586583
15789863,0,-1.3973513642026698,0.0461918601705667
15720943,1,1.5702361783322119,-2.5984673670443623
15697997,1,2.683483117969157,-0.9249651269711865
15665416,1,2.625565977014084,3.0193350254697537
15660200,0,-2.9549870787510724,-2.5573424176696116
15619653,0,-1.7627139966592078,-0.01940532914195092
15773447,0,-1.1183256816276386,1.9146989378888835
15739160,1,2.17205430501762,1.4907615926475626
15689237,0,-1.9068319382979195,-0.10895186531539623
15679297,1,2.494126256218238,-1.367254686721925
15591433,1,-0.008808463012266645,1.7119467251447336
15642725,1,2.0985033189736755,1.3043695976450111
15701962,1,0.8107781433218376,-2.4979757279757835
15811613,0,-1.296905913413553,1.833469352577195
15741049,0,-2.5831271071133446,1.4485910342467279
15724423,1,0.5286186907004786,0.3925087358275575
15574305,1,0.5276396647142385,-0.8596801865010683
15678168,0,-1.7424921938167879,0.9185180633819395
15697020,1,0.2735146592992065,-1.0695446874771444
15610801,1,0.8130359145119483,0.30373154322002655
15745232,0,-1.8924733434956584,1.1200612511028927
15722758,0,-0.8187479628330655,1.4506467227686923
15792102,1,2.8299295065319514,-1.4897686223151443
15675185,1,-0.5010571094413003,-1.619266810470798
15801247,1,1.4656058797056029,1.663077181682954
15725660,1,0.340559789800741,-2.3837003693623426
15638963,1,1.0032039639804253,-1.0409528754768171
15800061,1,-0.41004348359447557,-1.3441238065004435
15578006,0,-0.7801275740239045,5.417290497999451
15668504,1,0.3354842239004011,-1.3934806057854514
15687491,1,2.2751643185448094,1.8010893927865272
15610403,1,-1.2735598499404919,-2.7725677493726124
15741094,0,-4.490297660049242,-1.99595829942031
15807909,0,-1.0718224568085093,2.785346696757736
15666141,1,-0.5224551810809571,0.8221228471464385
15617134,0,-1.2630568271823617,-0.05925308756408332
15783029,1,-0.3891655430814594,0.780342521443135
15622833,1,1.6903763351875023,1.0291053049898604
15746422,0,-2.107850777151524,-1.077003910631425
15750839,1,0.25498313061748,-1.563605014704751
15749130,1,-0.7044257172989465,-2.0512553607445168
15779862,1,1.7116972415484981,-1.4624850071197393
15767871,0,-1.2978537921972852,1.749401925213281
15679651,1,1.8710305625864256,-2.8956091144635105
15576219,0,-3.340458478702023,0.5771711763221479
15699247,0,-2.1106400126819898,0.9334502997427239
15619087,1,0.7656663669971282,-2.2471334748440714
15605327,0,-2.8934716091638313,-0.9293135162298746
15610140,0,-2.4651913032379005,0.9242052549727938
15791174,1,0.12068246387447594,-1.5048013795171244
15602373,1,1.0663409274624884,-0.8287727634200328
15762605,1,0.6984567618919285,-2.1042489386164767
15598840,1,1.1647495124992218,-2.6263552565807635
15744279,0,-1.95338355200951,3.1504688077699092
15670619,0,-1.0342926719081582,1.6320192544322212
15599533,0,-2.208905832677078,1.9698273891450588
15757837,1,0.0008718612678552431,-1.4816701879647676
15697574,0,-2.747696697743,2.6268509484778
15578738,1,1.1166571042816036,0.44335971764611903
15762228,1,0.08595284169824673,0.3558564333743689
15614827,1,1.7637573306181824,1.11527086608605
15789815,0,-1.7289858204424498,0.31596287991194844
15579781,1,3.1192295784621717,0.8204061288201508
15587013,1,0.3595568548213272,0.8003043883735915
15570932,1,0.8896483166227208,0.6199577227598891
15794661,0,-2.1679578438231757,-1.1709353792065498
15581654,0,-2.3507104118339095,1.598798829340561
15644296,1,0.9461727526548244,1.0531026720141663
15614420,1,-0.7489164403461115,-3.8378310989313102
15609653,1,2.1532713564291956,0.3041028232934511
15594577,0,-1.043397153004886,2.2736992131733795
15584114,1,0.7765230373501393,-2.348184795845226
15673367,1,1.566245571059802,0.11291634538530716
15685576,0,-2.231569838457737,1.1696381666336986
15774727,1,-0.5414272248686122,-3.180304103088997
15694288,0,-1.684777187013124,-0.7453348090698276
15603319,1,2.700386293976117,-2.3678418394722387
15759066,1,2.7389932183530923,-0.44931636641401085
15814816,1,1.5621177388212122,-0.5408490174232191
15724402,0,-1.5625663297013266,1.591969718214262
15571059,0,-0.7280301804166217,0.3235453203452999
15674206,0,-2.2826353375064192,1.3079215373147666
15715160,1,0.32496556131804694,-2.271308627551788
15730448,1,0.2986743073131628,-0.2657557025255342
15662067,1,1.3653502546733736,1.360738815972423
15779581,1,-0.6665567879786423,-0.7498658712976483
15662901,0,-2.9136048207246596,-0.7415042989300143
15689751,1,0.22548338889714756,-1.1309541803956518
15667742,1,1.5733241007071428,-0.10034782202239742
15738448,1,1.9598874322741269,-2.292989965197483
15680243,1,1.432974685455167,-0.11659688676669874
15745083,1,1.7597034826747764,2.380804309162328
15708228,1,1.290060888663808,-1.1919558806001385
15628523,0,-2.035542469113756,-0.8999838848008407
15708196,1,2.2264381308324297,1.8579067362730632
15735549,1,-0.34181599822809366,-1.255125769015754
15809347,1,2.027788430069994,1.0637573324320586
15660866,0,-3.041031516607728,-0.04221589510471668
15766609,0,-0.49948312232300074,2.98779456455834
15654230,1,2.2186379551642195,-0.7091504803134568
15794566,0,-2.2639204271904165,-0.11207272275679513
15800890,0,-1.480675820473357,1.199706162377702
15697424,1,1.3018131112743585,-1.9949016197073026
15724536,0,-3.493278793939886,-2.347505390836807
15735878,1,2.361633368141788,2.3794709828375384
15707596,1,0.7723753925347551,2.8747921638736296
15657163,1,-0.12011057397848014,-3.333058301531878
15622478,1,0.2445321095582288,0.5447040419945411
15779529,0,-2.7114202289182474,1.6624713831227391
15636023,0,-0.3826959223188475,2.7664547130451607
15582066,0,-2.179045144072592,0.2827463715644419
15666675,1,1.1907066319562114,0.8277330046628822
15732987,1,0.962043493090555,-0.5582319262832703
15789432,0,-1.0612411001230673,0.6525186655774349
15663161,1,2.064860055073822,0.29762085381017495
15694879,0,-0.9866723344810769,0.543442010825534
15593715,1,1.7549793674538197,-1.553379367158669
15575002,1,1.2323067783544834,-0.7340689677672465
15622171,1,1.0730397520175756,0.43867070560052157
15795224,1,2.3232069129786503,0.03532453922095771
15685346,1,1.6491157921957489,-1.2644763464880275
15691808,1,2.966552573967914,0.3271315103005328
15721007,1,2.488934158647507,0.5746740541105128
15794253,1,1.2049586139057116,-0.3253168275635812
15694453,1,0.4199454595964232,1.441445553501237
15813113,0,-1.1612760927985268,1.765495337803699
15614187,1,-0.07542329876180594,-1.0992095083296447
15619407,1,1.2887751615672307,-0.6149310832245692
15646227,1,1.0544444686361079,-2.715998911179981
15660541,1,1.7700678113935873,-0.3884221999834826
15753874,1,1.8281628772607268,1.8041338928336599
15617877,0,-3.8315652846941504,-2.2980444304006498
15772073,0,0.23812343998427038,3.182008492947586
15701537,0,-1.1423660585681388,-0.21294036157293195
15736228,1,1.0551408964940914,-0.9894573786410422
15780572,0,-1.8985777282124605,-0.018652867066201558
15769596,1,-0.48293646104228455,-1.9015141422088
15586996,0,-0.5150078428901512,2.909324667292068
15722061,1,1.5424129818714356,0.8722136487813047
15638003,1,0.9414328719292495,-2.1767183090727467
15775590,1,1.0201135266271464,-1.0983411735869026
15730688,1,0.8424871697218657,0.27741206999355617
15753102,1,2.062487657078815,0.3089109738741048
15810075,1,0.895227131422868,-0.06568975618786249
15723373,1,1.6776065412714678,0.9205583676357209
15795298,1,2.1214982473248636,0.6642701632309812
15584320,1,1.9618478943990245,-1.1612504376746515
15724161,1,0.06998290328397365,1.241496331951794
15750056,1,0.8187804977026166,0.11094319943339721
15609637,0,-2.0357625411848894,2.412475135048712
15794493,0,-2.7962965955322012,1.7038872959023648
15569641,1,1.9049750394321776,1.2048383736035282
15815236,0,-2.1122245603806804,0.8780534056154972
15811177,1,2.3334837474718078,-1.668299934757663
15680587,1,0.9151419421432411,-0.8061263230157624
15672821,0,-2.8939974506791435,0.6927357366965067
15767681,0,-1.6662598980297851,2.238298810865746
15600379,1,0.9330433150031968,0.7810359209506672
15801336,1,1.4854814290756286,0.9767202828130307
15721592,0,-1.3748831118591107,0.5322945361901433
15581282,0,-1.3161946952665295,1.6214541121484056
15746203,1,1.1588471741349895,0.38900260128134745
15583137,1,0.9740456809379155,0.8263187740677317
15680752,0,-2.41012872607775,-1.3772281943115443
15688172,0,-1.8990280580216932,0.877009328051082
15791373,1,0.334307292657161,-1.0961942355546384
15589449,0,-3.3301909493976534,0.06255307394469241
15692819,1,0.6236531976239004,-2.233639197165212
15727467,0,-1.9304383758690693,-0.6530189465507892
15734312,0,-1.763522197283395,1.2495978044503315
15764604,1,1.049532531578598,-0.052774396045824026
15613014,1,-1.3616173662440956,-3.0162715179102593
15759684,1,1.677480789921112,-0.41389437067928686
15609669,1,-0.5781622530721812,-0.36846025246779934
15685536,0,-3.207584502265684,1.096913284779674
15750447,1,3.017166237949279,2.7705139766760563
15663249,1,2.411203217036361,1.1614770435954975
15638646,1,0.8581668187633097,-2.4382455729626833
15734161,0,-2.089826666647038,1.6152641335236204
15631070,1,2.65582422750575,1.9402910108892457
15761950,1,2.0545752270445834,1.596965467214481
15649668,1,1.0639491542620922,1.4979764060908143
15713912,1,1.9536430111469756,1.3201307180192903
15586757,1,-0.11397549919357976,-0.22170923420806077
15596522,0,-2.05740047247822,-0.973787559371115
15625395,1,0.502220864052042,0.1921782422498668
15760570,0,-2.2264996064194764,0.7234033038223804
15566689,0,-1.4147297381633246,3.3329747590135175
15725794,0,-1.4654478813540275,-1.1786167333514226
15673539,1,0.9800783962517937,-1.18651462957233
15705298,1,2.08735814445483,-3.3668783576550374
15675791,1,0.6749527614404669,-0.8889087675761626
15747043,0,-2.365304201023468,0.5635320169853428
15736397,1,-0.04028664957201164,-2.2372322113152734
15678201,0,-2.11148149597255,-1.1114668114130988
15720745,1,1.5042695632535337,-1.2518011595636849
15637593,0,-1.148489511475107,0.0854334468094325
15598070,1,1.4320624620460958,-0.6898040446109067
15787550,0,-2.783849810805399,0.8363644464586047
15603942,1,-0.32019003957604336,-1.3226865864090889
15733973,0,-1.0819464146814648,2.5435733681487704
15596761,1,1.788026886752849,2.860275993822513
15652400,1,1.1488156624563726,-1.0858267361789524
15717893,1,2.308563234001998,0.7398236975527813
15622585,1,1.377540793929965,0.08803644330270773
15733964,1,0.09574078962853809,-1.8925953009127046
15753861,1,-0.49438743065902485,-3.354971600945679
15747097,0,-1.4707467777659076,2.986613736246257
15594762,1,0.49967290592683616,-2.185147432095125
15667417,1,0.7645656219229447,1.689880080544516
15684861,0,-0.5047365717177132,1.3028793892779824
15742204,1,2.0870452848802135,-0.30899750761789063
15623502,1,0.4838046066462037,0.3638352158297453
15774872,0,-0.9494843181661106,2.4900594046183078
15611191,1,0.4286918792475316,1.8718050346306234
15674331,1,1.3131594393360504,0.0835318309244814
15619465,0,-1.953449461982394,-1.5494266561004006
15575247,0,-2.89563548773091,-2.400842468884948
15695679,1,1.2102535004793198,-1.410475880918724
15713463,1,1.7428977925875526,-1.7182202825665247
15785170,1,1.6441076442254827,-3.1584271891022992
15796351,1,-1.0287768665366308,-3.2610882713433753
15639576,1,2.6096727052918407,0.3880857626161758
15693264,0,-1.8102219832470081,2.2636766018605488
15589715,0,-0.9271041721335479,2.0670916731207667
15769902,0,-2.3089356092144566,1.061697614580096
15587177,1,1.7608684832615198,0.1401856207158218
15814553,1,-0.8015266967862449,0.03955834552545237
15601550,1,0.21017248066018032,0.6855991612690359
15664907,0,-2.2414594595750605,-0.8191542702189402
15612465,1,1.0895252196317846,0.8895229763154006
15810800,0,-2.552652353598922,-1.5653893025385919
15665760,0,-2.105554942266585,1.7789329931946134
15588080,0,-0.4317875467315229,1.8581144461465189
15776844,0,-2.295403703400957,0.6156442417659237
15717560,1,0.5581086568559236,-2.439300770665464
15629739,1,1.0777707450179412,0.8367553196485346
15729908,0,0.217920467383858,2.5490753631113914
15716781,1,2.847905475113667,-0.6275599579902454
15646936,1,0.5080225268160155,-2.4951552272934476
15768151,1,1.6007221631403983,-0.9923362116613771
15579212,0,-1.012800586223448,2.290495725290032
15721835,0,-0.8672517881468595,1.122928796610955
15800515,1,2.0061033121770793,-0.45441547511181174
15591279,1,0.5206013469145155,-0.7319600435905019
15587419,0,-1.2694969833774583,2.940194349956778
15750335,1,-1.1510287356076314,-4.71949271960354
15699619,1,2.54569152168689,1.1365272482676902
15606472,0,-1.4726544879464154,1.0012443024146958
15778368,1,1.850120614313314,-0.3096454122447192
15671387,1,1.0625773450487592,-1.2327380923369942
15573926,1,0.81989565583492,0.6851370044972356
15709183,1,0.9485012307144169,-0.41632501950082335
15577514,1,0.6883282574065317,0.9018949248239242
15778830,0,-1.9166526437143976,-1.3341928731347348
15768072,0,-1.5851491592974787,-0.33609087567512164
15768293,0,-3.3632125877630377,0.5872155501506229
15654456,1,2.584182584464768,0.43452207785096464
15807525,0,-2.942874931250901,-0.4854821486517856
15574372,1,1.8621840219871608,-0.986144548784981
15671249,0,-2.4589623882460123,-0.9820086814052001
15779744,1,0.04601395875211742,-2.3368352837660176
15624755,1,2.0277555081366487,-1.2974152873579539
15611430,0,-1.3629012920382166,1.7930271042674346
15774744,1,0.9598256630214097,0.24596494806259173
15629885,1,2.5155940218559203,0.019515647473513892
15708791,1,2.521052121728852,0.8880371061881244
15793890,0,-0.7830737551035934,0.917176223286492
15646091,1,0.4683347558655151,-0.564079949303251
15596984,0,-2.014760717376058,1.4052822877686002
15800215,0,-1.8849499915540189,-0.8232935272029668
15577806,1,0.6035685753600794,-2.171438044106435
15749381,1,2.131802076925537,-1.9352265170535643
15683758,1,1.650183759320533,1.0218449909636673
15670615,0,-1.8307376268789748,1.6745186694223477
15715622,1,3.3175435911706637,-1.379236265143601
15707634,1,-0.1517498373064964,-2.2067126888761783
15806901,1,0.8369935301913601,-1.5369705680933963
15775335,1,0.8959059981859109,-0.6195564602441069
15724150,1,2.6945065046466783,1.4692839121946764
15627220,1,2.9937823289405796,1.320274443176459
15672330,0,-3.0597447219898206,-2.3828514744137768
15668521,0,-3.75094432536493,-2.0431555017805882
15807837,1,1.732357699061674,-0.33929192352961796
15592570,0,-2.0232610339038715,1.434039752519169
15748589,0,-1.9906156916523716,2.216021041583803
15635893,0,-1.657218106817675,1.328367183562787
15757632,1,0.883475658000401,-3.826869835177048
15691863,0,-2.8354357776919756,-0.053651979622381496
15706071,1,0.05318312398500594,-2.422356209505977
15654296,0,0.03523830805444166,1.0385744821258454
15755018,1,1.4275921605754527,0.8329623095781616
15594041,1,1.419791148159101,-1.5518267781282962
15670587,1,1.7763443095935683,0.5932828465811356
15724527,0,-2.482285060203732,2.496227569595778
15801904,1,-1.1109988991528041,-3.4885307350980232
15658195,1,0.7219856122677282,-0.07025027051690098
15630113,1,0.8986874894423892,-0.532788130395122
15784320,1,0.5893975103385469,-0.6277986910399386
15676513,1,2.006158498229843,0.7713871184990393
15574072,0,-0.13063768132125603,2.9775649023300543
15633854,0,-1.6096396963963966,-0.4300223747188803
15618566,0,-1.8297600174458404,1.5250136622438972
15733014,1,1.1658211348272327,3.2026474417155564
15753343,1,0.3191860632681677,-1.5434433291447287
15746076,0,-2.7795857346191593,0.47455095446905354
15608226,1,0.7612524667881692,0.114380337582927
15605684,1,1.9117184593385035,0.22248628312258906
15638988,0,-2.070677644998082,1.8992654227549777
15628767,1,0.907400779864959,-0.9798537294247156
15737977,0,-2.0724568039594873,0.7176221307793823
15758116,1,1.3783229557089085,0.5240971070356396
15575119,0,-2.0516805790721424,0.5240093432083905
15625126,0,-1.8847269825285518,1.1704106904810703
15567114,1,0.4081781853263189,-2.058169642263477
15672242,0,-1.4303095425582677,-0.8494812661397714
15681327,0,-2.785089043239128,2.4153297646061684
15802585,1,0.1333901289740856,1.840896032610647
15740630,0,-2.6298295725362246,-2.512096721311678
15815420,1,2.026405830784012,1.4030679806129127
15711468,0,-2.631899692775112,1.628538808178697
15799626,1,0.9096087321663906,0.0893663168278855
15659325,0,-1.7427428273005434,0.5848782377629158
15651352,0,-0.9231190508382999,-0.6624846200192243
15684925,0,-2.5872553891076753,0.2715362610877877
15657439,0,-3.1475880033401324,-0.025512659811014023
15574122,1,2.6422169236177577,-0.7051843792524739
15720508,1,1.4771326623106875,-1.1564955451601362
15599078,1,0.8789397606945574,0.31778754908732776
15702300,0,-1.4446820235402975,0.25092315707408397
15660735,0,-1.0630790143148368,0.5535664849450447
15671390,0,-1.6015073194627876,2.8171389054822074
15647385,1,1.0556493917178273,0.4141292146647667
15739223,0,-2.8173254755292088,-0.5155576638004786
15631305,1,0.22370044560875937,-0.9470206426776981
15809263,1,0.32390106567228477,-0.08556050989130526
15640866,0,-1.108691446872692,-0.31989655958149665
15775663,1,0.9491415069656333,0.5452753727294642
15631800,1,1.2867249580661073,-0.8796365807767967
15654292,1,1.2018557816365758,0.5911197938825123
15648320,1,1.9094971095090196,0.24211385657596263
15726747,1,2.396672785491618,-0.1938697777240153
15694510,1,0.7697125434064424,-2.0491984087636617
15572291,1,2.4805864706362186,0.08500882126719946
15603465,1,0.8534009532530232,-0.07193767606609407
15685628,1,-0.20358743471915466,-1.9530110463029153
15792729,1,3.3193325678128063,0.5670240513178333
15767414,1,-0.7864876850609486,-1.679056803586806
15568044,0,-2.9524800085576643,1.7408220790276523
15751333,0,-2.113668159570709,-1.172983847628727
15623062,1,0.32423879062505684,-0.30665789183409825
15713621,1,1.8236183516665396,1.4301691141024884
15670668,1,-0.5332015456935219,-0.16925791254005984
15750638,1,2.675809285496965,-0.7666855056703659
15747878,0,-1.6777742436604035,1.4032386907571772
15726796,1,1.4413551316983801,0.604215227740768
15754952,1,1.111541622110553,1.0449000213203303
15652192,1,1.9420304890181974,0.7835953694737329
15681924,1,1.2698625650315538,-1.5709531042121336
15763544,0,-2.6018571628529314,-2.0827478610617143
15764431,1,-1.6214653086830337,-0.4760217101602173
15684010,1,0.38842389335335376,-0.42111899776027845
15648881,1,-0.4034301230321597,-2.2040120077768828
15733303,0,-2.6284337151301993,2.138413533748434
15643294,1,2.18950913962805,0.46438433877820195
15749905,0,-1.00658616225863,1.8271504066482027
15625175,1,1.073526036027174,0.6999825282517703
15643967,1,1.7967466447871727,-0.8524612254334683
15578251,1,0.8791592111129071,-2.3150066412715598
15772573,1,1.4578118026507443,-1.3321687754046487
15733234,0,-1.6114819771761935,1.2962445574887913
15721582,1,-0.3918987585027314,-0.46362665116572227
15628219,1,0.8570866400498496,-0.9984305833111198
15571302,1,1.0444572479439818,1.2944405412662754
15637178,0,-1.7790102202989795,1.8388029853813208
15601184,0,-1.8314659135973674,-0.7413066245215885
15629511,1,1.9754510597543915,0.6027729500671272
15570629,1,0.7853584753997828,0.8374705630228396
15665766,1,0.826626430020291,1.4850425355057835
15693732,0,-1.665028696754261,4.032341796789495
15765982,1,0.13271430728793,1.3898635239194366
15582016,1,0.30387888859920786,0.4923229075014054
15798024,1,2.5544585373687663,3.043657244521174
15588622,1,0.9027504738477445,0.2305567101851525
15724863,1,1.746589023418266,-0.09781554180571918
15618213,1,0.8374980782895157,0.5925454365864471
15780411,0,-2.5650650575288108,0.37033112318248795
15725429,1,1.744184641966932,0.6086079014201252
15600626,0,-3.0681992685722252,1.3057346069162554
15668460,0,-3.122583592940856,1.303748224852479
15576263,0,-1.649004516002487,0.634523650970839
15720354,0,-1.40230593763476,0.986997420645325
15691624,1,-0.42234859676696707,-1.8210309465745431
15793196,0,-0.7411570563990957,2.1779642248006255
15633352,1,2.5590285305981757,-0.44278433369449394
15750874,1,0.49501350550220163,-1.0293766032940734
15588923,1,1.6408475316340303,-0.8172521942339946
15715745,1,1.107033150606194,-0.5560285486903829
15611800,1,1.2524689941313145,1.3910464705695695
15576928,0,-1.2245849765992523,-0.8945117462109488
15793693,0,-0.8970006751597724,3.7998104725966253
15581252,1,0.5624169815596086,0.7833575512661465
15797760,1,1.7263700088528218,-1.841054679088732
15790564,1,0.8239986545210324,1.3847356241831887
15593736,1,3.232646303818384,0.47601031902139435
15595937,1,0.23243457341830573,-3.4995768462375474
15815628,1,2.136798759440161,0.9784357588670399
15782802,1,0.3701818879292644,0.176044264297178
15627412,0,-1.3616706099144618,-0.5823043813037795
15734609,0,-3.742611178210263,-0.45351687134785623
15710689,1,1.2579832044666575,0.6553942415640159
15565806,0,-1.5391519270945404,2.6181959911395203
15815530,1,2.512305929692562,1.9360562806429638
15632272,0,-2.4861954394968135,-0.7641499849164107
15684103,0,-1.6469595572475715,1.9777817406962916
15654519,0,-4.432069961048398,-1.8208868189392045
15767722,1,1.5385838872759776,-3.11042155164334
15654346,1,-1.4588038392926612,-3.026121554407339
15660147,1,0.3075859869752671,1.2399644746826135
15814998,0,-0.6555226596299295,0.4602957226866838
15802207,1,-0.16868628275886213,-0.44789799169414973
15658668,0,-1.1405428406005598,3.5778084175837965
15715079,1,2.7347743261100663,1.2340056573744247
15570360,0,-1.4639302461579142,0.07058350725030708
15674678,1,1.2630865535037357,2.1863453186751087
15780925,1,-0.36588740602310105,-3.490685664466997
15688193,1,1.0613552147167946,-0.829645638534539
15778219,0,-1.6195310654894324,0.7798771919635932
15696514,1,2.3539567156243897,-0.12775713391462476
15712303,1,1.9733500781192252,0.01736091373797871
15719090,1,1.3221700454089458,-0.8538491922084258
15735632,0,-1.266940250638095,2.39468277473567
15619436,0,-0.859214408659293,-0.14814259404784663
15722404,0,-2.5487396792331647,-0.4521080988625643
15662063,1,2.4169403487016052,0.04546955293421076
15745605,1,0.271342537695112,-1.080044874997446
15636658,0,-3.712282103884885,-0.490173863788571
15784130,1,1.4678698742466676,0.6188965600637513
15606755,0,-2.239692887375606,0.7253873028222468
15801699,0,-2.824403464927036,1.2764720780610863
15784097,1,-1.3066195522598223,-3.049764249199686
15764654,1,-0.5362085728956887,1.9086611509666622
15612092,1,1.594112389051146,0.8399868196545663
15610903,1,1.5281462156178325,-0.38151864009622477
15705777,1,2.802913878525529,1.957687958592964
15661936,1,1.7582188757343118,-1.1199017095084363
15700864,0,-3.1217125801985723,-2.8030948850464323
15722965,1,0.26866979260094,-0.1192537967753955
15737521,1,1.7081532778100057,1.2843186177413077
15814465,1,1.6469638270943996,-3.198884777772243
15580988,0,-1.9312830416664364,1.5124349189736268
15789974,1,2.558710218199168,-0.3007622729619666
15713370,1,2.9622807919987126,0.04711917186233719
15748673,0,-1.6274356337567275,2.586136852563124
15754919,0,-1.6191746462737822,3.008961955272274
15641662,1,0.7382195878788433,-0.14895012260650156
15813422,1,1.1611413715907886,-0.546954684811316
15713596,1,0.33620691941128333,-1.6901784083331974
15791216,1,2.9282196306665673,0.8086268645349708
15689031,1,2.022866902238637,0.5268796642682746
15763704,1,0.324987771206746,-1.8632736202028695
15631339,0,-0.4680578989191939,-0.14191373700025867
15771509,1,-1.024275674774001,-2.99263255339338
15769586,0,-3.3894181534457704,-1.9896468872312452
15656096,1,0.9058492631091352,-1.391353590486411
15585280,0,-2.862494185471102,-0.7922297059207372
15743582,1,0.32722967947168846,-1.037706946219593
15761692,1,1.8205314399589962,1.0414495949345033
15627840,0,-2.008766187851199,-1.5571818679241007
15778861,1,1.7370778942007539,0.11560072350531499
15770554,0,-1.5715473261987105,-0.21054961082317644
15806956,1,0.35465833278587044,-2.1619691584746605
15701908,0,-1.7060014237611443,2.1122747214634243
15736990,1,1.7249924376945371,-1.4549063778571156
15743714,1,0.9650768354273407,1.4620835285917624
15807993,1,-0.15532918702978585,-2.3989478046463684
15644686,0,-0.7179956742868725,1.7551089825139485
15677377,0,-2.888242450985292,-0.07412984550536438
15626412,0,-2.361863910238562,1.3740843680282395
15643679,1,-0.5325537916304258,-2.151988504065124
15728456,0,-1.62280930218243,0.14375805335756522
15630661,1,1.130518404828772,1.3834055484053427
15734044,1,0.6480901549081058,0.7270998916054715
15705001,1,1.1309001490559996,-1.0134225521439322
15809817,0,-1.1515629150719018,3.187563024349246
15809137,0,0.3168120463891773,0.48479632360926933
15751593,1,1.3865480534619452,0.2529973831432343
15626491,1,0.6024955676128452,1.4752989446909184
15765461,0,-1.459791035729751,-0.29089735247370874
15568120,1,0.5083995851702804,0.9967269237874851
15787161,1,2.286065626276464,-0.6668230089283841
15812324,0,-2.9423246332699877,-2.6603029302710044
15588944,1,0.8853200792022156,-3.2569062049672732
15694253,1,1.4961744314606942,0.3545070002268833
15759566,0,-1.4762578905662758,5.0555219360697485
15675675,1,1.6261724789106553,-0.42708371095082
15802060,1,1.576158020997789,1.1378175460966486
15660505,1,1.2292263522717546,-1.3677433036545126
15782630,1,1.93414587884249,-0.28168382256368
15700710,1,0.5688974214279792,-0.7069249475718067
15742834,0,-2.877916045897532,-0.751354228730056
15806511,0,-1.3437886031833761,3.221017116900734
15608166,1,1.5352053248056712,1.3200549257342364
15614230,0,-3.053370088587209,-0.07446183850474557
15729958,0,-1.9927590032533227,-1.3697778998329675
15800814,1,-0.2990696159939991,-1.8595628816070886
15674727,1,1.0662995966115105,0.09869305162566676
15657779,0,-2.996322001629605,-0.6158930567315036
15801395,1,3.4871106604313242,0.8944449131281457
15757911,0,-0.7513074260796949,-0.7790928366014295
15665340,0,-1.6422050911815096,1.959678046741205
15787151,0,-1.3545015700363767,1.0782132353564562
15757821,0,-3.324933367532431,-2.3149200526256215
15600688,0,-1.328372010804079,0.6838087146908294
15594878,1,0.2968661019050205,0.5497077255480753
15569248,0,-0.7139779328556533,2.8393533231564887
15812706,1,1.748718663611742,-0.383133480051624
15645045,0,-1.5943446429709263,2.302511857047079
15766746,1,1.2930171604225273,0.32065635773281437
15700383,1,0.3723536205255501,0.44883874429336534
15632551,1,-0.26593579174067267,-0.640089289489079
15795129,0,-1.1619698565153525,1.7938776639382636
15650545,1,1.5188082398855944,2.0996917690657138
15612769,1,0.05188672518892315,-0.030599647981652836
15710853,0,-1.8570846549842022,0.21032607182375232
15623712,0,-2.569869973838816,0.8221551043387335
15653251,1,3.398700199856094,2.957499787506147
15755077,1,-1.0951012994114955,-3.6066941176343823
15808557,0,-1.2123643422075285,1.1550169901745135
15614687,1,1.1820075202581457,-1.052382297947156
15626882,1,0.4082673940616512,0.18724007769968443
15748034,1,1.8228106595969347,0.034204647491166196
15632324,0,-1.3032085677958316,2.3216215965487867
15761023,1,0.5384824599927187,-1.0691972134022205
15761453,0,-0.7552953340083981,1.4743482038617362
15646726,0,-0.7315268450660654,1.1595861163705934
15637169,1,0.9242511905408217,0.5208264047060709
15636024,1,0.35695657011985904,-0.3494046197525961
15801218,1,2.862344838852436,1.0979298133105833
15642655,0,-1.447660132358213,-1.5180944943485248
15690130,1,3.335896689921046,0.132730166596636
15653753,1,1.7200165896254085,0.47712354627431575
15641359,0,-2.1786820677602785,1.4234614219207045
15776827,1,1.4248369017023153,-0.7794534617106362
15647725,1,0.09659445853173869,0.38361342220014116
15648455,1,1.2772650595143278,0.017860760209667426
15580629,1,2.672111625460409,-0.5353318573944763
15730161,0,-2.9693738285522704,0.21345943628665492
15626612,1,1.6746968277625032,-0.6038537856975212
15662865,0,-3.3971869664377268,-2.1095325484904435
15629094,1,1.2114708850026892,-2.7528511700547096
15651823,1,2.3638511144059855,0.9559892641756599
15594827,1,-0.176288724289596,-3.5685486366993477
15786392,1,1.9937183058802148,-0.583025281066944
15727353,1,2.0356781749198656,1.8680021936857645
15733777,0,-0.33730387056892375,2.411720409357171
15614302,1,2.001878115284797,0.878379468296843
15723263,1,1.6589092124183435,1.144163745516289
15687270,0,-0.9593537207584755,2.9589171946115593
15803121,1,2.248811295535291,0.1520005725899246
15598700,0,-1.6479375150124815,0.269818901672498
15741875,1,1.2258499805536687,-1.2267092082322735
15631709,1,-0.6424104604757089,-1.7656701819422111
15672970,0,-2.120207505788896,-0.8606700932648917
15761670,0,-0.09141148021596263,2.5000818565386016
15706005,1,1.9210319393176165,-1.6502021100451272
15790336,1,0.3668183609915357,0.21356169265454406
15754267,1,0.15149168483838174,-1.477263425652844
15791988,0,-2.9417197692887456,1.6509986824132
15683375,0,-1.437442625953563,0.3007022800174156
15625151,1,3.0630030778703436,2.50036756196243
15635285,0,-2.2018901541217613,1.6061484634459346
15574296,1,-0.5869428645512054,-2.035256514568532
15711618,1,1.0711567017218095,-2.4571622134702307
15670943,1,2.6337484092996157,0.20155672763060867
15634359,1,2.2667078426878158,-0.3780329668983295
15586629,0,-1.563707439831447,0.4265468328142006
15588461,0,-1.7352296075006188,0.7528229421435209
15773221,1,1.896740470208727,1.281495285958305
15664227,1,0.23273171869856088,1.1904358536152042
15741745,1,0.5584866216734776,0.005409393479986398
15652626,1,1.9973705693293173,-0.2299192924362701
15599410,0,-1.879618760183229,-1.0907953254276492
15571958,1,3.3430028832027783,-1.8442023711114783
15785406,1,1.6173816547470883,-0.03428005893782643
15687884,1,0.9550065851997379,-0.9400303824053872
15621685,1,-0.0589292885698208,-2.110568218321854
15628886,1,1.0980671476558153,0.635652401482433
15699325,1,1.700594269614237,3.4978055744233987
15578369,1,2.951183604979145,0.8948610872295503
15654156,1,0.7369022772884185,-0.17453539237065477
15707199,1,1.1091227251647882,-2.78501907051476
15671630,1,1.245416529774097,-2.5535556950323706
15632079,1,2.066629154595806,0.9219530373703827
15767921,0,-1.8427062961966316,1.8858479698819783
15573599,0,-0.8794111458149884,1.5771815715451794
15747208,0,-0.6149472610197454,1.7724575294157583
15582762,0,-2.081065468008421,0.6984216774082663
15772528,1,0.7430807279568962,1.081125577457214
15755798,1,1.8677116596045755,-0.8048209145395279
15788683,1,2.7602392531768833,1.2050427376707198
15616922,0,-4.326274951869707,-1.9626877703511363
15771855,0,-1.9362440602540938,0.6988261812575853
15601873,0,-1.053665588725892,1.7819562494165706
15657868,1,0.9986273071932927,0.6664631096350858
15711716,1,1.1878866190217237,-2.155573351841259
15734246,1,2.012046840127319,-0.5399286660440992
15792151,0,-2.256577648701924,-0.19384364531159182
15770159,1,0.8925639972679614,-0.6656501123645926
15747649,1,-0.5075979653075039,-3.884575895836898
15639357,1,1.9171672613090516,1.201651513472552
15738907,1,1.243333139407035,1.4611191461840267
15663446,1,0.659556321268177,-0.4829593286968266
15750867,1,2.1982253288495444,1.313685170457371
15715939,0,-3.996584967111277,-2.1863313704893503
15763806,0,-3.1048630619346964,0.767495832976161
15637993,1,1.3905837552321691,1.4055917516259995
15720338,1,0.6098223686210298,1.8683128150109476
15627162,1,1.7965461560991487,-0.29067339074728005
15596710,1,1.6288301163102994,-2.8923380099610565
15781678,1,-0.8517517340106397,-0.5594312168717016
15634968,1,0.9136037802992468,0.3861234282035554
15609475,1,0.7533274365652917,1.006115502155203
15573319,1,3.8968728334205807,0.0524178278425107
15738291,1,1.3962454786429466,1.43869137519359
15782456,1,2.7414662557003107,1.1615392186095628
15794841,1,1.8441702245130203,-1.072190485213288
15684696,1,1.7441782957884555,-1.5647608487920466
15629846,1,1.595792269678354,1.1667509364147568
15674442,1,2.9465035296184405,-0.5269765628821821
15571689,0,-2.968340881608256,1.085464359666828
15730469,1,-0.4431837992881939,-0.6045579245127263
15809320,0,-2.2600771028023514,-1.2132880679645113
15684367,0,-1.6389829321108171,0.35663045095650325
15793049,1,2.4586420875107433,1.3021511779971897
15603665,1,-1.17525394583759,-3.5109200145623904
15613623,0,-1.427714632908154,0.7214097234859835
15569572,0,-2.1330559486662795,1.377014158379317
15698791,1,1.4127561261553385,-0.7989855826030814
15626233,0,-2.341896504479747,-0.5053394963661035
15607263,0,-1.866683715230322,0.8498324736517555
15610900,1,1.939604895929115,3.3718889155366436
15624775,1,0.9354063553949381,-0.7715095657564273
15691703,1,1.552519017181683,1.6290642731007612
15745355,1,1.4317928947200063,-0.5970272932066257
15724955,0,-1.4984655214594456,-0.4091668666244963
15628999,1,1.7418876564251937,4.404986103792013
15654341,1,2.5297737122951403,0.4824460256146924
15744240,1,-0.7312652785709448,-1.9783024722962028
15632365,1,1.4807382160442342,0.5935198628477699
15729689,1,0.3802800450622391,0.10531738907479966
15759284,0,-1.1220204508958973,1.2206938735678494
15602124,0,-1.5295554575715915,0.9576294693769958
15661903,1,1.7611721606611455,-1.0973738417185501
15664668,1,1.6518397778081941,1.7874898352975963
15736431,0,-3.1550824073995343,-0.7881401455680491
15748639,1,0.2132502412782518,0.541654870569045
15628123,1,1.7449859419293743,-0.6982356375435446
15602731,0,-0.6352492196455541,0.490648556264173
15794137,1,0.7042623737383724,-2.9050733480433775
15748696,1,2.9925379658066564,1.1024381980560025
15725068,0,-2.737405524156513,1.8429833829604685
15807340,1,0.6255607646105193,-0.8332848930641222
15586133,1,1.3950705721035512,-1.3529134455563134
15576185,0,-3.5261253097601504,-0.7657298393671538
15660809,0,-3.338246986339839,0.4183814622244364
15616666,1,0.4623587309711364,0.8587261260191575
15706904,1,1.059510842777833,0.5917659735889872
15606915,1,0.8650716461013848,0.383766617181144
15749693,0,-0.9628099234332396,1.8243513289776996
15791743,1,-0.9254934770013408,-1.8587189971284783
15796480,0,-2.3309848573217478,-1.1898941086538264
15790442,0,-2.5522509125393014,-1.1538366164103915
15609458,1,0.728505790643802,1.6928779839737553
15593897,1,0.20253725947471635,0.07658409705958012
15604576,0,-1.4354328419861122,-0.5071918792767788
15666270,1,1.568796093742659,-1.6496997771267485
15572626,0,-2.56890660877722,2.684716918489663
15727197,1,2.831037265643878,1.5109868583833028
15714006,1,1.0307835541303243,-1.5808080511178706
15642137,0,-1.457124640080852,0.7424405463343112
15665327,1,0.9031600611934429,-2.823394492245569
15626806,0,-3.5128115993961058,-0.6972092107094029
15662578,1,0.8250165445676193,-2.630948391941619
15790829,0,-1.4959260843201678,0.8748107422715944
15654959,1,2.300832950566924,1.1067982384816057
15760244,1,1.7702301531373763,1.2783686810520902
15715394,1,0.9468237119595738,-1.142073206518348
15722246,0,-1.9892863539006704,1.5601624828123464
15609704,0,-1.1819892510662253,0.4079221331679687
15757628,1,1.8554898614986475,1.8374594799486552
15633586,1,1.6876486574680787,0.891238673227105
15565796,1,1.9302204599452273,2.5045448587495467
15717935,0,-2.875090493716951,-0.44115037958787506
15577700,1,1.8935440763623195,1.1737849587469038
15747345,1,0.852727300705827,-0.8333689834838852
15678317,0,-3.2545199761626464,-0.4674214618037563
15698335,0,-1.0154169253011778,4.05558013236699
15768451,1,-0.41039389591711867,-0.3422937860531952
15753213,0,-0.8651987055878849,1.0386734800071502
15769645,0,-2.093996442831443,0.2368146209741321
15657565,1,1.1638733530499867,0.35859980077685016
15620323,1,-0.5804662056702907,-0.7180602642010324
15679983,0,-0.5148647108771461,1.5463660548242937
15812616,0,-0.20857764127779393,3.4702978542371903
15601796,1,1.1191847731125124,-2.864718261462532
15729489,1,2.2579993145387998,0.5276992525276449
15613216,1,1.1008296797260422,-2.452134451831603
15657937,1,1.3885090706343515,-3.1768511571402347
15815428,1,0.45562099223165,-0.698290527749127
15640409,1,0.10909401235349127,-2.3981328844054977
15699492,1,2.557888941428491,-2.348501027822253
15623536,1,1.7988151105455599,-3.211667321223344
15707551,1,-0.7586106799146843,1.155400922737439
15577999,1,0.8370560726069307,-1.8804668180734798
15788775,1,1.3352217730643783,0.9403832733373328
15758362,1,1.9997178285416177,1.414115415889695
15807961,0,-0.7260747996599916,-0.10689953190374511
15710978,1,-1.473296502376474,-1.3005585242267161
15703541,1,2.056525060273629,2.113162152979493
15626474,0,-3.882598279519767,-1.8934316390655999
15608344,1,0.4656400531767938,-0.09842461856915105
15768367,1,2.714322587642185,-0.5226267804961746
15806210,1,0.6858952530671576,0.6223894713613863
15697702,0,-3.2150136409600116,-0.7227641814899765
15689152,1,1.1597656487109402,-0.7732104347077259
15568573,1,2.38757208546213,0.9297680608265974
15689598,0,-1.2025285166987403,1.6737641418585596
15713374,1,2.578564401658886,2.709675341086086
15679733,1,-0.9627352178573043,-1.591505749521058
15759274,0,-0.48069938793186473,2.3006342458387197
15607748,1,-0.2897692387935901,1.3462885470330355
15607577,0,-0.4764929325521295,1.2096808264952725
15813697,1,-0.40753335934468876,-1.7433816013826977
15801125,0,-1.6434155545933768,-1.4328082919505813
15777855,0,-1.8621839869658774,2.0210700468203813
15635396,1,2.5977084871818197,0.5756149531819172
15698031,1,-0.12727289761009916,0.633805063836329
15678944,1,1.154255307423362,0.2699469824977713
15718507,1,1.2341653339049383,-1.1832523358459581
15808334,1,-0.6491310076006589,-3.434525221509784
15804709,1,2.4334834960823253,-0.5669183947747612
15645835,0,-2.315158360324716,2.3049792575794656
15738166,1,1.9214146986046807,1.84274326422621
15675360,0,-1.7869993487620925,2.220730068077814
15793042,1,0.07901646951685447,-1.9113403741453114
15630106,0,-2.8734659618310845,-0.8794955672085519
15810385,1,1.456719771561658,-1.7571326730127148
15578211,0,-1.9100798665005976,0.397784849031366
15572792,1,1.747855837947934,0.7443603019014758
15620030,0,-1.5213375837807963,-1.4331396377952388
15783541,0,-1.3417471226325557,0.15070286693181625
15679284,1,1.0222840361851142,0.885626936718957
15582910,1,0.8008478067926823,-0.21181229545051794
15688337,1,2.12031008094762,1.2619815432740258
15734970,1,2.4581130893606744,0.4045167411798163
15759140,1,2.3714992805930466,3.294065397090788
15643042,1,0.3501161005273186,-1.900985113518549
15773868,1,0.7059498555388701,-1.4808615576286561
15615820,1,1.0623142164169925,1.8360580514942535
15730273,0,-0.07645131287920998,1.2010832936009768
15724890,1,0.25385790187460866,-0.5873582783026081
15765952,1,2.5219125563981466,-1.3866087407082044
15685920,1,2.1019038973581585,-1.978165201111302
15663263,1,0.8297319488191484,0.1607015426741727
15568953,1,0.6554409996014385,-2.678134619050046
15643361,1,1.4896537231743738,0.3112417361402727
15699486,1,0.9588858747348304,0.6712439535119792
15747854,0,-3.1989674024046018,-0.6389884482162744
15691785,0,-1.9106184024627269,-0.7224704054949396
15709004,1,-0.800116879562139,-0.2862028383559697
15652218,1,1.3800832550684317,-1.7331570658707698
15697127,1,0.33429481199011046,-1.451463057752155
15658486,1,1.2311132938802392,-0.47816186624724427
15694160,0,-2.7365963611225093,-2.623508433030241
15685290,1,0.669606142127436,0.05404306439035275
15701042,1,2.1257042790830973,-2.2527329765698867
15680449,1,1.0253994342655206,-1.2657146400067043
15599860,1,1.499166581156184,0.35255690616126323
15723169,1,1.8763419726293522,1.067449804844643
15803842,1,-0.048502311557406724,-0.95661000417603
15728224,1,1.1700312473477625,1.5221533339465516
15644174,1,1.8207330784467888,-1.3097433507747658
15707110,1,0.19918715488382632,-2.215739162352712
15765415,1,1.5085561837469348,-0.5530160908645381
15756751,1,0.20117192222106764,-2.4475838914589985
15795151,1,0.8345208534382483,-0.7429463407408265
15632859,0,-1.4656724162987547,1.3786094351563483
15584037,1,1.1536537700049432,0.8750419524908083
15621409,1,1.3461822126238017,-0.6848936659283428
15581102,0,-1.5299725868613487,1.0691338302099505
15578096,1,1.9700024786072972,0.08029386289919395
15669887,0,-1.7932798680987279,0.5574793158405467
15621834,0,-3.478546655993067,-2.29258357350419
15655341,1,2.5607487238698847,-0.6957876476718955
15685314,0,-3.563645539405693,-0.7852996556377688
15653997,1,2.313263502554185,-0.2491031082287339
15629551,1,1.2846436583492449,1.5568777365588264
15651264,1,2.242410283725868,-0.3587333485577254
15760825,0,-2.8669575398435208,-2.217043088761843
15597394,0,-1.4452940328880914,-1.7578982522595157
15740383,0,-1.5430532500731462,2.9257001889712058
15670562,1,0.18251102701312835,-0.8682289905806678
15698117,1,1.2103135641915699,-2.9660488887167586
15694805,1,1.159578075026089,-2.6642497551064834
15746802,1,2.634999095685418,-0.5570417385519307
15589428,0,-1.7816998299011604,2.8386960052390853
15790267,1,2.6739466352359464,0.2556352755935295
15665402,1,2.2691999074622227,0.7454039330860629
15642093,0,-1.241394502837132,1.022930517152091
15666181,1,0.07604434888634991,-2.48616692821553
15602554,1,0.6640619726322609,1.0659331793001008
15724251,1,1.2579768283740702,0.18092911129067457
15740147,0,-0.40483471149443967,3.1640062744618684
15718289,1,1.1091702030635333,-0.666006511207114
15763148,1,2.803441585596024,1.1708570215363858
15685245,0,-1.3858984372383012,1.1969758845701617
15626985,1,0.6123839879030614,-2.672445080926513
15585823,1,2.01989301736616,0.5914974940357585
15728167,1,0.9693764193267227,-1.1373383112418547
15762928,0,-1.0627383069818805,2.6653995801966315
15751774,1,1.6603787039427111,0.48182401259145247
15654733,1,1.4910401931331205,-0.507771471266467
15809777,1,1.0674350384439177,1.696767580803643
15744200,1,-0.33596129029498095,-1.849763556520892
15720713,0,-1.103108122336862,1.8892837468976826
15695356,0,-1.096802094708655,0.7128050292314929
15653315,0,-3.069919478864209,-2.2132058372540406
15604792,1,1.4976406179904476,-0.2733134270369829
15704819,1,0.939302639766406,0.20627146952440273
15670859,1,0.8341811648474701,0.4010164091077203
15602797,1,0.5639731144228138,-0.3680123944421021
15662533,0,-1.4486041828737553,0.38191105151218313
15778154,1,0.8315710830309152,0.1256672805684304
15806230,1,-0.6988555151254241,-1.705874874361458
15662884,1,1.1617960416386128,-2.2061585097983043
15750778,1,-1.5846724753542756,-2.441672165258102
15717185,0,-2.420725695316461,1.7122759369031446
15677804,0,-4.832927783125491,-2.9187127229917893
15568915,1,2.2679110684662236,7.393335575342666e-05
15736495,1,1.8535695377733792,0.8241115549784206
15737354,0,-2.252370775989939,2.246124625318856
15667889,0,-1.6167648225552511,1.104582159218287
15577831,1,1.6457491442120962,-0.36706626987850793
15729836,0,-2.430573555028037,-2.602801438312873
15775293,1,1.4186755219045328,-1.1403649409390784
15697597,1,1.1761044418913447,-2.8224502614093767
15639669,1,2.1335009362975605,1.0187821892484585
15631392,1,0.49844610299330105,1.8522537498058835
15580935,1,1.5124197300057818,0.8525152912396218
15590344,1,0.7697476786202113,-1.8503391480958353
15653306,1,1.1535203957558304,-2.925751357387475
15805025,1,1.8243010725189845,0.8054989614441957
15658449,1,0.9027431543137281,2.2434073343443313
15694450,1,0.8408494714714622,0.38038022434359087
15605666,1,0.38004782768857726,0.5237533307159881
15615126,0,-1.1824747189922917,-0.6151515678217235
15726588,0,-1.7665657071578187,-0.342571861231062
15645095,0,-1.5926816549364142,-0.028405479644631245
15808960,1,0.16917204306485326,0.03015745219096258
15729435,0,-2.4772766473946928,1.4696842544096937
15656840,1,0.4658249517672048,0.2574737674238145
15659149,0,-1.647427157601031,-1.2460460903992934
15585490,0,-1.4854898146597526,0.51244202855287
15674929,0,-1.7247071284889732,1.4563701537071387
15746341,0,-2.412422265322175,2.382209788801205
15662091,1,1.5073442019468892,-0.26817253616252174
15620123,1,1.3328026003979185,0.6144276696144391
15616240,0,-2.003972356990188,0.08629190255095613
15624186,1,1.6675338610995456,-0.7885808817524786
15605036,1,2.3532473706304615,0.997503637066454
15805151,1,-1.6657191207503705,-1.4705399164330726
15753847,0,-0.4842291996306156,0.4048091117981862
15653222,1,-0.3970900444762511,0.28148695092195813
15757541,1,2.5295159391543995,0.4779483057290529
15726945,0,-1.0296563619794956,3.4649503429797788
15794276,0,-0.6960639989246146,0.4167547371143775
15568328,0,-2.6965189183125378,0.7680269477473445
15604355,1,-0.5020186842897985,-1.8808003040652548
15735788,0,-2.5536510284084706,1.0918915419296604
15618255,1,1.2014109586087538,0.735809219738123
15720941,1,0.41037408745985277,0.984485058009113
15769110,0,-2.1482489117789325,1.2477250908557793
15576094,0,-3.7809903285024262,-1.7892702305248587
15756150,0,-2.8303948608202427,-0.5118453765357451
15719579,1,1.269625113764436,0.8542186115030839
15748854,1,1.573551935159683,-0.5674954090200417
15612455,1,1.8067591406898722,0.32885520720764994
15664802,0,-1.4251211072995267,0.8581023692849142
15735687,1,1.9900500547093252,-1.9245906096099976
15664734,1,-0.41275185942508247,-1.5044397844801682
15767894,0,-1.4827854927621964,1.337598394282235
15666884,1,0.9642248404621163,-0.3467293510221708
15750156,1,0.44505108958028416,-0.6377404997888847
15751120,1,1.411595868632835,-1.7025860279958795
15575748,1,0.3923462995803479,1.455569540496707
15714610,0,-3.1879071125677774,-0.9057319868139534
15720305,1,0.5550291426747813,-2.2788209562521264
15678129,1,2.177419745654091,1.2629572939697702
15566633,1,1.6295040667187226,1.4101227871874866
15680436,0,-1.5464997736791894,-0.22132624939904044
15674343,1,0.5249298041236236,1.420837171436061
15658890,1,-0.29020680973014484,-0.27932975488149275
15599004,0,-2.1569270245625716,-1.2788707859764585
15726487,1,2.687842022055114,0.7470143046416445
15698716,1,-0.3164004785009223,0.007933941143279529
15710527,0,-1.3784266404051084,0.36147911889833134
15655590,1,0.6783697378210287,-1.9484510174434426
15732266,1,2.505091841558509,0.021080560706735307
15669326,1,0.6746459904743256,-1.2813017759393834
15672246,1,0.9086258868507613,-1.4579373798131334
15620276,0,-2.732802365593172,0.9718567337275296
15640258,1,-0.27596933226073334,0.9912608892699787
15740283,0,-2.3589147642600867,-2.5834800970725653
15759717,0,-2.2060653698875696,1.9578085538059005
15620268,1,2.7915609283136478,-1.4923192682282418
15743871,0,-2.591824675084862,0.6499682836717646
15614491,1,1.0064764803630026,-1.5517033859787788
15595047,0,-0.9022669371393574,1.531559884485815
15732334,0,-3.6828744129852113,-2.2323158543143165
15701206,0,-2.0321971832809305,1.1138288772635276
15581280,1,0.5726077149801744,0.18186315380310275
15651943,0,-3.0710886719622654,-1.6784576866293623
15609545,1,1.5578076052946914,-0.5900372950304947
15658548,1,0.7610922290911397,0.08321494084032123
15626008,1,2.2615172655078144,1.9210924780288106
15774133,1,2.0934453434833373,0.7428879370403465
15763798,1,1.0427258600847062,-0.5305274446616292
15758013,1,0.14802078805732194,0.03522003152403236
15705765,0,-2.98307779722943,-2.034799374852942
15648362,1,0.14766911215741813,-0.975849575801515
15761102,1,2.3153452092906037,-1.0531748032834765
15610165,0,-2.8766584559219526,-2.7125864409227476
15723717,1,1.7285008003626159,-2.6090164723196834
15654611,1,0.7960206737980633,0.6748464824118854
15659736,1,1.6466192749440511,1.0955925655641745
15603170,1,2.8113869271325367,0.6396354049967949
15786167,0,-2.9075135271449914,0.3711440152563666
15671915,0,-2.4639414890674076,1.2022216536609311
15794792,1,1.0128908108909715,0.8862255963786109
15652789,0,-2.089205295016061,3.123656884241076
15739168,1,2.157901332641853,-0.7598640139815318
15719950,1,2.1274410902392242,3.0396392925864344
15743818,1,1.5726208287762256,2.250278614616158
15717937,1,1.2345857172524104,0.36085248540577886
15602841,0,-2.2506444042251688,0.48484087871777537
15619972,1,3.470512952695321,1.3810313843072402
15796114,1,1.7734569236492228,0.6141416739244527
15633546,1,2.2186441382279702,-1.5894170486691208
15758755,1,2.100422624207371,1.0496812898091994
15695168,0,-2.4399502202941448,-0.8526162715034938
15754342,1,-0.27256647581315513,-1.9863255535277937
15756610,1,1.662091232916635,-0.04280036517673447
15640917,0,-2.7294336779005164,1.2154865716989791
15663164,1,-0.2120198953550049,1.0385326632706007
15616811,1,1.5211492731254597,-3.010967157295354
15610781,1,1.6085167798510107,1.4117911672715162
15600911,1,1.2303834747225801,-1.6228892621347948
15629603,0,-2.5424013051515453,1.9477404850041422
15714981,0,-1.8643805575562875,0.6979450140897955
15775892,1,1.9926381459858695,0.24261870135138514
15782778,0,-1.4193212113211173,-0.168473787652887
15786643,0,-1.7190075212245504,2.413910607330075
15595657,1,1.2599776557296762,-0.47240161818757465
15743673,1,0.4202639506776674,-1.6283982170134923
15634310,0,-1.1361421111281822,0.549577980013643
15790809,1,2.178931692440881,0.5156703781490417
15668695,1,1.0089841472952366,-0.3857670786477051
15669281,1,1.9960028956881029,-1.195050940006604
15621031,0,-1.90930031349815,1.600270409011269
15720071,0,-0.9809359494341588,0.4420934905988671
15792180,1,1.0948320708106047,-0.329515442568641
15813894,0,-0.8159294379681207,1.2142810547189942
15669490,1,0.8175971100282696,0.04118466344934962
15783030,0,-0.7918391841880169,1.8520650088535977
15695792,0,-2.29154474923464,-1.1920313212548994
15575676,0,-2.8405782592481468,-2.633244044732143
15627665,0,-1.0925890933418234,0.8241477285167227
15814092,0,-0.8602767117973796,-0.6230731019156436
15695225,0,-2.2555234844221888,2.1780660612194076
15615091,0,-2.4644994825586846,0.7287619003129304
15794345,0,-2.06987326753446,2.2230146677011295
15726484,1,1.8683256054335784,0.3796154549927008
15650442,1,2.245948907496362,0.3392602504119663
15714256,1,2.0149815676345386,0.04982230250091699
15778752,1,0.8352758994552666,1.2912448595244972
15601659,1,1.4127681577215832,1.3411059957759852
15602811,1,-1.3965948234284633,-3.1619774392828717
15779414,1,1.6490287831385346,-1.2704747608361342
15763097,0,-1.5376276587401239,4.288313654763379
15633666,1,1.8991176977396067,0.345752674249268
15718789,0,-2.1156520859254777,0.5854240602748416
15690620,1,1.6332222699386372,2.021720933929507
15737071,1,1.829988815577889,0.46600796826745905
15665062,1,-0.6805488918735207,-2.194816048955724
15600692,0,-1.3153461994902749,0.5118950745833749
15792064,1,2.4526921638430754,0.03564717687669866
15811486,1,0.6505980838680543,0.5665017002239029
15626141,1,-1.383748223118711,-3.232406187376613
15738546,0,-1.7616996980220667,0.23624623281118962
15677052,0,-2.6193741303190428,-0.4565124502734256
15656454,1,0.9083943200139944,0.5779957883911632
15645496,1,2.619325909029403,0.507429652969169
15612505,1,1.6469873790984648,-0.9701265469014715
15708513,1,1.2397497687283134,-2.5565085414670214
15685654,0,-2.088246441372515,4.263142301717347
15732307,1,0.8567138931998829,-0.6241175253245526
15726814,0,-2.443461216992688,0.7561079979809552
15653776,1,-2.2478590419311932,-4.690222412915866
15597914,0,-2.594912337055342,-2.1628800294618613
15631603,1,-0.26229657765864406,-2.1406562457202627
15789753,1,1.863712071683382,0.22915661074828975
15678034,1,2.3695110086306763,1.7575948354377093
15690209,1,0.22442579116983005,-1.413467273210325
15592091,1,0.3895764990794342,-2.441796409205819
15647453,1,0.9370709688744747,-0.024573878945779296
15697100,1,2.4814083562776283,0.3014656529566149
15811290,1,-1.5545489530826138,-3.2388605196854328
15629187,1,0.8806881275974497,1.5244616012963976
15758073,1,1.6345011751452898,-0.03654922623507646
15640769,1,1.6617932777117088,2.357238484395474
15606641,1,0.06607853942460838,2.89723788637603
15718280,1,0.8107019838056254,-0.5130268563775958
15764335,1,0.9457379916081577,1.1663615441099937
15634218,1,0.38569892450453264,-1.0865765609184757
15808760,0,-1.2768780060071112,1.536678238373575
15648461,1,0.7688191819234789,0.3757403728820323
15593555,0,-2.5639215427389694,2.806764185805394
15569079,1,1.7377518900916502,0.7017662747645956
15800736,1,1.577814015337493,-0.6869942137739621
15792607,0,-2.3111768563917696,-0.8224553952123655
15640034,1,1.0623646064187784,-1.3425314687705172
15807563,0,0.33048148841429176,0.977823984726591
15684461,0,-0.422748484712472,0.8179172773206669
15580134,1,0.8191437502648861,-1.7711407495939693
15679075,1,1.2047219571054952,1.3139475303172234
15742504,1,-0.7299184306729485,-1.6314799242353162
15567328,1,1.6011239243444086,-0.1724668603377394
15698294,0,-2.823998235743635,-2.4239898372421007
15607142,0,-1.2713777275804605,1.8895860743551958
15738516,0,-1.5262162186583574,1.1453472959364597
15806403,0,-2.00363998012502,2.6537725621335206
15656707,1,1.2647170743369511,-2.2095599728090214
15653715,0,-2.1058881999330366,2.929185985216352
15806184,0,-2.7533284266469686,0.31634709984932047
15585734,1,1.4928019705461768,1.1375594771639135
15725639,1,2.666302744879834,2.3780779612612686
15618401,1,0.8730069059622576,1.8951404682963373
15785385,0,-1.2450164150603333,1.0018341676514295
15734762,1,-1.0298072887129344,-0.6771001420777651
15767129,1,1.9383379706051407,0.9509798050729884
15797204,1,-0.18840524371461156,-1.3898129262538395
15769272,1,2.7109942531483657,-0.6454595469596469
15771966,1,3.0396867094042164,0.5440457881555004
15691952,1,2.078868842543422,1.5142209196088485
15593250,0,-2.521847164198341,0.26106364449234704
15605333,0,-1.5221865747613479,1.3684759649510279
15800083,1,1.287927706320119,1.5754580914127183
15575691,0,-2.207562606550018,1.6871731943744228
15689886,1,-0.02406715228148806,1.8618627634226614
15809838,0,-3.5799909043032496,-1.9370643521303903
15736154,0,-2.5646561988373984,-2.3775478720728556
15767391,1,0.06594087439152162,-0.8314412114143234
15704910,0,-3.0030843607942046,-0.24354034992414653
15656613,1,2.123911342698706,-1.374773743615274
15611551,1,-1.2096336072936844,-2.7553345428500076
15732430,1,1.4679321267485836,0.0052558369907947395
15741865,1,1.9958373747119589,1.229317464557295
15634143,1,0.9928756087203617,-2.900811565631097
15609676,1,1.3692755546423931,-1.660375768352272
15761600,1,1.0255730408068293,0.10805099526455737
15676404,0,-2.302724468384811,-0.7368099440169336
15659236,0,-3.225257064971901,-0.04180527764036224
15690440,0,-2.75757119940629,-2.3381663850901897
15694601,1,1.3010209542956976,-0.6742011649014934
15812262,1,0.4428458877603009,-1.2098956116237607
15762821,0,-1.94155453608296,0.5366360315525461
15669301,1,1.7935336544468543,-0.1807023650916217
15672640,1,0.07683472670366219,-0.5022986181332926
15750458,0,-1.8298621156987593,0.18876751381546442
15627251,1,1.934473424655256,-1.1116539346291348
15764294,1,0.2652515949542744,-0.42406248376885725
15659962,0,-2.7630448929299924,0.557143621881933
15788536,1,1.2852467765036177,-2.365598764560947
15596979,0,-1.8785784551516034,1.4844758644767766
15681220,0,-2.005210813195181,2.018066318982075
15635097,1,1.4094936300667107,-2.601276837806512
15780779,0,-1.850367615685298,0.31684612832603315
15798470,1,0.8318895035387767,-2.201665101287285
15760880,0,-2.160084666743511,2.574879504581753
15616929,1,1.3606589328871783,0.8624279822871362
15758775,1,1.0367431800373472,1.8246237346389766
15663386,0,-1.645727960195459,1.0274236741929903
15621267,0,-0.16674396690495086,0.4307749980734639
15720509,1,1.5593358759809643,1.3431651073814266
15693322,1,1.5827230780673116,1.5136064179623687
15589544,0,-2.7417277091435186,1.1592426253302952
15772030,0,-2.6727977807848586,-0.18246858361714013
15693337,1,1.1369806701716239,-3.059780689090706
15676571,0,-1.3100557704066427,2.335102459960431
15701392,0,-1.3259582906035616,0.45883716531540664
15741092,1,2.960560742457634,1.1203486701220648
15643865,1,1.4093929016405418,-1.0694251263990626
15769389,1,2.0248478306153777,1.4612347285969258
15807768,1,-0.42806323630687887,-2.149373588184473
15801630,0,-1.0668841289716184,0.967616610474969
15705034,0,-3.224862153898247,-2.2472990874837606
15763107,0,-0.43688843877066424,1.743891851526155
15667085,0,-2.3156379960422226,0.09232684049386307
15647008,1,1.6054509794985241,-0.6458954548791879
15584505,1,1.5809762227705888,-1.2337760784146956
15748068,0,-2.0042934342826983,-0.7046250484433181
15663964,0,-1.9762386073462168,0.8019487607301461
15782311,0,-2.40413832377096,2.111781293744961
15588197,0,-1.577867290646301,1.6251900088938482
15610105,1,-1.1495830008443244,-3.4742827327620023
15606133,0,-1.1117851183154175,1.4919457455449787
15599403,1,1.8917494807720872,2.6458226099224786
15648225,1,0.9529450616600655,-2.508310071101668
15608406,1,1.1331720127408065,-0.4059300931412236
15633378,0,-0.5095962737047665,2.6267830377945707
15664759,0,-0.574194698006304,2.0366328863276033
15625545,0,-0.5364802846475438,3.1305207717097487
15772148,1,1.49220314116427,-0.17639521466238328
15810829,0,-1.1556497594793136,2.4454210954429825
15731669,1,1.9625941382358618,-1.882200154299862
15738634,1,1.6086416182822667,1.9262800098149127
15737571,1,0.8843592974395262,0.11262202024699709
15667602,0,-2.4397963212968277,-0.22786770955390673
15684147,1,0.8258051724602219,0.2257265380245037
15789874,1,0.7352776002721172,-1.6482151631709234
15757952,0,-3.193603024360556,-1.1913069592297838
15698732,1,1.1245773386814524,-0.5166623718719624
15714355,1,1.9928631251441105,0.5701940482332629
15599090,1,1.1500058170302156,0.8683204996831116
15762048,1,0.8091825175852411,0.15787495490814973
15790596,1,0.45477267869964866,-2.7637529729179517
15609623,0,-1.1363788224112037,2.0474184535958306
15711901,1,0.8253617705408286,-1.376277008132656
15779809,1,2.243316583327611,1.0893485116603379
15729018,1,0.6602089326852438,-1.574074506748009
15698246,0,-3.2148791661440486,-1.0501043732196274
15712409,1,2.2379681453102362,0.5294404931023977
15758306,0,-1.9978482511972877,0.8608266144731671
15621435,1,1.580207213452417,-2.545303338668208
15566295,1,1.4057432301985449,-0.3927093071949621
15569098,1,2.1507269611039685,0.4666436446155905
15662532,1,1.6111379529217087,0.07251084935315795
15664001,1,2.056558132024751,1.894594154253166
15703437,0,-1.4341889633245046,-0.7060816741286469
15708003,1,0.8552029651107628,1.703664739940369
15599452,1,0.6262968305806875,1.4317666339249848
15719793,0,-1.4545956516199126,1.3288839146617537
15771580,1,0.7936955896190311,-2.851904636628759
15732268,1,1.3690936207922564,-1.25737906817523
15722350,1,2.0102289325728204,0.313742096269918
15611371,1,1.426667591050961,-0.5115930746964639
15673584,0,-2.76398617373887,2.4893108026153272
15636396,0,-1.0464509122536754,1.1043294407821573
15706170,1,0.22002335543740006,-2.031978195912639
15725478,0,-1.7062996634389658,2.5641216649743446
15654562,1,-0.588626453108763,-0.3162635309322713
15737509,1,3.0939139532774993,0.39720914471206137
15690796,0,-0.4810624624219457,1.9840347335253243
15716728,0,-1.5436603337051649,3.1198104042751282
15605665,1,-0.9498475782967684,0.08011936780181601
15748481,0,-1.2543732644594543,1.178666378156134
15757777,0,-3.6314700945139147,-0.5590018251318962
15747808,1,1.3067936228548191,-1.4806721234700049
15810593,0,-3.339663726579906,0.706320297494563
15693376,0,-4.473963064468278,-1.998231017570255
15579808,1,1.5486564667086098,1.0627457421060649
15598275,0,-1.3810087399788857,0.9855165161514392
15737080,0,-3.8729617249492763,-1.941158840204101
15668580,0,-3.084080696378264,-0.8912332607830279
15569438,1,2.260114933205383,1.1960337492515827
15675842,1,1.189099486607108,-0.8185369839930228
15577587,1,0.8666594221521883,0.5959071340750497
15625592,0,-3.6256571752111206,-0.7806678817413221
15635141,1,1.4115673071080437,2.0511458553066255
15642570,0,-2.0621875842305233,2.1289249145651152
15702175,1,-0.2843256600325153,-0.8504869552803425
15677785,1,2.125821671245316,-0.6382261916599339
15786153,1,2.0118213333454675,1.4560566430186959
15759499,1,1.406844955062306,-0.9425847001664679
15659568,1,0.2777773034345832,-0.892577900114188
15715597,1,1.2854908586757336,-2.6497234446720896
15610147,0,-3.2757412956201994,0.02719345809646648
15802362,0,-3.5698426325584807,-2.2808765934083004
15660524,1,2.374347117691693,1.9757419364728954
15747168,1,1.4257256804910203,-1.5120940650220853
15796910,0,-0.12115836656850715,2.50933814761647
15707674,1,1.3889008702992984,-1.1054217825396313
15565706,0,-2.351990794682207,-1.2183425380489474
15587596,1,2.04769931852136,1.0044316224396521
15751943,0,-1.5949150024710694,0.9852438487017523
15621227,1,2.6445433045467683,0.46032129502871766
15757588,0,-1.1007370675697052,1.9112112110431263
15640922,0,-0.7613144957109762,2.2327346640369443
15567557,1,0.011679336651837988,-1.4099368622459998
15670103,1,1.8056621821376668,-0.44171289287681365
15720929,0,-0.5232028040700588,1.9065410898590618
15732774,1,2.254156353812836,0.36176432305147765
15628558,1,0.6402785135630342,0.363213433448792
15729201,0,0.3365544459817295,3.0795100148732772
15731117,1,1.4559168637130036,-1.9171316685229873
15615207,0,-3.0301539695268165,-1.102874935978836
15773512,0,-0.8677518261580813,-0.2409713496486529
15572145,0,-1.5486833288123176,1.808080657487994
15642710,0,-2.5286330261516117,1.4668396041512086
15574213,1,0.15301543036947726,-1.8867369831612133
15718852,1,1.390633735986888,2.578404932867739
15583840,1,0.5374925213966645,0.07073947682603592
15782418,1,1.190893811974559,0.43151912530776493
15813504,1,1.4448217258962999,-2.974875812174423
15711314,0,-1.0669230804820857,-1.326322639052222
15621064,1,0.6653946324176273,-1.049114257853812
15627847,0,-0.39737997887245186,1.1904206876805945
15588090,1,1.4586072750058954,1.4331379414461953
15735270,0,-1.660010656445129,-0.07791565524359399
15671804,1,1.120366863126674,0.604005718250432
15753215,0,-1.5396306133040538,1.9226758362903709
15789941,1,2.4154436215351884,-0.05843025059430011
15691061,0,-2.0958100851410526,2.489283960795633
15808326,0,-2.56721069317448,2.5545378829940026
15566660,0,-1.905659419936078,2.9301202238552264
15778947,0,-3.4677458249592776,0.18205582463766373
15632977,0,-1.020519578554566,0.8434582877335627
15591747,0,-1.64877575254318,-0.5272920666358519
15567335,0,-1.3132113709629847,1.4680382502064002
15609299,1,2.0088372072972622,-0.2768987860509008
15669945,1,0.31274600142205056,-0.7228489322484155
15736271,0,0.2117406765429633,1.5743661276991954
15710390,1,0.3873476202903442,0.1571014234330625
15756481,1,2.0964703170303265,-1.3498748231517579
15736730,0,-1.4351908684867742,-0.43830098248918314
15626040,0,-3.842375910141872,-1.8840670455458153
15746553,1,2.1812108731816258,-0.013820427322765337
15622518,1,-0.1065598896054893,-0.046425847973183484
15684908,1,0.4387091394363994,-1.7231415869186715
15569446,1,1.7737279316498984,0.33994279055329746
15777504,0,-1.2014676491392606,1.7455902347911365
15677906,0,-0.43860051597651417,1.2554271869869262
15703292,1,-0.13716571055900265,0.6306293917610666
15712938,0,-3.1873803152588973,0.29079453519788295
15631359,1,1.8930301978377027,-0.1541314061193553
15720847,0,-2.854475647517233,-0.9485841265667628
15787830,1,2.4073919885117228,0.13310719232518103
15599869,0,-2.393908926962664,-1.3270501966544128
15592078,1,0.18775916266920398,0.7658692241987605
15596228,0,-2.6204583549762335,0.32076430087355123
15578462,1,1.737898260571904,3.666663230236144
15756894,0,-2.519763570919602,-1.1273067524223623
15796167,1,0.7912748000901917,0.42566523555299707
15664808,0,-2.577984446846174,-0.5589126938232933
15664555,0,-4.192476678404601,-1.7039436797159344
15607278,1,1.386535307197303,1.5368041132024242
15585222,0,-1.2395362978265616,1.8539862412815753
15750299,1,0.7418889612370348,1.4240569887173655
15761294,1,2.7993303896249624,1.5974064849279435
15810454,1,1.1895694237867176,-0.6770806430832178
15673984,0,0.05453710364505709,1.6010992534063242
15609319,1,1.256464207482235,-1.0501695608255477
15709941,0,-2.0132815339717283,2.3115843050897245
15580252,1,0.5490564032003495,0.041814097867939604
15741275,1,-0.054272242497335116,1.7478743677942687
15707132,0,-2.2479151276301836,0.7081630872940616
15600708,1,0.8613699333708119,-1.1214545358479688
15804787,1,0.66713278028902,1.5978984926567374
15690021,1,0.1734763331149817,-2.4314829149755997
15763895,1,1.016769470747477,0.24925224822994202
15623478,1,0.35710642260046765,-0.9737528586540902
15797910,1,1.1203929344763373,-1.3775469549338637
15577751,1,0.8552641887269907,-0.4187127764149624
15781777,1,1.6292301547978383,-1.1368983357752254
15740527,1,1.607036282968405,1.902362476437681
15721251,1,0.7917098370767333,-0.17856657778414536
15602994,1,1.8752645016978258,2.797708794884486
15750769,1,1.73147734430632,0.48626560664382057
15740175,1,0.33752025738154845,-1.8520965749139782
15679968,1,2.4595332977972877,-0.4964067502628119
15694404,1,2.003278262083451,-1.3912282073883326
15657529,1,-0.0671270011913583,-1.8269185337904703
15762882,1,0.5716062778197595,-0.6009991434715736
15642579,1,1.0970086150881098,-2.7138229216510377
15598884,0,-0.8889489244304649,0.09396876446157175
15770185,1,1.5419210099789795,1.630787437072254
15800287,1,0.6471886971146231,-2.027045123515134
15665861,1,1.1109319583683204,-0.7929759770221613
15662203,1,-0.02950162098207362,-1.1468375976153398
15616454,1,2.4841250046426637,0.4447863332874712
15702788,1,2.030467501420308,1.516164130276684
15778149,0,-0.7412002149624746,3.908677792476238
15680001,1,1.065569294788728,0.4634132114706926
15711991,0,-2.0034442203284644,1.9547249415010701
15633834,1,0.7291501691212454,-1.6635326625376339
15765266,0,-3.5537237537541886,-1.9041516290960037
15791867,1,1.2306934524466866,-1.2741567853216862
15675380,1,1.961819284623615,-0.801609981274661
15770576,1,0.4055247566581834,1.2174463849608759
15775294,0,-2.5704927934858715,-0.9945076861135137
15727059,0,-0.9507380739138226,0.0002772474931180298
15702499,1,1.980152443896089,1.7612060179331321
15611699,0,-0.3521213384367469,1.6331987918986408
15654000,0,-0.5968418110389329,0.6348166918433822
15657881,1,2.2836535980257873,-0.5580764616062815
15719991,1,1.2455804516935276,-2.254501320181655
15720687,1,2.585767450461363,-0.8797002720321305
15687079,1,2.282234985126308,3.733918673327217
15582276,1,2.0864371351894437,-0.6141100999134526
15763980,1,-0.6779827757906807,-2.0185580884044505
15720774,1,1.6485223506406335,0.9879545867637977
15592194,0,-1.515231397143442,1.8708852035253016
15803685,1,0.9360043866642144,4.326243959134306
15759456,1,0.7515801125892431,0.4451040425222871
15611544,1,1.3458109753630536,0.19915831597176026
15794257,1,0.8197474515173961,-0.5968134311898069
15681697,1,1.5763887615014027,0.7723330574606876
15579566,1,0.8221428530944236,-0.581190443292912
15577970,0,-0.9908671466971242,0.9374217661425578
15727489,1,1.095958436822149,-2.308506789375924
15764284,0,-3.295532753000931,-0.831666940417164
15581811,1,-1.198836025280926,-3.1200888407840863
15622527,0,-1.6631934850115813,2.3260860312816525
15753362,0,-2.7019097705648556,0.5189356596195045
15666652,0,-2.6848980417742476,-0.7408475617938468
15789714,1,0.5560254344373945,-1.3438549218417015
15771543,1,1.3728604739085137,-1.985776173563889
15748327,1,1.5724580568299982,-0.3167218785846028
15754649,0,-3.0830285100379817,0.6226322828297218
15810460,0,-2.286335521824288,1.4798258458275906
15771742,1,1.387058281726309,1.208025667222866
15642160,0,-2.513864983012501,1.0944966966630052
15798439,0,-1.6698966361040957,-0.8334456737991883
15605293,0,-2.789154667539299,-2.3972247243598295
15692631,1,2.115359786971488,1.1847208603888366
15665376,1,1.3247848906570074,-1.816306639102732
15772412,1,2.0319919128510615,-0.4592759213387526
15654577,1,0.7475675819202435,0.9189657221900885
15585427,1,1.7701977077642645,0.7858272540375473
15584536,1,0.9279533825246448,-0.7772394012719961
15585853,0,-0.04437958370823276,1.5218786488482077
15645271,1,1.7204192155709306,-0.06519730203755328
15579387,1,-0.48724582292698254,-1.6202082303030543
15623107,1,-1.1779541992327618,-0.9830244091904274
15754072,0,-1.3896049518485027,0.9291736437777239
15666163,1,0.12131250810663931,-2.1231420737304383
15765192,1,1.360365163236962,-0.18619222056458073
15804822,0,-2.8321498406216934,0.47765139614964136
15612893,0,-0.6358450161520859,0.5619740157403127
15593636,1,1.043078734985735,-0.33754647490407325
15693326,1,1.959413216586214,0.35516459288333424
15809901,0,-0.8539392644977577,1.569913979714531
15759751,0,-3.457073252694143,-1.953498154127064
15605425,1,1.4471323744722204,-1.4965061215909845
15801934,0,-1.9825138229362917,3.611122833794578
15592000,1,2.0407706507282763,1.9571302851042756
15618695,1,0.5617212133264718,-1.1734616916254472
15637110,0,-0.45742493573846055,2.6789792949683524
15727408,1,0.5579222237627377,0.5216214694374395
15716328,0,-1.750178106180424,-1.0367957599830984
15669060,0,-1.0502118789911528,2.503468176474102
15675854,1,1.596026734216122,-3.006649773596818
15621116,1,1.3120300866113197,-0.1848246204015793
15781495,1,-0.5081075984447231,-2.2574130510597374
15740470,1,0.7411487863950923,-0.7947993203857199
15714391,1,1.226837612794693,-1.769048943684179
15730137,1,0.4456438052049625,-2.580494842077452
15596455,0,-0.11421572926519824,-0.7636527982222227
15717290,1,-0.4598079980064061,-1.6828853148766734
15616555,1,0.7724460591086233,1.7018687426512356
15659820,0,-1.182477687963598,0.27635621584998266
15696301,1,1.3032445010943388,1.6819196815945223
15771087,1,-0.9926877911009149,-3.1526033873251755
15808831,0,-1.9171396698693473,1.1065645852196266
15812241,1,1.9374551266219897,1.6645727887717456
15680370,0,-1.9714055731276212,1.782534013590659
15780561,1,0.6047010988524665,1.7616343977081321
15800784,1,0.0027370980031065396,0.11684478994456805
15715796,0,-3.94131904836703,-2.357855633492317
15605375,1,1.382776581815561,-1.736889991639558
15621520,1,0.7280355125128636,-1.1845248360867713
15665460,0,-2.80231014901902,-1.9134932808183016
15801152,1,-0.6764036797609156,-3.1146523004538857
15756425,1,2.48377881962141,0.05211959375560454
15674328,1,0.3561452114657146,-0.7136332085314618
15742404,0,-2.065831377939602,1.839389320788822
15757140,1,0.17485623735770717,-2.381064295256637
15570051,1,2.387007134969992,-0.4921997518035526
15669175,1,0.8817525740473083,-0.622968783559355
15790324,1,1.8723635782328822,-0.607388000358386
15691119,1,3.032945968479481,-0.13410267469590992
15743478,1,-0.2416074384353221,1.3708679813244637
15707007,0,-0.5197489244534566,2.0999284553594464
15572547,1,2.5344106992849404,1.553364425709089
15567063,1,1.7047459743323867,-0.022112005160457845
15689633,1,1.7784355828640748,-1.8494804192815149
15720637,1,2.9581590370864057,1.8790094066639909
15616859,1,-1.4500680209769978,-2.739617968831876
15766166,1,0.4451379409472183,-1.209068707919352
15617655,0,-1.8587882534696145,2.2598590832151126
15623450,1,1.4662580878170939,0.07020525003231
15796612,1,1.3997784799076418,-2.78540069992575
15795963,1,1.2382215896776556,0.6615341358231269
15781598,1,1.6363717321019398,0.3714341854849358
15691871,1,2.5435708727031723,1.216618585182108
15740345,1,0.8328992863802993,0.3323857820015678
15662626,0,-2.610283279950203,-0.6139274093192618
15596575,1,-0.2937122703426926,0.02294970442927108
15657321,1,1.2200033623898874,0.22211306154305327
15575955,0,-3.334401538325834,-2.660329996850101
15743893,1,2.7791154251340306,-1.5493050854288628
15697270,1,2.166555709225077,-1.4655484952228588
15644356,1,2.9713097356370626,1.9524017754195704
15677586,1,0.09160466791009307,-1.524190501657593
15571261,1,-0.026291315810198525,0.20813961174672635
15698758,0,-3.0815304575964824,-2.4987622570206995
15787014,1,1.3587771338956847,0.5168772651093633
15739857,0,-2.7254897222560253,-0.08090192095967817
15774630,1,0.3450189911490752,-2.1095321473867337
15805523,1,0.030455246354216512,-2.2630543383927186
15749557,0,-1.4066801756567062,1.1065994604309226
15681180,1,1.9752219440910443,-0.17455149202172368
15742028,0,-2.4213698362598497,0.9426054288162555
15686463,1,1.829726646911375,0.6549109933806642
15654379,0,-2.8989890399640363,1.315242014150718
15783629,1,1.6166541812712214,0.03283587943281957
15751193,0,-3.0549253735584165,0.4682698003242561
15724099,1,2.1323700718218834,-0.6721635698232208
15568429,0,-1.9425408026449287,-0.0779341552400634
15648967,1,1.5451700571303235,-2.1460428301968086
15664498,1,3.3464621752442896,-0.651295728638295
15779522,0,-3.1664671216553266,-2.7431745027433285
15583850,1,-0.2645154399339696,-3.525503651567072
15696539,1,0.46778959073844256,0.24391704711002576
15760121,1,2.3420787695494956,0.8534759416809063
15628279,0,-2.1963977342220318,-0.3980041478574524
15766163,0,-3.7845574664296615,-1.874627422876104
15566467,1,-0.2528993654151412,-4.072015144738602
15639049,1,1.1454162083967043,0.5795072110687762
15736413,0,-3.140399055516378,-2.5170244140681306
15634815,0,-2.2028097013977463,-0.43034770771085307
15716381,1,1.75048309982501,1.0659865136553635
15708162,1,-0.9293077021248635,-3.0908675717821015
15569364,0,-2.7189689222416926,0.006858501008157883
15791191,1,0.6709165002902293,-0.956161523140632
15621205,1,1.5071388473407685,-0.8623463573942657
15704788,1,0.831222638160632,1.7247206574500316
15775756,1,3.478192646556084,0.10353471097376192
15641312,0,-1.8659866176406836,1.559285153757044
15782531,0,-0.8315939538106631,1.2847161293332658
15724428,0,-1.7187363770470074,2.2430352528280983
15743617,1,1.4039739310824653,-2.488940727019061
15585839,0,-1.7924358128343927,-1.2305676623239183
15658158,1,1.729760471145385,0.9780499074206651
15637678,0,-0.42211311134618895,0.5496078785294489
15701809,0,-1.9847664634998021,0.1643763122414952
15676937,0,-2.7210540434735333,2.091719714751428
15778975,1,-2.011919415238905,-3.307367374697382
15710375,0,-1.9348875461284218,1.4455374079636498
15579914,1,-0.3203874500825586,-2.1620436111704318
15595160,0,-3.317589492336203,-0.702508834277645
15595391,0,-3.9052955067136987,-1.8721539227450157
15630363,1,0.2697783420081788,-2.3433665068574996
15692443,1,0.2547379296865971,0.2879666405916994
15593795,1,1.5934154722451055,-2.393849569486239
15642824,1,2.3734977762378473,1.2299151456873023
15683524,1,1.5167688651743882,-0.7425156822330607
15713532,1,0.6154048407265719,-0.45240558683175014
15719827,0,-1.074469250004123,0.07783430089014988
15578435,1,1.88892694899234,0.9369716192543093
15723028,0,-3.2209644436837257,-2.192546694090385
15595609,1,1.618294127662614,2.084601430243544
15622443,0,-2.848722606109878,0.42809936741561594
15579112,0,-2.2227196534420406,-0.9621065984108387
15648479,0,-2.5986053819893162,-2.702817335819183
15659234,1,0.13750418817094157,-0.7310331585339797
15811970,0,-4.343302118487667,-1.63993186494542
15774192,1,2.0510895927133386,1.0810892725680443
15595136,0,-3.8616497838152783,-1.9841290259804316
15630580,1,-0.1308999004911661,1.5080956036452025
15660646,1,2.680650307817718,-1.7242165203268651
15614365,1,1.337774294985554,-1.0533814204271543
15776128,1,2.9654911262825063,0.05096410661785061
15787035,0,-1.5941533988625214,1.6927016041320642
15792646,1,-0.34922353371791764,-1.463415751399176
15726832,1,1.2973935790831714,-0.47438630030840956
15773260,1,0.8488912115130431,-2.86025702872621
15624437,0,-4.108927086227002,-1.973148789569177
15717138,1,0.6626651971897771,-0.16566491808914532
15657317,1,1.2555566961854312,0.5641257111396434
15626948,1,1.8634568095817168,0.3235444864741788
15758901,0,-1.5475886415636146,-1.1814878303058387
15777759,1,0.3680186850080832,-1.5109770152923356
15773322,1,2.2515043193815414,-0.5933965385034065
15697318,1,1.3099416921144664,1.479284362415724
15678916,0,-0.837109678954729,0.23545873204235346
15632118,1,2.6928028394680714,-0.37450539236820346
15788118,1,0.6365165729973976,0.4475809028006691
15788930,1,2.8886995594036375,0.05337326430386216
15628583,0,-1.620735443906826,0.2539067841020385
15635177,0,-1.6435781662272333,0.9549993466559186
15587690,1,1.4752867191392876,-1.9304963530995898
15627630,0,-3.080368177652568,-2.088711454925842
15610930,1,1.8097394813063135,-2.8883911508662625
15657747,1,0.532150921520898,1.877373080886461
15568006,0,-4.004509899360475,-1.5999063533551887
15751748,1,2.4973672305523182,-1.7074543795454553
15722212,0,-1.636351342745749,2.3772017738898263
15658670,0,-1.5714628056782727,2.0489931964784134
15761654,1,1.961380346357452,0.3591659753161186
15812210,0,-1.5972440763623528,0.929341155799292
15787051,1,1.838046930865884,0.6734369426912525
15642991,0,-2.317036240603321,1.501247205449023
15713769,0,-1.722709140829545,2.019749271487892
15605826,1,1.2995847108840202,1.8479718394433846
15648898,1,1.4356205159140796,0.0808594413206359
15705309,0,-1.3416932667876427,0.688601748154781
15734202,1,1.2067995467811394,0.047420239287433275
15658852,0,-1.706192631589831,1.9114837081533194
15612633,1,0.9480543123507246,2.1385347495880094
15604818,1,3.278099949685841,0.5463810001895933
15593900,1,1.630304822085339,-2.7753626729861494
15624995,1,1.2243394371103944,-0.0007253765309701271
15570087,1,2.028223860175451,1.1178542212149318
15802617,1,0.6898699566679597,0.9032730399877805
15656029,0,-2.529358601724119,1.490103023209981
15739194,1,-0.37867139995104065,-3.666105772341264
15607275,1,1.3063736183278534,-0.08739229562857741
15629475,0,-1.9522395708172702,-1.049849232886795
15635034,1,0.833972221965224,1.7127668240951541
15756333,0,-1.8523516202049428,2.3932440229515426
15777436,0,-2.6439995858216596,0.8854458873421993
15676835,0,-2.5479040652856106,-2.5275141623393114
15574206,0,-2.4800732177292675,1.7926517489526217
15613017,1,0.6737867294132146,-2.3681637340135033
15815131,1,1.0877455216020275,0.7001024516215084
15585455,0,-1.6907694256406332,2.0803463681797973
15692929,1,1.4418200531659124,1.792921989369202
15758081,1,1.8492295982842186,0.9244918372937593
15667476,1,1.5141640589826986,-1.0074182173123518
15738248,0,-1.4230092363275781,0.5161984119872218
15672152,1,2.784186001635212,0.8702882775371971
15673372,0,-2.410503119897003,-0.7221290477958625
15587611,0,-0.6010952216930028,3.4211306168168587
15803415,1,0.9237466157828672,-1.4876237474059977
15715673,1,1.7147649371996443,-0.4187216900692179
15655648,0,-2.3537096195949716,-1.2508687710070208
15763613,0,-2.309564710564298,-2.7002353515416018
15660385,0,-1.6852836504351538,1.7064894495307923
15733261,0,-1.3570714110814677,1.4571241092789187
15796231,1,-0.7894957181237909,-2.1724463471498585
15624866,1,1.0847739095362035,-1.5028457567174853
15623730,0,-1.997343529176562,-1.299447787714495
15668248,1,3.3420088019244023,1.2376194377314094
15694518,0,-3.087343120562021,-2.5919878723247365
15638028,1,0.7331282723078808,-1.169598315121764
15795895,1,-1.1582155714214886,-2.963743797304566
15694376,1,1.0145600028871609,-1.3090358057787124
15669204,1,-0.18784340633812016,-0.9504987982263545
15773779,1,-0.1724200603889419,-0.8834377258290329
15580682,1,-1.0234981054673202,-0.1430335310807391
15768530,0,-2.3452480813342853,-0.0983331350382508
15672875,1,0.6952131543043447,1.0329220744321645
15617082,1,0.5568046642428084,0.8228517806782418
15760514,1,0.38878218683714605,1.7977451135143752
15761775,1,0.49862929247284643,0.060062819719021665
15799964,1,2.8023762668089347,-0.24518400837627444
15693906,0,-1.0556433994709737,-0.49879366870428965
15739514,0,-2.0140402987929216,2.149512414551131
15756926,1,-1.5047235713845994,-3.036377318200585
15770984,1,1.075125630977686,0.4956111973642058
15703979,1,1.7302534686739,-1.1601887004212452
15801821,0,-3.175866360555365,-1.9776395630293757
15711028,0,-4.546545804243385,-2.761614524858863
15791842,1,0.669155740712421,0.26586120021554194
15746127,0,-2.8997244066954573,-0.41390585520242085
15663625,0,-2.358000917693639,0.6018737033353994
15604891,0,-1.4780340928630755,2.00485755436974
15589666,1,2.2761243871245784,1.147675658852486
15627881,0,-2.5222984129439476,1.8821379565382879
15664895,0,-3.7588452024696117,-2.625182233901338
15676094,0,-0.9705343733306508,1.0240221986970983
15761720,1,1.5835906672317972,0.49974043498679477
15611961,0,-1.1935656429026518,1.2542428833267234
15680167,1,1.0064516754543744,2.1623528671536287
15762543,0,-2.894938002292555,-2.372898492575099
15658475,1,2.229956198138959,0.7639131702926771
15779743,0,-2.0489598443017374,2.140578197182931
15661532,1,-0.2967897601563379,-3.3290025473559375
15782360,1,1.0185129982645587,-0.9608143931904168
15767908,1,0.8463670580749577,0.25119620806296183
15677105,1,1.527042092835916,-0.3135469573609276
15641474,1,2.0580534099477976,1.888621245067776
15624451,0,-2.042711677689366,-0.2716499322953694
15577985,1,-0.6360645758254766,-0.004982967194165714
15571666,1,2.000792242968489,0.6804344004240871
15783691,1,1.0590728541797214,-2.537778459587228
15671172,1,-0.25759632085954504,-3.7650081751967095
15731760,0,-1.2520284662019998,0.4862693658667784
15585599,0,-1.3537043046845207,1.650562502632817
15784958,0,-3.0597454079503894,3.849544582931782
15734524,0,-0.430570904268485,0.08749897740731911
15614103,1,1.512267566659195,1.363340158893842
15794895,0,-3.4370513425424223,-2.125026917713501
15772381,1,1.6862054242710303,1.1196403459129405
15710553,1,0.3725517456716455,-1.0310511526756776
15649292,1,1.7723539229130094,1.2613949815424
15792565,0,-2.2537153935081857,2.1327663443598652
15718245,0,-3.4164901108019388,-2.2753808763447383
15703117,0,-3.3077131689317887,-1.9856234762601244
15758136,1,2.14129823873712,-1.4963395866494877
15799932,0,-1.5375812961105293,1.7817783534356337
15633516,0,-1.274885089575125,-1.4833188210529533
15622532,1,-0.4393940862816919,-3.6304992046524367
15798960,1,0.3582468852780088,-1.3280240125740048
15698664,1,1.0140214935659022,-2.159960065603661
15703614,1,1.8146802696312483,0.17025524801160496
15699195,1,1.2012219139397426,-1.5718630136492469
15710543,1,1.0189434051993758,-2.4828647969075757
15695499,1,0.8749623602163016,2.2860716524910414
15622321,0,-1.8515872290479929,0.030195269893379537
15715744,0,-0.620994232055535,1.6456169938105307
15788151,1,-0.31279969439964966,-3.6619342371848944
15687153,1,2.089770807987902,1.5176239233696491
15684958,1,-0.5025432188844475,-1.8420665264005187
15706116,1,1.8902547722013343,0.6229601775032976
15740557,0,-1.6984055057736616,0.8924789571620335
15707291,1,1.3046823704204125,1.1749756639793385
15583353,0,-1.5506286782373653,0.47251669652258765
15761024,1,-0.15003514451259528,-2.117813465880559
15630709,0,-1.2402235515809372,-1.3837401147438473
15639590,1,2.0852796963883056,-1.6052828565025568
15659399,1,0.9578200130565637,1.1571362208246316
15567078,1,0.48034146063530975,0.872826717269713
15696373,0,-0.8592228742776566,2.6296423626033536
15786617,1,1.330315969302509,-1.0916537553893888
15657449,1,2.1488083371525404,-1.773838857861737
15672594,1,0.6483411623869997,-2.1964522103025246
15714240,0,-0.6697900248635928,1.7641259160255676
15782144,0,-3.5206973535381723,0.1548766353324203
15665008,0,-1.205444121392672,1.1143549378447002
15581733,0,-1.4617825216132312,-0.3185017187705328
15751392,0,-1.5021167407061635,0.7379355233199958
15785815,1,-0.2039888223562232,-3.7289714084934507
15664214,1,0.13015966339530902,-2.0817800305389724
15579996,1,3.0096889119890666,-0.4711417584812809
15675252,1,-0.31694262165134807,-1.1445848836981125
15579617,0,-1.6528594150802722,-0.1370772996000686
15593976,1,0.14420489316716625,-1.1736648470970887
15716041,0,-1.4932384838826271,2.4448411725943857
15654489,1,0.98031241319283,1.2936051018392625
15736302,0,-1.850808060938436,0.38929356485279015
15805909,1,2.131552887689114,0.5226394224791194
15572762,1,-0.13034142401681573,-1.53669698369854
15724632,0,-2.7397143812871794,-2.7599392027550635
15670416,0,-2.6246970240501857,-1.2377175592622343
15749528,0,-1.0692712692901443,1.708870700345101
15578783,1,-1.0070719812510196,-2.131283235956547
15580719,0,-2.176025950848376,2.0456056381659766
15656293,0,-2.2658727891740065,-0.2601114004128703
15691875,1,1.630799796410774,-0.1379285653572569
15596870,1,1.8255520396054394,-0.7395967195411994
15780770,1,2.250293633119852,-0.10143328847420097
15751491,1,1.0357569311580928,-0.4678176235632296
15706200,1,0.6670704720971874,-2.1500895107040576
15808674,1,0.22494631562703982,0.09631921369305611
15641411,1,0.2546819355587886,-2.590537941869786
15764661,0,-1.368250182300007,-0.5726570777851179
15689492,1,0.23168798926561793,-3.5956548725772888
15602405,1,1.6134590678741711,1.5850256183860905
15610271,1,0.6812496119986705,-0.561446050528375
15791780,1,0.9788662104530501,2.0477679728656004
15589147,1,1.8995869707713928,2.1201386738644796
15756975,0,-3.4125608107048775,0.11386155293803911
15729582,1,1.3533571011972687,-0.6077748784162157
15742971,1,0.5474127319228982,-1.9963726827632264
15568046,1,2.2790684388868607,-0.32224809688222766
15694890,1,0.7361870119451258,-2.3011551867881486
15736963,0,-3.198171452264889,-2.195172072042857
15646490,1,1.8407780520208066,-2.787928343724266
15607314,1,0.8715387884057935,-0.9566642160999452
15576745,1,0.4486449005449091,-1.9835907990069812
15669606,0,-1.5811280972133477,0.43181358270529135
15737832,1,1.97144700931514,-3.0984639076980343
15681990,1,0.2093004278504167,-0.2062026141115312
15758050,0,-2.768908643759265,0.6710072397922826
15787848,1,1.360451240307351,0.8622216091252516
15713594,1,2.314767155032222,0.11725783114342299
15588186,1,1.3283711491500236,1.2385405600036345
15786739,1,0.905710861044445,-2.616316281723413
15699467,0,-1.5080524547559793,-1.6166528417250183
15680706,1,2.3651095030154337,-0.6297317605774045
15645717,0,-3.417366172387353,0.012720051369152415
15748597,1,1.89994159347367,0.32780116060136083
15773709,0,-2.60009918494607,-2.942179196571167
15629787,1,0.8612776938056604,1.306781199974245
15661007,1,1.1312329351878192,-2.9121403415293363
15686812,0,-0.11203862618324861,2.1014005018006876
15754113,0,-3.2720221991522713,-2.716752452282216
15749489,1,1.8247229430962137,1.0082946872368164
15574352,1,1.9357628412344772,-0.7896816412201288
15701281,0,-2.5520758677190156,1.7360819990709513
15811985,0,-1.6283965738235144,1.5652740674008296
15713505,0,-2.5519884666368147,-2.63072221917655
15685653,1,1.2268130678310052,-1.6143339100587137
15758831,1,0.6557573779309294,-0.5404551008440747
15618774,0,-0.9004474173552558,0.4277785881290469
15764448,1,1.4265563934486325,-3.107290712281398
15611024,1,1.2308172399348016,0.7952455166987644
15738220,0,-3.4656839091434612,-1.9687854989498563
15805764,0,-2.139169183777468,1.8313175748411703
15580487,1,0.604563598147746,1.070614659358547
15675787,1,2.1474725582339493,0.24273845259037502
15583580,1,0.6241598474645276,-2.305366711086222
15780654,1,-0.6432870071760397,-1.0177232830442338
15695034,1,1.9700676734049842,-0.5949122717912464
15805671,0,-1.8500877738946284,-1.7880070135737112
15790658,1,0.7027012263321528,1.6100275764246066
15578648,1,1.2144571363091476,0.9564484384638362
15734987,1,0.5213270877821496,1.0172836062112594
15721740,1,1.9343282691868073,0.9564878475037325
15641822,0,-4.008325425441005,-2.146699007832311
15765650,1,2.2152740454083673,-0.23876351595945447
15788556,1,0.9917112678921205,-0.34960851015330496
15576550,0,-1.561541935096499,-1.35142659047104
15622230,0,-2.6709770718970653,-0.1253154311579967
15653937,1,0.34127147069792696,-1.7998055362226983
15743538,0,-3.759752494642473,-1.956987579153447
15591740,0,-2.411555687735121,0.8916702825980576
15650086,1,0.9630310559956902,-2.228937407725733
15718773,0,-2.7141175797692076,-2.8423873569360043
15615140,1,1.8690177080126085,-0.14116689657295747
15644361,1,0.282578971542494,-1.9273517890983423
15774536,0,-0.6472546605196815,0.5178125629376604
15618661,1,1.1869311596328491,-0.06056276560067339
15605020,1,0.10888444093443823,-1.741928302143429
15762134,1,1.4427790137288605,1.7071890207646145
15685279,1,2.5035087076265166,1.5944370320103243
15582849,0,-2.7490173119352534,-0.7019933855326934
15655410,1,1.128606329266301,-2.2788185700607846
15649129,0,-1.2965918803012442,1.9861318759428708
15702380,0,-2.2419135769655583,2.5733426370543917
15759067,1,-0.180506914730896,0.03981451597326294
15683027,1,0.5501620830545183,-1.283729274121368
15597487,0,-1.5670141469635754,0.9095292171295103
15763256,1,2.3254195139496305,1.744099571012963
15620111,1,2.117837299814719,1.8266418664870163
15623053,1,1.6873268200714715,-1.7172590173325877
15595592,0,-0.5052931087754854,-0.3514945029762291
15740072,1,-0.14534733453432538,-2.068612495329639
15778005,1,1.522431568954206,-2.6851565572838116
15583278,1,0.5915456987557247,1.3456792155259798
15601263,0,-1.8367289043138117,2.2455318269957174
15709222,0,-1.1492252636715887,-0.13644046163899798
15713949,1,0.9208107359921115,-2.414250353080408
15717706,1,-1.0775559444576541,-0.9658823454423825
15756071,1,0.01015736330766118,-2.2518623497827472
15696564,1,-0.5343971125843244,-3.835642158399959
15657637,0,-3.1994248393650495,-0.3997732987110387
15755863,0,-2.6867320859027353,-2.2013673085450916
15719858,0,-2.3803003270635705,2.6989386453711792
15688876,0,-2.50130575886047,2.819027053104313
15698528,0,-1.4646922043060542,-0.20159035233726136
15770345,1,1.2389444252252937,-2.7566797083082957
15761506,0,-1.558923041630474,-0.14237991467662542
15716619,1,-0.4218744342887312,-0.41145852592477605
15788367,1,0.23118792838669933,1.0250175775039667
15709451,1,-0.7142963723522073,-3.4074127474187206
15640421,0,-1.9899122298566216,1.98961206552752
15580068,0,-2.351545874838117,0.7074339110052588
15677123,0,-2.7275105694384285,1.914201872039109
15619801,1,-1.4135160329916596,-2.9970149094504035
15582246,0,-1.9683709333071282,-1.0203630882735002
15711843,1,-0.8145899080516068,-4.329766965467597
15680046,0,-1.8366449419210957,2.0685014313843473
15804131,1,1.4769730167243182,1.0872637390029518
15722611,1,1.2723955952777088,1.9686398492113937
15729224,0,-1.7198053682613195,0.6627109379177087
15811588,1,3.72007589292542,0.501366502654212
15702138,1,1.6587436686122727,-1.4731828056269076
15749799,0,-3.1438876702776266,-0.8264248518340181
15752885,1,0.7075821433473755,-2.3760481248677827
15674932,0,-0.6006914500347331,2.36450587114717
15743828,0,-2.1675320746724203,-0.1743452461529461
15642022,0,-0.6240994424732957,2.012108879532719
15746461,0,-2.435180264615217,-0.9622439418934349
15809991,1,1.2457495430853323,-1.3160781016502157
15787322,0,-1.8207388068096853,1.7530857513161056
15575498,1,1.0635241249864384,-0.4296393084751418
15691387,0,-1.2013963803356817,2.0831313289873865
15765457,1,0.5942080124962023,-2.5257767408542464
15666173,1,0.2992138072708421,-2.4469992838182733
15627377,0,-2.1964661894508843,1.3756618244187468
15656683,0,-1.5278953461149034,-0.9487856569059824
15679810,0,-1.1916786548775316,0.9761720555263956
15606310,1,2.7558030255252417,0.551296453900147
15756871,0,-0.8173905673645568,-0.07359334085450685
15610002,0,-2.058606720166087,0.7847658854942907
15567802,0,-1.863134483091989,-1.258986179794642
15745452,1,1.1072112002994807,-2.4625529356912286
15617252,1,1.005324263868645,-2.579698589660842
15753248,0,-2.7855444125379463,-0.8268034657451501
15610755,1,1.12664751959899,-3.184443406387179
15662238,1,1.8906493153001847,-1.3309978279934453
15799186,0,-0.8953648997113661,-0.10904645987710786
15686941,0,-1.6267325974260038,1.019303779215793
15601172,1,1.9843764955284098,-0.23284954160379617
15723858,0,-3.0659095982378264,0.2082247382536751
15615896,0,-1.9425658507284838,2.29508967609549
15737647,1,1.999965398261085,1.8914470280289106
15582841,0,-2.2989124176897664,1.8440226077584436
15760090,0,-1.9870531573253756,1.0930786163324702
15588587,1,-0.0654803075452068,-2.1876187127712727
15683157,1,1.4063806841565163,-1.0361282692494105
15694209,0,-2.440063486479568,-0.44858593145965164
15655875,0,-1.9523204994518855,-0.46092656919253294
15805704,0,-3.6615962425466035,-2.1854928839857433
15744789,1,0.9894847896242595,0.3288533165002033
15799357,1,2.563734151543245,-0.6125747554001788
15726153,1,0.12339085106457288,0.10348419275923022
15713346,1,1.7318915919553195,0.8620038772424022
15665053,1,0.8604892737136726,0.17120828705549374
15592379,1,0.7971041872733173,1.7433113259916981
15692599,1,2.4982534013284,-0.7549516538916433
15620758,0,-1.8307242664750427,-0.05334226273040854
15637428,0,-2.3085010913597057,1.813614489317304
15808389,0,-0.07520282647942439,3.2664644336258357
15807003,1,3.7363511871542077,0.6263762542968949
15702912,0,-1.7787656562398897,-0.3219493616393634
15590623,1,-1.0474266327361703,-0.3332239942968112
15728078,1,1.4932068053142353,1.23852972051577
15708256,0,-1.7852670950944403,-0.7168980945194562
15582335,1,2.005115501815839,1.677319003217775
15649150,1,2.307996843413252,0.12163956573278807
15691647,0,-3.0516223825470212,-0.8365266801915879
15668270,1,-0.15937971541937904,0.1712666699108873
15624820,1,0.02489711327653957,1.547948966707098
15736254,1,0.2949813479369546,-1.336132377424018
15720814,1,-0.5479128864418686,-1.5853614971824832
15642997,1,0.9357275166389868,-1.636223504785855
15693200,0,-0.9085188006299051,1.1520452423044887
15624596,1,1.631351938012794,-0.8501045404629538
15807167,1,0.16598726788411652,-3.555457879561347
15660301,1,0.42256448553917125,1.6144735714867866
15593094,0,-0.20506538408789626,1.6618397188756184
15618239,0,-1.8365583686242648,-1.4672041288984776
15574137,0,-2.1210547520968297,-0.5315814887474054
15614740,1,0.7186493890699346,0.11636066038625366
15574071,1,-0.3473255461816293,-2.2161334538596127
15671148,1,0.7572684637524115,-0.4226492805475722
15721921,1,1.841761278731896,1.223636014600832
15717995,0,-2.9575421046175276,-2.8850579712220874
15632050,1,1.953641169123638,2.033031087340589
15647111,1,0.8605868236727874,-1.0322172167947758
15759991,1,1.6822025240463672,-0.716541483247282
15790204,0,-1.211353399031556,1.8557289632504566
15686780,1,0.2888048988232339,-1.7990735206791482
15640491,1,1.606071895596885,1.2451104604343708
15783225,0,-0.24741066724629945,3.3096207852975374
15734438,0,-1.8974018391962362,-0.050578443529484096
15688760,1,0.794918716186189,-0.9730030734754732
15768124,0,-1.5140306502378944,0.11643278102809802
15661330,0,-1.1367759440068312,1.2278707082456366
15781272,1,0.04004750602627519,-0.8102559924771464
15573888,1,1.7891682256084904,-2.619330697717242
15575858,0,-1.8853601480190778,-0.29819152258301285
15645937,0,-1.2422373784609897,-0.09101491792287562
15702337,0,-2.3198451539123286,1.7209335322707455
15764537,0,-2.098539728964496,2.5912291019799514
15619616,1,1.4740932954556403,0.9786498883634506
15585133,0,-2.023763329818944,1.7949986215766134
15573971,0,-1.4828150220039964,1.9782013979921922
15579433,1,1.7388600362473479,0.18150193880510557
15777045,1,1.4959374814158177,-0.9377451405406493
15611580,1,1.1317475830268597,-0.6025476927740524
15614778,0,-2.376021497388834,1.215932037766191
15771750,1,1.5327540295244326,1.945851045054242
15593280,1,2.399387422680609,0.8761484792264335
15569274,1,2.0433603161367015,-1.6887316955219567
15654408,1,1.2157551868361003,-0.4011036481250775
15657468,1,1.9359550157159138,0.29386098780952863
15614213,1,0.37076967287808077,-2.5629874281544027
15589869,1,1.6365251972291563,1.681887259968684
15693205,1,0.24298044583680534,0.8873291323965534
15797113,0,-1.697069236029794,0.028483202176698617
15676958,1,-0.2854292026920772,-0.21889468992799044
15739592,1,2.327500238436092,2.636463470349893
15656263,0,-2.2126319860822856,0.583143469377022
15636872,1,2.246516774488105,0.15028440832437312
15589435,0,-1.8523921244621482,1.1676200160863417
15640464,1,0.2524715485297965,0.42898095581374074
15723851,0,-1.464566925763839,-0.34985390770702485
15722122,0,-0.2673231673510553,1.5219563835094632
15696852,1,2.0865433955913,0.8550204248929564
15634936,1,2.5170794050815957,0.2833217140262412
15575935,1,-0.6175525226897887,-3.3071430656168506
15634491,1,0.6399077246829866,-2.587089291041127
15628530,1,1.122919213167311,-1.38303491749301
15678720,0,-1.287686338274427,1.5444272121800122
15627999,0,-2.3803759923092316,-0.34165829834449335
15571244,0,-2.0840382916443287,-0.4891950209685322
15739931,1,0.817582184048434,-1.6054050892147798
15806256,1,1.0817728277383007,-1.2268337342533442
15787258,0,-1.6688614491435956,0.7668745948727231
15706463,0,-2.6421405354022576,2.7135625306712794
15691004,0,-2.6088487313759563,-1.03445574288568
15792228,1,1.5056450245365864,-2.751066547440513
15733447,1,0.1990159591043416,-1.968458378863502
15679062,1,0.8949023421195267,2.251448860382899
15594409,0,-4.081131831502789,-1.7148799228662004
15613816,1,0.567198707235385,0.7543781675358442
15681991,1,1.906059987317304,0.2875117639534278
15796074,1,-0.24412801246954055,-1.8580098096817734
15625941,1,2.07052720473078,2.3938062393665773
15615016,0,-2.7283032295258542,-1.0573336971504699
15748414,1,1.0355761522749265,0.6632131153513058
15751203,1,-0.7836712737184306,-0.31472159014502243
15662658,1,0.7710904673878571,-2.2947860260786195
15574868,1,0.17607925650173725,-0.005581465313264282
15790282,1,-0.5446100234348686,-0.4365235555482533
15762927,1,2.211267028840369,-0.11051687117834619
15803456,0,0.41918743142277276,2.258918677988758
15771857,1,0.43177250429098774,0.6138627320757714
15700601,1,-0.9280639028325197,-1.7874503967228512
15569670,1,1.2326137300207043,-0.08188974502726117
15772341,1,1.4521977374757515,2.139371277929959
15661548,1,1.798936654839476,-3.2340312719129636
15787597,1,-1.9816354448424802,-2.846226036951434
15806913,1,0.19964803003801382,-0.855676348771425
15804862,1,2.6277451134470624,0.16418080080775888
15792986,1,0.3000220375513058,-2.3564701039393783
15625632,1,0.5195379388468472,-1.4914081732616666
15727703,1,2.1183861501534103,1.644558520491258
15606273,1,1.7958743502769217,-0.7489083351171341
15799652,1,-0.42691538460231776,-3.5491898193599964
15715047,1,3.662008564118298,0.9266793655755886
15784687,1,1.934077201654938,-2.814308621706781
15615322,1,0.7018352700710391,0.6870457322101527
15722072,1,2.023478499253853,0.19317862505390548
15646784,1,-0.2442245446405306,-2.1185434724105834
15644692,0,-1.1535090329567383,2.6735009657480533
15670354,0,-1.6365860575484235,2.040712788798204
15716357,1,0.3810493305076214,-0.856250258737488
15786717,0,-3.475923682056242,-1.8587741445886368
15771383,1,1.1725207927111414,0.7841074299169398
15649793,0,-0.7626809942083949,0.4040076788726331
15731543,1,1.0403911379916766,2.897601553736506
15684516,1,1.363210413594693,-2.5743781366624416
15677249,1,2.189735889252195,1.3322613097375093
15581525,1,0.07332632338113713,-1.3302760388781527
15628420,1,1.4345830226093876,-1.6902329473104163
15600478,0,-0.3940987584743561,-0.3030364762506026
15594502,1,-0.09959272710112978,0.5342345578586472
15784361,1,1.400620784875742,0.10117719618094508
15767626,0,-2.4570769436826834,3.430647948681952
15632521,1,-0.060838719026399285,-3.772611919278261
15665088,0,-2.688859188305933,-0.719507836075918
15652084,1,0.6485381493586062,-2.8534492516197214
15574761,1,-0.08780717050033755,-1.0303568480602303
15729515,1,0.062467468696767475,-3.7634001484106707
15682070,0,-1.8084693011206616,3.99402070334144
15743817,1,1.7993981408671311,0.3154988814291028
15572158,0,-1.4572391947468606,0.43404310126224355
15584477,1,0.004102447577367139,-2.2187477677740617
15614893,0,-1.9802477754059724,-0.3449085500085439
15665963,1,1.3985659574607938,-2.041046477520674
15612524,1,1.9433375439246328,-1.8292814861654612
15596962,1,0.02806344949779491,-1.1871074475333327
15744942,1,1.7017985416325616,-1.4007029854741535
15573278,0,-2.134507892539948,1.4482039917927103
15717056,1,2.201510027055672,-0.20192893489918923
15795881,1,1.6812651539723487,0.7504136801760553
15758939,1,1.679217850848473,0.49740342375967617
15792250,1,0.8336905751807551,-0.18225690977611528
15740406,1,1.7526917729465106,1.9595450874740208
15768137,1,1.7690720646246056,-0.8976547685447506
15569120,0,-1.7541287504298313,1.078605797278742
15723721,1,2.232340898912649,-1.19417105366217
15777122,0,-2.6776555538662965,0.21146230154859716
15742681,1,0.19814109913063557,-0.5327987838381566
15582090,0,-0.8492908464195443,0.3416153506513007
15711254,0,-1.0790983107117988,1.2073326450639985
15775067,1,0.20835011927856692,-1.0263838329518606
15602851,0,-1.148879116358312,2.9205427614923005
15802857,1,0.931362654690501,1.1688982305811326
15701175,1,0.7396825359431219,1.1185302540457613
15783019,1,1.6392302665616059,2.1488025232592363
15728912,1,1.7537673627624244,0.48561018127565225
15585580,1,2.16206171785792,2.010219563584728
15583480,0,-1.8257736838253498,0.07258402775660731
15620341,1,2.6250863348227473,0.9949841378105136
15613886,0,-2.084170436198503,-0.9928710116264575
15792916,1,1.0937003256402626,0.9304259681962138
15710408,0,-3.483065683062114,0.25363263054762714
15598695,1,1.5823838190847184,2.8546388872883584
15649354,0,-3.287530125681939,0.6477929320585918
15737556,1,0.6719011953781512,0.6830569022105993
15671610,0,-1.8684256972253566,1.9837267535798797
15625092,1,0.896336015567472,-0.20255724894230573
15741032,0,-0.7765627689941869,1.1760977460533262
15750014,1,-1.1194342880633292,-3.5853565892398533
15784761,1,-0.17598361792233844,0.9795805049168677
15768359,1,1.0393540300208968,-0.39760812270390816
15805769,0,-1.9014211507094254,0.08913203086633163
15719508,1,-0.08961706077551142,0.5655675742527052
15609011,1,1.0161936822098263,1.9511972647710478
15703106,0,-2.160376510712156,0.8106040790923253
15626795,0,-0.9898629791773402,0.03323690566808932
15773731,0,-1.5237146084807092,0.6095650774497455
15756196,1,1.0179987008210574,0.4939767406008472
15687903,0,-1.470577764489542,1.5077090254799288
15777599,1,1.2120818284621662,-0.4499996842773111
15754577,1,2.291537662500776,1.51277936990996
15584113,1,1.8367030798799333,-0.28579846472423653
15669589,1,0.6760191819247111,-1.7552726215628716
15632793,1,0.578998499319812,1.3633492069123179
15711130,0,-2.4060633535410925,-0.724483422176751
15615254,1,1.8848161345318217,1.9649482088508337
15720583,1,-0.27844067947439993,-2.330525975444198
15780432,1,0.7821659089807883,-1.3969592585823525
15673223,0,-0.2380746413388825,2.790453053872498
15807989,1,-0.6686228678073873,1.4927350838450568
15761168,1,1.858891983801786,-0.6889003943375356
15651272,0,-2.5195875929154976,0.9017469906191361
15812832,1,-0.12418227720608212,1.2308187602017036
15680517,1,1.3338012710013991,0.48429453501353925
15750569,1,0.645686643718071,-1.1991497158973978
15690743,1,0.8686659276983799,2.587624317657898
15627741,1,-1.3697614084443006,-1.6696463751055528
15712121,1,1.5236023383040507,-0.23661923753162764
15805429,1,1.753052336518068,-0.6569869868806885
15814923,1,2.273950696003393,0.21562736818059547
15589230,1,1.6933689748881489,-1.2182585534299468
15775490,1,1.3590434861338647,-0.6517517035640151
15749727,0,-0.9633122568607204,1.8091127324182026
15619238,0,-1.1210639281392307,1.3270349370729302
15593468,0,-3.4817221572043993,0.08297002029537447
15718454,0,-2.506596687395279,-0.5676379665088799
15789498,1,0.8495953626788516,-1.6437893866950297
15744691,0,-3.7501368948373752,-0.3391649224514839
15708289,1,0.6778433759743465,-0.9563901396941453
15790412,0,-1.5091185126774118,1.1569546890234825
15741416,1,-0.7925894587311506,-0.7343958816110807
15598894,1,3.0094659431311057,1.4532211095331184
15663294,1,0.018384746400737038,-2.2725537726122718
15572728,1,2.5303079641497486,0.6068719872780125
15706729,1,1.0296101664476733,-2.959844071787323
15674433,1,2.1828835158477657,-2.161375213194166
15641170,0,-0.05278020803444478,0.07287424988882539
15806284,0,-3.9863270120882532,-2.0496328292536408
15690958,1,0.5961702379849458,-1.6793355525592584
15606386,1,0.07690474538680885,-1.5560127930167797
15682322,1,1.7839770392944958,0.8933603396887501
15579915,0,-1.7548323662244811,-0.13025942625976522
15681928,1,1.4333405413623257,-0.6457135673659342
15734005,0,-3.392770799160495,-1.9130396373474208
15650432,1,2.118057901036337,1.7265648969593692
15592578,1,2.0125893629107527,0.29915052016804816
15671243,0,-1.1413758935080236,2.8327819243080787
15775709,1,1.2345462452789193,1.4695943281714359
15702631,0,-3.2459737142895464,-0.9775554067186517
15602282,1,2.005850376489475,1.1826652882462552
15717879,1,2.068852482376266,1.0621825528450277
15740878,0,-1.7813800878939978,1.98016971129341
15794468,0,-1.1292218707275452,1.2148789202140664
15773277,1,0.3723124783521823,-0.2801808315905037
15572657,1,2.157043758123762,0.3227968839906422
15800295,1,1.7292533299568171,0.915670683079096
15672397,1,1.6541323149745435,-3.0471378998553864
15684921,1,1.8570902731038832,0.1367015523361756
15720676,0,-2.251208882038584,1.883411470587588
15731829,0,-1.8792635451853346,2.830481690755963
15732672,1,1.4738957729777429,-0.013309282781578306
15692406,0,-2.197237119656686,0.7173167749700644
15764405,0,-1.401135520856888,2.047508707057873
15757537,1,1.3733364716985634,-0.11031650163133526
15793307,1,1.2292714304247674,-1.4045668107458071
15660679,1,2.6942056128377336,1.089189623368448
15666856,1,-0.04712382966455195,-1.8814240776627698
15687372,1,0.8522695303839668,1.6523476778780402
15667289,0,-2.7456916742004216,-0.2950418993122683
15624641,0,0.5088390902215757,2.2593815932470362
15734610,1,-0.5893129915706395,-0.6182059839650453
15631882,1,2.645093187305406,1.6250423873707278
15642709,0,-1.4052088114842276,2.0682367808459934
15811026,1,1.5600690788354006,-0.5160097735266947
15596303,0,-3.547782346842958,-2.3180840207077766
15787255,1,-0.2161835439048441,-2.396242469261589
15617166,0,-1.6533989873088297,-1.7332533346701275
15742442,1,1.5141957562180268,0.1166310088462036
15758692,1,2.0888377121723707,0.19989053649503008
15568238,0,-2.141852763341136,1.1298388347036155
15730353,1,1.7803962874430137,0.49182621003036797
15731555,1,3.1803033821134763,1.3636189351119146
15582404,0,-1.8067583401029192,0.2694685070471005
15721462,0,-3.379614597285142,-0.10065854144431395
15632899,1,0.8402158191569364,0.5044875362017742
15808526,1,1.125897240112332,-0.4878369745011779
15694349,0,-1.4653349860011442,2.3176310254168477
15718465,1,1.8543383024894358,-0.884074785014498
15682995,1,0.012969882056989488,-2.1010668707928124
15584776,1,2.1752044620429722,1.2436570521431871
15777772,1,1.3336641885802802,2.5767983822701903
15576156,0,-1.2600774796694383,1.0873822385257597
15646756,1,0.310684977152929,1.3079786349967362
15742886,1,-0.42720023712141336,-3.590403430743184
15586135,0,-1.305148681857094,0.09224024312829988
15616152,1,1.1859735537228555,-2.2995779159656187
15721460,1,4.321842681608603,1.2256862244650693
15727317,1,-2.0015339020253475,-3.714200737206693
15649536,1,1.3348403148428212,-0.48216966088745844
15754929,1,1.2493786108025295,1.3054127449319044
15572051,0,-1.271227261721451,-0.03310134347402571
15668142,1,-0.1255098448213072,-1.313541333408478
15701176,1,1.0670412720847224,-0.31984831336055736
15708422,0,-3.034974659502737,-2.5071395091277244
15655632,1,0.8953880474712081,-1.6535988355993831
15744606,1,0.6510240972508219,1.0512453325440463
15612140,1,1.4832007427091156,1.0208751279277681
15656086,1,2.2500113751131914,1.667474978089088
15655298,0,-2.273338807020495,1.5603959950301358
15644796,0,-1.4294852243933989,1.8923726937027825
15726250,1,0.14502170060803524,-1.1952429316183073
15764432,1,1.4226127906698918,-1.5041077027577547
15631721,1,1.615387137111168,1.0548870841371718
15707479,1,2.2163906051819904,0.5444783028609187
15579826,0,-0.1849123253269077,4.027267167963939
15668104,1,2.0861884700156814,-0.04763526790553127
15641604,1,2.741066080558831,2.5516073012384397
15587240,0,-1.3923889421213427,0.015250572840784961
15680767,1,0.3377368971511839,3.659323871014107
15601594,1,0.5101017299450123,-0.009527704441236405
15589969,0,-1.348461495211237,1.321485939973249
15703728,0,-0.7017670542095007,0.6568266100541625
15617790,1,0.14213062368069956,-0.7612466755419554
15662500,0,-2.149804350548395,2.4153531304498035
15778526,0,-1.5524773949037831,1.1540679692942872
15670584,0,-1.317152200824734,-0.8543852723951154
15748069,1,1.0749911182611818,-1.4413607547739054
15680597,1,1.1529987932534316,-2.7164779823779215
15628992,1,0.11926553707885869,-1.9949787464080917
15719624,1,2.4348258997931747,1.1936510702191971
15812767,0,-2.1049578927638417,0.5236060565655855
15689201,1,1.4196378403604188,-2.5095623014535624
15614716,1,1.4932495320560413,-3.245720941917232
15683618,1,0.2638461393500669,-0.75840337495353
15799631,0,-1.1272493525270393,2.3799016907390103
15692259,0,-1.3793540807746059,1.8496494257902278
15590966,1,-0.1511731212078186,-0.16250483031604387
15656426,0,-1.9429584581651362,-0.07480427247663128
15675256,1,1.7242640321289067,-0.4720943628109421
15751185,1,2.083881106516985,-3.186799484058474
15789582,0,-0.3786311818803797,3.4465506983508503
15651103,1,3.743268812440985,2.263187750248566
15672299,0,-1.5377588951655743,1.1857978869658952
15772250,0,-0.5765235771368916,3.1124830414190012
15763922,1,0.04172325318606926,0.595659139666884
15633870,0,-1.780267227239537,2.69167609168297
15624323,0,-1.7718551987034723,-0.07374045190995253
15688612,1,1.6978747567877073,0.585963050136078
15694644,0,-1.3336378034879603,1.620759304185795
15587174,0,-2.2938262662645337,1.2927751802922092
15579559,1,1.5678386747952173,0.5799340094168364
15775430,1,1.3505873176187508,-0.014444006483251335
15623695,0,-2.2580496656363986,-0.017516425565438695
15760849,0,-2.6717679926589852,-0.9348462655258879
15813095,0,-2.990650264874151,-0.6208891634592429
15705281,0,-0.5511552277951125,2.4861378176001767
15812594,0,-1.6508742457492092,1.4225392580423386
15626322,1,1.685551975726836,0.5135861892597398
15723105,0,-0.8593343769680155,0.6771963063103311
15588449,1,1.7319980479829753,-0.739648176382813
15794849,1,-0.00598215692736467,0.2887900099976892
15620000,1,-0.05880175302079968,0.1714833950075691
15799720,1,2.149918406297122,0.6234496939372672
15711287,1,2.120029378447305,-0.521734070410208
15613102,1,0.4989590434103688,-1.6258233093853254
15621440,0,-2.8041155749998388,-2.370346243100174
15677146,1,0.19435784283009536,-0.9265649621836541
15801169,1,2.0086942827593433,1.478231634324807
15722425,0,-1.3298916031256365,2.0107648994768046
15682421,0,-2.7017282778834377,-1.028040546093945
15691910,0,-2.734210587083465,-0.14622158557594317
15721779,1,2.072890468963301,-0.7382751067239945
15579548,0,-1.8148840173217153,0.6684374784370932
15681075,0,-2.8831560461321097,-0.4868500108956998
15607884,0,-1.9538274390324892,2.0929797187409727
15767757,1,0.7322514351443096,1.3073295583143976
15791550,1,1.1393721316196719,-1.3566237521641102
15658589,1,0.9447787152632321,-1.6508900049355302
15670822,1,1.7323386848359328,-0.34242403792390286
15629744,0,-0.7525789369819202,3.3911196472417235
15660768,1,0.2504595711226206,-1.922814793865978
15726310,0,-1.923032399729037,-0.6764798538325454
15641298,1,0.25756794232981145,2.0061796969648182
15625675,1,0.6217892856884785,-2.33515976043402
15713354,1,1.144593771244712,-0.2053362742517508
15633866,1,-0.17459719173861268,-2.232832394656411
15704231,0,-1.3346606500386915,1.9923765104236086
15735400,1,2.5912445919105114,0.17488813411269621
15632826,1,1.5259150349996902,-1.068700994094457
15751022,1,0.5755422784429223,1.778779133439627
15664737,0,-1.7929368415725246,1.492692466006525
15681126,0,-1.339847369448022,-0.6687823729442138
15738954,1,1.2962111879794906,0.34488341627599134
15662263,1,-0.9433785310183684,-0.8156656412355042
15621611,1,2.3216586364961547,0.1321230187118742
15783752,1,1.0879627229513933,-0.8817313696857186
15709474,1,-0.3825151279630781,-0.5445604453462309
15701280,0,-1.6001040856338147,-0.21492121828937094
15671104,1,1.6456183736957868,-1.1564775811530894
15796434,1,0.7304835602359054,-0.342125369198879
15781505,1,-0.32454554522892193,-0.9804616043802035
15625819,0,-0.0732968132133695,1.3922745159074474
15753174,1,0.8795132411439325,1.0418295202415653
15654067,0,-2.1641241149681374,0.08435162365889455
15724719,1,2.2087813342406584,-0.34396570315622677
15624695,1,3.1187301452374228,1.649570099046078
15718216,0,-1.3011570588460972,0.27294058271997523
15586300,0,-1.9169834836900863,2.9850679479247963
15783349,1,0.4293620541308118,-2.3358814920553144
15725767,0,-2.801934190997468,-0.3496472149027987
15791925,1,2.2331928926594244,1.0727317275496702
15793585,0,-2.375248547368953,2.081828459969595
15576641,1,-0.1353273287611206,-0.012751272327222478
15749519,1,-0.4246951989441639,0.2968829626848437
15684960,0,-1.3824814398404246,1.4870465690755545
15591286,1,0.2011340819433556,0.24029035175115765
15668323,1,1.976053764274597,-2.854013276163539
15608528,0,-1.9623084085871432,3.5443330158357815
15645184,0,-1.896632908217364,-1.385813841141201
15702566,1,2.344613636363474,-0.03196192425272691
15660840,1,1.9084462935950346,-1.529704181810466
15750811,1,2.562508344457644,-1.3125515822440377
15733842,1,0.2525575793278295,-2.3620217720589634
15581526,0,-2.9441121829031225,-2.025689786950435
15662751,1,0.548889293873737,-2.837669004249761
15684319,1,2.141832692674282,1.6704887102438295
15702190,0,-2.5991135727556998,1.1471644391758908
15588517,0,-1.6286531644229005,1.4139474790284032
15801863,1,-0.03897648446032606,-2.2212864755029282
15584271,0,-0.83389631848672,1.527836303209932
15700366,1,1.467358900841016,-1.2387288031296542
15804038,0,-0.5007591688809817,2.754479040934919
15720820,1,-0.14226430848010554,1.0198349284382227
15743759,0,-1.8821189776348775,0.6267623517586329
15749947,0,-2.288595652864074,2.0543216617887317
15670496,0,-1.097750822827144,1.7187928840447708
15746664,1,3.104389687366414,-0.4882035586714818
15745533,1,-1.0169970999585285,-2.5003370217821166
15761497,1,2.3047997822072723,-2.7310058023512997
15628600,1,-1.1434884967092134,-4.701306567081477
15627002,1,0.5977071813752864,-2.453271230742368
15614635,1,1.074115213698223,-1.1604350656164262
15731281,1,-0.24409280710811268,-1.2447971611708688
15814022,1,1.1379876768466706,1.0863450241386545
15659194,1,0.2926420316502504,1.1667892649216183
15745030,1,-0.5095998983494467,-3.232901970682452
15691817,0,-2.836254479281628,1.161499688474599
15707488,0,-1.6936126786842352,0.2537657760983477
15784700,1,1.9372175735261579,0.007293650711458545
15710397,0,-1.7186331258283718,-0.24689873907007376
15687648,0,-2.8462418640932357,-2.347475719687884
15732281,1,1.846604844694603,0.023542755955654915
15607230,1,0.7094881984596446,1.072141775661063
15567630,1,1.900794777080968,0.2250193349772252
15587507,0,0.09849923892286955,1.2596631839165913
15733904,1,1.8873034028703186,1.1380674364182572
15709511,0,-1.359963606409306,2.224079666397448
15579616,0,-0.7822725414326013,1.7980057021766636
15694852,1,-0.45145006300310336,-0.7789179628081921
15589924,0,-3.5190384390574607,-2.091348661316279
15799300,1,0.11749049606479396,-2.514014023841008
15731330,1,1.3749602668786078,0.7417357448671221
15694129,1,0.3151379798490465,-0.7973268161955712
15620372,0,-2.3152282338917094,-0.2204094887348927
15744622,1,1.9784167709677396,0.644435607059983
15799815,1,1.152436871622681,-0.9593534026606181
15759250,1,0.15183913319340991,-0.23296176504948946
15732643,1,0.2883204886308937,-1.9544304683529738
15690540,1,2.043069434096988,-2.766577198629768
15803078,0,-3.143998586435052,-2.120081219443568
15652180,0,-2.7850260073724407,-1.1094053791384084
15741195,0,-0.9628257685086505,-0.02858973456217134
15743490,1,1.5490787663318228,2.701188967602538
15575510,1,1.8902250862306096,-2.0818382526356007
15732610,0,-1.3814245404203154,0.5663762960212428
15602909,0,-1.1531718913694493,2.72088715364687
15734058,1,1.5548876974686014,1.1234581127770589
15801788,1,3.1304161948691327,-0.8182326801567812
15702462,1,0.5939358115105944,0.8251506336416083
15683416,1,0.6083569969488938,1.257806837473318
15794187,1,0.8860835880581227,-0.011279479540541286
15792989,1,-0.26423170894204234,-1.3447884349320907
15613734,1,-0.10642585236135067,0.12438264934707734
15606177,0,-2.5470144195558695,-0.8017358817724388
15636700,1,2.622556074057004,1.0994706089106552
15645766,0,-2.815777925992514,2.130089332917217
15671345,1,0.3132912735051378,0.6570665083560685
15652469,0,-3.193409877904078,-2.3233445297546935
15749638,1,2.1750162202278553,1.8984863497588913
15728706,0,-1.1418072884621295,2.49469358233183
15735439,1,0.9586833652328961,-2.4262339571275846
15778696,1,2.538801395058699,-0.6521284795407835
15624744,1,2.291084356437244,1.6369803486027164
15584338,0,-3.4666962478077714,-2.345404923125006
15726178,0,-0.6185595974620887,2.122789461525659
15794939,1,0.6052095253858372,0.9044250026456487
15788068,1,0.5412712217424341,2.18054116805357
15572956,1,1.2605717601728368,-0.2660401662753214
15780386,1,2.1329371234257968,-0.345688884185472
15791114,1,1.5530636986134987,-2.7310840784877537
15708046,1,1.177957660291694,-3.0611219940628325
15719779,1,-0.18210572469964662,-3.6419530042467105
15591550,1,0.6000983084453145,-0.7159777531390806
15639368,1,1.5163845888550922,-3.198800234474754
15699830,0,-1.8924377377408388,1.6480827671256235
15569264,1,2.262383766993229,-0.8712123711887952
15595158,1,0.5286107615961678,-0.6849077914496474
15599126,1,0.13581112742560983,-2.536762066942562
15650575,0,-1.4752465695595818,1.8246589941121345
15641490,1,0.13685016354530335,0.6078788023486895
15680234,1,1.9225673711180473,-2.1668469570108666
15592230,0,-2.3836154291361464,-0.21191703755540903
15626212,0,-0.5151337601668189,1.7281552787391625
15700627,1,2.139727336699948,-1.786593276002351
15782641,1,2.051600211943527,-1.6355778943338863
15784445,1,1.67649568097997,-2.778744137453783
15813681,1,-0.35113533509406464,-2.299707830086119
15596649,0,-0.16706109613784093,1.92814710065878
15700460,1,1.751143816690897,-0.15584248833773048
15724076,0,-2.4280183209296373,1.4651958847973305
15784000,1,2.8369086152463523,0.8568628226568066
15733966,1,0.7233075561448148,0.23898455835411309
15612667,0,-1.4550430873191709,-1.7614269269631524
15654025,1,2.051153087913504,-0.2695316366682236
15589431,1,0.7808086607710139,-2.3164341243263586
15578238,0,-0.6869196773328876,1.5993647982971175
15566269,0,-2.4086709782230353,0.5182171853730337
15639217,0,-1.3998437140521083,0.975438100817311
15688644,1,1.032619089506496,-2.5892142848340605
15662426,0,-1.9654449003748558,-1.346755144525839
15720511,1,2.4663328351905323,-1.4396044708181972
15567246,1,-0.23215039498148185,-1.3881574477575018
15647965,1,0.6848164723002389,2.517675730613816
15679048,1,0.8680069613603841,-1.4895214601380433
15675749,0,-3.3592071661849614,-2.5258843624022966
15782181,1,1.0502526162214882,0.4162711271251591
15795738,1,2.2676648755431548,-1.366276161463085
15773751,1,1.4478765207797422,-2.836819040853926
15655436,1,1.5281826996655152,-1.6771577102291944
15691396,1,0.051965267502896956,-0.44370117421830924
15796958,0,-1.9684266938627661,1.8449200384454545
15801832,1,-0.29165235668927064,-1.9184132217537413
15661349,0,-1.5382313438405888,2.7231744684299453
15719265,0,-0.617513540068599,2.5057115443447984
15779985,1,-1.494264387674072,-2.969636424467045
15663410,1,0.28394479329233263,-0.26091748438159956
15704144,1,-0.015318810681935049,-2.105612000326705
15774104,0,-3.395904257130689,-0.5697332953243136
15812230,0,-1.3499585466933044,0.12631086949284226
15742848,0,-1.6175555330961742,1.1901949770353395
15745326,1,0.7289106614667311,0.1379550449839661
15674541,1,2.750569520576754,1.5229391704816087
15728564,0,-1.5740918192496918,1.1859197370035024
15580701,1,1.64763385865063,-1.2788516027388914
15688973,0,-2.4911863628840094,0.9353634926074811
15709412,0,-2.2840107013528765,1.0359029025224005
15607753,1,1.0972272458613492,1.1897349725429498
15705352,1,1.096459243933238,0.7886949898425675
15602500,1,1.0448760304179112,-2.529051662681044
15672437,1,0.004838724705422435,-2.981413944956542
15720968,1,0.5234023102569868,-2.438384019758552
15730796,1,1.454341791080311,-0.26084376071197357
15768219,0,-2.855168333773329,-2.7241040153883715
15663883,1,1.2543504709258417,0.7114116307195708
15589296,1,1.0733656436877308,0.446125441033273
15586425,0,-1.9974876215094555,-0.23988315125115584
15679813,0,-2.209232489252103,-1.235489428644422
15681410,1,0.7195417421388227,0.5555419573120227
15668283,1,0.3112462549007123,1.7189549206701138
15624072,0,-0.8760803466726401,1.5309542740619178
15669664,1,0.2847977119772864,-1.6376728459671799
15682728,0,-1.5880681341968523,0.01781397085491743
15573851,0,-3.8555927056110675,-3.073393161999738
15733661,1,0.35038280213010464,0.6859618527334459
15710012,0,-2.8714499086391565,-0.5154243019226074
15763327,1,-0.06015445026661312,0.9443472175150264
15668853,1,0.9145861857349631,-2.8906178450240456
15639303,1,1.9745404324386782,0.006823905424209855
15691011,1,1.541252678795749,1.2098220306374026
15638513,1,1.1341317852736497,0.6807448890388434
15648933,1,0.23640226000757897,-0.4836624649736959
15628904,1,0.8080846237844866,1.1906620345674956
15644788,0,-1.1993898684139743,0.1148374159098259
15598161,0,-0.4775691289432306,2.9768078200053822
15745624,0,-2.0443718100727453,0.29187779152940396
15733169,1,1.7457936565620777,-0.3307361367537157
15801417,1,0.661675507200097,-0.41920082733863906
15592707,1,0.14856813406027217,-1.4675075834498288
15593954,1,2.3164647732517953,0.486745398523425
15714431,1,-0.9689319642790097,-3.122139747183636
15638257,1,-1.9464711598574527,-2.9311975921632354
15690939,0,-1.9940079339719041,1.652623045241013
15723613,0,-2.560984151940989,0.24641629259115772
15813640,0,-2.2588736269374294,2.043156258346993
15707322,1,1.5751643298454907,-1.3560665724886536
15588918,0,-0.8565653055552538,0.945274496314276
15600357,1,0.157523282348633,-3.5136818092466657
15747014,1,0.21627860604705984,-2.3521834801660177
15809830,0,-1.6203716067341065,2.670081251613111
15662245,0,-4.377428820313797,-1.8219791911108063
15651075,1,2.1190225546191837,-1.5312354966426034
15594456,1,0.8182908153170518,0.18628140604007482
15583462,1,0.6249090059294922,-0.8391964508235058
15757661,0,-1.23881071792199,1.6115802062883609
15729117,1,0.6101640434859128,-2.606271771028002
15749671,0,-2.5247532073437258,1.254160860353293
15566253,1,3.2880490934725923,1.2836268331811336
15595153,1,1.7412100181269197,1.034683429018915
15698572,0,-2.1351900703049416,-1.10392978196631
15674149,1,-0.5584448459517048,-1.0718805278640904
15623082,0,-2.4877798278070227,-0.9222973995224416
15797905,0,-1.7094241071084824,2.168768246861783
15746028,0,-1.2235243751747253,0.7053474205162452
15582951,1,2.113279679574882,0.20387746651739597
15616471,0,-1.6312419058798986,-1.7344323983317125
15641575,1,0.968476520180087,-1.4352470097872312
15638803,0,-1.6455894418621042,0.42090163554833676
15808283,0,-0.5923319208002013,0.1079157153881052
15811200,0,-1.6121734240727537,-1.2807851107611483
15733476,1,1.206493249452707,-0.09865250300012322
15633274,1,2.583494145309233,0.08612858568934707
15582168,1,1.3507235170337468,-0.3303669631418584
15807269,1,2.3727839697950563,-1.832769155878188
15602979,1,0.7480507723520744,-2.490879167112476
15660417,1,2.669147557718326,1.963806260587706
15590199,1,0.2100603771590262,-2.340818900118171
15641794,1,0.16849744524140697,-0.3084407258204633
15779174,0,-2.347011840417131,-1.1691698458612356
15785547,1,1.7319478386817,0.09421766296215313
15795124,1,1.0662542172227727,2.511000012982742
15718912,1,1.9168926293192565,-0.1276057107238505
15592028,0,-0.9473159161487525,2.0385707970008133
15580227,0,-1.6339284841920911,0.9179971599713915
15657830,1,0.5796719804153657,-0.6339481973914144
15798256,1,0.2102207441975567,-3.3001971728804427
15643819,0,-1.9179563508973272,-0.06042592894072951
15754301,0,-1.5843085630965592,1.295228189026813
15726855,1,2.951965795306735,1.3444160391425852
15755225,1,1.9724250094897249,0.6817414371996978
15725221,1,1.2170376596726644,3.5695667255908052
15789055,1,1.0560353122879411,-1.5465900093243676
15617507,0,-1.7447032243471825,1.5885510686430648
15668894,1,0.7445530383028419,-0.28411765902252434
15589563,1,-0.10872196651963657,-1.893062844627934
15693162,1,1.7762541221013883,-0.49004187836201973
15750099,0,0.0209512262802391,0.9349196434960495
15795540,1,1.8405874053583529,-1.9678358976626116
15794941,1,-1.2969164457048639,-4.255052926064332
15611848,1,1.8805742032605965,-1.5256585966500384
15581237,1,1.2383219708026292,-2.826961190377504
15738150,0,-1.8375028335355394,0.8495358565338481
15678571,0,-2.4247255494282602,0.05251813722053977
15736124,1,-1.2469197361415125,-3.3580784699924644
15623202,1,1.7012298360649822,1.5351245304336325
15804201,1,1.721454287421713,-0.5923814016193429
15596863,1,0.7990590873991523,-0.9040740719898624
15696277,0,-1.0806882142042267,2.005835654831087
15748608,1,1.0332657079357797,0.12116330267856741
15723864,1,-0.7472380626835147,-2.9645720031995424
15802390,0,-2.8669906859719445,-0.9758515155561694
15774336,1,0.598804433343887,1.7570924485313724
15648766,1,1.6583547053175571,-1.1174139427451422
15659094,1,1.1605497239394302,0.7904150711610629
15606397,1,0.6860788877953579,-2.202412822263107
15642619,0,-1.7881531886435358,-1.0020388788275159
15666032,1,0.8117313737338703,-2.4085808896052523
15595842,1,1.4104550782634127,-1.3429668989587062
15753837,0,-1.739127769573635,-0.014631804396319613
15783882,0,-2.0531967541661293,0.9141832423122892
15799790,0,-1.5189689688110797,2.589403833016428
15628155,1,1.4104623071104687,0.501787971397801
15703778,1,1.3896513711847132,0.9410101700296344
15722322,0,-1.6358251586509653,-0.3440956365951229
15639278,1,1.1797234898890345,-0.32813535355033535
15568487,1,1.1694317216381522,0.6101381286077108
15682084,0,-1.9563445450024217,2.2632358479408112
15642821,1,2.5455983402335307,1.3904828678293941
15601387,0,-1.4933224416193585,2.694678378249859
15642515,0,-3.516247501271375,-1.924809559932571
15710421,1,2.3365233799775496,0.8207307496100891
15726774,1,1.0751841053788103,-0.832539222120347
15649078,1,0.36667130686010635,0.43715670990242583
15641877,1,0.6879872008950321,2.3966165342406547
15796496,1,2.903747936271994,0.15409672383971362
15815690,1,0.6398363500088947,-0.7927298191390624
15631739,1,1.736739727551671,0.8435766891911588
15625584,1,0.21906562581611613,-2.0486060036029445
15802466,0,-2.0455224912629215,2.396498895795151
15697028,1,-1.0609543596719166,-3.5635964071703334
15575759,1,0.6717336586992998,-0.6555765396312386
15567442,0,-3.191439018688278,1.2289139179154565
15746805,0,-1.813527775249791,2.3182762385750637
15636330,1,-0.7211883043456024,-2.9107019529398594
15714970,1,-0.1119002776218644,-2.402290397965228
15653784,1,0.9754030607303834,-1.518922723203131
15693543,0,-2.3997821338962386,2.110641338995934
15773283,1,0.5577671695973587,1.9918424614149712
15742534,1,-0.0193762435662346,-2.3448656859079673
15569878,1,-0.20240322450377538,-0.4709335648512764
15729454,0,-0.882595588575142,1.4364428172376276
15578375,0,-1.058788364572395,1.0433487207503507
15785559,1,1.1632929557322185,-2.4126253903397346
15649414,1,1.41984764036318,1.269043713265142
15701605,1,1.1935402793449346,-2.529040811232967
15686696,1,0.1673334064029396,0.3587278482092148
15625586,0,-0.9876580769030316,0.168697069954503
15654975,1,-0.2226375325198995,-3.646075499083864
15782993,1,1.2935004774174137,2.3501468110682615
15774382,1,1.976101368520146,-0.5715052816524347
15689602,1,0.3530934216312752,-1.309904478556349
15756155,0,-2.2597508977454934,0.16016973447847482
15812647,1,1.1433590715368462,0.6712568682193591
15736043,1,1.1465176134680368,0.14529214978774685
15696744,1,2.3681882384822526,-1.6037994742117458
15602572,0,-1.5965894710961372,1.9956852836663899
15674765,0,-1.625105319060084,1.0257606846720386
15678725,0,-1.526217263418176,1.4504321722104843
15694444,1,1.6069233188793624,-0.050550373376089225
15795878,0,-2.170213560363188,-0.1987623441687938
15735346,1,1.6671332525889537,2.0230727444951815
15687094,1,0.42057624874649907,1.178716392803737
15790067,1,1.8364159459525509,-1.0563740979612344
15605742,1,-0.21322720102073192,-2.2093774191527027
15566740,1,1.2690925593949816,-0.670214349138709
15664897,1,1.1732559305070525,-1.7521168649074073
15585777,1,1.4673874172251815,-1.2617602101637713
15650864,0,-2.1655901307762653,1.6164233487529445
15806709,1,1.7160597000828106,0.13077713029505444
15633818,0,-1.1586808745498365,1.914645138137279
15713845,1,2.9106934275636958,0.11178748395992201
15639662,0,-3.262046536383041,-0.46901660996949757
15567013,0,-2.784013632419927,-0.05922971948692812
15777784,1,3.110132285127303,-0.21623928738603762
15800251,1,0.4810771137022231,1.2756448084607621
15651315,0,-1.8847087314904871,-0.25902389103405254
15651450,1,-0.09722982557510203,-1.4666816187932141
15784218,0,-4.2095926698929675,-2.2000639238765096
15572398,0,-1.6971651582839402,1.0311803588898734
15707962,1,0.4332159555740073,0.41067448640041915
15705663,1,1.222259996133512,-0.718836865264559
15645355,1,0.3410712885418084,-0.8165410123633403
15729557,1,2.411472859294066,-0.6484291514912942
15631436,0,-0.516053799304687,0.14598772449465905
15583073,0,-2.3158647595507693,0.27631947156186454
15614361,1,1.1404006458996967,1.8878291025000449
15724684,1,1.0585920544164726,0.4300444389427992
15700083,1,-0.3876316902509231,-1.6647051514084414
15636541,1,1.2021995160673236,-0.11973333261921953
15796015,1,0.6296091107708494,-0.5855461026221805
15787222,1,-1.5540306318872263,-3.1762642686602622
15594270,1,0.7565970073467072,0.4880944678880206
15701524,0,-3.6146552106824066,-2.3316631881895895
15645847,1,-0.8049245941493843,-2.4260172860126548
15708867,1,-0.9529019831763057,-1.2525569004939958
15613140,0,-1.596722629019275,1.3355471670836472
15628893,0,-0.8950111161540623,1.7360387618868394
15764073,0,-2.565138523590516,2.680966685287314
15782879,0,-2.3212289237192074,-1.0941467800905575
15635964,1,1.9046421705129473,0.19370021974044005
15726087,0,-1.0927844871181485,1.7828483468576348
15726313,0,-1.614524562212579,1.1385411718851586
15578073,0,-1.0009189555341031,0.9985192740077713
15786249,0,-1.7070595225870988,-1.4503763878122347
15812850,0,-2.1498431303863317,1.906050596336006
15596972,0,-0.41151670981504246,-0.18014896059677848
15620579,0,-1.4875809400608533,1.5399441476324376
15768270,0,-1.3357647809404982,1.9569306966809819
15656597,1,-0.4699652132151007,-1.8463708141696977
15699446,1,-0.6789081003835129,-2.083154786411568
15615004,0,-3.4163424311558965,-2.214382131110703
15704771,1,0.26920169939448896,0.07384618808996922
15588372,1,2.646598862384563,1.1381392292230348
15681439,1,-0.37597033170122524,1.6180875780622732
15607509,0,-2.2532120618689975,0.9836816717335491
15670343,0,-1.8110992420301635,0.5138072677972259
15597968,0,0.2554459312704865,1.8350985865858047
15658432,0,-1.6492842500933633,1.6276250579872273
15616431,0,-0.962177925319825,0.22213837111143325
15796957,0,-2.389591306880822,2.271410282924583
15815552,1,0.9579440725996018,0.6012867739094655
15631871,1,1.6618210877320012,1.475964971483164
15635870,1,2.359622859392448,-0.11328215996704592
15596713,1,0.7448277711567203,0.40672585453214627
15684211,1,3.170760982331176,1.2138263977077013
15760521,1,0.7936457620396933,-2.3322076937366267
15608408,0,-2.582063586360289,-2.3806994938175285
15804721,1,2.0760047619174737,-3.031254288114219
15730272,1,1.6941220813155726,0.4457390188890845
15741988,1,1.6114617047903577,1.975117844914184
15771728,1,-0.4796074759938776,0.9641930389833807
15605113,1,0.8040838848293519,-2.7510480395112067
15661945,0,-3.1974014350318805,0.44522956318055934
15783816,0,-2.310711601933524,0.7241901310338529
15721207,1,1.5609516648213329,0.4938709336015381
15764072,1,-0.3098737998103735,-2.1454786807100112
15689412,1,1.2771004204303444,0.6194013897727705
15798385,0,-2.991426760033807,0.2541471313704738
15775339,1,0.8381304256535077,1.0552946280916748
15585256,0,-3.6879694055257297,-0.7704248892174187
15797329,1,2.095830840142588,-0.6720910445076017
15780220,0,-0.5050401763765661,2.6940374038719126
15648951,0,-1.2613658069150957,1.3762024832845956
15752409,0,-1.2363887405138019,0.7729287024822872
15807524,0,-1.3037945535464588,0.3142447377385349
15766649,1,2.575824948309563,1.6495337280545843
15696812,0,-1.9872066216994835,1.3162012627652717
15581295,0,-1.2693330203467914,-1.356176283087924
15663234,1,2.2518632863612686,1.361566264228645
15741417,1,-0.37895339415708934,0.8425516180377663
15695174,1,1.4901916400175854,-1.0749911261207366
15665168,1,0.1975929385614624,-1.2368134130044561
15601503,0,-2.494953575065013,0.3461871451928861
15706131,1,-0.015082976358348734,1.8228219924355875
15782758,1,2.3518697632731316,-0.6213644463481929
15591091,1,1.6263522139910773,0.043263342825657386
15715877,0,-2.9672961966523284,-0.8791644713932872
15756918,0,-2.893843393780192,-0.5275690243531986
15746662,1,0.1269111186587083,-2.298547249364665
15626679,0,-2.7426752213447423,-0.14204281239492417
15793343,0,-1.3861483431263002,1.2569351567739824
15576774,0,-1.6637813056861885,1.7659566271649088
15801316,1,0.5394640034693137,2.7556524605255066
15800514,1,0.5222724270615077,-2.4069736135538626
15662232,1,-0.9801114134899238,-1.3370541260691546
15737778,0,-0.6741046444993126,0.4243280292867176
15782096,0,-1.9801040381681059,1.6167782207864616
15783522,1,1.4781014289301848,0.9615827761918149
15785373,1,2.6483559171894147,-0.45141654386559293
15756272,1,1.6208663623811355,1.4284724564474005
15615245,1,0.5662916975806441,-0.5926235756539381
15600174,1,2.2511637388698205,0.24419246202635142
15752956,0,-2.4317127340694293,0.9444553666058499
15644882,1,1.9961346502693056,1.6735626984940184
15766272,1,0.4895733978586315,-2.437953861885891
15800620,0,-0.32445682730167597,1.447924537985195
15569764,1,2.1678126912397717,-1.921541395697148
15747458,1,0.004601248836339309,-1.1440642702750796
15573171,1,1.0422359421605754,-2.138717031687702
15736769,0,-1.0932271520620604,1.5858926756531568
15763381,1,-0.4183547652161251,-2.3537699911981442
15814430,0,-0.8748162864113673,2.835253160832652
15638607,0,-0.8939779864069333,-0.3225621042981365
15737133,1,0.6806501270579051,0.698323755776665
15613945,0,-1.8921392876514198,0.31917520679375555
15659937,0,-1.550374079655427,1.6068325652815993
15765287,0,-3.1946267792727707,-0.5123205190897893
15661723,1,1.8826443699231852,0.351952672637291
15766064,1,1.1021562969388299,1.045224950691483
15649616,1,2.099321146449288,1.4128266525757582
15719017,0,-2.7172692286562494,2.198810380522479
15720919,0,-0.6705517775123098,1.8185221499332536
15706706,1,1.4870582433758734,-0.059122849800381475
15709653,0,-1.791603193477822,1.8370817183670414
15805104,0,-1.387067240833854,2.5474582836331083
15622442,0,-1.1681376441166405,0.06594308329854011
15572801,1,0.7195048475612376,-0.33341482399175915
15767598,0,-0.4577692007886167,1.0686287793923757
15757897,1,-0.20758791177838046,-0.7919546817326973
15568104,0,-2.567719414569281,0.9983050941176385
15763414,1,1.8337120520875214,1.1254473644468328
15732265,0,-1.6897684789706957,2.2536617940926438
15621974,1,0.2469102625406659,-0.8074744291414127
15803947,1,2.3681286640002486,-0.28337786174257623
15720706,1,0.4122597679171103,-1.346396094902703
15759290,0,-2.1734682741775018,2.255172436808634
15651664,1,0.5093097862313185,-1.738531040636468
15795132,1,0.7044527906281383,-0.9748218685803244
15811565,1,-0.004198209460102211,-0.17602078460771245
15713774,1,1.3307453687517843,0.8413297528299797
15691840,1,1.3629058921768822,-0.22660264622324944
15682021,1,0.718680008424015,-0.5136606316438536
15612931,1,1.5364545907686074,-0.35777285980139373
15676707,0,-2.044068224031896,0.3794282747466882
15601383,1,1.6297358489623555,0.07814174950327842
15662662,0,-2.0643001619551558,1.0134793713529293
15752694,1,0.2314456418341915,-0.24805765232941873
15590683,1,1.7752584747094589,-0.1271741641665237
15773591,1,0.45851265079884684,0.9630851684238425
15723620,0,-2.4078745892303646,2.0957330180797906
15671779,0,-0.9205474037297978,0.48029850049805717
15672966,0,-1.405871218401627,3.786239468629766
15624667,1,1.3485178839691392,0.10545717494215619
15812888,0,-3.3332402972838215,-1.0153988251606278
15724154,1,2.0079351347228087,-0.4229260333168725
15749540,0,-1.6359842651961365,1.5300616507953955
15621063,1,0.8603095010689998,1.7311652777919353
15661626,1,1.4821222472948798,0.662258808735419
15698703,1,1.2279523429006554,-0.6423590629684773
15801431,1,1.1394261599976352,2.2302229613157736
15649451,0,-1.8260973028889074,1.7535547406968695
15626156,0,-2.627624831742788,0.4876438582877112
15606158,0,-1.136434760930461,2.8524882440061936
15589496,1,0.9854928975510381,-0.4772631036142193
15730345,1,0.8614338079158163,-1.6606068439630837
15572038,1,2.753802799009835,0.8437757213307933
15643439,0,-1.8414914826862516,3.5976112892127348
15604158,0,-2.383487764919208,3.2130958305744834
15657396,0,-1.3130489717897313,1.8554832601324107
15709478,1,-0.2688974557932579,-3.462987956920337
15628824,1,2.6933606358824203,-0.7757913782423336
15814519,0,-0.815265708394772,1.1625922584476653
15636520,1,0.4749099205533856,-2.2678877435726514
15794414,1,0.644928171982629,0.9346585935455193
15643671,1,0.9546583107257787,-0.016250144431132346
15700650,0,-2.227632903093967,-0.1728020001313385
15680224,0,-2.924069590945288,1.052074491976834
15784286,1,0.9606263580558527,0.0382764079627064
15693996,1,1.4522116388558193,-2.6385632693189236
15764343,1,2.0371739692444404,1.4401336975927816
15704168,1,2.176505629658566,1.0382598056302723
15680197,0,-1.3180758759639408,2.797620471929434
15633729,1,1.1567167558488145,2.393024997328857
15577683,0,-2.601334574701225,0.1028634126614801
15800746,1,1.8411380999122668,0.7990801508710432
15788686,0,-2.5464078449621463,2.45590076795268
15742798,1,2.5219477316739036,-0.5103985076675249
15596647,1,0.8542835296427725,2.1934951045939863
15756070,0,-2.105016467470553,0.5123082671775129
15775116,0,-1.981299294418584,-0.381799263101921
15575428,1,-1.1794821662365411,-1.5974833776538804
15654074,1,2.4506685141010105,0.7545099507905856
15695872,1,0.5203392885962789,-2.6001196411718066
15568885,1,1.9289846971971152,0.7813573311557951
15725036,1,1.8282031809291044,1.662204446674271
15632665,0,-1.1089363168474309,-0.07935160049554972
15571476,1,1.366811144453445,-2.92496281212219
15776850,1,0.9620405475932235,-2.529101950777378
15623649,0,-3.448496972032749,0.05042578344926818
15751131,1,2.282820248083027,0.36774370455080463
15688128,1,2.0148943167377964,0.6741252130486055
15678412,1,1.4238015341530692,1.7623882784295988
15770291,0,-0.8596321682123556,1.3068619257498615
15583392,1,0.672906130587704,1.1308878536407592
15690731,1,2.2243389207923485,-0.1097284754860561
15697948,0,-3.1501469238429483,0.01362715134405429
15608328,0,-1.3048512164893842,1.2499382517846316
15766378,1,1.1331249914303703,1.5394390071860247
15600813,1,1.636113523358107,2.0889038850330857
15706217,1,-0.265228918968792,0.4253643376573728
15601417,1,0.07197553936262417,-1.4991011812764141
15610972,1,-0.03676440029293335,-0.15519228061565907
15674620,1,0.9381416918531174,0.8161635916131924
15785350,1,2.1051741071591294,-0.270939980262303
15749119,0,-2.6757676984005645,-0.37517310203544707
15756535,1,0.7533806057397535,0.08645086835793638
15700965,0,-1.902069900208711,0.8078680535979611
15791851,1,1.0790686765224071,-3.1068579182888225
15717156,1,-0.7250232838057331,-1.140451078797172
15740846,1,1.2267329766663917,-0.06859853580974473
15573284,0,-2.7717111787104263,-0.39967335768000756
15729083,1,0.8845070231921417,-1.474537486776463
15611612,0,-2.316729270679518,-1.5184589331311853
15694381,1,2.577704083521426,1.3993291674276684
15651737,1,0.08595705507883682,-1.9656733747853103
15663168,1,2.4485345243270227,0.5799482579273894
15643426,1,1.5834603045197013,1.214632319650292
15618245,1,-0.9835274874846551,-3.1564328200413643
15717527,1,2.1730241686416876,2.0192714692792477
15793478,1,1.8866848721981921,1.128307156396982
15642248,1,1.7146949122798691,2.48840923234907
15640377,0,-3.196008842650898,-2.530669437711916
15723950,1,0.1924032132966736,-1.2317713305119142
15590327,1,2.927408483306027,1.6797993992146778
15706199,1,2.5003676564325796,-0.12748404731812046
15671514,0,-1.4815191255889442,1.6500705016353576
15727041,0,-1.570698708758479,3.06318604420786
15738063,0,-3.712257749278677,-0.670385687321287
15711733,0,-1.705935071048357,0.44192510638456134
15652320,0,-1.458702182595734,0.7909123258140701
15634180,1,-0.3574468321727377,-0.7605040240257519
15694566,0,-0.22718326022415308,2.6548846087854994
15726103,1,-0.057590692521006986,-1.6051579466720527
15646351,0,-2.2871547500614136,1.4089994770687202
15730044,1,0.006641619776714711,0.12854376919348243
15795186,0,-0.7062370560958051,0.8212006526217448
15784890,0,-2.210509431652324,2.030706552172127
15694125,0,-2.5032202543714277,1.6669709213293655
15565891,0,-1.7829514925691343,2.208737505195922
15674254,0,-1.6939034257917713,0.21243602842758427
15775206,0,-1.0206594479461841,2.719490006350824
15797627,1,0.13256304333785723,-2.240013630048287
15649853,0,-0.9041632904548997,-0.059549779385713875
15610379,1,1.4786797937988168,0.9743380727061347
15659800,0,-1.3572284456904005,-1.2827759495508853
15716236,0,-1.9784378398937923,2.954109123826028
15672053,0,-2.4450912956080324,-0.7387715494819348
15663933,1,0.747357375867952,-0.48488985870773876
15814236,1,0.06315701141993367,-2.188284036484504
15583597,1,0.061302366951986736,-2.0057032222094087
15607395,1,1.6592539823036863,0.7575731976729501
15694556,1,1.5139795915146625,-1.1429081697484482
15744109,0,-0.9164484054297795,0.017396525778730524
15800688,0,-0.9154604120906438,1.6067558619096378
15810878,1,2.300005807424068,-0.09239337436706929
15587835,1,1.1198558319522882,-0.8688590228208617
15763515,0,-1.4105377368297298,0.23581650459913855
15725882,1,-1.251658984141759,-3.0223042392425006
15788022,1,0.561379295257031,-0.7770455419147586
15663917,1,0.19480385522575433,-2.02764357930555
15656865,1,1.2079655852849176,3.586807905010788
15667971,1,0.04914298673445641,0.11063904293254641
15800366,0,-1.5122753285124828,0.6586922042915019
15717231,1,1.5466783494409877,-0.5201631212078612
15643188,1,1.4569214495514602,0.7200305190747804
15671351,0,-2.57531561789592,-0.8859159982559502
15573628,1,2.853840930783344,0.7951004875546335
15698953,0,-4.889658173926813,-2.9210509841604817
15753888,1,1.105076797954223,2.558719987017656
15737961,1,-1.427076472351606,-3.541883488599588
15801701,0,-2.346474193663532,2.4999311419077936
15684419,0,-2.3020714456071465,1.9586120608823834
15794266,1,2.4234125343445423,0.863445512195368
15810711,1,-0.14360415911361615,-0.6420904684323955
15771270,1,1.873689954682966,0.23615465770214272
15607786,1,1.1774183343737854,-0.06899965416681104
15624519,1,1.8424703431005862,2.1393247370781774
15799910,0,-1.7411170100020086,-1.3941323186818053
15602479,1,0.6825162754488917,0.08403687362283478
15617419,1,-0.16712884555058452,1.61801205666866
15657603,1,0.48728333527210926,0.6917490377759676
15570379,1,1.3542074417246055,-0.5089132429335956
15772996,1,-0.8787493304092979,-3.6152140814283067
15729574,0,-1.597442185706182,1.0830973009608904
15737267,0,-1.764740905106752,-1.0287859223623774
15799128,1,1.3986143719505766,1.6277616919188524
15813327,1,-0.6530233563943966,-0.9819596657272203
15711921,0,-3.224887049733558,0.8932949557893252
15654300,1,1.3239193766957251,1.3418530273301128
15569945,0,-3.368182509442449,-2.181856828870156
15569666,0,0.038266722159661586,0.354770231620363
15681887,1,-1.6751499256713565,-3.3522505178587907
15608873,0,-1.2431283962586668,-0.04968171767104024
15762091,1,1.039344642392572,-0.32515385244510203
15722053,0,-1.6820672138365729,-0.6764696727357713
15782100,1,0.48450809350257107,-1.1708075728221516
15765300,1,-0.275933399958692,-0.27489507909448385
15743570,0,-2.2023522533599342,0.594601484773274
15608541,1,0.5781437483087939,-2.0822228157286338
15750671,0,-1.221914195614287,0.6382637526495156
15813659,0,-0.9444567608817733,2.7458962841202705
15757867,1,2.836725275391443,0.9470442928865638
15652914,0,-1.1714708948334696,1.8648911737809395
15723818,1,-0.035744254736211595,-0.4812992335974484
15713819,1,1.1294015811196199,-0.8117208986219422
15656484,0,-2.174313763456856,0.2686648925759857
15778515,1,2.038217781713136,-1.1884025830121507
15803840,0,-0.6716036459748607,1.8028420063181103
15735339,0,-1.1436980839500062,0.5980555755466641
15600392,1,1.7449515428406297,1.3395668278851887
15625740,1,0.6847955079362006,-0.8957299617123026
15663817,0,-1.6432000835045737,1.4033212695024213
15734461,1,1.5955195097584562,-1.9913016795987117
15780142,1,0.3997503841217458,-1.024291895805631
15709920,1,2.2885895474922977,-1.992206637955021
15684248,0,-1.555101153570099,0.649369915384913
15643158,0,-0.5945774202114622,2.6430183979917192
15693902,0,-3.1982636545528487,-1.1814872603905224
15578307,1,0.13910135399994317,0.042815427986743454
15585379,1,1.9347062796694903,-1.894697977569804
15758510,0,-1.0707265203556948,0.4665045075861472
15692918,1,1.9007759281882979,1.5496739095440553
15705301,1,0.7119553788553714,0.0837215855615163
15718231,1,-0.8910849400526766,-3.846550302615588
15567991,1,0.06576645994823803,-4.119209320122912
15772650,1,1.680792087892004,2.544665563059602
15574795,1,-0.4624744850827757,-0.9462384020521041
15706036,1,0.5224225260031182,1.8962351958403416
15723856,1,-0.9598626557325705,-1.1196088868055598
15812920,1,1.8093526399126783,-0.26804079333805103
15691287,1,0.7422770621509996,-2.783934643344591
15804797,1,1.0318583703228514,-0.5295873138474201
15708650,1,-0.5529883902954471,-1.9480386235455858
15712777,1,1.1215558743428151,-0.3600649854842377
15786469,0,-3.196892237270613,-2.1782204558990523
15669219,1,1.152460037115838,-1.0051109962462206
15641004,1,2.9208342367233793,1.988764559286928
15648067,1,-0.6207764133766133,-3.157197047379214
15704014,1,1.9983587193539873,-0.04023832496534428
15645136,1,1.1002078742961505,-2.6545689690665837
15709604,1,1.553826100357445,-2.1179996723060865
15713637,1,1.8596782688635545,-1.9781489289618421
15793901,0,-1.9857220060623908,-1.2574948146129608
15569759,0,-2.261644832648951,-0.4858148964850961
15712930,0,-1.1087632221215176,-1.3661593664910447
15586504,0,-1.773742799575965,2.717237341628417
15677317,1,1.628972999545714,-1.121071063717491
15664270,1,0.6592547351348288,-0.36007277247151487
15731519,0,-1.5604346208195483,0.31155555817726643
15745623,1,1.6592658149189348,-0.7465474329327677
15813862,1,1.456650883635627,1.5035476761351034
15641934,1,1.4269443824999963,2.1325254267888885
15713043,0,-2.289980437925736,1.0513398628050237
15700749,0,-1.8426408969516617,1.6932773026868826
15697567,0,-3.065280380365765,0.464792305924919
15715414,1,2.392103366351141,0.02261972996626485
15639530,0,-1.257785559762758,-0.6070029710284296
15726058,1,0.4927581725341925,0.11516364073708808
15725665,1,3.243084639494072,1.3733599616300525
15698872,0,-1.3633375492574866,-1.2660911467883995
15812184,0,-1.4721859370413546,-1.5426537694267786
15742609,1,0.5994266291331942,-1.563967787125475
15815043,0,-0.7728882954864427,2.260809409718607
15640648,0,-2.5675990622955474,1.457857486244939
15627203,0,0.10164171967235108,3.4512151774699285
15786196,1,-0.8095591626159317,-1.1618267209570456
15612095,0,0.09071959415919068,2.7734530597240283
15674368,1,-0.3305905032406056,-3.4206688126213933
15783477,1,1.0245547632981111,1.4464629589416709
15757559,0,-1.8289642940759674,2.4882188597907073
15591036,1,2.117514236247735,-1.0958391334336162
15761241,1,1.9667941370209558,0.6966155361949125
15695078,0,-2.193408872521857,-0.5872749576547006
15645744,0,-1.6570168826490321,0.2644360943368825
15566988,1,1.9277508918999875,1.009310612406328
15749300,1,0.6235223439957102,-1.1991748714808463
15594340,1,2.1172458244955954,-0.7660315166935903
15607065,1,2.379681438593912,1.0746435126267357
15778089,0,-1.829400660930442,-1.0759248462069826
15773723,1,1.1949719931025489,0.5969761665834203
15697035,0,-1.316930920697311,1.6558823046111582
15679668,1,2.1793391138038163,0.36519349880671526
15709861,1,-0.5445004983261246,-0.7035628982437464
15791958,0,-1.638084931228511,1.0770185132656205
15791030,1,-1.3527006352312867,-3.359110544784197
15695339,1,0.33794429078641647,-2.2931956015468997
15658813,0,-2.5254088876350074,2.7325269332111284
15715709,1,1.8324188267384443,-0.6402966789574984
15722533,0,-1.808133536905114,-0.40893570312194916
15683118,0,-1.1052543680274567,1.9007148866184667
15672798,1,2.638673547402835,0.3989093053142956
15680112,1,2.7761437154471653,0.026805941871117456
15714575,1,1.1200451159623561,1.6692259792393618
15806808,1,0.9876685254790584,1.6017350125497671
15590637,0,-2.034882139377083,1.9006928024734862
15657535,0,-1.347462627414014,2.53081858749561
15696141,0,-1.119908831132414,1.5726836676059224
15811947,1,0.06966535613092943,-2.546637899860889
15649024,1,1.4793782768639103,1.5362390362313267
15594928,1,2.145129626193114,-0.8938108135607672
15765532,1,2.1946752858040943,1.5176765221556812
15741719,1,2.6451196585751475,-1.6218295470712019
15665629,0,-2.283207355333632,1.695586990041054
15728917,1,1.3965292866290822,0.8713712669525108
15762993,1,0.35966003508509314,-0.4821278373653282
15571193,1,-0.056737644904582746,-2.4391400305656266
15653521,1,0.4308343646780883,1.2188758175162595
15802220,1,2.161862144543264,0.037089166650220357
15644132,1,1.846656462521593,0.8142467214500694
15600832,0,-0.25672160629291096,2.6609297991086587
15797919,1,0.4893046819869714,-2.20289352993724
15603743,1,0.7324923084247437,-2.5848504275047968
15579714,0,-1.0973382148459097,0.8315883620717965
15634295,1,0.13870786840324179,-1.947203851920302
15786680,0,-2.4795857136616175,1.0396257159274818
15623499,1,2.757903096523011,1.8251664441202973
15691823,1,2.0898184091345584,-0.6084812062810971
15809279,1,1.4302289371284658,1.4258732458098429
15758039,0,-1.770657293412542,1.4264490753115964
15807163,0,-0.30409980484945226,2.9356768129450517
15631639,1,1.9796277853159696,0.10705848516015633
15713770,1,0.5931454085578073,-0.5770374238766265
15698167,1,0.6758464083591595,-4.318171575006689
15781710,0,-1.1180820676755394,1.0172533059313364
15801296,1,2.010652785496115,-0.03742521959551158
15704378,1,2.2763586034673953,1.0082368724113595
15767891,1,0.03221507859645387,0.04599981698464922
15640667,0,-1.7422697717915117,0.2925926722807599
15702145,1,0.37807259749973215,0.8570910596443905
15679738,0,-0.5425357806221557,1.9028535225846115
15636634,1,1.1834069758042438,0.2656983737267027
15809227,0,-3.364687019462175,-0.7077769944289415
15601811,1,3.433342308154489,2.2236545865302184
15625494,1,0.894408572806516,0.8963043339857938
15723737,0,-1.7559927985374428,0.023104561266685284
15682955,1,-0.010799698740545118,-1.3245896195050229
15758856,0,-0.5750430923774145,1.5803056677871177
15746065,1,0.34424517249324277,1.7906006779385866
15783865,1,1.073088770051658,0.7694302369323403
15745455,1,-0.10159278206464441,0.20045594844164327
15583033,0,-2.5354323012261393,-0.12664755857147192
15644212,0,-3.0628510596806664,-2.728107891892608
15735688,1,1.8280373952488567,-0.015125387917638565
15658577,1,-0.35478856463300207,1.997132347645775
15606887,0,-0.17079655072486305,0.2124272869383709
15783026,0,-1.7043788968735636,-0.20361769207354463
15579892,1,0.269885778591636,0.24412125835884635
15802088,0,-1.0695713379846439,1.9343948987423443
15589323,0,-2.2426654230269727,1.9101910065362284
15636395,0,-2.4981790183439547,0.8239169265585932
15712772,1,1.0261334259217303,-1.3973492234687621
15700937,0,-2.7925489355372837,0.46759867840514996
15766659,0,-1.3894829589495896,0.346108599343255
15814033,0,-3.7133695861949434,-1.8411327234373134
15783007,1,-0.05327993745093154,-1.961915767749482
15654183,0,-2.54635894876119,-0.3896226837004031
15609899,0,-0.7964626096741315,0.35951857792426295
15747323,1,2.6588430244884087,1.6860577033021367
15582591,1,1.7908535604028872,-0.1377056149765925
15738835,1,0.6193846317321288,0.7932022377695424
15782404,1,0.5063451795745249,-1.1701936580240806
15697480,0,-1.523452180798636,1.0846382461694462
15697045,0,-1.565087638336347,2.231047830411347
15781234,1,1.898242555403689,-1.9384213619935289
15579891,1,1.624355441552804,-0.35916236414876196
15805690,0,-0.37001553399425113,1.3853265914151145
15612139,1,0.5125293041237297,-2.804080351498019
15568834,1,0.5309499872165849,-0.10218390241724068
15709917,1,1.8596474759406716,-0.9031263475909671
15718843,1,-0.3287696925576055,-1.7620777868079556
15799494,1,1.1734907807414694,-1.5780769182038907
15673439,1,0.9391894983171276,-0.1279278025691994
15669011,1,1.3821194024313181,1.9252863028634173
15581388,1,1.8398615283799065,0.8192758001459467
15743153,1,-0.969529899086568,-1.5759736733447682
15579787,0,-1.5325592185184167,0.11418986244063524
15759966,1,1.1623689622119562,-0.6220706196107618
15601045,1,1.7954759367850626,0.669209511429005
15764021,1,-1.2621131114255575,-2.999524359418926
15687218,1,0.3379003058436068,-0.4850984699153495
15626452,0,-2.0508614667663974,0.4217764964748949
15700964,1,1.5991253303992676,-0.024273793611642377
15768887,0,-2.197991223991565,0.3902278571917836
15735358,0,-2.1955220921070833,1.1709371660090704
15749472,0,-0.1375961766180579,2.2394209854638203
15685872,1,1.2197094641497694,-2.922134798023193
15760851,0,-1.8295227458926238,0.936963727583129
15734588,0,-4.186965195044764,-2.0932893497641833
15784594,1,-0.7026349417645024,-3.3582164174090785
15606435,1,1.0365614134166623,-1.652193421820772
15790247,0,-2.535353575557399,2.9068777864779576
15676433,0,-0.40976375499410805,1.153761179479172
15625905,0,-3.432339178825828,-2.3393267509593807
15626414,1,2.038161404688704,0.3381244963417692
15623220,0,-2.427571113501452,0.7762658548349237
15752857,1,-0.4421382637247688,-2.872060483738838
15677908,0,-0.827014907451663,0.0038584614122463864
15773013,0,-3.0183884782615444,-1.0982492377535438
15623972,1,1.7341445114886456,0.5746428690134135
15738627,0,-3.0340281675423046,1.056534052328565
15643392,1,0.12055032667941636,-0.34391881305803046
15684868,1,2.619863105156422,2.1845349385499038
15627854,0,-2.3786663074493584,-0.12880042138396536
15669253,1,1.7427625902310167,0.2042751066829872
15758023,1,1.9553507451241443,0.1648974085287896
15574558,0,-2.545566093686045,1.9976931690095399
15635256,1,1.7510654351936974,0.1043458349651621
15680399,0,-3.226681429236691,-0.8721328212251552
15674720,1,1.4111876837399258,0.5894915654798611
15580249,0,-1.511309713815508,-1.5452232111604882
15675431,0,-1.9117734112009728,1.2497883895453898
15698285,1,0.65378982519483,-0.25708405134811335
15810775,1,-1.2717770325061082,-1.1273829169547551
15678173,1,1.506237513639955,-1.3787198022157616
15665222,1,1.8665759254379282,1.8329886386917513
15803908,0,-1.769012064309486,2.8181414140370893
15586039,1,-0.26453995209835895,-0.12510085739883567
15802570,0,-1.9208261663097412,0.8769517416765125
15781451,1,1.219950685354648,-1.4394166350394997
15721019,1,1.6522526330572884,-1.5933071119898479
15738588,1,1.5079029667300154,-1.5773656368571862
15730657,1,0.5662086460172746,-0.0915095057114903
15739292,1,1.7094539835826075,0.9165772459619764
15725945,0,-0.42386367519321044,-0.6912071205249068
15813159,1,1.0940151642896014,2.129316921992332
15636820,1,1.5663850266335633,1.2934398852519924
15603880,1,-0.05018017769460889,-2.1141611000907443
15619494,1,1.5473161219581817,1.013654139077592
15596992,1,2.2901308522093604,0.8008791291500923
15735025,1,-0.19440574662635382,-1.177109854145129
15730759,1,2.6165889117291896,0.4531128334210127
15752912,0,-1.9004857457392743,1.354372142489496
15711316,0,-2.267237262680793,-1.4593566030653256
15738785,0,-1.463195179215652,0.8638963798842375
15777896,1,0.3190201208698165,-1.3424388083906749
15628963,1,0.24307383222875478,-1.2514229476271144
15742126,1,0.26847041713976216,0.6723488298115773
15575623,1,2.4190628225632267,1.1624182170935011
15741652,1,2.0633371379489023,0.7459974489190951
15738884,1,1.8267757790153882,-0.5900120495190435
15615050,1,0.3753470853451495,2.0538808817757137
15803005,1,1.3191028274493937,0.6677294633974398
15743498,1,3.1383373543636646,1.713342082513423
15720463,1,-0.055297242580354594,-2.0764091081886358
15588695,0,-1.783531318661082,1.3207267198501416
15665802,0,-2.2706244609624777,1.1816990692018394
15571144,0,-1.3648144794421075,2.0984891145493463
15750731,1,3.0000975564314007,1.62837737770567
15605134,1,0.1651770307396426,-4.049213727027736
15626044,1,-0.15093081955820545,-1.5355832097277107
15737910,1,1.486547377200154,-0.8131323398400074
15761076,1,-0.6257994408202762,-0.9436676079204472
15710105,1,1.2766523817264908,-1.5458235593321865
15577402,0,-2.2744115178000204,2.3545297167246737
15803337,1,2.8228638065595604,0.1300539401166873
15654372,1,-0.566324619606519,-3.310072457757596
15585867,0,-2.451780682568146,-0.995868734015723
15662488,0,-1.9006737738539137,1.0434386700015585
15604813,0,-1.2555059495273975,1.4719854052812178
15611644,1,0.6268959012275154,-2.181067365870882
15674928,0,-2.3039589629533945,-0.9869735869330397
15656100,1,3.113209689533986,-0.2865982269033487
15764293,0,-3.7850598766033743,-2.093896639214081
15636423,0,-0.7746849086513538,1.6364194111961858
15607629,0,-1.9115274564911118,2.777138931523023
15577313,1,0.6709840206495514,-0.4769899933076157
15714493,0,-2.322005480935436,1.0825028329148971
15643359,0,-1.0483619648275424,1.4977468894525814
15687913,1,2.15434570263068,0.1780676999452645
15790935,0,-2.505674653389037,0.6712463822289214
15708693,0,-2.84331819168357,-0.8105261843525232
15672016,0,-4.068698370998112,-1.801880755484287
15727605,1,-0.8104338762407604,-0.005186919515215131
15651144,1,0.515993140314091,-2.084387103877261
15749401,0,-2.306377903094409,3.6129776867384926
15691874,1,2.9669530739425563,0.684206165339435
15620735,1,0.3404157834765587,-0.8326202387135243
15769781,0,-2.5619625872222134,1.6171255620198937
15624611,1,1.175644643784676,0.6251690191606194
15773071,1,1.9911675684222179,-0.30749883457067617
15720371,0,-0.4017007730060099,0.07300363885117127
15717984,1,2.3260459992475973,1.8294293329059508
15806407,0,-1.6454537107870995,0.10235733946643259
15785042,1,2.1981908325469317,0.6129833129687962
15809302,0,-3.270417216276093,-2.542142109401853
15677550,0,-3.713586146726646,-1.8407578306318662
15654096,1,0.648790858221304,1.0915486523078577
15617320,1,2.555395583012936,-1.3414341442692508
15653065,0,-1.748114936621034,0.8808140632576492
15649112,1,-0.4362676651509723,-1.1101780308886764
15690526,1,-0.10517970585392068,-2.0187779818300142
15806945,1,2.404988474254321,0.6959213482277596
15670066,0,-2.14922031706483,1.0291526530244124
15625761,1,-0.044250025475721905,0.8571304355279036
15761525,1,1.0566009321471246,1.457131232863817
15735080,0,-2.4030042459151497,0.5410246016640393
15619537,1,0.5610318383983135,-0.7020297796443706
15598162,1,0.8069116041851491,-0.8731222971180239
15694300,0,-1.8233801008279211,-0.2056883211398413
15637235,0,-1.2505519362959276,1.7302721441635394
15612444,0,-1.8777410523210236,-0.6229220858665093
15626457,1,1.2697108768507437,-3.1037587119848227
15627995,1,2.105889931152155,-0.9365525456354413
15706128,0,-3.3002781006998365,-2.3871380810649847
15666430,0,-1.164008370335292,1.9795425769425001
15627385,1,0.9488156128424706,-0.22286369590444713
15581323,1,1.1435482067670772,-0.05006926063068569
15608109,1,0.9791681376556705,1.4927293218384672
15801942,0,-2.708873347050079,2.187688946036361
15567431,1,2.255321693728599,-1.4695617197118331
15810167,1,2.2699657955124684,2.2172846238805626
15644501,1,1.416374435805582,1.1825539849543913
15785290,0,-1.2603140512935425,2.313930906820573
15611157,1,1.0829844690093442,-1.6649287255876672
15673837,1,0.5073303372015792,-0.08577650799342901
15656822,0,-1.4392999447886552,-0.2357359725099308
15580560,0,-2.559833621703645,-0.3503420208089921
15760641,1,-0.3162005619588139,-2.105938931717441
15587584,0,-3.2218058621911596,0.4892460846612132
15604146,1,0.648285806683457,0.9167155209785695
15813974,1,2.302113863939907,-1.3920737096341385
15746986,1,0.6740001459907765,-0.6609276796268334
15759741,1,1.168751132554997,-0.7148763602404452
15734892,0,-3.078835292683374,0.62518574294214
15797194,1,1.3172200722746055,1.7625274835190523
15723786,0,-2.0156883759244644,2.655931113232272
15642726,1,0.6316758662484142,-0.07948010985397493
15664339,1,1.3371624035858405,-0.632991607362202
15754526,1,1.0734887059834792,0.2992933439906721
15703037,0,-0.40379805489413045,0.5494515721797935
15751412,1,0.8684946283143624,-0.9048559547796089
15609558,1,-0.3256756998926807,0.34455813850619516
15572408,1,0.46130264094652484,-1.278449942580971
15613923,1,2.0799952570192684,-0.706303369720277
15747000,0,-3.4562056266091545,-0.09554710013136102
15731781,0,-0.8570544333042824,1.49416566489538
15727198,1,-0.5360241840801785,-1.8137570194923194
15794273,1,0.12209177889352073,-2.2615735551636744
15804950,0,-2.8332466553101785,2.187039281812392
15576304,1,1.1659928735301306,-0.5217538275966088
15645200,1,2.4839123370673906,-1.744977635925879
15779627,1,0.15207774667527765,-2.721643804344901
15750755,0,-0.7090579114704331,1.4800623038146525
15569654,1,0.2863857882290446,-0.6258187755659376
15753079,0,-1.692217782446759,0.4584351811006842
15684995,1,1.5821181460612348,1.7258953828726067
15790763,0,-2.2781701968762698,-0.6783822694911791
15766458,1,1.6144556761072948,-2.7725066859207788
15616221,1,1.0854151170396094,-0.5684306355840855
15776124,0,-1.0966786671798934,2.4805694685528743
15665811,1,2.320447652159759,0.9668102570652842
15729804,0,-1.977204446492871,2.668372486637476
15714062,1,2.70806042601465,1.2657174637226236
15592197,0,-1.8730156971079457,-0.5930485966126605
15793116,1,3.056843025487865,0.25380296636705607
15638231,0,-2.304828923909598,-0.5482977997153621
15697678,1,0.5303657639976709,-0.049683430898242426
15800412,1,0.2035945903564257,1.4574058311882858
15597610,1,0.9974441625739796,0.5737211523921613
15726634,0,-1.6412325884772925,-1.1187136865023748
15670866,0,-2.97788309916156,-0.9940919471099082
15667462,0,-0.9721999367773089,2.9594358799392917
15662574,1,0.4201634196580896,-2.173592077666649
15716926,1,1.6333898458776408,1.1669425725909222
15603554,1,-1.488239413673145,-4.445002020856695
15716800,0,-3.5731315412707176,-0.6864835183419319
15679429,1,-0.48454413739791674,-2.432237876047144
15616122,0,-2.6258793930595576,2.424383434036151
15742172,1,1.9676043557859837,0.5570500606477317
15792305,1,-0.1913474473887691,0.4680411483015413
15636016,1,1.1215178479989036,-1.2100033844494567
15733138,1,0.6545768126151159,0.2614801812945733
15669741,0,-0.5783032170759826,1.535547513420812
15616954,0,-2.5220180652742847,1.681123653951272
15729238,1,0.6319463362939907,-2.2692314496163934
15718242,1,0.9631259357690684,-2.1291259460748737
15682914,1,0.16819064463764496,-1.3814154199657978
15654274,0,-1.3616976471164586,0.9806447851577198
15691457,0,-2.3331971282196715,-1.1909484929628595
15719649,1,2.2191704013531113,-1.3235029428772072
15778897,0,-3.39540549178481,-2.401520620401406
15589437,1,1.5696965025228953,-1.6387765921970312
15682369,1,1.551779781315787,0.5644167259808766
15626507,1,1.901764605426312,-3.0855102112988995
15571995,1,-1.7127596408234818,-2.955594703468511
15673333,1,1.856710975758111,1.6057376910925416
15748752,1,-1.0210222731366212,-3.1033451898056774
15725302,0,-2.0066498703784066,-0.3204381354234831
15722083,0,-1.5488509376058308,2.228584176347081
15771442,1,1.2641434972683228,-0.4224756685099752
15803633,0,-2.8238289175792812,-1.9914777450039833
15672185,0,-1.5154037021270275,-0.26005752531639603
15806486,0,-2.382141588790446,-2.6393183776760467
15570895,1,2.414371615437108,1.9362278722094257
15614520,1,1.880772871108696,1.0112565006237455
15687492,1,-0.1206395040482819,-1.1087571605254491
15675337,1,0.27812678474314,0.15935148265932697
15721047,1,1.8769976655798855,-2.885952002239138
15589017,1,-0.7396379218531182,-0.060882544493020524
15611186,1,-0.07881823264863348,-2.1944034865483557
15617301,1,2.68855260986068,0.9452968494272601
15726046,1,1.536235761533846,-1.9795395737386245
15585748,1,0.23090780294909896,0.9963592075777433
15672826,1,0.05758863238940434,1.7101452175488128
15595162,1,3.1802566775739645,0.34871876935271395
15650026,1,-1.7996620188007049,-2.5910627346878097
15745826,0,-2.066668757131668,-0.4820132138673585
15708610,1,0.8751398582433267,1.9400982484589275
15624471,0,-1.6369732548866844,1.0989017365193008
15590097,1,1.7792883248462674,0.42829267021271056
15689328,1,3.184645090168955,1.5439273123635076
15582154,1,-0.06156798977476649,0.7052764749520004
15734626,0,-4.2700758467821665,-1.7989463844314606
15702806,0,-0.9853330802750527,1.9911854571149523
15620756,1,1.8254634837387524,0.5613352357597721
15611331,0,-2.0186798446518965,-1.1558174955396232
15576935,1,0.4111177087832895,-2.0303623462973124
15661275,1,1.8236054104078352,-0.8161836184833543
15814940,0,-1.5330812316748508,1.9688328892189897
15768471,1,1.4019669843577187,1.134309941688706
15697391,0,-2.7064052594286547,-0.05628806351995652
15793346,0,-1.839793545320861,0.45935525563260493
15608338,1,0.19264379845042806,2.065569383476415
15578546,1,1.061581921580942,-0.9825520236464805
15656921,0,-1.2979196198562313,-0.16909775595785242
15761340,0,-2.544600624447333,0.2777354557439073
15591135,1,-0.29659146950941834,-1.776804834779562
15623219,0,-0.38777292445391953,1.7087532303489177
15655229,1,1.8611581132608532,0.3726686581003218
15805884,0,-0.9053976846012752,2.343821479494811
15668289,1,0.844589429138236,-1.62904364876764
15568562,1,2.194527245307071,1.0303134443435962
15773276,1,1.5378190290152853,0.2982104959073188
15622801,1,1.2538531026937703,0.5308750051559177
15779886,0,-2.0905989161346765,1.2828055513154941
15713673,1,0.8064359517958436,-2.4946663946870493
15783083,0,-1.0039029231487226,1.5494061935849859
15742824,1,2.7103294279646484,0.42807645301977815
15621550,1,-1.1602985800435253,-3.9534888186462576
15799480,0,-4.163272496505368,-2.1532308655802335
15625247,0,-1.2339907352488393,-1.4804694613729363
15755241,0,-1.0397026788648422,-0.33513161829203486
15575679,1,1.4956627304696377,0.10294578381530907
15668235,1,1.600586046442333,-1.2376776515064236
15683183,1,1.8371811957004995,0.47984022623114686
15684592,0,-2.2460817929834196,0.5142862872964336
15591169,1,2.58259366104309,-0.7154577952455096
15653455,0,-3.3777452570332263,-0.4814552925283302
15732563,1,-0.26289546510910194,0.6552601406397739
15656471,0,-2.7463770438286677,2.572104566126994
15598510,1,0.49855206378778427,-1.3443119739532945
15766427,1,1.1848260182707258,-0.0013165767415957968
15785342,0,-1.6336703553707281,1.6592198930007795
15641595,1,-0.147832898428544,-0.2594315369697901
15798429,0,-1.988081990627193,1.5477916108910017
15648136,1,2.9622987747694736,0.34874945570547955
15812482,1,1.5795353329764517,-1.4314707406705003
15790810,1,1.5502024126781575,2.0057518226091724
15687421,1,3.3339331104172936,2.5138086188590485
15765643,1,1.3136141438847497,-0.24879135009532677
15654878,1,0.7900805308385284,0.5081284515487678
15686835,1,3.627329258940945,1.896717287454456
15768340,1,1.2601815897678865,-1.7467745850808085
15673599,1,2.0578012992774197,-0.6795001820984046
15689096,1,-0.49149017979794446,-2.1676443672924535
15684294,0,-2.179336524265675,-0.786768130522642
15615828,1,2.499974575036347,0.6464502459739149
15746012,0,-4.3163294791663676,-2.3065141821009534
15615797,1,1.9949305441474325,0.28647470108571305
15788494,1,2.586889269092123,0.32645831879168674
15793856,1,0.528830278725114,-1.631763581269324
15629545,1,2.073725826306911,0.7741626556313728
15661198,1,0.7815576152426778,-1.6147158561491783
15715117,0,-1.0867837850691355,1.6296525025379982
15701074,1,1.2979861552043288,0.9589788070049018
15793046,1,-0.02062358171960185,-0.13607153563766902
15623744,1,1.451914423582079,0.818839118909497
15611329,0,-1.9135668148081364,0.9582389373035796
15740428,0,-2.8035093215832756,-2.214304837824394
15781534,1,1.7213651567768176,-0.64594718237008
15618243,1,0.9146501924287221,-2.5224227025336075
15784161,1,1.8082485234476355,1.2541578217578835
15700325,1,0.9676723094227905,0.698826033713528
15659064,0,-1.5979560214083406,1.793590534956745
15658364,1,0.09782592786046955,-2.148495012677273
15704340,1,1.9446538482719788,1.7914571469907932
15793455,0,-0.2239972000474803,1.9322051777904155
15579777,0,-1.923277429856712,-0.25438096293554546
15632345,0,-2.4665704125421772,0.43871124031333236
15814468,1,0.6477170028349365,-2.0873292757417836
15754820,1,0.7415430319477647,0.7402958876671324
15707505,1,1.449508526711605,0.34177044044207394
15699507,0,-2.0775400478428687,1.1232883816789228
15799600,1,0.9222910794792554,-2.2814339545629663
15794472,0,-1.4422802446651524,-0.7736692174348297
15646632,0,-2.0193753652420616,2.71644698727953
15676353,1,1.1884559853301582,1.0180226801822727
15566312,0,-2.255219030910192,0.4447001387963799
15570414,1,2.1766709085053026,-0.6737173136451866
15776743,0,-1.9512909622360386,2.787255851571342
15674637,1,1.4441644523592108,-0.2124920105965078
15730418,0,-2.8628637102575905,-0.8189719040880895
15739972,1,1.5517506808078891,1.1953934804413306
15661591,1,-0.4354269985491786,-3.442942511128705
15675585,1,-1.0248423577149548,-3.8089471987625885
15814750,0,-1.3856218426404654,1.5299989950297574
15593454,1,0.8346543368992568,-0.16728618850819224
15663421,1,0.6685720374320728,-0.24221872735436303
15576196,1,1.8334584464890846,-0.35379869002455083
15677324,1,1.8740456882147216,3.4006534376663513
15568742,0,-0.14836894088649344,2.482855359797148
15693764,1,1.4072058923648167,-2.832855976544298
15714260,0,-1.4719388976272363,-1.2375880218040436
15798200,0,-3.8658657675013006,-1.2896419606152774
15656627,0,-2.5936615717763987,0.783937012984283
15791111,1,-0.07149315316128836,-1.6361040804217382
15638269,0,-2.360580357177154,-0.254203399099183
15807473,0,-3.638982714251261,-2.0666509194660496
15708534,0,-0.24726935378672665,1.6470366904839624
15640686,1,1.4620837784367917,0.22412275473117343
15588904,0,-0.3484291615397677,2.0871505686768876
15768763,0,-1.8856335853991402,-0.2795195731048996
15770543,1,2.096318651759232,0.40513063169699737
15642162,1,1.3259881063716368,-2.6615633583217084
15714046,1,0.17448108306837404,-1.5458843627951857
15575060,0,-1.328039331353681,-0.06807446390511644
15812040,1,2.865802513236285,-0.25676015295858345
15812073,0,-1.580722438658247,1.0475289937006877
15706810,1,-1.2698506740380935,-3.069732207318555
15584090,0,-1.4766414762417857,1.5750887843061174
15810807,0,-0.8114211340911601,2.426219339166347
15582033,1,1.0230509510528851,-0.645278833899475
15687607,1,2.7371659396041945,0.49659603877360725
15588406,0,-2.123723238927645,1.8274775740797768
15784099,1,2.013700069856942,-0.35210874842489376
15701352,1,0.627973003795303,-1.7397195430236652
15789371,1,0.12073227242384692,-0.6445497442275934
15602845,1,1.1918859969854503,-2.3906038274983246
15707918,1,-0.7576138281191263,-3.5645751261821346
15602812,1,-0.2934458613867886,-1.6711567323802297
15675888,1,0.9649811761093703,1.389240205317815
15591822,1,1.9467490856763496,0.6738405990173201
15738501,1,2.2288720991520705,1.8732770193185977
15585907,0,-0.9402416232034482,0.1178661471335287
15579040,0,-0.646160383484015,3.1326047178986918
15804211,1,2.1343605471356106,-1.6370503587029768
15736126,1,-0.10150626987182772,-2.277654065458401
15745399,0,-1.344219642938889,-0.178538459636308
15760749,1,1.9960545316930778,0.6426559653093711
15637118,1,1.8163656961613406,-0.8873348864262383
15657829,1,2.4262334484214008,0.3554144030922681
15738497,1,0.8774199771875225,-0.7346493982492364
15690695,0,-2.4384584896341432,2.4227714747888363
15762351,0,-2.7543169652220985,-2.0162755859200243
15791172,1,-0.8981915018392868,-1.909238460401125
15598982,1,0.9501810588395148,0.7001793902717314
15734765,1,1.7791587788243974,-1.4151799095829365
15642912,1,1.1836062627397974,-1.8244098084990146
15769516,0,-2.032891853825032,2.9708403786084885
15789379,1,2.3957865907611926,-0.6385811861124728
15695103,0,-2.0887230318844696,1.1257432192152714
15801924,0,-1.0934431289199678,1.319313762680023
15767804,0,-1.2014305819759694,1.206613557504935
15718039,1,-0.9380966594200073,-3.362442350446956
15579994,1,0.3797699053574036,0.7184586410644382
15595037,1,1.8654705253429635,1.9744956886191796
15600720,1,2.7532339918735196,0.7653329405550151
15782608,0,-1.3302333534773965,0.8375286139531308
15566894,1,1.8705182993114744,-1.0984016444290312
15749123,1,2.7210239906112235,0.5670324698064098
15668943,0,-2.1124522363002245,-1.0766601060311234
15577423,1,1.716091989750646,-0.15691553641870198
15623102,1,0.41421735244914354,0.24461578404350293
15728012,1,2.1042684504383016,-1.316946297562727
15683363,0,-1.779692864529936,-1.2907027770064237
15699335,1,0.5904620611673632,-1.7360765873336126
15574369,1,1.3250910662818856,0.45674209978613645
15703167,0,-0.5748374507330555,1.9391298464524818
15754874,1,1.7756573391345274,-1.136306430022343
15723216,1,0.17658632352529105,-1.3887466867674156
15725094,1,1.236955982569105,-0.6544058072061173
15647974,1,-0.39473225745877355,-0.7149203949838698
15583371,1,0.7862375671688842,-2.336920195758179
15772559,1,1.9258669352967515,2.411570309599557
15711251,1,1.361646255887606,-2.4193456492381764
15719212,1,1.8835751156798732,-0.513656656932858
15764927,1,2.486204327191711,-0.011664350135875771
15731412,1,0.45893292033086397,0.608411653833049
15719170,1,0.8337529277563254,-2.735046536770762
15596011,0,-1.0269918442356907,2.296016109242767
15614834,1,1.140072550507064,-1.1634886018765724
15600510,1,0.8257080180279751,0.07506320676320342
15625706,1,-0.1893499857649629,-1.5093875338242337
15781409,0,-1.0549930930572478,0.975704560902109
15722583,1,0.6905121022429416,-0.3932887344785832
15677243,0,-1.553074473881547,0.8334550412682542
15815070,1,1.1396491217636857,-0.13308258448189145
15705899,1,0.7655551306200565,-2.978038402111346
15701522,0,-2.451021326026526,2.3142095921437678
15755978,0,-0.5599524358942599,1.9681974634150077
15722090,1,1.514722219111302,0.7067832080414054
15783526,1,-0.17892162677918125,-2.106702064820008
15632125,1,0.4657702899012416,0.45807568250905584
15688395,0,-1.277513676168655,-0.23262420839303655
15666975,1,1.1627349979661972,-0.47523489851889944
15682211,0,-3.366476881722056,-1.8149115481790965
15637411,0,-3.0997445874050635,-2.3877492623577554
15591512,1,1.0506651511771712,-1.6629777694431302
15606855,0,-1.6880231317127052,0.4257713499291148
15763683,1,1.3751822225856725,-0.9059196199796048
15641782,0,-0.21406443796988311,1.039278934620016
15677184,1,0.9450995623403157,0.4151930938717263
15775042,0,-1.3539839789090569,-0.5394323111568758
15616630,1,1.9195434836432912,-0.21835936390343738
15800233,0,-2.3412712975296137,1.088581717130701
15588419,1,2.3044906934641767,1.4486664153206983
15595557,0,-1.6276653155918124,1.1771170148281658
15626143,0,-2.999088444001532,-0.8310647707517492
15566030,1,1.4788465055329973,0.14240051596713316
15701412,0,-1.0343572903116662,0.024986503937808106
15702464,0,-1.3616765486025368,-0.010398473994318867
15573348,1,0.5611304729678641,1.7232539598775853
15704160,0,-0.30814102486740724,1.060959798588918
15693704,1,0.6965952410245306,-0.5361760753938878
15664752,1,0.7662589266681843,1.1478453711491998
15628292,1,0.8315639668270126,-1.3066976126779197
15621195,1,1.3202984381458083,-1.6463371757782097
15668629,0,-1.6279204407395311,-1.1413840209124768
15635197,1,-0.13438149915909167,0.013953290328750563
15592761,0,-0.9598265393442645,0.5311826303799071
15574283,0,-2.9861397492251975,-0.8523352345452581
15598097,0,-1.8179817301146561,2.9922407685821204
15711352,1,0.5267692780327161,-1.757006914532136
15620751,0,-1.9652943143537134,-1.2280467867617166
15656717,0,-0.8115144366623335,0.5041048339125901
15643121,1,-0.13758903190739927,0.0799839969623443
15723671,1,1.7251981468230277,1.3499447290027526
15752846,0,-2.866515500873554,1.5327505443470457
15640852,0,-1.1540124781473997,0.1459097922610827
15789313,1,0.6635056509074175,-0.6280484208555402
15793688,1,3.8783032718039863,1.2671807623194564
15770405,1,2.446613562167359,-1.010811240069111
15702561,0,-1.114180709153223,2.2016270141822796
15625964,1,3.1033379288165026,-0.5351009513562122
15761364,0,-0.9875663766353868,1.713880469930095
15590286,1,1.2710204919637678,-1.5152021468011683
15587978,1,1.9006721226697665,0.09480037015194635
15773242,0,-3.0834475598183957,-2.4768398088697174
15761053,1,1.0085176760121894,-1.0348886441160632
15702095,1,1.7940766027629016,-2.464342353311289
15764253,1,1.6933079193603628,0.01858096568407419
15700801,1,-0.7270743827218917,0.5141735479233551
15730590,1,0.41078984491125947,-3.5501115761833923
15643916,1,1.1541700113855058,1.599593342178107
15720636,1,1.8726916797216346,-0.38101303458084035
15795429,1,0.4124895397922671,-0.0940892220628175
15609254,1,1.0543343783025876,1.3500463370163465
15625141,0,-2.1452722283452643,1.411733244911577
15810898,1,-0.2570375954726864,-1.1460412280643169
15775797,0,-3.18680942304158,1.6115703797246927
15795246,1,1.1233502533123434,1.9600130206335558
15795275,1,0.22156640252917645,-0.1049223622220851
15571869,1,2.473270466522526,-0.5094409231255083
15694143,0,0.05570113821512695,2.811717741393866
15748231,1,0.9576524778438528,-1.1036878507633048
15632185,1,-1.2291889897852377,-2.8375438705846996
15806249,0,-2.419177754609529,0.20333930660861846
15743293,1,-2.1531706928457726,-4.07923704480748
15598157,1,1.2592063779192104,-0.605081640439118
15700946,1,2.056824935331317,0.1468718446410111
15722692,1,1.186034731101647,-0.9113642052712093
15696506,1,1.5191364489729138,1.1027986612247287
15728823,0,-1.1401575740874716,2.6405773245780226
15808851,1,2.4393898142160713,3.361027261224195
15675231,0,-2.383825605770657,2.6538671562675424
15732299,0,-2.9722801874037597,1.0767966745248039
15706269,1,0.5535165443611121,1.4742116954004016
15590078,1,2.1297938178602362,0.49342593837795545
15776985,1,0.6116160677242168,0.053747072771081233
15756743,1,1.4548755398897377,0.7703833514791005
15782364,1,1.902021481894129,-1.0883623359303085
15604093,1,-0.03566392298986368,-0.7691088071838097
15749328,0,-3.458179685749857,-1.8232255279653324
15656322,1,0.1666033719671658,-0.5971935923870028
15685564,1,1.3440034038741868,-0.36201911005241294
15785831,1,1.8226490557670012,0.3420908521315206
15796218,1,-0.5873492865760137,-3.5956084871041973
15716218,1,1.6811737106369085,-1.050356009599963
15572735,0,-2.626651559438181,-1.2556238078002722
15633840,1,-1.130285582605632,-3.831599507717666
15608760,1,-0.26097007898569585,-0.20964814751159042
15627848,1,0.8547564454765166,0.5621064301170156
15792029,0,-2.1221319302667574,1.1307726834887866
15617331,1,0.6689090704627058,-0.8427307807785814
15651740,0,-1.713155781832213,0.3127429761413511
15636407,1,2.101674938396415,-0.5624130984200489
15607526,1,1.2747666816105574,-2.35163999150607
15632576,1,0.9751942065720779,-0.5664942765356107
15581505,0,-1.9200927524796052,0.687176966224919
15612207,1,-0.17846874640165414,-1.7000426699740363
15707242,0,-1.0837334112829458,0.6073614014913038
15721937,1,0.9372242070590814,-2.8848202086839336
15773852,1,-0.5914761255216352,-0.4329236385824112
15719778,0,-3.831550963304842,-1.8915822640318811
15650538,1,2.0350488620997624,1.0955077837516782
15797475,1,1.6825128444052695,-1.023755164629812
15780359,1,1.2312211503019859,-1.1019625812824643
15737104,1,-1.5393525843567888,-3.2018791469482117
15789936,0,-2.057307852057237,-1.2006046468986638
15709523,1,-0.7085940336601473,-3.844143599995787
15593425,1,2.2850491732007927,-2.5733537688041688
15776725,1,2.7296153349172094,1.344020435176109
15604706,1,1.0917067470781174,-2.4719802973320486
15790958,0,-3.0430379132082326,0.6356065694195139
15747534,0,-0.3347614901421989,3.3438786422606186
15574237,0,-2.151740865538366,1.1946725701231238
15690332,1,1.3150418597361544,-1.2154385673238972
15661290,1,2.7095539170774776,1.1640776952225227
15651883,1,2.4654718281334174,0.6338509005173327
15808905,1,2.3227698430231496,-0.7253689451967629
15715532,1,1.25023977702341,-0.5203606470150985
15786078,0,-0.8000904846505599,1.4863997826997377
15652401,0,-1.1791873177936378,1.4356568338862972
15673074,1,1.7791452253383349,-0.3378896958355157
15598744,1,2.718496058510259,1.067995201115322
15785975,0,-0.8987405414232504,2.303489443778125
15613180,1,2.1987332625040557,-0.24466602094866777
15584229,1,1.9116382830080891,0.34257419421988927
15773804,0,-0.8258057312311341,0.9178951248970876
15699515,1,-0.39329098220156383,0.7262145871940615
15705313,1,-0.2786769350247525,-1.184738402487968
15693817,0,-2.3577558822613356,0.6307161320231611
15673790,1,1.2743342480620874,0.6424153234419963
15674868,0,-4.4850623646148815,-2.188606038675509
15692110,0,0.04188500331371863,1.0719670981056342
15645904,0,-1.248723907157519,0.6566280259537037
15581332,1,-0.911961100523029,-3.445502695882871
15808544,0,-1.098475453169309,0.21312578906212346
15734948,0,-1.0531509882629806,0.7570052467319558
15654531,1,0.8988541197353391,-0.952065896126348
15637774,1,1.66914012409668,-0.3292165748919047
15677141,1,0.27841122271704355,-1.4912320747033696
15739578,1,1.7880574644633855,0.7099060125308638
15697360,1,1.110854230012554,-1.6458933439350787
15655213,1,2.372138464107444,1.3297435395390609
15580872,1,-0.4528420225691117,-3.2821300813535816
15683213,1,1.231059654745928,1.4188221546469786
15801188,1,1.0965949245309692,0.8665691338464211
15645029,0,-2.630747812692451,0.955849742396124
15633181,1,0.13513842474224366,0.019005484094353237
15598259,1,2.3496268439486507,1.397477010145554
15576000,1,1.2808257317255385,0.3643413634292172
15766047,1,0.11513677721051806,-1.1521305301202385
15596339,1,1.5242363123737004,-0.6451438915374724
15715199,1,0.6291470085535432,-0.7838132314277666
15615938,1,1.722054286490423,-0.4459355474689665
15679991,0,-1.5116313016162546,0.9910728350936765
15626135,1,1.8836823708913701,-2.930683894252761
15792934,0,-0.49797277176889565,0.9694136473456142
15744046,0,-2.350336203223208,1.9623885830715877
15700826,1,-0.5401378353506046,-2.9788798482932104
15756301,1,1.1163428792436245,-1.2542187901233472
15586517,1,0.17725400535589375,0.1040284716164382
15751297,0,-1.3593050031629403,0.4388480371855008
15710365,1,-0.12249829313066819,-3.6859080825461383
15679307,0,-1.9324262557876708,-1.1334967717780102
15610753,1,0.03363542355984819,-0.8583811394958626
15811036,1,2.3811421944615203,0.7059934937590392
15610912,1,1.0899146930812857,0.6951212069604863
15619932,1,1.7945667228284716,1.986150377967812
15746199,0,-0.8577504843471073,1.2826413635842207
15584967,0,-2.2120030253541176,2.1132606196094055
15734365,0,-2.498325215195237,1.070313338880617
15726960,0,-2.815508394210443,-0.1544300097694371
15665177,0,-2.022063865287112,-0.17233623238288398
15779915,0,-1.4378977991252457,0.8974875110583961
15729110,0,-1.8492219519544058,1.9321057448734964
15575399,1,-0.07097081805153495,-3.345765954947459
15678374,0,-1.4426159321537337,1.213353084258516
15792679,0,-2.926888954844807,-1.1898507520543804
15668767,0,-1.4312532499959931,-0.6548705768182473
15761886,1,1.5802230732557128,-0.8414508465333026
15583076,1,1.5029918362420314,-0.0944516951423126
15815615,1,2.1137539684702866,-0.6719905574536021
15591942,0,-2.9476380052184608,1.832890146286058
15724924,1,1.20114575070519,0.41025937393655676
15762123,0,-2.9386664274399217,-2.310525394659359
15567893,1,0.07229782058364352,-1.277975609806418
15648989,1,2.429823422463287,-1.0783815256013884
15662021,0,-1.2719259881528298,-1.2394195296097987
15691627,0,-1.7155039324040522,2.3885878879640052
15731751,1,0.45427343722614527,-2.471200424869084
15635277,1,3.080211042773665,0.48294284621759165
15655252,1,1.088397681680085,2.247655992339694
15803941,1,1.7923805839862021,2.581885180030491
15714380,0,-1.4684955370763515,0.6988394183056792
15666559,1,1.469680250712021,-0.2476416190403041
15799998,1,2.1769087178817434,0.549306770093452
15703763,1,0.699332781038632,1.2779401179123568
15795640,1,0.6479354028787939,-3.752383083462887
15780056,0,-1.585525775668167,0.6080075935104151
15777873,0,-0.18422002214823452,0.39961783335455225
15584749,1,0.562361251421587,-0.09607749249928245
15765258,0,-2.122614592911963,0.33194205353861733
15623346,0,-2.5673776213508956,0.5206904341326198
15614054,0,-3.101375477555559,-2.2592012876503573
15766185,1,1.2200333926466813,-0.8682207129130672
15667632,0,-1.927480804673129,1.8983918739604937
15599024,0,-1.0528222011187194,1.388938030043932
15798709,1,0.2712472508130273,-0.7210447387200353
15741921,0,-1.9569067950077763,1.3727850746150387
15793671,0,-0.3782689088222287,0.49057661373942785
15797900,1,2.602565440861415,2.3620018994965983
15667932,0,-2.020565560944902,3.2798312409539943
15795933,0,-1.9075375562478742,-0.21212133309104353
15660403,0,-2.7032574539781478,-2.8894168097816046
15736299,1,2.391511571769768,0.7886262587356878
15759034,1,0.4142967514218166,-1.199445131570838
15724663,0,-1.0486111783622414,0.417405343072505
15594556,0,-1.57660764656839,2.6301076564274823
15737169,1,2.3302732349023705,-0.03504334454165174
15632472,1,0.8136030665405637,-2.4974310698689233
15722813,1,1.3100375039023358,-0.7382204764527693
15588450,1,0.46760038412185073,2.731985838585851
15736717,1,2.406016218495209,-0.1810840447248789
15680683,1,1.9397767193710846,-1.2293816339948531
15710316,1,1.5494875647281685,0.11722217515691487
15746333,0,-3.4863864286799298,0.39360376858775803
15606861,0,-1.9990661471082602,2.0439488832756916
15641285,1,2.143376941505461,-1.071485861781399
15662908,1,0.7266048325620758,0.42940267652161146
15814267,1,1.1423284575939847,-0.3577493583658143
15614923,1,1.188358253284372,1.0246160110310327
15579223,1,2.780731994732985,0.1548850100063452
15651389,1,2.6090626748742345,-0.15218178859896223
15677087,1,1.6373299489312267,0.02333610122912233
15665784,1,1.66714314248184,0.9209867027235786
15576706,1,2.493444998859979,1.0228085861350154
15615473,0,-1.3512680853590773,-1.4255065257637904
15587299,0,-1.384904690707356,0.4831743866188697
15655389,1,0.08451058452227049,-2.1127868952653213
15784491,0,-0.7765553291872257,1.109458097088636
15809999,1,0.5474624291134529,-1.2602904767850827
15681115,1,1.6153144883801913,1.8748183917451153
15629390,1,2.4923855005017943,0.26330625810328745
15792668,1,0.9490461766923641,0.4658377036672142
15583863,1,3.562422360008934,0.9565485912577653
15681878,1,0.36507269494446704,-1.2753497562791263
15782875,1,0.017064620450760046,-0.3399471364271215
15732235,1,-0.03936839601698325,-2.0284688400368176
15735909,1,1.9130762850589935,1.0715004596687046
15653448,0,-2.4409705537451183,1.6185111873863782
15587647,1,0.9465464312984484,-2.4819335926181973
15701037,0,-2.679856925730227,-0.7284886242991667
15727499,1,1.1215646361558036,-1.5886461753058654
15724838,0,-0.345230594921761,0.34163518351441835
15666711,0,-4.134566459100501,-3.4188000083306105
15588933,1,1.5116943741970288,-1.3385506079408298
15763111,1,3.212620038775782,3.0554559638298215
15805676,1,0.1375860004627042,-0.8394279914499138
15586674,1,2.7665847490762596,0.09035002852058945
15744553,1,1.6289180341029943,-1.8202794006754477
15776629,0,-0.9364414243369302,-0.05400677282645078
15647207,0,-1.7415537582677567,1.0749600912183461
15715638,0,-1.4864902892909324,0.6683493081440253
15750602,1,1.2296202532773675,-0.2981238132677979
15766810,1,-0.44478087559687435,-1.455955542434825
15756625,0,-1.0772281713493899,1.9613801639922375
15639552,1,2.840263025511283,0.8298983538028591
15633213,0,0.39838728769879456,2.3875701678977523
15610416,0,-1.060851697928046,2.6253125726548956
15715208,1,1.7216241882699972,1.451927915599929
15619608,1,2.5808828551955303,2.3244264570081667
15628697,1,2.575571209481056,1.5720454597281177
15643826,0,-2.1484116373522144,-0.01664466559574262
15718588,0,-1.0102769845995567,2.2895935536474785
15709741,1,2.056439947648898,-1.2156185546721001
15723318,0,-4.129144468010106,-3.080982816998863
15717328,1,0.589975120202222,-0.8231774351621192
15771299,1,0.6065729111497434,-2.091355938737501
15706223,1,-1.5245191149915642,-1.3671603909691568
15612358,1,0.9792148095560943,1.0442562900799015
15769191,1,1.5508911731015569,1.4416244577372788
15618816,1,1.1615076844111099,-1.519318354101797
15730810,1,1.04752573425067,2.0374257634735895
15783463,0,-3.583681953373822,-2.1454589100705723
15616213,1,3.414534425273508,1.5121297396416429
15611287,0,-2.1386070033727482,0.019266023994346963
15786454,0,-1.98170721923149,0.7934358476076447
15768682,0,-1.5917875322082837,0.10350145798933467
15766172,1,1.7878466497266512,-1.3307006156737606
15637646,1,2.210509400655028,1.3976564806337644
15653404,1,1.9905201431657222,0.4520090410580373
15690546,0,-3.602683822905644,-1.7476649867907692
15735636,1,0.40836568387678185,-0.958293034364204
15605424,1,2.2733824247467536,0.41547671256287766
15568449,1,1.0172465813480895,0.8596403348239591
15688085,1,1.0972328557061726,-1.219174473948213
15683483,1,0.5161527050518095,-1.5689807092772285
15659567,1,0.5480946629786042,1.4956264111498854
15766667,1,-0.7577470895284915,-1.670573524079357
15624975,1,0.7620844271711665,-2.5806481597073176
15660878,1,-1.1946748500534812,-2.004669872196407
15586557,0,-1.0920982162602209,1.0560446807989252
15746183,0,-2.164064747209649,-0.1909817699567074
15631457,1,1.8063678035045536,-0.3834390074830193
15754053,0,-2.463861486343497,2.8831092146796973
15645839,0,-0.5508740153359384,0.9445691398004917
15689955,0,-0.9105080318602885,1.3750777518892987
15593510,1,0.8776699754004782,-0.17877133178682406
15654964,1,1.7138888038104971,1.1615933602942112
15594039,0,-1.5285883549933386,1.289016925909288
15625929,1,2.260084544404527,0.8798743847280642
15815295,1,1.092713182561331,-1.5063333614793415
15621818,1,1.8542904785622651,-0.0480440633901488
15652700,0,-2.319856030897802,1.3502394663070194
15636860,1,1.4185762280820728,-0.3443202249619923
15569432,0,-1.8146507204552849,3.0216458725851685
15751455,0,-0.22764979246959,0.9916797325966707
15800583,0,-0.043861522057392306,2.2210004659016116
15770214,0,-1.362989782530841,0.9250621852805774
15613463,1,1.300277916482784,0.23152365910878925
15587066,1,2.3463578061326595,-1.9793588451627675
15693752,0,-2.773238414977813,-0.9311664291597478
15714874,0,-2.062486324682164,-0.3587026700292404
15657809,1,0.5048566917566983,2.6274258867769595
15651955,0,-2.9806878649903323,0.491074649385677
15570912,1,1.102225044301903,0.7834153755275505
15640266,1,0.9636164346512025,0.0809403628923749
15652069,0,-2.7843629360372466,-2.477489439977827
15596074,0,-1.0021961848071925,2.8891905665042525
15800268,1,1.1974253790804206,0.3774313247933512
15809847,0,-3.364745163787014,-2.1718568845250044
15599074,1,2.622222162227334,-0.16556183851758757
15599591,1,0.244799071361386,0.906947293316987
15776096,1,2.471550384011829,-1.7248460247462785
15611669,1,1.2106006754772738,1.501952619409677
15694098,1,1.5821319728593009,2.3486266207709265
15713347,1,3.482141113421367,-0.12544566962863046
15713094,0,-1.9585139719530007,1.3159411359292434
15811978,1,0.25306169156517166,-1.0789747819389846
15799925,1,0.42782413934045926,1.079577610316677
15692575,1,2.3012443844094963,-0.013604218302615627
15743149,0,-1.3321333833132334,2.083896072950349
15776947,0,-1.1200422225653748,2.6326634869942374
15700656,0,-1.3630595349354575,2.156054053464635
15594515,0,-1.4408669240934642,1.9682675005443824
15787884,0,-2.8697877219407637,1.6362170419793376
15577988,0,-4.404016127790734,-1.7492224377745347
15795586,1,1.1406772301717043,-2.5880315587593365
15677739,0,-2.258452431159922,1.3858736017213713
15720134,1,0.7657799200871995,0.821601744542341
15688868,1,1.5290631061611535,-0.4979184089207564
15642996,1,0.5018639733845333,1.873401604380386
15771222,0,-2.047892278536208,1.156546740435354
15605059,1,1.7685825049110888,-0.42143749393772395
15568088,1,2.016046767405277,-1.105224372903742
15665943,0,-1.6918685746586963,0.6060175057099423
15795571,1,0.3948679891083853,-2.676704480839051
15662243,1,3.1425571356412885,-0.26078995675875255
15593128,1,2.1136512046745013,2.477043408869468
15589739,1,-0.1618716216586086,-0.3838532570316783
15787602,0,-2.1140835564836795,0.7471497460967352
15685019,1,0.7704816876955703,-0.9926188196522376
15704209,1,0.4608060403624268,0.7385921325696795
15605264,1,-1.1961191880507684,-3.4337024771756526
15708265,1,2.0179793906361594,0.743772818077934
15740264,0,-1.4133785947757436,2.417497326198426
15615477,0,-3.380793555066196,-1.7413709139026126
15727361,0,-3.871260024345369,-1.6877645882005923
15760216,0,0.6126044204188553,3.055372724907104
15806134,1,1.6572529339859166,0.8633425501350057
15601351,1,1.588816007134521,1.7203789104880982
15669262,1,2.421463849584859,1.1467949554833774
15696989,1,1.6985771784100476,1.1436787161178426
15688498,1,0.08754692779333238,-2.4096237866799686
15686964,1,2.4625113636359157,1.438935280512583
15625035,1,1.0911579579382944,1.4073890642748033
15618391,0,-2.4756732493175932,1.137097678193059
15591344,0,-1.9484145992611557,1.288067416889511
15605455,0,-0.5238423349612387,2.08879473806427
15680804,0,-3.071915475697637,1.252688249855464
15768282,1,-0.7716267202612472,0.6008317901879578
15685826,1,1.631011752572182,0.30784982741070066
15793491,1,-0.031053998998347623,-1.4538554004643411
15797787,1,1.2138119724665943,-2.590004189519881
15611171,1,0.6161514346584585,-2.5527013909182354
15601627,1,2.869826502471651,0.4252648331524067
15734085,1,1.2002663686184103,-0.7063358525078506
15809309,1,2.1189728997026216,-0.37152877074203433
15809462,0,-3.111026788666216,-0.05242358936901931
15634628,1,-0.3987479015041006,-3.31912528336252
15775678,0,-1.7437419872995001,-1.348823589697638
15579526,1,-1.1594824703035946,-1.5336465889182656
15779103,1,0.8898950904902042,1.506048183457301
15738715,0,-3.42363040743457,0.4543143938337441
15593943,1,0.05984800786011987,-2.061898170426741
15754574,0,-2.4182158851703277,0.7675510020534788
15737814,1,1.368094376422441,-1.5383914806952137
15670889,1,1.0101893775419382,-2.720693347993824
15629299,1,-0.37353694338504967,-1.6750085704374087
15771569,1,0.8028859199947509,-0.1150920444218475
15811927,1,1.6007451372597972,-0.9702313778362706
15785654,1,0.3583331224610251,0.4587774389859747
15665524,1,2.2089181459631173,-0.21240008961240078
15736287,0,-1.2070410565782137,2.527264342842041
15765732,1,1.9307581482122889,-0.6696250321477611
15797381,1,-0.021530983855109733,-0.9723455489603523
15598536,1,0.7684858814019981,-3.0355853948567466
15664506,1,2.0435684215575067,0.49049567609547295
15575619,1,-0.5746003293399488,-1.9895942294370186
15587394,1,1.4223068812820943,-1.0096596595065526
15654457,0,-3.2671424873388957,-1.71722335558268
15762793,1,-0.9767341296570913,-3.657831109967852
15658067,1,2.2475680087650765,-1.1498778610822544
15642816,0,-1.4956484282599227,0.9151874018583158
15693088,0,-2.4038894316408,2.652114096209941
15793883,0,-3.058616852303134,-0.07430339954538866
15665283,0,-0.7180425796718926,1.370899950554061
15680421,0,-0.2172736543315481,2.6506168914276897
15695148,0,-2.182187439594975,2.541220040906007
15636592,1,-0.5542210476852748,-3.7017725758859283
15772618,1,1.2853789403343125,0.14729836899109505
15724453,0,-0.2684936438207085,-1.2464665071294845
15565878,0,-1.996980282648017,-0.7732260148290712
15609160,0,-3.3140013583031576,-2.0231387302517225
15678460,0,-0.9150515213223473,2.1906701339779424
15662571,0,-0.9163498403345817,1.553368814786181
15606849,1,-0.5389400755684014,-2.120956497882391
15670738,1,-0.7248064182574352,-1.3721454733992284
15662641,0,-1.5708181474818224,1.3033976351039622
15727539,0,-2.6284789128711865,0.3873418884710863
15651020,1,0.4767222341497271,-0.1647615845872985
15673877,0,-3.545047454245416,-3.3234861705824335
15760865,1,2.3033485221019387,0.9148680984966905
15705009,1,2.71729496414137,1.6578294627388643
15657540,1,1.8121408689962544,-0.35090772841217494
15707441,1,1.1484278852032743,0.532455584778463
15694765,1,2.6571760121863788,0.27388572778985454
15649086,0,-1.8686561651666609,1.7457406855643156
15650488,1,1.4465478172099469,0.6539835115687354
15760924,1,1.5550524621229658,-1.52416717966544
15700263,0,-0.8447398666721878,0.006825200139113477
15806922,1,1.6884724736837202,-0.7559330202745912
15637522,1,-0.07598563084600042,-2.497370860323854
15636548,0,-0.43654220907327873,1.469070072182785
15566891,1,1.6842505878707068,-1.1047151800971728
15627185,1,1.112202778727849,-0.439075662879304
15754012,1,-1.6288596722739315,-2.958947981465803
15627514,0,-2.262969070151324,0.005119713812587581
15661433,0,-1.1319941926433594,0.8765249212282641
15610653,0,-3.169356868354657,1.227888985378185
15667002,0,-2.3472682210083757,1.2255358203601905
15709199,0,-1.501918771991022,-1.5386121592453503
15710087,1,-0.1803852394496597,-1.16618133659202
15679884,1,-0.13781696422921938,2.467823447884842
15784180,1,2.063303076379275,0.2945195856421133
15808849,1,2.3862033938357796,0.399570867601136
15751549,1,-0.8804203300076152,-1.5501919186424717
15588235,1,1.8708135853788956,0.08524272151104197
15640418,1,1.8995630709988496,-0.6655069298744644
15721116,1,-0.6811334764423831,-4.000225622916531
15599084,1,2.7969013497636093,-0.2557569882858946
15773394,0,-2.874825178890049,-0.057141647914568494
15625713,1,0.6243398107311375,1.1905596024918659
15766417,0,-3.2814626747173596,-0.10306305896527095
15622578,1,0.8281534862804654,-0.008228377264532292
15799924,1,1.9340376444116711,-2.6579341128883587
15618363,1,0.8690244695715559,1.1965345590599783
15637138,0,-3.8239575645929813,-1.8602092873077278
15781665,0,-1.1456962906338224,1.1297860834898041
15804853,1,-0.11877979171540821,-2.204487510631457
15651627,1,0.34548822799629564,-2.299579199478041
15680685,1,2.5607327468450793,-1.6929228825291904
15808930,0,-2.4373851014785326,-0.9241747904073879
15570970,0,-2.1872942146954086,2.8455116140770915
15679961,1,0.3593672691900185,1.525502711952448
15705458,1,0.28331449753877574,-2.226572195599772
15750396,0,-3.7456986605216196,-2.125704773019298
15679928,1,-0.4911603526301142,-1.9411204799094222
15711181,0,-1.3950901905708395,0.36706406555286947
15698324,0,-1.8147267304544323,0.5142961274452605
15807433,0,-2.1495651814586907,3.0224642275512146
15636590,0,-3.828935454961059,-1.812760959822272
15628950,1,1.575781223023295,-0.2773517215905085
15617206,1,1.3851976810460864,1.0003728349417627
15603741,1,1.7761359060988162,-0.8370297651315878
15742607,1,1.041919159657908,0.6960179091786031
15747821,1,1.9944815133809681,-0.18960234206697665
15612043,1,0.7454601850509697,0.8627052073603526
15809558,0,-0.8297189271915674,1.2080978864213159
15803750,1,2.1551433749804523,-1.6050566741381225
15704681,1,0.002027343890295106,-2.034782567769253
15667392,1,1.0647783137345956,-0.20405684318277917
15738889,1,1.7258213827176028,1.2527972422660192
15598838,1,1.064735081780771,-2.672509733808213
15579109,1,1.014673884831376,-0.130351433145692
15799042,0,-1.4314365114824674,1.8732332818379653
15697042,1,1.418585616839124,1.1100602395652812
15696605,1,2.0369892372553995,-0.2304473267139195
15802274,1,1.8402343239043233,0.8710350640112453
15596808,1,0.41793673245253976,-0.2162598901137214
15705403,1,1.0164041258307834,-0.6762406217723873
15732903,1,0.573728744517338,0.7304582158893598
15581968,0,-3.0358686971992266,-2.4887158112720176
15683892,1,1.247375365417725,-1.3348762573653645
15595447,1,1.4240343765755004,1.3300228159352252
15569249,0,-1.0100140327735032,1.2317577646674445
15656188,0,-1.7656968984952024,0.20523838093166902
15689661,0,-1.8309317195289758,0.44989943687187206
15644934,1,1.0629289573743954,1.1554846508228658
15721793,1,1.0070253033762973,1.465240624034429
15687413,0,-2.085459836118777,1.1810769521083329
15761286,1,1.4151220115737977,1.501749252267675
15658240,1,1.9841695867224864,1.421957202837781
15706232,0,-0.6266813202423626,3.183787731538907
15583394,1,1.1893431978163167,0.698514566466725
15715643,0,-1.277888354461173,2.0307530661378763
15644856,1,1.5884007630390191,-1.7319988977294503
15785488,0,-1.7635685287597513,2.445858436052111
15711571,1,2.5183684626831724,-0.4412339078456434
15778604,0,-0.994740846790728,1.8950741944199068
15751180,1,2.0104964601170354,0.6160195945159148
15748360,1,1.4145576318559483,1.167451936282974
15770039,1,1.0735005796851769,-0.31795026825496503
15685096,0,-3.2093142586843553,1.1411579646488743
15669501,0,-2.5511085622589635,0.7961361795501933
15622631,1,2.179972534870169,1.261921800060356
15586699,0,-1.8164952914641876,2.3739359718401865
15702377,1,0.9291064157302826,-2.189727680098211
15577170,1,-0.4945663351713612,1.078789261523887
15769451,0,-4.288837718413877,-1.6340597047281473
15811877,0,-1.7590590283892513,0.12095392474664364
15648725,0,-2.616803795856258,-0.09695619463632386
15752801,1,1.6348251984673159,0.5497263979900137
15808175,1,1.1663771102332172,0.9611205632837457
15681342,1,-0.9896659148636322,-3.2853376015277873
15589210,0,-1.4037422467728637,0.3335962555941465
15696826,1,-0.07674801045964459,-2.109568120679305
15614962,1,0.3962814810224714,-1.0610816956459532
15689061,1,0.39892676105487623,0.822299648689204
15640074,0,0.14588062423636122,0.8797091027123273
15776156,1,1.4658770612480836,-1.1355472586278632
15739548,1,2.278476973910333,0.6478901814951743
15662854,1,1.1962478758445032,-0.008565327407805327
15687688,1,0.7984347435864576,1.5736220251741364
15715750,1,1.1504986805064894,-1.236638059691427
15571121,1,1.4958602772349974,1.8493947698195157
15726466,1,1.0447340208673384,-2.3743545885470767
15660390,0,-2.093119642356792,0.9618086833301077
15663942,0,-1.539702729722613,0.7472416119861434
15638610,1,2.4216501409168116,0.5348203990930219
15644446,0,-1.773726663828235,1.2740711084696479
15585892,0,0.333202047833779,1.583790333713164
15609356,0,-2.9055919423074106,-2.379011965838117
15803378,0,-1.217091006859448,1.9876014756675937
15599440,0,-1.8813618862056893,1.9771416983758796
15692408,0,-3.7969920663245094,-0.4640246012314061
15683168,0,-0.3999603383979807,0.6790462934113249
15790254,1,-0.831441044608642,-1.5225337765437985
15767729,1,0.3724200151886651,-0.8193495269136346
15768600,1,2.1850930803562467,2.0474914207600143
15699839,1,0.8765632866362174,-1.600174237958796
15786237,0,-2.5055259621556987,1.5588603367222
15694530,1,2.10823236917332,-1.392129020277341
15796813,1,1.5295944257984189,-1.3293748768255933
15605791,1,0.8344052313270418,0.9700463392905655
15714087,1,1.9400246501586467,-0.0013085771437450749
15711446,0,-2.9839212616227235,-0.043080747875364034
15588123,0,-2.6087586814411354,-1.1507669626687682
15748552,1,2.7283135729736325,-1.0466156144518952
15618410,1,2.0721039655892195,0.05443090943294887
15672432,0,-1.5804202682144928,1.3201489009938647
15610042,1,1.7467190163656792,0.8188158280911438
15580914,1,-1.7045182074160186,-3.0012338920677144
15583680,0,-0.7305462521361937,0.3889743903760743
15813718,0,-0.8222244564272408,0.10141703008401699
15767264,1,1.0760305009478166,-2.0351838323188165
15686461,1,0.8361398172241423,1.297800816885821
15678882,1,1.23754791076411,-0.8300441944774267
15789611,1,2.629538733406219,1.2747197634423642
15668679,0,-4.271894144098369,-2.276437376050331
15631685,1,1.0376350903318603,-2.039691964176423
15655658,0,-3.463000864851243,-0.3164258970953423
15753591,0,-2.1458784512751317,-1.0139336121320512
15617348,0,-2.9354840724015556,-1.9669760044556648
15704581,1,-0.09600659482486902,-2.060884690271306
15738487,0,-3.0501256206492915,-0.13154377551732926
15648069,0,-1.531017329449398,0.7948355091345002
15737627,1,-0.808795774630569,-1.949042855481821
15731586,1,0.2453987284044808,-2.0861039887724036
15757467,0,-2.4788149337877528,2.250029116471085
15597709,1,1.9199009735360661,-0.3530965943935721
15720529,0,-2.269826937750482,0.865325869124829
15596797,0,-3.2038290117276085,-2.193646776819103
15681755,0,-2.901817450016036,0.8580287189221123
15815271,1,0.1790427243249409,0.25813621030614553
15682860,0,-1.3193424424423814,1.1197819445299597
15621546,1,2.394236018581558,0.7137217660670041
15705918,0,-2.413246316335719,1.874759194500417
15684512,1,0.9727748886718158,2.6628310059179183
15671769,1,0.1024977993958187,-0.074098469248838
15642934,1,0.9741400156579665,-1.0986105373121506
15594305,0,-3.9025043430065605,-1.8647603152299548
15789201,1,2.9579337044517913,0.7735148372956663
15706762,1,-0.00620408750520687,-0.5568488738723537
15766183,1,-0.4263562171195288,-0.9173072587601245
15777994,0,-2.3391469933499787,-0.30178248270136643
15568162,0,-1.180854216186365,3.0229266216661386
15680643,0,-3.1822892122909736,-2.230580680104924
15761854,0,-1.350861185027491,0.0893704144231252
15730793,1,1.3600436680595267,-0.7373375107249753
15692137,0,-1.4731883075459062,-0.4020267528019983
15608595,1,1.7002009500513655,-1.1966732449244863
15709459,0,-0.49725300701886577,1.515998855958864
15775750,1,1.7477432804552302,1.49017995678321
15585855,0,-2.8610641317762395,-0.8642330642276613
15752139,1,-0.44579289207436207,0.14124890090597653
15768295,1,1.6541447510584446,0.4268902687892494
15766906,1,0.816463945725809,-1.357312943955158
15725776,1,2.1100523477000643,-0.1039010073135779
15682576,1,-0.12231054951891597,-2.9071272959108123
15704081,1,0.3445406542079733,1.0556141905582523
15719940,1,1.1348357209404076,2.758204653190669
15672894,1,2.3366088551460535,0.3116211417767836
15667451,0,-2.3189295029304584,0.7178041982477705
15636767,0,-1.5348535433309918,2.817858592423236
15571415,1,2.0237107072038243,0.934595320926847
15575605,0,-1.7565743599154278,1.008150943308931
15649160,1,1.8949455814600482,-1.45963637276462
15615832,1,1.74755514214079,0.8989819486221317
15600975,1,2.582999444756498,-0.5112078440580804
15690772,0,-2.6177829452512604,-0.7398879899749049
15565714,1,-1.418075862219511,-2.72755050365769
15763108,1,1.9179500680322896,1.3404011468732457
15723884,0,-1.8522795690058989,-0.1844577014614447
15644453,1,2.222938185658502,-0.8104549163211989
15655464,0,-1.5175546021661157,1.049129557058608
15783883,1,1.0131363183206041,-2.458199885988192
15787693,1,1.4082312940548949,-1.0028184273198621
15664793,1,1.6977681602644723,0.6995159229078246
15642391,1,2.5421468317495206,-0.5079185215084355
15756538,0,-1.2727655504506996,0.9853575802892651
15668830,1,1.7313149541005195,0.32784437749783374
15796569,0,-0.7811399547421797,3.346770157250558
15677112,1,-0.013792973467736582,-1.8724977692425488
15815040,1,2.4083705012018,0.9159826250346487
15590434,1,1.2921689324022396,-0.45380845515260904
15597536,1,2.585112167902952,-0.21013538773389195
15723989,1,0.49397563703907477,-0.3537634447734212
15767358,1,-1.182894909700805,-2.789033039175759
15594812,1,-0.09184567543983303,-1.9552187849151415
15688210,1,2.086196886122429,1.1071979650045922
15681509,0,-1.9926966688231864,2.0243798341474766
15572390,0,-1.6553162725838717,1.1993989191680376
15801441,1,1.2928822161823779,-1.7744136274291415
15783859,1,0.5755881385146315,-1.2102147336168232
15575243,1,-0.23719002261935943,-3.567987362443897
15773421,0,-1.7740493207940653,0.3434079832402828
15788776,1,-0.0037391123483579113,0.605120248905244
15765257,1,0.4634254967142213,-0.052962527356084074
15661412,1,3.3789089181998806,-0.0010876472965817546
15636478,1,1.9153586569877197,0.048161527356252204
15603683,1,1.1175920579878607,-1.9753543606549135
15651868,0,-1.0494098081364918,1.3874704773681534
15815443,1,2.201954185125587,2.282638351106897
15682686,0,-1.8228338752553768,-0.4628468844538597
15697460,1,-0.7173867515900503,-0.3575462608900308
15748432,0,-2.805202134256837,0.29849374377372945
15698271,0,-1.4099036483471574,-0.3985669016879907
15808662,0,-2.2172772670005747,0.0003100554433715404
15690372,1,0.9470962156588784,-3.9191776236150018
15781875,1,-0.18334562356874154,-1.3953050506373175
15801473,1,-0.9524403818527545,-1.6125229803650913
15704509,1,2.2488552127654735,0.8315379669968193
15694666,1,1.4168635939547511,1.5964804050527321
15731166,1,0.6901062783551063,-2.653613525220723
15728523,1,0.8259643383720673,0.19364245722718015
15788442,1,2.127385741226899,-1.551464491275434
15689781,0,-0.7421271319694632,-1.8934893837480031
15764226,1,0.5438678285586983,0.944095575728716
15809837,1,1.4555181145991842,0.9022745199144829
15805212,0,-3.060488443849175,-1.6580987437559223
15716082,1,3.2745756603083853,-0.33442481093260834
15643056,1,-0.5408836261829877,-1.7810283084149228
15654859,1,0.5999042426068669,-1.561332907587326
15761158,0,-1.6784233663189319,2.249727103294976
15577515,1,0.8333435134772776,-2.590556999578506
15723827,1,2.437035142788486,-1.2004893818483109
15646594,1,0.07108071315401664,0.47968278106329043
15712877,0,-3.4678580689887366,-2.003356784811157
15598802,0,-2.1592941099389393,1.818038662204342
15699340,0,-2.3113164347433672,0.43635101784873104
15691150,1,1.0723798002059308,-0.7811216863508589
15608688,0,-2.2756087005132013,0.3275974039096107
15737998,0,0.19660971175868974,2.2730054255619163
15735837,0,-3.4673908307923242,0.18546320979099257
15659100,1,2.9163097360495054,0.7869627741459396
15609070,1,-0.564731656091676,1.0280800653735356
15650313,1,1.6276615731237047,1.3309517064662568
15627699,1,2.703192490341961,1.0818451349932239
15591010,1,1.1926813454587077,1.8112856032233553
15798895,1,1.1169768588956526,1.4592101403148316
15745375,1,1.168739513430266,-1.4118924948020481
15775235,1,1.8622582080676597,0.20346864814607618
15780088,1,2.8884651974521183,0.7354701676527556
15649379,0,-1.9380386031675474,-0.29961790376754627
15713983,1,0.9455815388605687,-0.6284736477874724
15709252,1,1.141905709996647,1.5276186301140864
15699238,0,-1.5705264830799293,2.163365177105351
15732884,1,3.03156647099422,-0.28905938534914083
15587297,0,-2.283002372534109,1.5045629805492673
15684722,1,1.4858886679260652,-0.7253194468256687
15621244,1,-0.06694896050539341,-2.5665373402626646
15744273,1,0.49967986351570864,-0.07832161856161389
15682540,0,-1.947526780294213,1.7594819175549077
15636521,1,0.6791534687054179,-2.6508825650314645
15785339,1,1.580352537025134,1.9679865256290063
15638983,1,2.433487782203127,-0.4252046933014024
15654625,1,-0.14391734011058135,1.3955019019323018
15697310,1,1.8105359264214926,-1.3744731591722184
15678210,1,0.770506765022281,-0.5665156986797241
15575438,1,1.227175595433652,0.9335884447890287
15632789,0,-2.71837310343542,1.968350349404358
15621423,1,0.23801308059764903,0.7881893466166889
15573520,1,0.7240370040987413,0.5856765136525066
15740458,1,2.4588198057061037,0.22555421526273056
15762799,1,-0.3338334632271975,-4.125986762822708
15686885,1,0.11029695465977075,-1.0512610903136639
15565996,0,-1.4449186892682835,2.115598939365075
15662152,1,2.34943603876563,1.3858534021285704
15711742,0,-1.8447501976616743,0.5660853270049732
15701885,0,-1.5464675369054752,2.530810388850755
15774262,1,0.7966187253049485,1.6046031730657644
15567839,1,1.90017590223776,1.6361237886467517
15644400,1,2.5084938254984688,1.524689551807397
15797246,1,-0.7618407513583343,-1.6487462085075137
15778290,1,0.8387217031275063,3.0916537356811222
15708714,0,-2.290261232108071,1.2575448574553088
15586183,0,-2.1858129885248028,0.8265163675305655
15761733,0,-1.2464017266047842,2.826904849044435
15773934,1,1.0801071420433412,0.312109339604277
15705343,0,-1.258054240322972,1.6842048751476089
15593959,1,-0.45270166626362757,-2.1338063174919375
15664615,1,0.8178630656670657,-0.26695505625093
15671014,1,1.7256557353892537,2.7965530305156787
15657778,1,-0.651153597972707,-3.179959654548532
15585192,1,2.754049769589865,1.667206562435204
15592914,0,-2.4228298437318596,2.1717625784481864
15770995,1,1.8574145945331004,-2.6882166927002187
15570990,1,1.508771365044564,-1.3721354480346426
15596165,1,-0.7814019824986229,-0.7743438468837159
15788131,0,-1.0011522780086872,1.8273983194692514
15800773,1,1.7007043648688822,0.7346339224436389
15690153,1,0.9581428979961236,-1.0852650727202577
15638989,1,2.4076686432935195,-0.8892983209392293
15623210,1,1.7694543523953257,1.283120930734957
15652658,1,-1.0344723421348703,-3.2000660399181378
15684440,1,0.027544959836237313,-1.316609344125756
15730287,1,1.4727308622513802,0.5080496552949134
15720353,0,-3.1230137969258576,-2.0641463913587903
15767231,1,2.820119338937592,0.17873208011894082
15761554,1,0.9134307931520497,0.4050934906321715
15706637,0,-0.7764183497154273,2.342691862174371
15690492,1,0.24599252349531442,0.529484134174941
15694237,1,0.6035264196808937,-0.10775052501608677
15729771,1,2.2036698866531355,0.8311401541543885
15609823,1,0.6839792762988751,1.0426707940927435
15793366,1,0.6316869073841425,0.2957011062381259
15614813,1,-0.14564633622964354,-2.1588915449634074
15566495,0,-1.9287756285136215,-0.522616001199927
15707602,1,0.2548364613264608,-1.9979940197140247
15635244,0,-2.352476985717644,0.898711635171468
15805627,0,-3.366196714798679,-0.6442392946760764
15607986,1,2.0792805852899274,1.7503334310963679
15799785,1,0.5799464351280456,-0.6322117263021969
15699963,1,0.8016573557878067,-2.5407279329841463
15624595,1,0.5373639457717945,0.07837252289222756
15629750,1,1.549301392315813,-0.231907682266178
15651460,0,-1.8605139707370826,1.8993723686868889
15753550,0,-1.2444071811300872,1.6807085588365769
15594133,0,-0.03138984260787065,2.5825686413381
15772329,1,1.5237136699946539,1.6029013409996622
15591552,1,1.8496696037010607,0.3038896001611271
15750921,1,-0.14331737963908273,-0.13457810842579057
15701687,1,-0.12206062226368437,1.0395683379181864
15728906,0,-1.429416740321232,1.939074045283125
15670029,0,-1.4434020366429248,1.2901969427568645
15763579,1,-1.0395893426431473,-1.6554391970869142
15728010,0,-1.462764986918298,0.473092778906559
15663194,1,1.5218390653570057,-1.2384599588816587
15736510,0,-3.3867557858352284,-0.7604885899142692
15745804,0,-1.5031095269186532,0.6977534583205495
15631451,0,-2.603565361530322,0.9871736060339433
15746995,1,1.5761618199461134,1.2132378983410694
15730673,1,2.309750542803379,0.5007700945975843
15734649,1,0.39361998239986584,-2.2857754157591916
15701081,0,-1.8254260893188137,-0.35010890743588297
15632503,1,1.8516966048464651,-3.3455473851405295
15585928,1,-0.624566591067281,-1.0585823065991282
15648681,1,-0.19635504420779018,-0.5344575046208443
15747757,1,1.9240872817130368,2.269128464312234
15718921,1,1.4319153577798849,0.315312319188497
15571081,1,2.0053273733274857,0.5484970220813162
15734578,1,0.10395969273340054,-1.770592512468659
15579583,1,0.4185806460242868,-0.1719234245426782
15622729,0,-3.199113154972269,-0.49842312528799904
15662189,0,-2.472453925113316,0.3785987202233347
15692718,0,-1.474312476962113,1.669793041936427
15762716,1,2.738427445681481,2.952558802162741
15724851,1,2.34815853483756,0.8132723432577854
15587266,1,2.2607139041808058,-0.5511192266739966
15675926,1,1.4620717332922128,0.6146736405319462
15706268,1,0.40002692984696125,-2.0575417562693743
15581871,1,1.0448209815034994,0.4958300623200932
15666166,1,0.9088677145086088,-2.4628485698872615
15671582,1,1.5958424047975817,0.09538905449135059
15680901,1,-0.00010277436881292104,0.12719388665857984
15642336,0,-0.6277731725356461,2.392534343855007
15653147,1,0.5765223634681905,-1.4885045376165507
15571284,1,-1.6948318585654383,-3.375605506925314
15591360,1,-0.47563018926547745,-0.5330413583672304
15810485,1,0.5807075974547228,-2.127031716612679
15611973,0,-1.7183577298075778,2.3148997630251618
15735572,1,2.026773084635403,2.4660576629080273
15567860,1,1.5109666535700665,0.6151342050057852
15795690,1,1.2862488305533772,-1.4091555775355533
15706464,1,0.22480980270285822,-0.6001008874519583
15725028,0,-3.085395605391903,-0.22743009450354218
15751167,0,-2.8079209790389026,0.6949316949837756
15633944,1,0.3574813947865187,-0.87413579009295
15672637,1,1.414971611498197,-0.8340983640571499
15680895,0,0.0705167921752578,1.1675771179221854
15793825,0,-2.562412705006393,0.6435981625372763
15611318,1,0.7315909851359663,-0.4158016816950972
15768474,0,-2.8029795325234566,-0.016875315690848377
15716276,1,0.7467707793877431,-1.4226656529743256
15623668,1,0.22033107292293572,-2.0341954385257996
15696361,1,1.9628039093101213,0.14251526551799187
15607988,1,2.644348718108559,0.6332932956958357
15637891,1,1.049119270714334,-0.21496977514597335
15789865,1,1.9116628568169198,0.7324435639653551
15627190,1,1.533965272769793,0.7532459561630296
15788224,1,1.3961454460217417,-2.3671509713822103
15702149,1,0.8861276785303778,-2.6768191320727124
15708236,1,0.5943664135464862,2.1468859625889753
15568469,0,-3.732808357905453,-2.161215435182257
15764444,1,0.8313543782290909,1.954532457818186
15794204,1,0.520566767180024,0.5694606083273339
15807546,0,-3.4279324976561485,-0.5987811773760314
15782159,1,0.4846383122365594,0.3930178667333766
15618703,1,2.621563533181914,0.42906422006804223
15793317,1,2.142179098986021,-0.3081657267785864
15740487,0,-2.5132259536487016,1.0833733607827634
15722479,0,-4.031317208384797,-1.7725813425266777
15688264,0,-4.159816662440665,-2.149244219755863
15583067,1,0.7610920935700635,-0.3633350757317455
15686670,0,-2.52443920282893,-0.8837757891046801
15593345,1,0.7928935875304093,-0.28309204134015137
15811690,1,1.1467625220439859,-0.9755431490076492
15734008,1,2.12810650337346,0.46561477223993075
15771856,0,-3.7555361958417874,-1.9335760728547566
15762045,1,0.5463072927568641,-0.4456828676650026
15778142,1,-1.7573613722791326,-2.9667316941737485
15689268,0,-0.8938825137641154,2.346787471153231
15721507,1,1.5400999895252245,-2.7136117398164368
15750476,0,-2.4334951501837603,1.6987444190381527
15810723,0,-1.525133600300661,2.610702729041816
15787229,0,-2.7982518495000153,-0.8079792340144757
15570508,1,1.636244862980968,1.2651428605817372
15617065,1,3.150582596907599,-1.1893026988221123
15689786,1,2.4137111586443667,-2.6267151931902526
15648876,0,-1.4640177804344614,1.0451891876083548
15802106,1,2.9031240878912543,0.35244523995951227
15773869,1,1.307380089571345,0.06994066371253956
15711635,1,0.8455646231402657,0.29928394553878485
15795527,1,0.19472827449545785,-1.8664844518354273
15759133,0,-3.0674534269921567,0.7641303918400048
15679394,1,0.04926326420264618,-0.007897338432881122
15801072,0,-1.2876005360395195,0.9443538525524813
15646082,1,1.4430209384497952,1.0051130002884223
15796111,1,2.628054170826764,1.5017228944013432
15670646,1,-0.07914008019491282,-2.4197096805011284
15578722,0,-1.2001066983481707,-0.053694519037124466
15815095,1,0.762129109768024,1.537830813346181
15730360,0,-2.870603138949017,0.27665333193009184
15763194,0,-1.8112809164692207,1.4383624766534908
15720725,0,-1.9791861438438159,-1.3736370240646696
15567834,1,0.4256640554824973,0.6719073358791615
15720644,0,-1.806519787516961,0.7322444561687159
15811742,0,-2.252670473182515,2.1472895641409635
15813363,0,-2.236976158925781,-1.1689012356360449
15717629,1,0.312556441458127,0.4316753711411302
15713160,1,1.4710278474601988,-0.3628939684132516
15568878,0,-1.3963001396237145,0.3815491193475797
15809800,0,-2.401695663745475,0.6444859703181911
15736420,1,2.1468518159741063,-2.164186008908664
15757933,1,-0.03990840101462137,-2.1018616183051995
15623072,0,-2.2127569199451,0.8422318669285762
15683993,1,1.8589244119351478,0.4988838618971746
15570947,1,0.828286770458127,-0.05010220137398766
15797767,0,-0.38031337515916447,1.534106176795904
15731989,1,-0.004813220382889696,-0.5580488810163788
15591035,0,-0.8326815148587282,1.9874660045128407
15586479,0,-0.2948112091147093,0.06141102903904028
15605872,1,0.7294815365533974,2.086573182491055
15666012,1,-0.6821919046942646,-0.291015773654612
15641733,1,2.3211847917357,-0.631233751934676
15593178,1,1.7672085017639072,1.6561307615495364
15649183,0,-2.3860022489403785,1.8219473199562206
15736399,0,-0.5043821778836746,2.6643476174650855
15751137,1,2.635143124792311,-1.6809164481251193
15757188,1,0.18762491805282125,-1.1835807248483714
15726167,0,-2.1897541540917667,0.17169610794612206
15624850,1,1.319050263713223,1.172725144166128
15717700,1,0.27814294367242165,1.4419825890155151
15716347,1,1.6886900592324952,0.04846947146684874
15696287,1,-0.11515833104989155,-2.090007751557084
15638871,1,-0.06597133684597396,2.1080310016793633
15765093,1,2.1502647379656716,-0.8197457365406027
15592999,1,-0.13649659788743815,-2.463678841879281
15641715,0,-1.4363863458783077,1.5575964791287265
15607746,0,-2.5578786944434193,-1.091547155757459
15625311,1,1.1001012193439499,0.9280762971995499
15573077,1,1.3900364278514792,0.38281842031243285
15735106,1,1.1203661093229822,-0.4587431290305589
15672912,1,1.0941248499449838,0.6375318732492372
15589881,0,-1.805166699996739,1.6605179966305028
15660144,0,-1.741495241656452,0.3158720814262397
15664083,1,1.4753760387799975,-1.7433217134026875
15690898,1,2.8274013204585087,1.0650293676482738
15808023,1,2.083933450614828,0.6182912283930958
15676909,0,-1.3601661563899132,0.36246016164152567
15764922,1,2.1690915343265487,-1.8996674670438247
15766734,0,-0.94279278307398,0.665296080218576
15795079,0,-1.5526493883187777,2.2369163154562797
15757434,1,1.5824895463925717,0.385335428851568
15673747,0,-0.3709890849968492,1.017474323037543
15808386,1,2.287489240452579,0.9001740536618271
15603565,1,1.0346795717570603,0.2278383905827141
15744044,1,2.176630733534404,-0.6021566924562699
15577771,1,0.41084109091593957,-2.3040543348651505
15769548,1,1.9718544020352655,0.5183250072176782
15802071,1,1.2581452955971992,-2.718255847356652
15677395,1,2.2658226312940433,0.9646647903693658
15632010,1,0.7350673786096583,0.3823950820424957
15779492,1,2.222023662573376,0.9125529557209754
15694677,0,-3.262878217527579,-2.251271430552119
15704315,1,2.056627602071621,0.5723840422047786
15742009,0,-1.578355317426446,0.6201884099845895
15766663,0,-2.7268116542781358,0.11589517080871371
15742297,1,0.6249725410864849,-1.5144329144736037
15688059,1,0.7944867423226304,1.5207535850862253
15752344,0,-1.1253541384471708,0.240902214792291
15698749,1,1.2710361379026154,-0.23972309798147673
15631693,0,-2.3340951732749216,1.6697413101712137
15604536,1,1.5701999595741063,-0.8981790431005588
15802869,1,-0.8452297247466198,-1.5327147711795357
15635598,0,-0.9188418878298653,0.5043150011246684
15592326,0,-2.42835713172127,2.300541761822948
15736533,1,1.889181339991962,-0.33270878236534773
15647191,0,-2.753506120007527,0.62406888074189
15622507,1,0.002016047047132128,-0.9307852015510905
15765487,1,2.6883200896813833,0.8824860105989677
15646521,0,-1.855362763501996,-1.4499392644527846
15746258,1,0.3007615313294518,0.7298454483409166
15692430,1,0.14414895964976948,-2.030636597025448
15625501,1,1.3509385508214506,-2.607418272535873
15640521,1,1.373861924101965,-1.1381775371546536
15790630,0,-1.1864351170503271,1.0722709811262836
15664720,1,2.8472360125571967,0.4043401880625834
15750055,1,0.7962807123718204,0.9275652004355556
15644878,1,1.9368313938077037,0.49179422493841574
15754578,1,0.2604283337265598,-4.076897886074637
15705379,0,-2.4478796613449245,-0.06974534988377533
15761047,1,0.08320775541236784,-2.1693173252270013
15671293,1,0.04013972520161693,-1.1830957292314987
15687527,0,-2.5571519183318028,-2.4773522454270647
15647898,1,1.0115484046467558,-0.45731902832585475
15671534,1,0.9781513873355985,1.4622087897819604
15591248,1,0.3299217559220408,1.4606307104595688
15676156,1,0.5036694106298147,-0.9791653369798792
15812918,1,-0.06521013464915988,0.1583776224772137
15604130,1,2.567995976528821,0.38291448376435655
15700549,0,-2.962731853953941,1.7735806867431483
15715519,0,-1.6047130279375403,0.5704659895402909
15707042,1,0.41259170100602555,-1.5254052734164514
15605276,0,-1.9676561124001226,-0.23023889673806425
15630592,0,-0.9301026800977159,0.7131835683700286
15636626,1,0.19205547667419112,-0.740474190779304
15740411,1,0.7983013752589994,0.4281865933746455
15593834,1,2.182466162808959,0.4911789451928381
15804235,1,-0.08882603027785264,-2.0537292621970185
15679801,1,0.11941402400992869,-0.14599278156458478
15673907,0,-1.2711829313736533,1.0251734023117796
15636562,0,-1.3103090059086886,2.3881045594719192
15702571,1,-1.487241493521804,-4.434599410553268
15627365,0,-2.990956137151454,-2.699730176006323
15748499,1,0.6135837604306165,-0.36648635166798715
15598614,0,-1.16774564780803,0.8342132194479519
15668889,0,-2.060526169395497,-2.4332774927376954
15800049,0,-1.156367406093948,1.0350635053218655
15583724,0,-2.8200150576421947,0.20612322320606158
15622083,1,0.26204782026766354,0.06307621314815702
15645571,0,-1.862497262150916,-0.03694595733077316
15598266,0,-0.4745591025823655,2.376684869273851
15667934,1,0.5110867599560577,-2.621522423998073
15569682,1,1.51957649052961,1.575699697176427
15772941,1,0.8282574587211762,-1.0686839535219832
15586174,1,1.184339432053943,-0.9033856211114097
15803682,1,0.5505704787437834,1.796322823762081
15627328,0,-3.4376051393682894,-0.8792383844671904
15717065,1,1.2926209439793699,1.1567274284192646
15602456,1,0.0064252393217864336,-0.40956905935835936
15721569,1,2.2629120755556187,1.7213781066722502
15573798,1,0.21280149222728312,0.3173048623162528
15638272,1,0.8818423229428446,-0.6887810241235909
15799859,1,2.444701815257958,-0.5792395910262094
15599152,1,1.9204128446974753,-2.8891798631346557
15737909,1,0.011307565950008733,-1.775746140058397
15646190,1,1.6672696555209445,-2.7885670487996417
15711249,0,-2.3851133576992543,-0.05014394687477419
15671987,1,2.346009584433774,0.6767466920108423
15812766,1,3.397294584703993,-0.3334298946789202
15778589,1,-0.059890450695481184,0.6229426810328468
15750104,1,0.380706038153512,0.06107509600942848
15784526,1,1.974806848523959,-0.17938898304051912
15646563,0,-1.2252741712319997,2.5707570946012814
15744423,0,-2.0181365676779737,0.6202334927707721
15593694,0,-0.4706011673404522,2.227202312009573
15785367,0,-0.5713426725448298,1.0440335156866656
15687765,1,1.256362210638218,-0.3306033384065046
15789014,1,1.387578082464918,-0.13888033003765426
15703177,1,0.19083627043291304,-1.3372413044808342
15660263,1,1.0971413701754387,-0.9876802952077334
15776545,1,2.8063979955132075,0.7707608663955129
15683276,1,1.2791265040457744,1.452125789160265
15599272,1,1.0187383574593987,-2.678022010697472
15589541,0,-3.4964960904653988,-0.6950328045688252
15608804,1,1.5872631528736294,1.599439106542231
15645820,0,-1.6254460114121065,1.0611612864771403
15659031,1,0.8928011405196508,0.7014109022764815
15790113,1,2.217589776322476,1.4988906854079926
15652289,0,-1.109144864926821,0.1842265413939016
15605341,1,1.7913497869231818,1.9709173520353382
15697844,0,-0.08077336870950885,2.285719127064592
15652048,1,1.119537251388674,0.5315786378379275
15587038,0,-2.2719800096722595,-0.34790198458837984
15660528,0,-2.101814417542849,-0.023091124267301474
15700300,1,2.1625521415786424,-0.7538648594022216
15642001,1,2.4119117309293165,1.5739558052361664
15580366,1,0.7454062783386275,-0.4971415146656576
15657228,1,0.7328654541761412,1.3867329523292757
15729377,0,-3.144033289051265,-2.376605656710058
15686913,0,-1.9065827825367454,-1.6000087224822395
15631267,1,1.1436786345549077,0.33221702436584866
15632275,0,-1.1580735378369629,-0.7852253067004599
15715907,1,1.9169003048738402,3.025466301567611
15764841,1,-0.06556127820894382,-2.5576376609026377
15748649,1,1.523011183617922,1.3106620200104788
15771409,1,3.1403819866206746,1.0197740172820913
15779207,1,-0.6861814920562428,-1.9543008111977145
15814116,0,-1.1500559499524374,1.5891513209843748
15665087,1,1.7303533954131978,0.24723620821827608
15611189,1,1.1207996421746835,-2.292934823356281
15729718,0,-2.302792399437414,1.3134501336199234
15733602,0,-2.1514379976016276,-0.2470509494181139
15620103,1,2.845179108737184,0.5051845659188046
15770406,1,1.4182768623290445,1.4547658463686608
15800554,0,-3.6782940979786365,-1.1944859106979173
15611409,0,-2.522823639721199,-2.7653960346968627
15646535,1,1.3551941447210687,0.3020455382468512
15575430,1,0.7540935270063639,-2.6218075329721864
15711299,1,2.648942024658983,1.3796283576087365
15642063,1,2.673155074042688,0.025220855833026024
15706602,1,-0.32620966390901057,-3.524867640962392
15592773,1,-1.538565877215165,-4.256893076030069
15786539,0,-4.081918226052896,-1.9856426760169879
15737542,1,2.5118120234494308,1.4366440033083656
15590234,0,-2.4398098298719595,-0.8321880464353254
15773776,0,-0.5340797081605628,0.9760755571372078
15728082,0,-2.50739418698055,1.143865961652072
15609987,1,1.7188623651663266,-1.7053115651471802
15735330,0,-2.2288769744912407,-1.0308049756219402
15649430,0,-2.431673125324762,-0.030448938006169487
15768777,0,-2.8760641552023976,0.4211423341351666
15777893,0,-3.6755357663957486,-1.7596224146166508
15791326,0,-0.0895236872805581,-0.46653847678098315
15615176,0,-1.2933021822848076,0.8406981633955904
15735221,0,-1.4514086738763339,3.135972810256861
15617991,1,0.6358228639160185,-0.6411871919584855
15658504,1,1.8165514341267845,2.3953170399653523
15785705,1,2.5080258408288723,1.9621315771356023
15801817,1,1.9128600983890565,0.38772804013850337
15752578,1,0.6535231389061484,-2.2478650488048912
15781574,1,1.8496451301465986,3.600131524499547
15792107,0,-0.5420287188230329,1.684845263340856
15569917,1,0.9686310489206602,-0.22139850116573237
15721504,0,-2.141968143878716,-0.13617249183242314
15757306,0,-3.6243656699063456,0.002799556144451046
15647295,0,-1.3177542616346416,2.140352476586176
15642098,1,-0.6972178848882287,-3.6042620165237476
15696120,0,-2.385355967031585,-1.1138969739851834
15675176,1,2.302691272855515,0.3738012969381209
15700046,1,1.1258232193218802,-0.9640754668209336
15782089,0,-1.1152421911887895,1.2441023656280825
15706394,0,-1.9350614605737835,2.465889684162496
15759387,1,-0.09565226245460785,-2.1080557210912825
15623369,1,1.6016348884388707,3.0089266099393184
15732943,1,1.551398143635849,-0.6971233236027468
15750545,0,-2.584558181989446,0.5398656553756068
15809909,0,-3.1071792886180636,1.2536924457074248
15642448,1,1.664570040918479,0.389197427992655
15791944,1,1.1154316961833888,-0.23564560073610008
15768342,0,-0.9177429645352031,2.0570622291725202
15567919,1,1.5435556984005752,0.599489516959102
15674750,0,-1.9026179267213705,2.17278153432075
15778345,1,-0.3971696813741809,-1.8873344604943916
15687634,1,0.370699924281081,0.6997170751361447
15666096,0,-1.2065001293840378,0.12775544327809407
15581700,1,0.9082430521527217,-0.8609590451514363
15656417,1,0.37947327753779614,-3.659192036710777
15649101,1,3.345936200527684,1.4324147955862032
15781975,0,-1.1703105028036698,-0.1358340643801932
15700511,1,1.5141376406064078,1.2294915925638623
15770255,1,1.8038008352414243,1.696023376714003
15643574,0,-0.9903918073741564,1.0863020837226742
15595010,0,-0.9669950722441317,2.3796289914640125
15580579,0,-2.58999369826115,-0.9884052575205559
15748532,0,-0.038824073312822734,2.710797886170846
15773789,1,1.4580322164090989,0.8040746111499908
15600027,0,-3.9983312520208454,-1.9922360543302202
15620832,0,-3.697036931452605,-2.381258930452013
15568819,1,0.9146033542390297,0.6306434768567143
15748691,1,1.537886654592385,-2.92902580276002
15583552,1,0.8592228642542333,-0.6028334527835028
15588019,1,1.7113603916976456,0.18291456654520538
15713250,0,-1.8584901743846693,1.721214458014779
15569595,0,-1.3082760047856108,2.1175152912781465
15794868,1,0.361521793885369,2.111188259640456
15576680,0,-2.1281197521711754,0.18618348037553806
15613699,1,2.1548753655560375,1.557381663747182
15609758,1,2.7080580665643983,0.5884338671908615
15762392,1,-0.08294424538751789,-2.27220595162789
15693382,0,-0.169550772445892,1.7914173863114178
15791769,1,1.5796160142269504,1.0717577642488367
15712483,0,-2.805937018041072,0.3709638659944159
15636454,1,2.4772377826938405,0.8494259698153503
15710138,0,-2.169165357679313,1.3924316790625961
15571571,1,-0.24545917714744495,-2.0360927252016245
15638751,0,-1.9550366435105342,0.9351361153631942
15598574,0,-2.801912500819094,0.8911780159829976
15796787,1,-0.1367084683475033,-2.1735018764259717
15615670,1,0.6680643528947026,0.03153482220241541
15705506,0,-1.2998342608489974,1.5809248828917855
15599535,1,0.9211571968678499,-0.39767688116473066
15768449,1,0.2188648457497923,0.5776711979216079
15725002,0,-2.2264433300582924,1.867665655663677
15611682,1,2.1497256530489306,-0.17014934960621508
15749964,1,0.687110807884761,-1.2532235537169152
15678779,0,-2.5991210321515172,1.7944287839916437
15752601,0,-1.174007535531515,1.6303003750939296
15758477,0,-2.2330483790817355,-1.1296697043787702
15629133,0,-1.2847083611487131,1.6880524485374997
15604963,0,-0.8190178778541196,0.4228451414135881
15796413,0,-0.8257058259622323,1.1040305861533377
15812470,0,-2.342477960161016,1.8749393060701935
15587443,0,-3.1621868291875384,-1.6909945718054686
15689692,1,1.7146640585613226,-1.9398292322998023
15779586,1,-0.23676800820440838,-0.7518810234996629
15667588,0,-0.9637510609810589,-0.18480152362871816
15624423,1,2.415227153056193,0.18436441156658523
15591107,1,2.2375164067059408,-0.42052903914094736
15748986,1,0.8604466348291647,1.0838423399653043
15793896,1,0.8087461499903608,1.0210148823648915
15620570,1,2.461632416662542,-0.8046584219489197
15727811,1,1.7321607591927826,-2.967541255656217
15707681,1,0.89244969812597,1.3636758092704409
15702030,1,1.441999153815053,-1.8937630326100459
15673238,1,1.869542015676579,1.7281555473445718
15604196,1,2.077334588138004,-0.3589788658545013
15769356,1,-0.8580798074109315,-1.3233389916592693
15665590,0,-2.2588075571719775,1.638672636336896
15572361,1,2.574295217823767,-2.302167842986288
15667460,0,-2.5888558888026516,2.3694957820914553
15654760,1,0.2802608882798256,-2.2711054621884466
15632669,0,-2.4745159199195976,0.13329348616527853
15613673,0,-0.26337829360488996,1.7414734879416998
15698522,1,2.0909306838988755,0.9259312975179902
15741633,1,2.4734217437707526,1.031012027816347
15674583,1,-1.1132612184860202,-2.238943660266625
15665374,0,-1.8601744535260603,0.626822477554617
15588854,1,0.6595965739672287,-1.0861237406622497
15810716,1,1.3111033916892079,1.0449425507009118
15776921,1,0.15181418602635907,0.36199276220086873
15569394,1,1.015357038029297,-2.7529177133691918
15788215,1,1.689563313069522,-0.37393251546262035
15641007,1,0.22739669015262193,-0.17080144187604535
15594651,1,1.0758002961070317,-0.4386047970362582
15575146,1,0.4680559730272623,1.752783272229798
15608916,1,1.8760241107351068,0.5374224472580911
15666297,0,-2.520908481346789,-0.09470330785386592
15598586,1,1.7070772581022409,1.3129276771511045
15665014,0,-2.011262578629289,0.7858856204164658
15701738,1,0.6615343947813211,-1.3209965001765396
15650591,1,1.9249830427328518,2.4497088789124253
15652667,0,-1.80279439865738,2.4730156294657806
15679622,0,-1.692706272444786,2.273004086214277
15730150,1,0.19835261184160746,-2.4583901659093357
15813192,0,-1.9642589372536272,0.6652401147590034
15606554,0,-1.512558195800566,-1.646088598617446
15611794,1,0.33630173292474613,1.2310581578626032
15672357,0,-0.9030751167983863,1.258686913576195
15711759,1,1.1308909643465794,-0.48372950036702655
15615296,0,0.2541379981067107,2.598622364056039
15699294,0,-2.8676857531801825,-2.2869116702784913
15788634,1,1.390516251716937,-1.5418586225605688
15660871,1,2.0436797206569612,0.4181679279788497
15618258,1,2.03048794816027,-0.36694942557382676
15722535,1,1.4587663756351308,0.512836610620533
15711977,1,2.0945310834380426,-0.9027979090828412
15690169,1,0.7024297635254766,0.33488993980364734
15790689,1,1.253235607331704,1.1840715210169395
15665181,0,-2.5658394795359687,1.3519143248275827
15633608,1,-0.506052755251595,-1.9593480009564648
15805261,0,-1.3525340589992727,1.3600389565721809
15740356,1,1.69707387880109,-1.1725741506481104
15808223,1,0.08436880726547917,-2.115775390780379
15769980,1,0.6283306107448063,-0.8116778901938703
15675450,0,-1.9230706518878233,3.0722138443109035
15776494,1,1.2934405985669202,0.7556244316872163
15592412,1,1.5705841827721763,-0.34787463689243947
15777452,1,1.6212217401490494,0.7683463703989254
15692258,1,1.484471322360594,-2.697885321386123
15791045,1,1.5978546983102713,-1.1858756287842622
15807889,1,1.2353105084876985,1.4914528898850543
15602043,1,1.9412739150939773,-0.4695851165911275
15807335,1,1.181071790622641,0.3079802779558206
15629985,1,1.4726812382305297,2.2948808341373907
15679453,1,1.8359724643722128,0.923982455417874
15637315,0,-2.518176674402728,0.062216681436572135
15691513,0,-3.40933275852323,3.7914630932360804
15622289,0,-2.070880525130503,2.5549815843097945
15715184,1,0.3144322246182245,-0.8800439486559801
15702801,1,1.1886441226221822,-1.0981618700037796
15719931,0,-0.9179326353508181,1.31723936090123
15806081,1,-0.2857230914552657,-1.498689533759066
15796336,0,-1.2558920424308473,2.0852403017755745
15647306,1,2.135240129589906,0.5940993720863946
15742369,0,-3.0915352436876518,0.909032753537705
15655859,1,0.5417037295858196,-0.36498222306897665
15675650,1,1.7564571416598063,1.0769613700178724
15574119,1,0.1806919672100034,-1.7533338774085097
15754168,0,-1.26819095592596,-0.020353475788092764
15763029,1,2.271487832888458,1.5972429125621617
15765048,0,-1.6729427817254234,-0.6954905760185266
15786215,1,0.7890186148170337,2.0562544077693237
15707559,0,-1.2226047124946524,1.6272310745905232
15582129,1,-1.7223677485819275,-3.6427637788039546
15687540,1,0.4009497485864578,1.2450830355234708
15787196,0,-2.8818471723315096,-0.6613042183805391
15670898,1,0.5380571770103275,0.7776009458536813
15775433,1,-1.6376204547265623,-2.2730619057249806
15700693,0,-3.093255949775194,0.004297161198379365
15677955,1,0.4017589930664093,-2.2473847641672244
15570086,1,0.48728122387763545,0.8572222199247429
15794875,0,-1.2946037043421925,0.7706159424499793
15673591,1,-0.7252052994007743,-1.9130077972310133
15631756,1,1.4525685509647002,-0.6446933628159481
15757617,1,1.429700538470958,1.1813324934180276
15612729,0,-2.118845955336839,2.9304748954651467
15637857,0,-0.9751609814508053,1.817325959483934
15681007,1,-1.6450443937289168,-2.847379279581469
15593622,1,1.8927505881491071,1.6494541303781252
15629273,1,3.194831634161759,0.626660683059417
15765846,1,0.8715277835162493,-1.5851896419369542
15596013,1,1.6567716211467292,-2.218025848524227
15722473,0,-2.5104216569016,0.05086659968198143
15774936,1,2.374083593215677,-0.12196499312376567
15685640,1,1.4174202521599057,-1.1407974369080975
15566563,1,0.9512645359570362,-0.564343466743744
15768746,0,-0.8142780369743172,0.6507348923329705
15689952,0,-0.8718760079779354,0.9407830131736826
15725906,0,-1.3193315701390744,2.9721505636100707
15634501,1,1.688244412778805,-2.3837966914325874
15571940,1,0.32802945006380857,-1.1765464473382603
15741643,1,1.2006330481479692,0.5885203237623322
15806822,0,-2.572381372025352,-2.7292791031754136
15701166,1,-0.15196362529024246,0.006057315094559564
15718531,0,-1.3987912994943315,1.5973512093122468
15628308,0,-3.1145787235555242,1.046094137974735
15585287,1,1.686930154154771,1.3754205633059486
15781619,0,-1.38490637589763,-1.4515444680369736
15805162,0,-3.0857345801544147,-2.961237693487706
15588535,0,-1.9951416375475668,1.5075315833460368
15775307,1,0.5398723123601423,-0.8097016988641382
15777616,1,1.4734559174246695,1.4437946168228932
15692291,1,1.0654587079490867,0.1670857121336602
15680843,0,-1.3528125548911667,1.5103952612092406
15606232,1,1.7785486803703063,0.3519964140554183
15641585,1,1.2614258259857913,0.46137837026512585
15684358,0,-1.9299215100614413,-0.44679872132653864
15806389,1,-0.25807439444285746,-3.0795507530596047
15641860,1,1.1807690293849165,-0.26055301845601053
15814237,1,-0.6147673205802786,-1.2282862086685913
15808780,0,-2.53486011721484,-0.8166547077599539
15767064,1,-0.8735352768787423,-1.8099224284624624
15751177,1,1.6396555268220832,-1.6101242581517492
15613427,1,1.6503720550804475,0.8478033159499319
15647259,0,-2.3904693936299255,-0.8503249541132741
15748660,1,0.9775397303371399,-2.217519826961371
15726695,1,0.8434254895088729,0.3931937727233997
15757473,1,0.6998646144576995,0.047644302168454084
15809509,1,1.2990665816755589,-1.4547739778739166
15715512,1,1.2425384074546382,-2.9345244258738123
15614168,1,1.3561577429622196,-0.05255286260355531
15679818,1,2.0933337557439358,1.9119353762367588
15609928,1,0.027928100868095527,0.15251520526625562
15731246,0,-1.1404348885245197,2.852035035534295
15685243,0,-1.766291822672979,4.599816243722935
15638730,1,-2.1872029822959758,-3.1825948124240635
15697034,0,-3.522132006951651,-0.8108827225290706
15699225,0,-3.644395390935982,-2.166802786484143
15677387,1,0.8617252559875703,1.963221660172374
15759184,1,1.0661661015983763,0.814131794084213
15595991,1,0.9722426911255967,2.1620598303294005
15681332,0,-0.25381529509375444,1.2823057479850637
15756299,1,-0.10068361168430252,-0.47872188716553615
15750547,0,-2.475738859546061,2.0124519135672663
15566380,1,0.3485802013031771,1.5927252866425445
15675963,0,-1.4836512778705648,3.4036531848960876
15674671,1,0.6020856992479017,-1.4360070512626288
15621466,1,0.9972438273246339,-0.7104863999488029
15607176,0,-1.190234657775475,-0.6191778170305999
15570299,1,2.1526960273391924,-0.25573079843967467
15613197,0,-1.7093610168569542,2.235251316011602
15798885,1,0.06937856123833767,-0.06836310594023214
15714883,1,0.4180447828701766,-1.547344027669559
15604497,1,2.2027256163887046,0.730110961083524
15773949,0,-3.4736530191868105,0.18078474822777507
15774164,1,0.8227612108284881,-0.5147863159864083
15774127,0,-2.2925987547294517,0.10626874098221332
15619016,1,-0.4200072915964647,0.3639231332097359
15795759,1,1.3572486025411101,-2.3517109540390013
15798844,1,3.35858762297595,0.8099718135139921
15717962,1,1.8633482679592728,2.7798056892410545
15691504,1,2.044018266534176,1.8768587365605134
15693893,1,1.6638495511637743,2.7840957286527184
15672499,1,-0.15118857987230042,-1.335505143920214
15750410,1,0.8734421698292251,-0.9160037684861855
15568904,1,0.16373375688537076,-0.7413040728826112
15649033,1,1.6289624477079752,1.0551556716942465
15780989,1,1.867859616021862,-1.9247192866690757
15771059,1,2.673477707929492,-2.2342757244063085
15687852,1,1.7954551435686683,-1.9236181556090548
15695280,1,1.9476421597764557,0.3877897797223362
15592751,1,0.891140018233762,-0.0477732014073879
15598338,1,1.2092557654968696,-1.6869569319982805
15735784,0,-0.9051259308507409,2.24920603785789
15629128,1,0.2407246887119167,-2.129056875462034
15642870,0,0.31554709442657997,3.197868928123051
15637977,1,2.080959252636893,0.37236519155497716
15600792,0,-3.1341946792562556,-2.7496728719771326
15576131,0,-1.4216929543346881,0.6369776959817838
15686588,1,1.298523426502437,-1.912028618097074
15761018,1,1.1417383004093251,-2.1518008861450126
15616029,0,-2.394482339996269,1.7019670397558502
15761149,1,1.3601067653972927,1.577294656521588
15802758,1,-0.1450011698072098,-0.9584617996261681
15647838,1,0.511735788569274,-0.8616263968111642
15735968,0,-1.3698042026914754,2.960174721643717
15581286,1,1.68885308460906,1.5333472778422748
15625445,1,-0.19762477941910764,1.3322445597271777
15600173,0,-2.413906131039178,2.4162321232822874
15635143,1,-0.21042668906713938,-1.8386310089102633
15664849,1,1.3204075083332811,-0.8643500264285262
15762455,1,1.441780769494261,0.03762124922109919
15797165,0,0.14542783429852474,3.3653859951772755
15788189,1,2.086953395086391,1.083211885336649
15780492,0,-2.60002303992562,0.7616797859191046
15678497,0,-0.674012396144754,-0.5553433400608859
15588560,1,2.0140930521726585,0.4646735483282859
15606003,0,-3.636925531050182,-0.1854494012512038
15611756,1,-0.23606580294060123,-0.24356922118452973
15789563,1,1.7956308845266613,0.8398836232675322
15702416,1,2.8560255555847043,0.4830462937865845
15766288,1,2.230084870915267,-0.5542656750521028
15667633,0,-4.338290895930914,-1.7211674062468294
15622774,0,-1.7729180812925516,-1.9264081447800627
15755416,1,0.564151682951478,-1.1702138246996772
15769915,1,-0.4544366800299983,-2.587553466871797
15643908,0,-0.697146221030537,3.5299232363138278
15627395,1,1.4882613618590126,0.7856861873497809
15679663,0,-2.8798122974014544,-2.6876314591386405
15651581,1,1.5797773578101946,1.6733317336713516
15596379,1,0.6331850408853029,-0.6922941578824993
15746674,0,-1.0158888737358942,2.316813249314977
15801256,0,-2.3370081214135956,2.456825675722434
15663808,1,2.0172645844866897,1.437330592455495
15598521,1,1.234547854683909,0.27448064234700803
15621457,1,1.1651389316655283,-0.4586959987144797
15764726,1,0.5609421509308646,-1.1440233864544231
15646374,0,-1.710852753378589,-0.8057275218637965
15716501,1,2.2587243821106915,0.8193483382954404
15589948,1,-0.835488666037369,-3.473415258167893
15811343,1,-0.2716455662860309,-0.5974460006708708
15659677,1,1.6312164119535368,1.4793647412540836
15594436,0,-3.7307170513642447,-0.5565763096673436
15748995,0,-2.3713317881839813,2.336124937002464
15677062,1,0.6345956762699584,0.5966039732230747
15697201,0,-1.1243690469144485,0.08098685950137034
15666453,1,-1.1984795437085276,-0.44364403106788175
15693771,1,1.7222614651478285,1.490829573229524
15569867,0,-2.22279741225305,1.8852601189268887
15711602,1,0.46528585546032974,-0.8504350342309193
15717736,1,1.0809461623326067,2.1149812105326853
15750441,1,0.04632717769251901,-0.18055585637828403
15732791,1,1.1280186276121802,-0.3517185654432414
15775104,1,1.2670239132103212,-2.5232699357308195
15757607,0,-0.9519443359329546,-1.9654839983027623
15793070,1,0.180155716544283,-1.9571081457718151
15760456,1,1.951467039623443,1.3605871306871569
15665385,1,1.1637118816285494,0.761862332207582
15612418,0,-1.6244166259865336,2.64712240293105
15727138,0,-2.260041290305801,3.116895597870444
15732061,1,0.522813113374565,-1.9393137756432777
15776051,0,-2.53323785775419,1.7308053012362592
15616530,1,2.5969146805562167,-0.09230400052933621
15632344,1,-1.3209121642961603,-3.2180989640247453
15744979,0,-0.23568413993866433,1.7196644174078117
15745433,1,1.197502845301432,-2.510342682385325
15683657,1,0.03500923816269766,-2.509503670238828
15718572,1,1.259133781646175,2.2420943402473212
15665783,0,-2.029251854805732,2.183531058237242
15652782,1,0.4750875629914583,-1.9867242921702128
15707025,0,-3.2134878884803677,0.9718061265077949
15647807,1,1.5604515916255046,1.3065992491382632
15718281,1,-0.9611969855395219,-2.6341654235582994
15660571,1,1.7374720000267787,2.0881875000278236
15727857,0,-2.437813919010116,-2.41519921357294
15639252,1,-0.3205539858593612,0.13931754754740888
15628144,1,0.5428355984864458,1.008510837650722
15683560,0,-0.8566507132819458,1.3358915391960071
15653275,0,-3.4203576388021846,-1.6649273925067614
15622182,1,0.7960079733424533,-1.773402532158119
15613962,0,-0.8403789945658944,2.0629341525483693
15618437,0,-0.9719324323420423,2.301175409472038
15783338,1,1.2121361464768965,-3.2137252369256224
15764491,1,1.018393725038333,1.4636432132862303
15712960,1,1.1276305739469603,-0.944516209110812
15688157,0,-1.4947966459116862,-1.4009744089293759
15579287,0,-2.3187027691706135,0.30070491533888954
15570931,0,-0.7876431060334388,1.9215972863579927
15615177,1,0.9721367083845125,-0.026984706404608857
15809906,1,-1.3754321339066513,-3.226385981457324
15652169,1,1.368268226430789,-1.7616553614328898
15649450,1,1.6596682449884959,-0.9296098822349903
15777179,0,-1.785712570549086,2.3449186538966087
15803538,0,-3.3140758039538274,-3.1075190848145775
15610936,0,-1.6587975062291245,0.9465469507436186
15590094,1,0.9572272407304502,1.5631277504548537
15572706,0,-1.1585079669134075,1.0069579310552264
15634564,1,1.9384540578344476,0.4157151410397768
15684296,1,1.7239794368092478,-0.429297497940637
15702293,0,-2.0692323987307333,1.492711382957493
15642099,0,-2.3913186952176755,1.581986930965356
15773273,1,1.658937202264922,-0.38576254922192016
15613337,0,-2.262031338453071,-0.9578859032744015
15800482,0,-1.6151324020497853,1.1624504061616634
15732644,1,1.0038995928928083,0.1660193740505242
15713426,1,0.87426343151592,-2.5388516419136096
15640789,1,1.950156619146473,-0.794894775351298
15598892,1,0.6973365779898993,-1.04917043821801
15606436,0,-0.47242999822722126,1.180262224411347
15751227,1,1.1676722946831821,-2.24668700752996
15812365,1,1.5348141123749734,1.2998322658729724
15616088,1,2.1378628828147925,1.9955511901764758
15803886,1,1.6145394030627258,-0.2103312063406948
15587311,0,-2.166385091603202,1.1263263194138546
15617401,0,-3.144699801135756,-0.9187037731801894
15775886,0,-0.8011867128119636,-0.18365108029807287
15807305,0,-0.41921439572204044,-0.7794809741791296
15761717,1,-0.20897324401570663,1.595588997871256
15628008,1,1.869573051474471,-0.13635008351535854
15583755,1,0.6279033417739304,-1.5442234926555518
15661409,0,-1.5383031646055396,-1.4816036937272692
15774250,1,1.4149006854183601,-2.526643555299285
15681476,1,0.1648595338683104,-2.109414952082869
15654870,0,-1.8816606802983613,2.384574934454143
15790448,1,1.4880261813051912,0.19358926077137711
15785326,1,0.5595369078023466,-0.3449984188386954
15592854,1,1.8175030858014616,-1.7193554085345388
15617486,1,1.2126985634671013,-2.1386111647444572
15806796,1,2.116561244466236,1.2722737094556251
15644699,0,-3.9703954908146857,-2.1003774742702594
15622305,1,-0.2745703973623605,-2.1181797889159
15608209,1,-0.397280695720772,-1.0703988786187
15626898,1,1.9759555334503065,0.24000571559852074
15644297,1,2.6975693689613744,-0.8550967583632606
15731569,0,-2.3366825703558356,2.544620966509771
15582149,1,-0.18335850574713333,-1.3381521310109392
15802483,1,0.5047111135069553,-0.08517144770910742
15686999,0,-1.7148430985214151,2.240274542330312
15772479,0,-1.1409691348267779,-0.02340626668704709
15778884,1,0.5990197553565916,-2.393151455865891
15623630,1,0.8711806983081787,-0.2904949867803196
15774316,0,-2.3814159603313185,1.2840005733117619
15695097,1,-0.29943339676263797,-3.770108371262568
15645404,1,0.6772711510023949,-0.36271476334544367
15750574,0,-3.3230569115716557,0.6353095702375735
15636812,1,1.872447170524604,1.7265368900360418
15712068,1,1.2422974361872083,1.6516883923930694
15652030,1,1.7211453854984642,-1.5314461679412654
15577398,1,1.4620803473066675,-0.23612466741352633
15756848,0,-0.5535226852083721,3.1134440338848495
15806929,1,0.4444809701288377,0.10260767353822596
15656005,1,1.789676241682927,0.3075150916286619
15722632,1,0.07529275724574923,-0.8750409554750526
15794356,1,0.4200588543097483,-1.392182343693149
15659656,1,1.9708237956211496,-0.8023561992801231
15588341,1,1.8885946012291888,2.3947425469720898
15709142,1,-0.08038989512771912,-2.093526551718798
15627042,0,-1.7829482983717337,1.0994254496391611
15627517,1,3.0598398142109833,-0.37685953500569025
15803032,1,2.5693352984876823,1.2306436491112096
15665129,1,-0.5306127978602126,-3.394305929854404
15628272,1,1.8607169476869145,1.348474115907881
15678206,1,3.140950346092172,-0.05356477826552189
15678427,1,-1.6024105023700794,-1.6071301180751663
15678067,0,-1.2591054949187597,-0.32528548738917473
15793331,1,0.7154303644762665,-0.560058312950547
15699532,1,1.6602832176854287,1.2819651629651967
15605827,0,-1.1098127485923601,2.0035520457466713
15643635,1,2.4305020220111597,-0.6653209843174963
15787710,0,-1.8790030358386032,2.7272808204241157
15614137,0,-1.5061276427709,1.660624182535832
15754494,1,1.6502919519224661,-0.7858731265434082
15713440,1,-1.2517492581247267,-4.821439950847273
15803479,0,-3.8673921468245096,-1.244597296982209
15709639,1,0.8270704030383317,-0.6202320886681745
15601719,1,2.857780714302086,-0.9197887596972345
15772482,1,-0.2535007400278723,-1.9236537757832892
15591489,1,1.8732665963230353,-0.6301614571079939
15629002,1,0.9526085680663691,0.6415577319846881
15798053,0,-1.2097059742074008,1.945628426249218
15753895,0,-2.4591061464458273,-2.3528147446354604
15595426,1,0.25148939552234856,1.0597884160575906
15645815,0,-1.7622902359599533,0.8100055349914744
15632848,1,0.3391758695139997,-2.194699768367414
15703068,1,0.9892812536011578,0.9252626314743678
15791513,1,1.3224656311797465,-0.5582353887891006
15587210,1,1.5098020792990465,2.4836931393861006
15793803,1,1.6284206181475793,-2.7123446571744134
15787756,1,2.1243543301652394,2.1383714568474006
15723437,0,-3.2886052776978683,-0.7362558108566393
15702715,0,-2.2168817041664353,2.787071158605586
15809872,1,1.2467232516826958,-1.7462596659146605
15644295,1,0.5869175045136111,-1.40764947294278
15778694,1,-1.9505080064272906,-2.981533479370857
15759555,0,-2.1492000979810055,-0.9447265098436631
15631406,1,2.1553075244828093,0.06506098754032592
15616676,1,1.7085434232534544,-1.6375693774649034
15771154,1,1.58640334363499,2.4201640305640257
15669491,1,0.585021182941701,-1.2078994240120002
15697691,0,-1.2048371686773074,1.4607629139827272
15665180,1,1.2525457893198708,-1.1496327447712449
15752588,0,-3.654804205571389,-2.1100791388949798
15743051,1,1.360594448820057,1.4498330187148758
15571873,1,0.8393406559024491,0.9299737546598722
15679743,1,1.660265183124556,0.7771182314936406
15769412,1,2.4948818754324735,-1.5043535160014632
15775124,0,-2.7988175326138904,2.4010841548085686
15732113,0,-1.2870940202057586,3.0298504988741297
15578141,0,-2.352257844632019,0.4597979890166366
15595874,0,-1.097745959472836,0.7935197129479344
15755642,0,-2.3895340946939276,0.6766605070645306
15576526,0,-2.394235503480812,1.3603197849132278
15792489,0,-1.1016969098183451,2.504610227451468
15733705,1,0.6390368562229406,0.5974971870030095
15807221,0,-2.7947006889835975,-2.50694417620241
15573045,1,1.2023304772310461,3.1294216695593304
15756824,1,-0.10882686226427242,0.5706409021953035
15773520,1,0.25267955911767,-0.6700794878091992
15627439,0,-0.7391810095172919,2.31166158106702
15701439,0,-5.216367110234288,-3.706048747845126
15785352,1,2.251973856945554,0.0323977527608639
15616525,1,2.4242835327055587,-1.136725457188476
15717489,0,-1.2763607383930278,1.9378759216389656
15795737,1,-0.6516706999217108,-0.7527234780823213
15693877,1,1.4008689957060578,-1.4093173453640548
15576111,1,1.3567844850820798,-0.22861377381766526
15595713,0,-1.86320900242377,1.425466228710408
15808868,1,0.15592913545847667,-1.9231634955362376
15708193,0,-1.8983770088982543,-1.1536025787169684
15697801,1,-1.857724280070087,-2.4440434312915653
15770121,0,-1.0519819865128712,2.5073784968198387
15800524,1,1.905397178585232,-1.5001351124797713
15686236,1,0.8110896486348516,-2.1571940787937165
15659807,1,1.1514983656263584,1.3627365740065078
15736078,1,1.314024620850173,0.6454207021134741
15620836,1,-0.07656662569413188,-1.991769389258985
15698184,1,-0.281701498918084,-1.3459527862905385
15717643,1,-0.843399058331803,0.541616801353963
15776596,1,2.6779278756420815,-0.17684954208251066
15814757,0,-0.946598397057081,1.6925006250621502
15812607,1,0.4283424563986433,1.036169247087586
15663888,1,1.9623679708897819,-0.5535209798535161
15748882,0,-1.237333885484466,1.776754216749432
15690829,1,2.124350376159649,-1.028466827608569
15695819,1,1.6165474380267473,-0.546364625019557
15696834,0,-1.4128472837997594,0.3253699250122851
15797710,1,1.2715427217552824,-0.8633198713838464
15700654,1,0.017492776199163538,2.2005883003556796
15583764,1,1.2726504168970143,-2.592217151311654
15688849,1,-1.5406033577613263,-4.171932414607865
15661473,1,2.553474880734159,-0.6390016162534565
15601030,1,1.400383225516213,-0.4409889490412236
15789557,1,1.0408652303674557,0.26737518977835895
15745250,1,2.5649632344211772,1.9628879151946217
15590349,0,-0.8467904043098089,2.6482931777713943
15741693,1,1.2061886033703824,-0.5457133992036174
15618446,0,-2.135104397721081,2.8032056500509848
15766552,0,-1.0195614452363073,0.9313217107904918
15668775,1,1.9916700604948603,-1.0500004816778568
15757895,1,0.9040560629805308,0.21264144380967626
15774551,1,1.466156704147407,-1.3431319107782858
15684011,1,2.3541772745303104,-0.1470102820509075
15736146,1,0.2222765756078488,-0.5009403273643308
15656286,0,-2.2270907707054977,-2.9530067960138617
15774847,1,2.346633793414151,0.6607103866545022
15619340,0,-3.541734511741289,-1.9169441130048128
15815656,1,2.196592216706433,1.1582301114154483
15623357,1,1.594177154132207,-2.1699329670267553
15601324,0,-3.6477497651453286,-1.871536096463008
15715510,1,-1.0454477795741022,-1.8432595535403065
15663770,1,1.210641269509376,-2.7430590549647307
15779267,0,-1.8143086523523613,1.1244418523786908
15597957,0,-1.790335240133345,-0.5683680965319292
15584620,1,1.4658196717932193,0.2933519325924785
15750772,1,1.5898956751362847,0.24812777074030157
15706557,0,-3.654287341731304,-2.061284314089203
15594391,1,3.097644211115089,-1.5529071544026183
15661656,1,-0.7524654772057429,-1.7571312762477753
15631217,1,1.5838905613137733,0.36512525063760126
15588955,1,0.09680044047071389,-0.312015083896172
15758252,1,0.69534595854306,-2.105109177678778
15740223,1,-1.781978651598754,-3.7757052814379346
15805413,1,1.1096995536744227,-0.35360193595718276
15635116,0,-0.5140131749605813,-0.3184311285119116
15764892,1,1.3012298930857635,2.312958948387389
15795936,0,-2.194515431160454,0.17586194563315616
15655232,1,0.8598603230616063,-0.21988226660131083
15640133,0,-2.4995985783265726,-2.921506221607672
15751524,1,1.0312983573399932,2.1476636562012232
15670552,1,0.815975861267954,-0.9454151879208931
15623966,0,-3.2611542961421347,-0.6118454514760135
15752193,1,0.15322804929695158,0.6394534207020085
15607269,1,0.584038720024046,-2.0882273423798705
15700752,0,-2.6888225546982905,1.2165852089431237
15777901,1,2.5979793987477073,1.3924346975482742
15639117,0,-1.5690301269734819,1.5226615939408323
15720203,0,-0.38450639640710405,1.0456773153411072
15586236,1,-0.7763440436506426,-0.5360685910373818
15676645,0,-2.1108944330106545,0.9919476165100204
15715988,0,-3.1789208564063958,-0.7976895720101652
15603749,1,-0.6315285222135893,-0.500482151760674
15608956,0,-1.8264637032734095,-1.1956149267482454
15733872,1,1.3376114247089002,1.4732112840692144
15666982,1,2.020582309127878,1.407206145514562
15602647,1,2.0788360692193053,-0.09118350189377904
15623063,1,2.1010358438282153,0.7553771863933382
15682928,1,-0.45752068055376977,0.20224227429223918
15729246,0,-2.6445820315483037,0.6716400184451269
15588928,0,-1.90101623765971,0.9552055537665316
15803352,1,-0.09704319542130142,-1.3725402031323075
15607485,0,-1.421059299149068,-0.1675271983316371
15656249,1,0.057310042922429166,-1.461316136641108
15761783,0,-0.6638600136499669,1.1835833986714797
15716605,1,1.1503503669315418,-0.30397241802814934
15757425,0,-3.609745396352359,-2.095544391640798
15603096,1,1.9113779904800514,0.07442689694404221
15588580,1,0.6415105628824601,-0.41487218758162575
15770539,1,0.48640645250288445,-2.553958649722091
15572022,0,-1.7367253381277417,1.624838640356994
15571843,0,-1.752228252751678,-1.5314218103817236
15752502,1,1.7897863545979833,-0.6695622487209915
15609058,1,0.561473600139424,-2.6142455556747883
15775108,1,-0.319210404580963,-3.5126433115075564
15708904,0,-0.05451132745796922,2.30162140687521
15600086,1,2.152778694743788,0.7717426548158567
15814675,1,1.8645156087725598,1.1148766381881456
15572777,1,0.5796746897371298,1.476011246850066
15585106,1,1.0051262699661427,0.9069064638776286
15738936,1,0.08300831351713044,-0.46112034919234013
15750970,1,0.5098692401591204,-2.3685661213501312
15725772,0,-2.6249795763709116,-1.0424485522553735
15692106,1,-0.5584807751421194,-1.8325914177203935
15791533,1,2.096437940535212,0.23500077168185923
15715715,0,-3.3222141194687786,-0.6495804908161242
15785576,1,2.915680223828667,2.9703575684289065
15798834,0,-0.5343052492823118,1.4445925187622883
15744127,0,-3.235947702344385,-0.5030085945939834
15637427,0,-3.071406193395606,1.095776663969271
15576990,1,1.6369570072335462,-0.6698907552590583
15615352,1,-0.49502294652513507,-0.5769211423318689
15647333,1,1.0452189647688037,-0.7102824699116295
15572050,1,0.39599701665055537,-0.4273411902791607
15581370,1,-0.7960666854572305,-1.5258571913048236
15813503,1,1.4425576704221543,0.712147686693202
15769783,0,-1.8359139710485861,2.460678353091916
15793135,1,1.7387746349418647,-0.21352844890688827
15599182,0,-3.7940152015045583,-0.525247208407685
15689517,1,1.920568861085555,-1.6187272499065306
15641366,1,0.8035538508487946,-1.9421437465409535
15588859,1,-0.613607402847449,-3.446861553329251
15732293,0,-2.095221299668863,1.7120929935915745
15568032,1,-1.0351724527327641,-4.560155639536448
15623525,1,0.0489572761453608,-2.677684827618874
15606601,1,1.2947668017160197,-0.7807225334771415
15800811,1,1.9872994156019024,-1.316048810581213
15610711,1,3.082162736781621,0.6843830306966935
15809654,1,1.0141566345174127,0.6970404258248185
15576077,1,2.328279494086885,0.5422380014264064
15643378,1,0.12238636666585782,-2.136323624101139
15566790,1,0.44348271388682803,0.6176625532226383
15774402,0,-0.37966102853601535,0.5004267904490164
15694641,0,-2.25460014143449,-0.6426254509434226
15605916,0,-0.334439617671848,0.008149312816287531
15812356,1,0.7007565705639685,0.16530066939416738
15644179,0,-2.566277289604703,0.025218621842095005
15771674,1,0.9007904778049876,-0.3288093771471291
15623314,1,2.3464413932871984,-0.7922230453381895
15613292,0,-1.9552358132893848,1.2921236774925071
15813871,0,-1.9707413595408583,-0.8903109961803487
15759480,1,1.372968408195215,2.1004199707554165
15587712,1,1.3599810939622765,1.1932416668692836
15671165,1,1.6770506464805905,0.7786630520842439
15620746,1,1.698133614933871,-0.5179088753318885
15706537,1,2.662657248352802,1.2000897764472929
15589312,1,2.255612326709347,-1.574078137772554
15741180,1,0.8135429624448677,1.2158564344438771
15733888,1,2.318949739749537,-1.5416004965104713
15798532,1,0.7553028024348659,1.0768052917949478
15577359,0,-0.5611847960846086,1.0995494024702366
15614936,1,1.0644877845107743,2.921862435932444
15747647,0,-1.736517115960626,-0.20269369097538414
15588566,1,-0.48127718587247154,-0.13359124857768448
15570141,1,1.3870770329926034,-1.1373668401248425
15800793,1,3.0902913046265654,-1.2649477962173623
15572415,0,-1.7905594581607431,0.8524325209317366
15635125,1,-0.6409584439789343,-1.1471986893889687
15636551,1,-0.13952851739323754,-1.2976792981017158
15600912,1,-0.2765475028438528,-0.2985017085897029
15768476,0,-2.5805009099993503,1.105832799243123
15650266,1,0.654890569631854,-2.395120864257813
15621004,0,0.11342560441838362,0.9955017133771957
15748352,1,-0.10267473742149476,-2.446278162621359
15788920,1,-0.018505823676497415,-0.7146246989587989
15743236,1,1.9975788139372825,1.6763605057967952
15637717,1,-0.5607607471006419,-0.3178151564033265
15635500,1,1.2545234467287936,-0.7509878235743578
15634792,0,-2.020267448042589,2.778489920408993
15607560,0,-3.7825641433315207,-0.3768983170150044
15727177,1,3.0361163773760618,-0.17471645136735514
15774358,1,1.4494771702912168,0.21002336569348823
15791304,1,1.2876798763996309,0.0883442242417548
15603328,1,-1.059510042584334,-1.8571095889897313
15804937,0,-1.7730768181954033,0.08394946262691415
15804142,1,1.2363394330055373,-1.094711789209433
15608845,1,1.2678070854873265,-0.9681050692796377
15702434,0,-2.1172610642568483,-0.49163841308710354
15632609,1,2.269851995500614,1.812140036001053
15603550,1,0.63681038269777,0.591973136309111
15755239,1,0.6283378621788546,-1.1919825677077758
15670528,1,0.30712624087000806,-2.4272859109432754
15732704,1,0.9791966358072094,0.6533368430856765
15589019,1,1.1173501175749192,-0.7800751985661348
15677796,1,2.9929973939311134,1.4594725871824663
15760177,1,1.7294325128160302,1.2709069807148548
15636595,1,0.4280738108201084,-1.428795909946574
15737275,1,0.48549651626215695,-0.747869377663391
15672905,0,-1.557738841502934,1.4820540400465032
15753955,1,2.105450695849922,-0.10140122523805646
15708504,1,2.329573967841761,1.2721598059372716
15592451,0,-2.184907782925912,2.4469397394390486
15790455,0,-1.4568332814094802,-0.15988321213289636
15572174,1,0.2229102647707528,-1.5460738913459282
15656330,1,0.10561550821528036,-2.740694063089234
15569626,1,1.0834011309105407,-0.21500993507001354
15608726,0,-1.758272726458399,0.7734546663355378
15637366,1,0.1696922543990479,-0.770569657034556
15778049,1,1.4539071173321352,0.10037581592306881
15727421,0,-2.7292394459656193,1.5079835167997262
15688865,0,-1.6418822774967847,2.466547329264968
15751032,0,-1.6964961358901085,-2.613895125608828
15734737,0,-1.0040196802447463,3.0931805392927494
15746515,1,-0.5996037377094587,0.588304783667909
15664311,1,1.3864964132074065,-1.527061698385178
15708139,1,1.798788287091038,-2.7816843350299623
15768574,1,0.5853237305772488,-1.9782636566478418
15738018,0,-1.6837604464437705,0.9055581273164157
15699753,1,-0.11780594889801378,-1.8414149372170503
15703199,1,1.4493365473650008,-0.9429342656710257
15627830,1,0.6142792260998552,-0.12643627774464963
15570855,0,-2.280334564932707,1.745769431630705
15772503,0,-1.9170527248814218,0.09163675269143189
15584453,0,-0.9501110224190068,2.159296999939131
15710111,0,-1.9141292810321222,1.1934656876906704
15618562,1,1.5332425798127314,-3.0734454585953603
15706764,0,-3.862983612934615,-1.813525708280759
15798737,0,-1.5336383798624202,2.0309112350184733
15712608,1,-1.1249795795895996,-1.363563856364146
15636736,0,-1.0920781003643494,2.0405659766915627
15703544,0,-1.1117332570071243,-2.0489902802781934
15815645,1,1.575155218712733,0.4463056758486764
15705739,1,2.541044797776445,-0.8331715395098654
15709643,0,-4.28299716359713,-3.106064118859417
15669805,1,1.3659671419250181,-2.7945679391304705
15737489,1,2.157792195669824,0.028456435487495185
15775131,1,1.4367358413808822,0.7677793444539597
15765283,1,0.8038357110792681,-1.4147793777520095
15628715,0,-2.2557578989311917,2.075029184293886
15813283,0,-1.5067746834366913,-0.34469883331843776
15745716,0,-1.40737106070775,2.19328655383859
15598485,1,0.3254671465486065,1.6558643476644872
15696552,1,0.42020831820199195,-1.3464885415555856
15754569,0,-3.8416913069339493,-1.5883028547845965
15701741,1,1.7721035292744978,-1.160040913776751
15572631,0,-0.6078666720764503,2.023262534156749
15636069,1,1.4733421144416161,0.34684123285315854
15682467,1,0.32959953529999514,-2.3558726322029186
15790744,1,0.7690301669977755,1.238134645727706
15625023,0,-1.0983091079069336,0.5345031483105266
15731267,1,0.8610559997571702,-0.3306523200160619
15742879,1,0.4499072239697774,-2.345478194162666
15757015,1,2.1791403052667446,-0.33611883450712854
15770711,1,0.258702476455756,-0.40500900457995487
15569430,1,1.208685697385169,-2.520562117185578
15617304,0,-2.110169317151848,1.277944501587364
15704466,0,-0.8515769650352106,1.0259582656029824
15664681,1,-0.34596902434150273,-1.6791282938468528
15605534,1,1.5039430556662754,0.001111723142942696
15792473,1,-0.7046616494254003,0.2957804672063877
15802625,1,0.4798628786542612,1.5801700974103177
15766017,1,0.3279828323490928,-0.1246357332084713
15762172,0,-1.8078221441581384,-1.1863977266193875
15728333,0,-0.9966120642038376,2.373110257183564
15792868,0,-2.4193884842331825,-1.8571325657231241
15605698,0,-3.4230520532122672,0.17490115964103006
15777060,0,-1.618276939089212,0.6172211833533694
15626243,1,0.4434409544384278,-0.9796659718774925
15719898,1,0.3135004385923677,0.5790037837791817
15599976,0,-1.2427737998079162,1.6556105052591679
15752809,1,1.5215620999640074,0.5689710445540997
15589698,1,0.6967103186209831,0.7359844392840901
15609977,1,0.9621187611655927,1.0000918039258506
15750121,0,-1.5751091959722143,0.2696925509544619
15734177,0,-2.143582092672106,0.007137843036992639
15781347,0,-3.6561567347771957,-2.003357621660133
15592025,0,-1.6487640723025216,2.188608003110343
15670163,0,-1.8458148885844223,-0.022591982136619723
15765402,1,2.545915292548524,0.03887673968730401
15624343,1,2.1023218625827513,1.2436432324480942
15602354,1,1.0478697044417142,-1.0071169221373988
15579183,0,-3.8197130622862163,-1.4517037985158963
15584899,0,-2.761769822764783,1.0383894199043653
15723658,0,-1.3711374486024612,0.654624502050827
15803965,1,-0.16715110749414033,0.04689945585201305
15682489,0,-0.708898194534482,1.3958937792102017
15813645,1,-0.6025871204195081,-2.3332720875295188
15766787,0,-2.1504428938386613,2.3974688235390773
15687171,1,2.0188046253499214,-0.4930190453960708
15690744,1,-0.5396675681447863,-1.5167280212592684
15707974,1,0.9868953093656592,-1.507031310794262
15673084,1,0.5428196485663772,-2.333670848049704
15814772,1,1.911693091165755,-0.42171317026387095
15743709,1,0.37922183359355205,-0.5419660138615472
15610343,0,-2.4602150853334392,3.1100985040540117
15737414,1,1.459140470194725,-0.649106492675908
15788480,1,0.5844936357607954,-2.5993137406939852
15568519,0,-1.967059971879916,2.886152232858985
15792453,1,0.9273760586533869,-2.508781391989372
15658100,0,-3.019870416665028,-2.6138206814915845
15695197,1,0.2643513149920464,0.22763299278171717
15749807,0,-2.036454452777164,-0.47974983751832856
15773876,0,-1.7284005986579338,-0.552969286661889
15591698,1,3.079375815051417,1.5352808513502945
15712813,1,-0.7125803899795076,-1.2723984284426193
15763898,0,-3.212148064214967,0.361757085912123
15793324,0,-2.7227295639860905,2.250588077276114
15757759,1,1.2543740369364513,-0.5244294685045566
15796230,1,-1.5548054975450898,-2.218182173833719
15611729,1,0.06435059653299956,-2.138581868583784
15709531,1,1.9234841900182877,-1.9016689329473477
15650751,0,-2.021757725923873,0.7862237646299345
15641413,1,0.8846620713449168,1.1536320539167257
15753840,0,-1.0564150809056392,0.9745002619507293
15669994,1,-0.25595387199020064,-3.5029133522100233
15695301,1,0.3067205207564771,0.047545354352323266
15792004,0,-2.787204111897456,-0.26767831173121714
15603035,0,-2.701924919753652,-0.26667014168416825
15717286,1,1.8963157024476478,1.1073547172493021
15577107,0,-2.1704435211641964,0.1717434551391428
15754747,1,1.8993625795058473,0.5879053694262643
15705676,1,0.9313874895044122,1.3715582983527461
15751912,0,-2.561265253217235,1.9230444423715702
15677336,1,1.2540128846971852,-2.1773961049575887
15684395,1,2.163298285701784,2.030897302912383
15659949,1,-0.8339938497958543,-3.260323096497176
15812422,0,-2.6028810259002375,-0.7953249708539222
15806941,1,0.056215116447872776,1.8574121135626966
15637690,1,1.9220413835880978,0.36708915184244617
15632882,1,-1.5534668936073395,-2.941262112145697
15807107,1,1.9094848354277414,-1.4644162107432614
15661034,1,2.466715101432197,-0.8404418558852335
15811958,1,0.8413244632507466,-2.0688693745891626
15785167,0,-1.2883385357983257,-0.2413107901637067
15646720,0,-2.0656582076495296,2.2851315744682603
15658614,1,0.6371966271728516,0.5076157379482225
15704657,1,0.3493163723055786,-0.5078995399933117
15567147,0,-2.654609169721605,0.5029503707779204
15701319,1,0.30830643798099827,0.11001033601731565
15745266,0,-0.9024921272989254,2.082247512127067
15650437,1,1.0619561529918748,0.3983755503577956
15764314,1,0.6008130110894013,-2.2599877700572026
15612594,0,-2.6551376604961847,-0.5609886198591146
15593501,1,0.7042400558808358,-0.35661625773176614
15804150,0,-2.2747521959907018,-0.4890382491948694
15649297,1,0.6880299391290396,-0.06344224579271625
15641110,0,-1.5253139403983755,-1.743147547229355
15660608,1,2.699848922998874,0.9961171966724692
15806570,0,-1.0050921056476148,1.0187359243080873
15715345,0,-1.618533518604281,0.5492363316224544
15755521,1,-0.46223991094486344,-3.6338541730263083
15579074,1,1.9652057924822643,1.621463262658504
15641158,1,0.8455354556005303,-0.9537170331340368
15752507,1,3.6454762824665567,1.9381698122965987
15597983,1,2.502081989705485,3.4509472844000912
15586069,1,0.006874184931093017,-2.481194242894739
15655082,1,0.46505230384248997,-0.9209165887920715
15720155,1,0.9291778989109072,0.17372846628050692
15582116,1,0.6369447764014085,1.0427581558270498
15749365,0,-1.323963467511675,1.634698172487231
15632069,1,1.5332699291750524,0.7395843615636238
15663134,0,-4.193694779556192,-1.3818310987671347
15766683,1,2.2637230680573044,0.036761777215611
15707219,0,-2.098432563884375,-0.07648063613794052
15709232,1,0.4738106013058247,0.002370326617066239
15801351,0,-2.5797604871752333,0.06401062839481957
15578747,1,0.5673398796517177,-0.22211319020871245
15675626,0,-1.0526085427937921,-0.7342754481053303
15583736,1,-0.0510538194781571,-0.5807512988884389
15590011,1,1.0453974776394093,1.6916561899176012
15609913,0,-0.1367590203594381,2.7671589218592554
15719479,0,-2.3158281302275716,2.6792192320315302
15575147,1,1.3733160350363718,0.73406493536043
15597309,0,-1.4141262264207202,1.537354116072857
15648367,1,-0.4261344922350408,0.09642272604964806
15758031,1,0.6965624743462032,-0.7820683031390089
15751771,1,0.8189064680171805,-1.5843166952351508
15689288,0,-1.2969655552739594,0.008482929597798174
15731026,1,-0.09246320335479048,-1.8554903017844568
15775809,1,1.6138549498762549,-0.3423802884317239
15743076,0,-1.1084421189600586,2.023893001137318
15658258,1,1.4812794176895754,0.6015403674870544
15756321,1,2.508223718916108,0.12045412706944465
15706799,0,-0.6883898837642489,0.6723546692110448
15775703,1,0.04719851102068437,-1.5145704425550877
15642636,1,0.8040847443674334,1.2543651876753565
15704651,0,-2.6201560101312693,-2.4904706963942007
15806771,0,-1.5119288550647336,-3.23683760723678
15566735,1,-0.2786031982499813,-2.0258065835367596
15681671,1,-1.2995796081542716,-1.7411516505910973
15775949,1,2.0380399238227764,0.3178271860543855
15586752,1,1.307568642479878,0.879334389080595
15582519,1,1.0088132300850066,0.9565960360765217
15658233,1,1.8063448673725906,-0.2161899069335204
15755330,1,1.3147899503856773,0.9823369976470263
15605072,1,1.61193566993526,-1.1636239680404328
15617538,0,-1.6456359214929124,1.8511817947251028
15591428,0,-0.5504066535761978,1.5559135685702934
15692142,1,1.9952922762722658,0.834792386602913
15692931,1,0.007701270141765391,-1.5541126241635552
15781127,1,0.6269208732820254,1.169650708617517
15677136,0,-1.394834554674819,0.06662372766236536
15677828,0,-1.9992542020649322,0.30793382135723874
15567897,1,1.5162998228220537,-0.9023339158728434
15793641,0,-1.8556498117778804,0.3938066484988324
15678333,0,-1.8399352534607634,1.119667807286704
15630511,0,-1.2383990081867091,0.7259352939820528
15792627,1,0.39408244343160037,0.0157847339852073
15717191,1,-1.0731441903219217,-2.9579156259983934
15625716,1,1.5268124413457747,1.2677601721624223
15710053,1,0.4957090506490409,-0.0208987350216914
15580043,1,0.5528172267485935,0.6076084221928517
15601410,0,-3.996004247104149,-3.175394933774217
15684669,1,2.7864180490554165,1.220058247782017
15619083,0,-2.4186002592408076,1.2200119062157277
15692207,0,-1.843300615214566,1.7439377038877182
15730705,1,2.6109214689965983,1.0806520672563014
15749688,0,-1.6654290695646685,1.9006058898549174
15728542,0,-2.1425200685650814,1.3424869238099348
15760063,0,-1.7554497536473974,0.7258714904290987
15658982,1,0.1494902872596555,-1.0003712437178047
15758769,0,-1.2852193521935538,2.3076073247952302
15778481,1,0.6135119779314667,-2.036868058693186
15661162,0,-1.0998481021299846,-0.29362747266947087
15568164,1,-0.2257941018737666,-0.7795779436839079
15601569,1,2.220575453156319,-1.9519708720994589
15772383,1,2.4844679667238343,1.189522454833253
15667456,0,-2.65088415688062,0.5567165133439528
15672983,1,0.555403751862916,-0.7152747953012589
15799534,1,2.146571227833601,0.14705916577998018
15582847,0,-3.64358381955352,-2.5419116781241913
15612478,0,-0.9992091822363172,3.140892328287986
15709621,0,-3.016561136530856,-0.07000576207336949
15802009,0,-2.0844727619027164,0.9424373830133526
15698816,1,0.3989009546321189,-0.44206863574723126
15574830,1,0.7237472542106815,-1.7554470529069373
15603082,0,-1.0769747840306076,3.1640145279803975
15685947,1,-0.655298723745672,-3.597766552475298
15643048,0,-3.700857452916381,-1.8993049670653999
15807568,0,-2.3609483476666253,-0.4833237474737927
15597591,1,1.3331345085653907,-0.57918625118824
15747558,0,-0.48419454476427887,2.382658231530669
15756655,0,-1.6090852556372879,-1.2691260508774145
15589949,1,1.8795663872176116,1.2750094574529975
15601012,1,0.7678557242120362,-0.07410994367812145
15724269,0,-1.9193723084813348,0.9049220483168328
15567506,1,1.0320029633641166,-0.10942277321931415
15791877,1,-1.1099078160898925,-3.6083332051195915
15794360,1,0.48473049804856266,1.056644165744753
15686538,0,-1.0911789459437393,1.437916724401849
15585985,1,2.831344750755598,-0.32511122466016834
15699257,1,-0.04190840134599147,-1.7631541618351116
15804104,1,0.6253046861770578,0.9146214510451628
15727619,1,0.5930252323773414,1.6978409282187799
15740237,1,2.2718231142080607,-2.0039694204601726
15801436,0,-0.3726088652126726,0.44357269735460636
15705735,0,-2.383450873480839,-0.14821680309132296
15649359,0,-3.9434509954149837,-1.8292879029028246
15624892,1,0.3008733800359946,0.7748958695256041
15784918,1,0.6143070492169038,-2.3562846030656326
15584785,1,0.31186878363256726,-1.136737429796723
15797197,0,-2.0945685106495793,0.9761501461728225
15574858,0,-2.7961097978411114,2.415193229857461
15794101,0,-2.26183004537364,-0.7842916595069537
15743245,1,1.559639466115379,-0.9623486517016906
15791535,1,1.6660459274296542,-0.43384077280524136
15605215,0,-0.7462900821149628,2.6054924231035437
15771749,1,0.00993668146957408,-0.17238761654308427
15616833,0,-3.771961225371312,-0.6942149155491457
15750728,0,-1.2476934684865841,-0.4009159397890686
15769353,1,3.3597270327758606,0.5728215652115134
15770091,1,0.9888794230959987,0.8386689068257244
15716420,1,1.5009934255158563,-0.21062480039593354
15740602,1,0.525754000102798,-0.5500097039404004
15796071,1,1.7745681565820206,0.17227030974343555
15811389,1,0.3708127984034284,-4.182465349930378
15783875,0,-2.726852424939823,0.5513473205056526
15671800,1,1.3023704915673033,-0.39064100764455256
15677288,1,1.1120916472393538,-0.3809315913499298
15633525,0,-1.6731892732532934,1.1161298677867086
15634606,0,-2.896888791053318,-2.1646463689750854
15579207,1,1.089459709014184,-0.9215846771986099
15619892,0,-2.0751391530163423,1.1901314280139612
15567778,1,0.814380573743836,-2.20864833943002
15711750,0,-1.6718737609729495,0.7838684155653552
15751084,1,1.137423736785766,0.7256591981903784
15768945,1,-0.4313636479620668,-2.20057894087113
15586931,0,-1.6775744309859881,0.14318491911488954
15636353,0,-2.402749166377399,0.5512191756163323
15623858,0,0.4774295299083828,2.535973330069696
15703354,1,1.0906975605248892,-1.6356399077537296
15663987,0,-3.6594030337687475,-3.464501087298915
15780805,0,-2.482445644173628,-0.9301683122848142
15768566,0,-2.546560944921518,2.110449004280821
15643229,0,-2.9988289698429,1.3189578424260069
15754940,1,-0.13972757903050878,-0.8373753315585246
15676576,1,2.117873037209434,1.2232504125699433
15800068,0,-1.5671388191030315,1.2725350282808374
15648030,1,1.3975548187539366,-0.8542578233773954
15668594,1,0.2959951991852069,-2.5386311093918654
15728709,1,1.3240024315147052,0.5678372882607273
15724181,1,0.5482231959001497,-0.08631747556524712
15647546,1,2.1056290113342,0.4607767030181814
15702601,1,-0.32669757945402783,-0.6955452517528797
15567725,1,-0.5535936881520661,1.4201454470740291
15674179,1,1.6573973515360167,0.6030729864572002
15686957,1,0.11013726853648868,-1.997101496955017
15607690,1,-0.0806673227900911,-1.5111435705369252
15806546,0,-1.5102101405678467,1.0412331740103873
15632850,0,-1.4266297445489293,1.711094096980102
15709016,1,1.3718736844349808,-2.3452853467034553
15638068,0,-1.9020882811822433,1.4667595571084246
15749345,1,0.44748118245281826,-2.7221248843355874
15791321,0,-0.15263061927866917,0.7717273124619335
15699095,0,-0.9690873844581902,-0.6650790265590902
15638329,1,0.7073951690775133,-2.763685826032607
15575445,1,2.307509561399778,2.04207622086867
15752622,1,1.2439099103797207,0.4708772572017158
15774507,1,1.7289734762790712,-0.16499046505510845
15570857,1,-0.8973449425866744,-3.6640208731447648
15599386,1,0.6655538251270007,-0.3271545803786421
15744913,1,0.8834620321780788,2.0474526334237444
15647292,1,3.1447876361048834,1.3904160609575493
15728838,1,1.6397341073521998,-2.5915776225668243
15584704,1,2.1280248936568387,2.396954275027084
15749068,1,2.399279598820287,1.3518485968727632
15622985,0,-0.024855976487440257,0.16274934555188048
15587676,0,-0.9775848150911114,2.016679149775083
15779496,1,-1.722115649414613,-2.7581230656198943
15733460,0,-1.852273644413292,2.313502586761138
15711457,1,2.3792448139616518,-0.22772991399887138
15795290,1,0.8582042406779173,-1.2592144274033856
15611223,1,1.6703239950944666,1.4808622923211616
15794159,1,1.066318600660162,0.5849708805500522
15780677,0,-1.7452388193866621,0.724736387588418
15690175,0,-2.0693067219670964,-2.8350530580532585
15722599,1,1.95260935964835,1.0431115132730195
15569976,1,0.8808504097726453,-2.0296583887571167
15707011,1,2.432443508579355,2.240025229279852
15702277,1,1.502906662802724,-0.7980629727657608
15801915,1,1.4534554047217554,0.10108918009635053
15580213,0,-2.4981884013775666,-0.7189421425553382
15637947,1,0.9200005239164599,-2.586992794076603
15715888,1,1.4891338293894323,-1.7346659714200798
15732967,0,-2.05298955816831,0.29043156836697737
15737047,0,-0.8420517683160605,1.649196744846699
15694039,1,2.342939259189146,1.2381031833336902
15649457,1,-0.6889392239401178,-1.5425485125927791
15742809,1,1.4484376074447816,0.32767547970248473
15637829,0,-1.3171405539724121,1.1859359522004882
15633194,1,-0.2094620315249295,1.6844752170727646
15611635,0,-0.20683917727948703,0.9852015185389001
15638774,0,-0.6272340249085928,2.137291432911356
15722037,1,1.1938133343654458,0.7770960654425223
15672930,0,-1.8932021631798088,2.5932871082093536
15668774,1,1.5830434524108488,-0.7493178663536383
15780966,0,-2.0772721810458075,-1.0889135059788535
15659694,1,-0.07484047298044201,-0.8142527036414569
15624424,0,-3.5190546457107597,-1.9148287587136552
15708713,0,-3.2539448304492797,0.043421361106479706
15755405,1,1.8080095576796986,1.8170780050250634
15647570,1,3.27710639846822,0.8598649678391032
15684348,0,-1.6051843136518649,3.385165028237933
15702541,1,2.481479854188675,-1.6014976935132585
15646942,0,-1.2055021326493487,1.5816958837082808
15748920,0,-2.516309187466829,2.9407485599859875
15694581,0,-2.5309124009200548,1.0632288503371532
15643215,1,0.10298483270655016,-1.869945897397688
15649060,1,-0.5077450663034795,-1.095579609616075
15774258,0,-2.8866712436480517,-2.4170151964207895
15731553,0,-0.9977548575982,0.9196423867928972
15617029,0,-3.8586968954128835,-1.9198675599660577
15780716,1,-0.017881439788591604,-1.2584602400404314
15577018,1,1.3838485073274198,-1.8134391521191149
15809515,1,0.5093101036635119,-2.2963598779986283
15789924,0,-1.108034994291778,0.37539889454765896
15725076,1,-0.5284023923907478,0.08381993729189309
15672481,0,-2.1477044158233736,1.3703893687936877
15574115,1,-0.42293681078941486,0.6631194000263302
15661830,0,-2.582846986242037,1.3320075528438116
15665879,0,-1.8600012656621185,2.2244969951719473
15673820,0,-1.2790399770748309,1.199125542732311
15747772,1,-0.0965647441882211,1.7745805928323783
15666197,1,2.4818575502872093,0.784424855533965
15773639,1,1.5278795579152846,-0.7135945963640216
15581893,1,0.8577082192540239,-2.3402150225591614
15672447,1,1.6576122414485899,0.7277355282120657
15777830,0,-1.0566779441922263,0.11391963828226408
15713890,0,-1.892481812785974,-0.24373970876396067
15577598,1,0.10441821966276181,-1.0781405247048899
15786042,1,0.701516590847322,-2.051964997893139
15753462,1,-0.11258830465771626,-2.1706980484570515
15759690,0,-2.6367231120852086,0.5683493512284545
15801414,0,-1.7773739236034685,-1.1677986157500495
15656141,0,-1.5064197632461809,1.1785711015778237
15608701,1,1.0020791335392603,-1.1001480089249853
15582892,1,-0.048398286629086545,-0.9252484781203957
15632967,0,-2.704715075933314,-0.25656238192711756
15587573,1,-0.40814566931362156,-0.7511005699116937
15654891,0,-1.682771832867824,0.6002333578235589
15611365,1,2.185875111547868,1.0859465056200899
15749103,1,1.0305500560690979,-0.08313978303867554
15810203,1,0.441894431195688,0.5575587941595365
15813660,1,0.8003991033989258,-1.3272421558090202
15605673,0,-1.4115096182214828,1.5937236014761325
15669282,1,2.354986481848489,0.6099952587725413
15792726,1,1.1446675181045356,-0.02677889697331065
15593241,0,-2.1836870654109357,-0.24014204565894776
15683053,0,-0.7409952615579712,-0.5188349340194951
15632736,1,-0.909329427207024,-1.1163444478883982
15731865,0,-3.205155759404244,-2.3133022810170933
15760450,0,-3.954447695816136,-1.8063431171706965
15787204,1,1.1913285448252384,-2.3236752904441134
15650454,0,-1.9715411598458168,1.4006578849189828
15573730,1,0.5111311001026396,0.4705550384071765
15705050,0,-1.5942522469704694,1.8194012173726393
15791342,1,0.14090822174922424,-2.3894908904690104
15684316,0,-0.16195813905638107,2.2274631574218278
15700540,1,1.723891182991077,-1.6571167472224033
15770631,1,1.2751116750748488,-0.6751433812911795
15790594,0,-2.427873418159898,0.9876039402538636
15604020,1,0.3971635902268795,-0.17585132587933258
15637599,1,1.0959707024700285,-0.13759472358867478
15736578,0,-2.771000217652527,-0.920719808054491
15666332,0,-3.699360704130811,-0.19800576520720586
15727291,0,-2.2991637752623983,-2.517843750553133
15785920,1,-0.6282842810174762,-3.4506116656110577
15658987,1,-0.07965637251937847,-0.3849850973107151
15687719,0,-2.7873845502184853,1.1380937511864557
15799641,0,-2.5860370510947894,-0.773286472714675
15758702,0,-2.4150426995938807,3.2144782684301503
15689526,1,0.48519311531282916,1.514545012276084
15586848,0,-2.8892449403108516,-2.253291461977053
15707637,0,-2.2604577745102383,-0.6421589469976493
15719426,1,1.2203970058465912,2.249013532206438
15639265,1,2.3400206519293723,1.1887247880252716
15576124,1,0.09468526713731344,-1.9926411282872416
15757829,1,2.1584436369819433,1.408445388074027
15633227,1,1.1090088028472027,1.3634066873160833
15753092,1,1.9156132664417318,-0.6309887689943628
15782939,1,1.2149333962657676,-0.3237376524467921
15746338,0,-2.727646745762123,-0.8831106027393564
15590676,1,0.6903691494417356,-2.353143623146456
15599329,1,0.9076959423594121,0.252108030588757
15783097,1,1.132200636417314,0.023711202027411227
15597885,0,-2.5130075133194865,1.614678335316842
15597467,0,-0.9117879012057512,3.3544858556877246
15724764,1,0.42249843228978373,2.475489860672332
15778418,1,2.3089990310469055,1.2054274133833889
15684769,1,2.082737642734605,3.647851150408463
15756167,1,1.7238689919170955,-0.20378198603583286
15632439,0,-2.597918599814564,0.5758340787473066
15755138,0,-2.4351747792114393,1.933246237017926
15659092,0,-0.9524367901679233,0.8089753259089871
15742116,1,1.4852575286731988,1.8915583245289516
15801994,0,-0.8820513138170522,1.715065519714178
15647572,1,-0.3247891556475739,-2.503401356147676
15644551,1,-0.2790820022329586,-1.0141455452096528
15709135,1,1.416377412079204,-0.004450372455459621
15684469,1,1.2543260328919383,-1.73340236750454
15627637,1,-0.035132535897982126,0.5961437216924275
15667093,0,-2.5462153350218633,-0.08378924482020671
15690589,1,3.5461756301817418,0.5884534446496472
15595350,1,0.2287525672579683,-1.4139703045142964
15777586,1,-0.7878276770618988,-1.4258200498223623
15804064,1,0.3613795791638167,-1.4398464257501125
15717770,0,0.5529239875923281,2.0530443299147474
15754443,1,2.2036647137513734,1.1305436624815168
15776939,1,0.8822912426052655,-1.2644203317847493
15713517,1,-0.08115793361612723,0.6140977754026056
15683522,1,0.8877644102898848,-1.6190122217267
15673995,1,3.0448260079356757,2.5195873428400977
15771054,0,-1.1587682790808207,0.31459734606233686
15578788,0,-1.8058742498220086,1.4552989728731183
15737408,1,1.8587120859728974,0.30189685582909537
15750837,1,0.1395453388489337,-2.425088809633868
15576022,0,-2.179385986510708,0.8698043457756396
15635502,0,-0.7726295596704791,-0.5802137274036345
15627298,1,0.3997337627959659,0.72510167594377
15811415,1,1.3532257946838933,-0.06837950370172599
15645059,0,-1.211670083453829,1.4375304433965854
15689671,0,-2.0952959952754915,0.4393912700690052
15718667,1,0.727228464066867,1.056368511756947
15803202,0,-0.3503366991572239,3.492178024231971
15593683,0,-1.252276110824465,1.4422373738222318
15703394,0,-2.7241257475591336,-0.26252188838587887
15570289,1,1.6425907923170049,1.4233623230334744
15567437,1,1.1370880166681283,0.37016126628889723
15711687,1,0.9098169140778423,-0.23392907993991718
15656592,1,1.95750934698336,0.8707641914334038
15634373,0,-2.077732293387669,0.48075775587063135
15769125,0,-1.7765701051279519,3.157239953196336
15711386,0,-2.2881576033675963,0.9958255696606906
15714241,1,3.900561490123323,0.9139366665302074
15642530,1,3.07364854331289,1.908371360884511
15713599,1,1.3620522957977677,1.549586735441839
15744770,0,-2.1747980907456435,-0.7299456877345564
15780498,1,0.7066312214188859,-0.9814795160203253
15624397,1,1.5263146120963205,1.382328255928871
15615219,1,2.183143579391342,0.3641503450556969
15570908,1,1.3814202306346264,0.3025582470906916
15762855,0,-1.9503864923200533,1.2023107247181914
15661827,0,-3.0488318746257677,0.8866142143644319
15746035,1,0.9915636125403245,0.5134444115539885
15691906,1,0.9966809704917474,-0.0075634968242164185
15793424,1,0.47388993808983826,0.6100614834108421
15577905,1,1.3302024134419295,0.4790556708374606
15667216,1,0.26520491755019693,1.377609975479967
15673971,1,1.9555145169984771,0.4265719954917482
15701238,0,-2.618568396894261,-2.2050702647330542
15644849,0,-2.117631672050406,-0.42581988338329857
15635531,0,-0.8697147049257804,1.25545455406213
15632263,1,1.923177082704368,-0.6268685956322039
15720110,1,1.4087093226017717,-2.01307236179634
15619045,0,-1.6325493513412617,0.2257993964249547
15697510,0,-0.3281416732496822,2.224827018446483
15784923,1,0.23158002482990686,-0.6872046583790387
15567383,1,-0.9060365466292539,-1.3943679400204907
15732621,0,-0.7579215599099858,2.557785017630847
15757981,0,-0.0878971280553093,3.181444976596614
15727819,1,1.9352030081083482,1.4490038105841485
15738088,0,-1.3234886654332687,4.458159453028687
15765173,0,-0.458721887101349,0.526082257406322
15665159,1,-0.2411237990199219,-3.646125167230657
15618203,1,0.5945226653617385,1.668831725966214
15791452,0,-2.633255240426974,-2.359993024374786
15638159,1,1.0572404366502899,0.5906833850927284
15585466,0,-2.074947333358111,2.604260548647252
15677310,1,1.9288544631029254,0.7665707089323579
15646262,0,-1.2174837515658752,1.614859259072096
15656901,0,-1.1277182417994813,2.7940584916439537
15621093,1,0.10859197296160268,-0.6846802880452073
15592123,0,-1.5286378673980763,0.5253458702850724
15589200,0,-1.2362566636685917,2.0865606770173764
15602934,1,1.3569651695668519,-0.3533853484306963
15812720,1,1.8257931787033812,1.2840192779334358
15695383,0,-1.3214494734953206,2.740666683149761
15723064,1,-0.6622511269663158,-3.409835168711768
15761606,1,2.10336992965917,1.2851159576873434
15650322,1,0.8013192557678512,-0.9397345404514235
15669782,1,1.387850201168057,1.7633177782814775
15751628,1,1.1074268154544926,2.014405533493245
15809057,0,-1.7825485733437736,0.5277054817533002
15617052,0,0.22759526494085364,1.851414731470925
15590810,1,2.316831217764068,1.4581401878307567
15801293,1,-1.980711667163298,-2.9636911837932396
15770968,1,0.04958869451862638,0.3609028906166585
15572356,1,1.2914194809952744,-1.9647187342501649
15603247,1,1.9215227491440832,-2.949924005683282
15619116,0,-2.65698988041494,-0.8855228297536762
15691792,0,-0.02132510074512689,1.777420320057542
15783276,0,-1.5208230365057323,1.4708855259110012
15766137,0,-3.148822826422599,-0.8186223727239795
15574554,1,1.0185512038719562,2.2947444666384724
15578671,1,1.708860918927463,-3.11008827695396
15716608,0,-3.525081798024275,-1.1765772520239917
15690670,0,-2.352843654038385,-1.1302390753303782
15630466,0,0.16098121630217493,2.217448121247392
15630349,0,-1.8520849943387805,0.17254792526237092
15803801,0,-1.220005745270088,-0.20563327815130444
15647890,1,2.364832496097106,0.9868451260183099
15606115,1,2.6474496626069617,0.2883177541271429
15714642,0,-0.23864513821523742,1.5659339843110867
15741181,1,1.2282302232940046,0.43671737355174445
15773973,0,-1.8893329795887077,-1.1637313908396534
15758546,0,-2.4788192313466118,2.345359685274384
15598940,1,0.7632051082693969,-0.00011896222651391727
15669783,1,-0.8842291514360061,-0.12040769210169737
15624993,1,1.0322038415794772,0.7309485324580827
15760568,1,1.0924036302245324,-0.5584193717274409
15699047,1,-0.13599726146513155,0.7362011056929039
15616168,1,0.5573715694076017,0.8866340004597014
15773146,1,0.8533698921114669,-1.9539880466561201
15770375,1,1.6960251909087083,0.4568576768922542
15589725,0,-1.7576956783979698,0.4453587073002603
15710034,1,-0.4817148225607682,-3.218650825388243
15800806,1,1.023202873616224,-0.07079525201117096
15570485,1,2.414724970986514,-0.7828225083738387
15575391,0,-3.2219179087197696,0.08527244008804936
15790750,1,2.4589501113943055,1.4078161571545829
15714832,1,2.648713338237637,1.122051128911752
15619953,1,1.2584885535731514,0.6485927791958475
15673929,0,-1.8693849395974154,0.9764937945639212
15578835,1,0.18073380776024003,-1.8481512105936944
15752388,0,-2.7396079179355994,1.372559794310328
15797081,1,1.1137161021878021,1.8074704416076701
15570194,0,-2.290554450593207,0.7759121159772884
15580149,0,-1.9763598261711037,1.9516008470304622
15777708,0,-1.4311225087575603,-0.5922823512142775
15769955,0,-2.9116970137135403,-2.0696366564156032
15810444,1,1.2454085626877265,0.5490979592889492
15645593,1,1.0135132541512362,-1.3906692090401205
15765345,0,-2.5052887974569673,0.253306036634307
15760873,1,1.7474073158082981,1.0469799482848146
15794178,1,1.6581571619489983,-1.2927197155377934
15589361,0,-1.2479393204736697,2.3950397044568312
15662483,0,-1.4402868200329182,1.5634822424065256
15809736,0,-1.1539562659815836,-0.5567341561136083
15731148,1,0.13645224893041105,-2.706094440612804
15774328,1,-0.19450682245991915,-3.5443397051808634
15646969,0,-2.406223291183962,-1.2371214840183096
15718769,1,0.7621741957980083,-2.363136815888606
15610226,1,1.0173013408537146,0.8455602862246936
15616270,1,1.4073058681680164,-0.46287098758289985
15790717,0,-1.1185602623896085,1.2110978084882098
15635703,1,1.2478547127884323,-2.746708008249454
15616365,0,-2.9207246004335627,-0.2507829079750271
15630244,1,1.9671369619377643,1.5122397120725666
15734714,1,0.6832123796417371,-0.97177110246746
15721433,1,0.39776241088495007,-0.7320009269485884
15590201,0,-3.6636603455879753,1.001049493894821
15590828,1,1.5852645591154002,0.957234130318858
15752097,1,1.0774127350220966,1.4261081787247447
15800031,1,-0.4228023117585052,-0.2125309126508088
15630857,0,-2.9492189515872194,1.658716609394931
15689953,1,3.52420068996593,1.5339687195855185
15759733,0,-2.7923631616088866,0.5481793095648262
15810826,0,-1.4985141697990578,1.1285391281529433
15668009,0,-2.620211555964544,-2.4869830327138542
15743456,0,-1.6328911905090218,2.5679703032226717
15725762,1,2.053424580851962,-1.3517438147058953
15761713,1,3.1846027131382875,0.38520926498581776
15769246,1,2.287345646044747,-1.5500932664411002
15781129,1,-0.3681811221804145,1.392970475392548
15599124,0,-1.3010866476334524,0.11885448105505002
15639004,0,-2.9745994975083065,0.047751487601190246
15810995,1,0.461418224496039,-0.8710330769309682
15653773,1,2.49700248782555,0.14580835038182705
15708357,0,-0.45484262861808494,2.0177050179464886
15733597,1,0.17431573453565122,-3.802696947507268
15789560,1,1.9069950510467588,1.108246666871985
15699524,0,-0.4153680505722861,-0.5474867915164887
15626475,0,-2.7168277812951733,-1.1506445632595328
15810839,1,1.0820719246206205,-2.841025613491817
15684318,1,-0.4884762475299607,1.1075551340210792
15768120,1,1.3982674720768973,1.0499812381471099
15712807,1,1.1808385707450286,-0.8621900442441011
15696371,1,0.6327503185167277,-2.44782274835131
15675794,1,2.9030351227112665,1.533707117050234
15774277,0,-2.6899850064862605,-0.8420799953857264
15603764,0,-1.3891936215990757,0.8788872378463205
15618647,1,-0.5552251729108247,-2.122132391717707
15614643,0,-2.1494844035011127,-1.0061638566884383
15707696,0,-3.102369649947975,0.8058060860686171
15749583,1,-1.4498400132249432,-1.9158153276143282
15815125,1,0.3282956811516925,-0.6278950010959291
15779620,0,-1.9111467446270145,-1.287796766012502
15768233,1,0.9852573489302955,1.3816672323486223
15637788,1,1.1277989047515269,-1.3631933213024887
15777046,1,2.1767341853535798,1.3964965455101543
15788723,1,1.83505367811053,1.9656651921966422
15790489,1,1.3561804394392496,-0.20264227506996318
15739476,0,-1.0309484537116926,0.5287257776123852
15612670,0,-1.3624541818509186,3.153825790814165
15631222,1,-0.10537204366633275,-1.089131360277313
15658972,1,2.1231288512253443,1.0306328196737717
15724691,0,-2.8617876583204613,-2.5539707788487664
15740442,1,3.064803681875208,1.2342100573985517
15760427,1,1.6235507437025207,0.3787385295351199
15677939,0,-2.1979654980836436,-0.30316571576145246
15611599,0,-3.1519856141657416,0.11606283722949033
15633474,1,0.9742461004216766,-1.2777627765425343
15671973,0,-3.0993125938746866,1.2507956375060247
15790019,1,0.7857408055906463,1.6332028820250484
15737735,1,0.8658528001457486,-0.4059045796959657
15661745,0,-0.9647745105915866,-0.16854788313582475
15797065,0,-3.1783694509360942,-2.681477311983194
15710671,1,2.628284982263194,-1.6329465199693267
15656522,1,3.2079330222999034,0.8738005325432808
15705085,0,-2.0600360893116116,2.1946378012137258
15744873,1,2.470787582580884,-0.027008346176826986
15781914,1,0.640330721052255,1.055919098957436
15637354,1,0.6844022497397063,-0.2270087096545518
15717307,0,-1.955626081585944,0.5524513300029448
15746695,1,0.7058865769315986,0.753818601137548
15804962,1,1.5358251413067237,-2.9228293538204166
15665378,0,-1.8020182306085486,1.6160636509289048
15757865,0,-2.0822794657511294,2.863945836076846
15578787,0,-0.8995232410481335,0.9380742785427237
15794323,1,2.112863199832432,0.5909697696537344
15697546,0,-2.254670935310345,-0.22095204068148072
15629519,0,-4.022729332521763,-1.8913925079609257
15624703,1,2.0824560887866035,0.6900454351511381
15570002,1,0.7406650398363903,1.364251830042026
15808566,0,-2.3648298026929084,-0.9103925511739502
15805463,1,-0.1692777456180972,-2.194922357538757
15709136,0,-1.3199483666415606,1.1631006353253477
15801605,0,-3.838561774765704,-2.3723012547066578
15567855,0,-3.2707423612461985,-2.1084886674500587
15675141,1,1.8915258506680388,-0.8892963760197737
15665759,1,1.1775805747360306,1.114260845897466
15761487,0,-0.05677797656438772,1.100686979378345
15700394,1,0.8268454550369638,-1.3335646843006184
15631162,0,-0.7282078908031553,2.042324092156828
15630641,1,0.8848036831633608,0.41195073669121474
15585066,0,-1.7303528356311628,-1.2421281956010393
15722991,1,2.076849882657608,2.460424535614474
15737404,1,1.1455044365402065,-2.857164580829839
15722409,1,1.3286851593175828,1.6036833988676173
15806420,0,-0.8187929891356518,1.8657025062026
15658148,0,-0.8697898015628507,1.2401713882212668
15810660,1,0.4313224930186706,-0.9306910340507997
15709780,1,-0.22572139350337198,1.7101233356807028
15727350,1,1.5146646622416817,1.306919636705745
15752312,1,-0.3102019341742675,-3.2936026202334414
15616745,1,0.7619998312207878,-1.5407308921136802
15572294,0,-0.15538935968046336,1.0571454631840052
15674110,1,1.0905705679235786,-1.3971177145775533
15662501,1,0.8163537670696386,-0.45115012658055587
15649239,0,-0.6393172596686696,2.9874432068440226
15700424,0,-1.770550255152933,1.0380260837214128
15636388,1,1.571472624847577,-0.018730334583382968
15713975,1,3.2239094941006274,1.8379789388648462
15592925,1,-0.4522450788532412,-1.4220239452611643
15581626,0,-0.2719015132666443,2.611091183469804
15641319,0,-0.4426079475679545,0.7748345943138115
15723481,0,-2.048930805596971,2.433904509081603
15787825,1,1.6950254292156264,0.0436659741520406
15710726,0,-0.788046220264476,2.36550887570747
15627195,1,-1.3235921847642347,-3.0810391878140413
15657957,1,2.580982741919484,0.018263320297591756
15676117,0,0.03655540343818369,2.56747635030341
15607874,1,1.19181447637757,-3.007545203169778
15796993,1,-0.07668545450030147,-3.0086747359434876
15649858,1,1.476071801488582,1.4018472745476795
15811032,1,1.550445736607739,2.15454538102964
15679963,1,1.43377069261686,1.6502777937651907
15579131,0,-2.4209148219893604,1.146935617092283
15572428,1,0.002335051696373578,-2.6423166684097716
15622461,1,0.9889165268296107,1.303839005006335
15636105,0,-3.2755254720993547,-0.08596024495585484
15583849,0,-1.6074590962341786,-0.2846968192541487
15718780,1,0.5974086961785908,-0.5666893934714076
15739271,1,0.06409135772132778,-1.2902551060153347
15697129,0,-3.5907513595964664,-1.7976711661442206
15763415,1,0.4826024831245026,-2.735200705614173
15796617,0,-3.006251096812869,-0.8273973939277673
15626628,1,-0.1545550375671703,-2.0348761371135935
15765857,1,0.971017247232288,-1.3239185958399682
15742511,1,0.6881539300893357,-0.7499682821382971
15786433,1,-0.2171603683883753,-1.2438309504320084
15685805,0,-1.7424447369331346,1.0726106824081372
15627971,1,2.753141705133445,0.4881304955930842
15783025,1,0.19276164074420638,-1.2550197427015017
15726289,1,0.9482030800663636,-2.9783816817814968
15802118,1,2.012515222689841,0.4909757969266435
15607990,1,2.5301883514707297,-0.0943006783810811
15695932,1,1.3759845658534318,-0.23343355043129294
15812279,1,1.5329428738286415,-0.6438554656949091
15687558,1,2.684556497530211,1.032393286320244
15729065,1,-0.08616462535881271,-2.3408856973328995
15698902,1,1.0834167550223042,-2.375324990925204
15570192,1,2.133054896028281,1.1615353063023035
15809265,0,-1.2593635540911905,0.3170327564339082
15745201,1,0.13213624899804952,-0.5624214143840501
15580623,0,-1.4295458560319394,1.5565897632014392
15578156,1,0.9887122064787894,-0.26543118903396856
15631063,0,-2.709227054300327,-0.8749058121765546
15692577,1,1.3600508558050879,2.127305505447734
15810910,0,-1.3876545922991494,2.195403961430697
15723217,0,-0.29775380307389054,2.3097640885534707
15733111,1,1.5763471757747314,-0.15730589221451138
15610727,1,2.759176511297327,0.07483086626739212
15792720,1,2.597594999595309,-0.2476516543328615
15723153,0,-1.9090361296781293,-0.49584255995802196
15802823,0,-1.3410626911906989,1.2670305966389115
15756118,0,-0.6755735008438211,1.125128566774741
15684934,0,-1.9278745235835617,2.0408200724648653
15776936,1,2.8695156609366697,0.18479967235382877
15729087,1,1.880796339223567,1.8825881383092606
15786463,1,1.093255776512275,2.3114362485494024
15717498,1,1.5871912868885856,-0.15321068168667434
15718406,0,-1.9758043768532363,-0.20729816725955708
15799468,1,0.8650956172900052,-0.7680993262444311
15626383,1,1.511235991553142,1.8401135168912754
15597385,0,-2.6812826000833336,1.244132624109572
15570271,0,-0.5565637460972297,0.6732385222562455
15690330,1,0.6820320369072542,1.633658207980649
15680611,0,-2.214073130142189,3.993418289471103
15810227,0,-3.036744576121612,-0.8701057396057968
15807194,1,0.019206552586414603,-0.13879077022538988
15712199,1,1.0422417762841336,-1.9953468295271575
15694995,0,-3.0269885176990474,-1.043784158788363
15723400,0,-2.4289528163815692,-0.027836096425462416
15654772,1,-0.3257156247492253,1.008861551563415
15574743,0,-1.3448742602806751,-0.8866413459191081
15807593,1,2.0923070034912827,0.5058177137932847
15686718,1,2.0492341492527215,1.2378758368066034
15695299,1,0.4058722263439857,-0.9905490457787598
15722701,1,1.466185290707066,-3.0692910256599775
15799635,1,1.8599095854810597,-1.4159293206785333
15742323,0,-2.195560274103007,1.9672541606980256
15658435,0,-1.8362980627869852,0.4411439627756836
15586029,1,0.09520552143781284,-2.088955615608927
15772337,1,1.3755354873795067,-3.0557737930272713
15807555,0,-2.1883293731503164,-0.8210891812680176
15603378,1,1.693515285241977,-1.3006852740856534
15792862,1,0.005220133470970088,-1.8932685347323526
15657349,1,1.659849544815266,1.9232405595764406
15777614,0,-3.7055424873189593,-1.9137219411600557
15653952,1,0.5432002158803888,-0.7826307428469699
15724336,1,2.7093225263380063,-0.20173488111787422
15689594,1,2.8064709978358335,-0.9392601495059486
15801920,1,1.201027475358399,-0.43317670304554867
15653347,0,-1.0299960347587747,-1.3023066660409313
15749951,1,2.2819588833550895,-0.9368969381520436
15648178,1,2.0635372119658824,-1.4410374776293557
15738662,1,3.3568589859686684,0.9463340775555084
15640855,1,0.6694241935203209,-0.22457906324211563
15584288,0,-2.621962963396626,1.2229057023027843
15760988,1,0.7447822014633341,1.3743713226868712
15569624,1,0.9407570375592135,-0.2728207503225074
15597949,1,1.1777803714678217,0.4115829267460067
15604551,0,-2.2788946781760178,-0.2499568729717655
15617476,0,-1.314469764016228,0.1102557186866256
15645323,0,-1.6630070674375979,-0.06902037767811296
15793311,1,1.55263672970106,1.040504974635432
15764153,1,-1.2659383224393945,-3.554062302315942
15802560,1,1.8207683558515855,0.47883081509259395
15728608,1,1.0926480520478021,1.009012347279148
15770474,0,-4.598522794333882,-3.0021366376456005
15724444,1,-0.9258276944542403,-3.230794986933399
15753110,1,-0.5436670831275845,-0.10548385653242157
15711521,1,1.231041163170582,-1.1134118199362155
15632816,1,1.555640130663671,-1.6272492744905112
15693637,0,-1.506872957951092,0.9578114060902398
15725509,1,0.41883021201238313,-0.7028924706410263
15684645,1,0.7456103758448805,1.656964779825915
15692235,0,-3.494644092073406,-1.9508575460325261
15777459,1,1.2616507028250485,-1.4905870936428545
15656937,1,0.6697476535851982,-2.497211831860442
15610643,1,2.4398189318831345,-1.3268981140436982
15777315,1,0.8974628310500665,0.42485001783236265
15611058,1,0.1828743885173872,0.6520096335868388
15630413,0,-2.5551348535188385,1.0480934446287011
15635942,0,-1.186968380340707,2.4291122725183465
15648858,1,-0.12593691818300953,-2.2059796052622205
15810732,1,1.3680380259631975,0.6803221286329453
15705448,1,2.460300559190201,0.8296794611127453
15730488,0,-1.820078604754407,-1.5130316444750511
15620443,0,-1.9155195474714481,3.051022224340453
15741078,1,0.7676301347517205,1.3406202135142042
15753161,1,0.7900404655803298,-0.38883990150162334
15711396,0,-2.0787329884573493,2.2273832063719183
15593499,0,-1.152940166913394,1.901766629186602
15579189,0,-1.815817854818879,0.8404014030181397
15743545,0,-1.8778864701712474,-1.3916828836252355
15791316,0,-2.7761556740360196,-0.20294952097001018
15608246,1,1.3545236898118154,0.9713847162836445
15676526,1,1.1481965056671228,-0.7621844950367075
15813911,0,-1.010898436505432,0.9990332426825137
15630195,1,1.0459020472075669,0.47796042948104744
15736250,1,0.7285691316736598,-1.3859480657352263
15671334,0,-0.47025878709179625,-0.016719972333877616
15574169,1,-0.3836761625136677,-2.2697144749617792
15718839,1,-0.9546173583065272,-1.5293481497489603
15762331,1,3.718563538323616,0.5439059173401992
15606901,0,-1.982992748085838,2.0503201336390493
15713559,1,0.23319634765717648,-0.4869106405890905
15768881,0,-2.4869713345669413,-1.2955121852586
15743075,0,-2.5998945057270073,1.301027346149739
15660980,1,-0.3526573577547219,0.5081013243450895
15810942,1,0.8774203884890948,-0.8359518275453658
15728362,0,-1.7851531191571226,-0.6777250464918146
15683339,1,0.29683124114962756,0.7280374502404394
15685476,1,0.7626685437667882,-0.09985139557342121
15663650,1,0.23375074659572842,2.765186965296026
15617434,0,-0.6454884408144035,2.468435115838777
15622470,1,1.279125281047876,2.165297795899091
15703682,0,0.4601112472130568,2.211481585527575
15727391,1,1.7334982692112328,0.5056418288176378
15711062,1,-0.10617314471740642,-0.057024293136249946
15567339,0,-0.22151569798934212,4.246540241908164
15760662,1,-0.5821167149765384,-1.0878141720737087
15605737,0,-1.6492920052462634,0.5977994361396438
15692977,1,0.3709093867847541,-2.002633726228276
15672082,0,-1.9170375809855735,0.4013367485590928
15600280,0,-1.9653745837584862,1.1762808310890513
15804052,0,-2.1428164778039123,0.5196242963423607
15576065,1,2.3317816399495626,-0.5961863123605502
15796838,1,1.1026153105547472,0.2408189349656062
15693526,0,-1.6026150718532541,-1.7134851422816773
15748595,1,-1.487739687777767,-3.182812991994003
15679029,1,2.1307636395019722,0.33868988931538574
15753639,1,1.8658187482069835,-0.7819632222090809
15604138,0,-0.39308531622240744,-0.9159944707115831
15666095,1,-0.29591241481969804,0.0038462523812799482
15643487,1,2.1116635477609544,1.9668771676922354
15764033,1,0.8298621274254103,-2.2557450930235663
15747288,1,1.3003281956600155,0.4099656396231671
15790599,1,0.6306695154381875,-0.41972952586962575
15737705,1,1.9083668615273992,-1.1422858681623953
15737194,0,-1.701210248256025,0.4960344606821795
15726776,1,-0.417978430948796,-1.9837639552043822
15804357,0,-2.174032381600174,0.438202657211554
15664432,1,2.512756286232963,0.820113831132874
15688984,1,1.7090865847049423,-1.3300211322605688
15583026,1,0.8207561761711571,-2.7431130407186965
15771668,1,3.112957063573816,2.8567504673511395
15779904,0,-1.8613777196338346,0.21206563662675762
15784323,0,-0.8379764133444495,0.5065422120027696
15756277,1,0.43972477150226336,1.4791448209035178
15663312,1,1.7527597921324551,0.8444392464696191
15793197,1,1.6405938300575245,1.0515606930855135
15731463,1,1.4583606658840162,2.211967662344429
15621768,1,2.95484309198983,0.06375778386319537
15691323,1,0.887259077897712,-0.8949691458047905
15781326,1,2.6986621001040882,0.9864180459683075
15595640,0,-0.7523084749305937,1.7082540197636424
15814331,1,0.6745340724720139,0.921100799612251
15602030,1,0.6685337992930933,-0.7044786445169757
15747974,0,-2.2524240294931195,-2.34445100827914
15611315,1,0.819872476047834,-0.8047103467285804
15636977,1,0.7093616928275533,1.0515938291034128
15690337,1,1.1203006549749537,-0.979937176610998
15680666,1,0.9859403379387182,-2.345171348648851
15679551,1,1.8552720917733305,-1.8207905810307727
15778915,1,1.5261520771280255,-0.14160153050164892
15568849,1,2.0612737512096193,1.147999212838441
15747762,1,1.4032329630647082,0.6787567260403469
15753679,0,-2.1583500178120496,-0.3140293569334338
15750049,1,3.1336669157263466,1.5710507319281661
15606097,1,0.94099013442055,2.12919856275274
15802368,0,-0.9263253179869677,1.587644465861852
15767488,0,-2.2395528335018704,1.8281850486480418
15669946,1,0.6996325134843764,-1.268453595245124
15612103,1,1.4923539813410729,-1.9490764665385025
15645353,0,-2.302564677306634,-1.2211593944704977
15650018,1,3.028226393314994,0.9018377849388134
15659002,0,-0.8849938174882371,1.2202589936193098
15616028,0,-4.20054016439573,-1.1169391052129085
15660475,0,-0.4860822238986219,3.376741859380477
15652615,1,1.7293024208782308,0.9821011419742552
15653572,1,1.2654213937091252,1.563399383579397
15628059,0,-2.7217750728347743,-2.0627783328525195
15703413,1,2.725355574171955,0.1957586087878695
15610433,0,-2.084362365463168,2.578038984461716
15770548,1,1.90066962962158,-1.5542839343219035
15645637,1,1.8099203527116854,0.03291665482685546
15590888,1,1.8791850653870459,1.251579668553032
15568326,0,-2.0048535639160074,-0.945817318338089
15655368,0,-1.3357629558649697,-1.1555199753199428
15665579,1,1.2377535027659303,-3.104459322530311
15676091,0,-1.4267109109908829,2.078068240394823
15716984,0,-1.933188485458948,0.9194478879861498
15715078,1,1.2013841801686145,-0.3701298357507525
15569452,1,1.0484792043752176,-1.0973212353687105
15628863,1,-0.24277992743134472,0.055785169422726155
15778192,0,-2.000570982839505,-0.24158230236770473
15793723,1,2.050076941845735,0.5334163629511974
15798943,0,-1.0527380867887641,2.2347103461710365
15764708,1,1.7006568235715953,-0.10443925902704919
15791040,1,-2.0333868333865204,-2.3223217164237533
15631512,1,1.7929841475362867,0.44940188374458145
15640106,1,3.1201665550916227,0.22091232272692757
15710315,1,2.134659376982005,-1.0540823984372778
15771535,0,-1.603579572924214,2.44242296546379
15611947,1,1.178130210141295,-1.0659127471905787
15670266,1,0.5911209797327324,-0.6382539379430291
15609083,0,-0.86051076503047,0.8056252963513453
15567923,0,-0.29363029474469704,0.8193239905909085
15788183,1,-0.6606331953478219,-3.067873262614565
15735782,1,1.3003961619842228,1.3505310163715605
15774401,0,-1.3284946227138417,0.5617709517193517
15737971,0,-2.6176817668013572,0.8358524639316111
15758750,1,-0.025045487370944055,-2.6537545427704994
15611767,1,0.5886877874091588,-2.2876757266408676
15643770,1,1.123496605003913,0.6551665776228304
15744717,0,-3.539134296108635,-0.3828558921549544
15570681,1,0.657665263037531,-2.5521921978627433
15792650,0,-1.6603887833961959,-1.9348905087323194
15605531,0,-1.0936290857302648,0.8965692421612003
15605339,0,-2.269121575659493,3.015838486693488
15672216,1,1.2930585212530823,-0.2912072837182928
15812893,0,-2.185460263723885,3.1082319250721713
15624180,1,-0.47795389997946053,1.592655673903685
15701364,0,-2.2587624552626635,2.5463850056803423
15762588,0,-2.916533392206575,0.8222914390014915
15806318,1,0.6773231018448808,-1.0175700507069312
15712596,0,-1.630022253374469,0.5701106933590253
15600399,0,0.04570589163431165,0.7483009233773057
15576216,1,1.2505539747617611,-0.4869943570884913
15620750,1,0.3946762256487467,-1.0051006128432969
15623489,1,0.7690396887942736,-2.4852308225148847
15667944,1,0.6332108009696172,-2.762541835436652
15584928,1,0.4662587731360515,-1.1382329336148014
15779913,1,0.9279257877298054,-1.062710098216227
15644977,0,-1.9737784618198488,0.5430108210467438
15749679,1,1.2177480645803225,-1.739380035868738
15629010,1,1.6929405826277684,-0.5388992533555786
15768465,1,-0.0440780819551129,1.1168427142750859
15767781,1,1.585703774717942,2.0142201186012767
15635364,0,-0.8118997691309382,2.329227917029477
15722004,1,1.7748040988160507,-0.8000605227819719
15766044,1,1.0805934944731501,0.03684598965444713
15586680,1,2.047364183937992,-1.1691080234448419
15635388,1,1.665722476732949,0.6580854407510731
15655175,1,0.730534347350002,-0.7973327262997032
15639133,0,-1.633583519045232,0.5500503473854488
15799653,1,-0.6339416690759961,0.7975776644558917
15723872,0,-0.7045507501745042,2.9548637011797285
15775627,0,-1.940328935360946,2.0035723111330745
15630704,1,1.5650697643508025,0.7432642077728592
15815534,1,0.3636637893573774,-2.7326385897436767
15697249,1,1.7368509493444029,-1.5757455431403498
15681316,1,-0.0029794298979846333,-3.8712730566768108
15682523,1,0.35929627648412316,-2.680223172632115
15650244,1,0.05274698260210478,0.4777713574481779
15648638,0,-1.011087387893876,0.6610223452691875
15795747,1,2.428109235772309,0.3459771402008997
15607330,1,0.9999813951544867,-2.883550890931129
15624013,1,1.1018353565189971,0.6033383495933379
15800805,1,1.2805964848300306,0.5140551038558279
15667321,0,-1.1835142908017184,3.2602106166441898
15601116,0,-1.6655235860814208,0.6910806704518663
15622033,0,-1.981328633387476,-1.3320704074177825
15758451,1,0.9612808516092849,0.9986910252550637
15688689,1,0.28298623371923615,1.0824209440882855
15652674,1,0.055944564820791715,-2.8860399503744
15806327,1,0.06464818234361062,-1.1212595023064809
15649618,1,1.7206262456291945,0.14639103518194868
15677117,0,-1.6669896590760562,2.018660945900039
15751445,1,-0.302423242853672,1.2017400347885774
15749669,0,-2.646346619820561,-0.3788549340601006
15656351,0,-2.563871770094015,0.4714937140366136
15667438,1,0.3768842185178096,-2.0138618207024916
15682273,1,1.99072067959401,-0.33698349594442567
15580912,1,1.1359653345872187,-0.9531836936541305
15785183,0,-3.84858212690092,-0.5993007327166338
15705383,1,1.008876950704295,-0.6251115878586684
15712903,1,1.9134681572719894,-1.9487150475118216
15774285,1,1.300722142485002,1.6236250577409477
15583138,1,0.9757324101386187,-2.2838409088691156
15740160,0,-4.01259638831441,-2.0282137519443313
15793425,0,0.027085421653327335,1.831598771187921
15749265,1,-0.5524891608686608,-1.8083845602429107
15623989,0,-0.506569123276437,0.23170122325710749
15604832,0,-1.0144612679951013,1.2053747034360196
15584580,1,1.9697729069388203,0.16697325562071402
15573854,0,-2.254435900048189,1.8705702247721883
15614847,1,1.4229677817780968,0.5969938412878424
15679966,1,1.542723933299952,-1.5066741984515233
15799435,0,-1.3633893601762863,-1.5328033924565927
15752186,0,-2.850169799455699,-0.19423124895325422
15705544,1,1.5091861503791006,-0.4225301846844496
15713632,1,1.8024541937724308,0.2733921102179152
15586523,1,0.852569528334603,0.44858348783497437
15609176,0,-1.4662280653383584,0.2585090513946957
15769308,1,1.4615137698527891,1.014013029853237
15676810,1,-1.8879071608815552,-2.928131090079416
15634591,1,1.5225795825190178,0.683675859725352
15679804,1,0.20905135740579156,-0.34984385622742187
15677764,1,0.8000704655821702,-3.306167196640436
15571917,1,0.7113456609868994,-0.30762519042562064
15574608,1,2.012494283251347,0.6683814704575524
15740868,1,2.4094351274375123,1.4392397416543057
15702442,1,0.3578456000744012,2.60251502920472
15699797,1,2.4223974739463476,0.4980074200628988
15648047,1,1.196318166245055,-0.8181176845719269
15766826,1,1.4742671573770332,0.21798065373495684
15591628,1,2.371338374365404,1.4445544203057439
15583857,1,1.432719050143982,-0.8986969784257918
15752534,0,-1.112029114463995,2.361664708538391
15741403,1,1.213799259505377,-2.3752372295426762
15783589,0,-0.9981135584052404,2.461286700540676
15598046,1,0.6591580502619744,-0.23172789323358667
15643330,0,-2.684681410764198,-0.8528528056675374
15680405,1,0.7295367469820165,-2.3878413658065445
15728683,0,-3.167222433308548,-2.7721912190087377
15621644,1,2.1776467219902025,1.9961913017156196
15733032,0,-2.761194340830358,-0.694026333916519
15608381,1,0.6682309922215159,-0.954456789956115
15658946,0,-0.25700972524614035,2.5449832706646967
15757912,1,1.6680955338572734,-3.077274730130602
15645371,1,1.5609578253665732,1.250769422318862
15653110,1,1.7741741311976464,1.3293160027123292
15766355,1,-2.1005540593886782,-4.1284491202534275
15585249,1,2.4540593698103126,0.04111728204270995
15611786,0,0.22036907245674336,3.9150698176965473
15575486,0,-4.170948258725159,-2.023995758025936
15780215,0,-3.106608464247495,1.3756450942007326
15686099,1,0.5809099207502831,-1.7914045851244624
15739042,0,-1.8662248659258611,2.4551283815204217
15815316,1,0.41688695692378,1.6190747917781072
15778489,1,1.6898926313902147,2.8675323936441366
15786389,0,-1.9978260978848887,3.144861902960416
15601787,1,1.55505520281878,-1.882707388686804
15624715,0,-2.5896382087379175,0.019658126307205957
15763093,1,1.8380725144679906,-0.05907447372795997
15572073,0,-2.7040987759753414,0.8761585100022588
15780256,0,-1.8113777332463004,2.1707808507544084
15659305,1,1.8906780971539492,-0.1809304800263814
15638882,1,2.504843177371252,2.638568352815612
15714680,1,1.4322579530825712,1.3518965385421573
15777217,0,-1.320545511804691,1.7494995877049622
15739123,1,-0.008183890180383593,-0.05508781835540001
15594450,1,3.1431714873915886,1.5375550829165952
15797751,1,1.7155366402834267,-0.04697011141253142
15691543,1,1.0490612909099082,-1.1321223311934847
15722845,1,-0.6035051447901297,-3.5310646732125828
15605804,0,-1.8846847173229773,3.549358921392517
15702061,0,-1.8272874669091268,1.062240425866818
15694321,0,-2.639030273671167,-0.27404954244308455
15798749,1,0.7952864421517294,-1.3318279905440482
15720050,1,1.0526123391814686,-1.7312662438204927
15758048,1,1.3001555269885559,-1.4578336580788596
15805681,0,-0.7557899410913028,2.5722758401739703
15802809,1,0.42144784808490365,-2.832670409560537
15807239,1,2.5328519937650937,0.18194940901762108
15749093,1,1.4264931004625472,-0.8752303692898993
15689344,0,-2.6540333048264877,0.1678121888342503
15606076,1,1.7916138911127673,1.7135034619824767
15610090,1,0.5063906837750161,1.2728123772132027
15693926,1,1.7529128947914283,-3.4035492196075987
15791501,0,-1.5470555192545605,2.1155712045724933
15621870,0,0.08449507458993283,1.8511490912718944
15734711,0,-0.7135696424173521,1.934659546500052
15814405,0,-0.9243925324395655,2.9810163261115497
15729359,0,-2.4845947811510523,2.192688089638854
15606944,1,1.7887500908333773,1.842547131146667
15671934,1,1.6170197045308425,-1.7797501135264466
15641773,1,0.9321056684782236,-2.3456452471447684
15701972,1,0.5750358133051146,-0.895107327134505
15749114,0,-3.3894196808104136,0.11168686414876271
15780362,1,1.4200503676748562,1.862329375616108
15753229,1,1.8478102019474967,0.7339362262152882
15656009,0,-0.9818670640846744,1.3103101002550348
15785024,1,3.0357018600323338,1.0289690687784248
15670492,0,-1.5445515851182303,1.4736179492609158
15795458,0,-2.2213087976854378,-0.19983554769376122
15732438,0,-3.608422635563851,0.3449107997513448
15781987,1,0.8658203188630476,1.3480784848992629
15775826,1,0.6879113115497669,-2.562667295333775
15807457,0,-3.063920193804249,-2.2015857994204384
15632538,1,0.8728461324762304,-0.20326709007123747
15641389,1,0.5538383092370593,-0.41019026714846585
15657306,0,-0.8034628122237365,-0.3665779886271897
15709447,1,1.0959808864601568,-3.0594108621919225
15762682,1,-1.3640525078905128,-2.8875030102536594
15626042,0,-3.131959035631897,-1.0432321809152874
15597109,1,0.9087559766213716,-1.8415595406830632
15756148,1,-0.051123149960173725,-0.9677735277562268
15665634,1,1.1670840322612563,0.7083554566570444
15739997,1,0.14258112161313316,-2.4628570246810484
15686242,0,-0.5533812773216481,1.062520784723523
15759244,1,-0.46080113323493205,1.8016521428468562
15672027,1,0.3859483941407996,1.8026148828275015
15594576,1,2.215385935480853,-3.016324613598987
15707138,0,-2.356699518542846,0.8621502525627995
15756954,0,-2.040134472910823,-0.457137937631783
15619130,1,0.3301735301030226,-0.3819791311345819
15639665,0,-3.636900933817589,-2.1519229755997324
15571065,0,-3.2045220528063423,-2.480859642586361
15686060,1,2.774269511876563,1.3169707088098648
15615753,1,2.3664835641669253,0.4392465195924772
15800961,1,-0.5841987275075662,-3.03745766730259
15763065,0,-1.63103663397812,-1.2401932084110296
15672467,1,0.33841065221713634,1.4362453825173476
15752915,0,-2.353855373384864,-1.2189968511384752
15744695,1,0.02164676429176485,0.445609102110504
15584897,1,0.7856321113126054,-0.8204417814547572
15601857,1,1.7422832965408714,-0.2825191538133582
15674156,1,0.03432811485232093,0.3045179509881072
15695465,0,-0.21974792893889822,0.9324149109173949
15792232,0,-1.3893728891332315,0.8771874013634251
15807900,0,-1.517280022567872,1.8175715786125326
15743760,1,1.005386571538996,-0.4984704226701197
15652835,1,1.2678610101599288,-1.9100646052882355
15767818,1,1.9469112661624968,3.0072255159684946
15591150,0,-0.7954696814217574,2.2119704300098886
15734659,1,1.0922391405931209,-0.19364849216697336
15796115,1,-1.1752617812849757,-0.9624974411342029
15724648,1,2.0069657191281958,-0.3388776218834864
15737732,0,-0.5329150235526315,2.8007779271651527
15632280,0,0.08442558537596384,3.0942831930420818
15750407,1,-0.07403602249310844,-1.611623586018517
15795370,1,1.8551800881602893,0.1447800440070871
15656829,0,-2.0932436002567667,1.1646802093583903
15643794,0,-2.0576346231434526,-0.5820726069564893
15798605,1,-0.7159873683696687,-2.0855440095577644
15637324,0,-2.6648294487529385,1.5638991266186644
15589589,1,1.5195816832569877,-0.24177930115046775
15778936,1,3.16811843847286,0.541140741168201
15757385,1,3.07070694927793,-0.07196159005963321
15666200,0,-3.436575879847985,-2.140380347037154
15683977,0,-2.5880993983672065,1.6135742763124432
15675518,1,-0.31098177190196924,-2.942197974290816
15584812,0,-2.973879550666655,-2.477798710478621
15752984,1,0.31560183987919543,3.4526738215423656
15577913,1,1.642067015131892,0.6462316748922282
15591980,1,0.003497785835209353,-0.3710433679778136
15598948,1,2.4753884601107865,-1.1730030010194052
15574142,1,-0.5758773289721557,-2.0143964001279357
15582903,0,-1.5166689618715772,1.4130542771018206
15733229,0,-2.0547052472099825,1.766475635742007
15635752,1,-0.07616208133423975,-0.6651092229554713
15771000,0,-2.863756626126305,0.20185839919683934
15804864,1,-0.08465990918501555,0.015521887673888459
15641175,1,0.5694507361113127,-1.1444356184059095
15692226,1,0.7826566322815093,-1.1179471638629532
15584156,0,-1.7043557540492225,2.0421036829883867
15702656,1,0.6137559359080011,-2.370458247681393
15606552,1,0.8670984837176979,1.1845111907659025
15687001,1,0.6459995215625848,-2.1361830507628308
15781903,1,-0.7756902772048111,-1.6327292003856047
15731951,1,0.5083510116886546,-0.023747169351626032
15580953,1,0.9109049857428364,-0.6644102972686796
15810390,0,-3.8336556421655312,-1.7915791016705962
15628274,1,0.9720603578872334,0.8353661442367751
15615444,1,0.35683909942571046,0.5210909746969173
15784010,1,1.1033273041080986,-1.6137350636775825
15571586,1,1.0733921257364811,-1.089541512064338
15748616,0,-2.5154148567662933,0.6656829070232831
15769402,1,2.125167251430281,-0.2450278409908531
15739248,0,-2.2369647102574683,0.7234764152338197
15603481,0,-2.6913047000853156,1.061713900798347
15723604,1,1.6673266313705062,0.3487836618550679
15797822,1,0.14901976398907496,-1.4788910474202728
15665064,1,2.013121915873182,0.3774106797758877
15640580,0,0.4859011687870258,2.5200546021099908
15581089,0,-2.6063137156564764,1.7532480455267279
15728605,0,-2.75718383382881,0.6917486540902522
15737385,0,-1.0152820277630061,1.1992520957553745
15714789,0,-1.5086237033987493,1.329274932518325
15786035,0,-1.9650992056509784,2.749918645187192
15815259,0,-3.348627068329475,-0.18125622657046458
15592716,0,-0.9617495018498028,-0.2892423525014911
15734850,1,0.48920828046795783,-2.261103802786229
15638047,1,1.0967129077380804,1.802916269670858
15674573,1,0.5638334856508256,-0.7643851190941984
15694859,1,0.34717047585060484,1.3136726172896906
15776404,1,1.521957237947408,0.13863473664355525
15579345,1,1.2178584737145692,-2.590195680550393
15690733,0,-2.0858876231713435,0.7416497140696084
15631481,1,0.8153551755696784,1.5306050292485898
15620988,0,-2.09082810460663,-0.8502366190226128
15571529,1,1.969503975447716,1.0869573804748955
15592104,0,-0.9743009259013695,1.2020283250316846
15651900,1,1.1332385774580733,-2.247981353785571
15596212,0,-3.217627345690271,-2.0236264472375107
15710687,1,1.2404589201590788,-3.0717530704961784
15613787,1,1.89884573935776,0.8733498680443469
15599211,0,-3.753612706256084,-1.776665470095782
15675983,1,1.3198896332915049,-1.1635938063934887
15622370,1,0.4636022115646503,-2.4235711129494533
15656319,1,1.2191257270096933,-0.5030376068239045
15605130,1,2.452938911128806,-0.5549033306467364
15672574,0,-2.2253119631560314,1.119858017372675
15659355,1,0.6594520550907836,-0.27384002525329726
15777907,0,-1.3379496980143242,-0.21734220074062216
15655171,0,-1.5615678238273527,1.3383326344365174
15619674,1,1.6012917971578122,-0.9401060386180176
15775192,1,1.6152599730953519,-0.29079942713384016
15617657,1,0.38288553829214045,-2.796078079534065
15688951,1,1.3588426220190573,0.9696270470846352
15763460,1,3.5274350831589993,0.7957316210256912
15756992,0,-2.5626635771954636,-2.4380409209203657
15617454,0,-2.97868448154397,-2.546282264339239
15701932,1,1.4692392353428472,0.8312876252083343
15700813,1,0.2536564808538715,-0.6274910539582058
15645600,1,1.1285706584154713,0.5790455764876291
15634146,1,0.9830218497195456,-2.1333621450836135
15686743,1,-0.4899226602050763,-1.408217227438523
15698792,1,1.4741764042338075,0.7514524819909204
15591724,1,2.0610842974975077,-0.1065996880085929
15571281,1,0.8298297192403168,1.52906744771692
15661380,0,-1.0974252298741356,2.222927253059864
15728885,0,-2.4576427270152372,-1.4845341623843111
15618950,1,0.3882845157926609,0.37033969481197615
15609804,0,-2.681604440172497,-2.5400471035093637
15735849,1,0.9557945925148836,-2.7249842601745478
15652948,1,1.2107584722653675,-0.6293030160442736
15618155,1,0.35029260468096773,0.5302750913156027
15566378,1,2.1327560837608552,-0.06507991160606183
15565879,0,-2.385428153592744,2.081356788590417
15792922,1,1.6123518833220407,1.4131773248884865
15770567,1,0.6396091666223664,-1.0232533128403125
15738042,1,0.9637754441841336,0.7401774978818596
15714920,1,2.1549679776424266,0.6133388228209956
15782121,0,-3.222629674988395,-0.7617743040252524
15673180,1,-0.192043639213253,-2.347520319820911
15660636,0,-2.1882014410937964,2.4800935629551364
15664504,0,-2.2241929100733167,1.5821622839459737
15790322,1,0.5465094155836208,-2.7243260783534895
15739847,1,1.864132870328693,-0.2667027969091803
15699415,1,2.4816571795592037,0.2582067115294361
15665521,1,-0.5550724693785223,-0.5700563141618515
15682868,1,1.9087544426865715,1.3434054441943533
15584462,0,-0.7618967120135762,2.353358697124014
15661708,0,-2.3760299159558573,0.9643965796274961
15584452,0,-0.770011611059226,0.9863481020518097
15717010,0,-1.622397284906374,1.958943643014015
15643828,0,-2.294505306073442,1.3020173644895612
15733361,1,1.363856639954263,0.7162574662727269
15795488,0,-2.6978808512101122,-0.4020093258222449
15581551,1,2.329650412214748,0.7769830918967372
15632051,1,2.1609568693417347,2.035955345704172
15780409,0,-1.5933627090698976,1.2182227041203388
15572767,0,-2.323760038429459,-1.1754235305778824
15590337,1,0.8650324738396271,0.06572609833894909
15634551,1,-0.8284079198769554,-1.7412115371094024
15669290,1,1.4712439354884501,0.9921145522931522
15621140,0,-1.9046283662908257,2.399230047355916
15613518,1,1.6773758571203148,0.05091659934088419
15728043,1,0.8520087449061329,0.5418399758351367
15570073,0,-1.310389561439845,-1.3030828492936002
15777033,0,-2.1768398400855817,1.24718454738515
15682454,0,-3.2492492522155145,0.011054192910021328
15758513,0,-1.8763203196352616,2.007075890772838
15772604,1,0.2772181410543605,-3.6454133136053573
15721715,1,1.4347892831352855,1.6190647325323282
15688563,1,0.16589247001249982,-0.8035456797533383
15772009,0,-0.9179848427907856,0.837937501948022
15809585,0,-2.361063166759679,1.9930826772127077
15593778,0,-1.170766759336567,-1.5057416079548072
15655360,1,1.6668104012896439,1.222605172851983
15780909,1,1.8157493501333666,0.556105195034472
15757310,1,2.7206626386066253,0.8865496646827046
15801411,0,-1.6499826577686738,1.1046927361889738
15761706,1,1.1266140859379927,1.2931003345853949
15658409,1,-0.2801767200648198,-0.38245588831964333
15810010,1,0.41862578981647036,0.22977549261373137
15627027,0,-2.242738997387246,0.8007513903624085
15624374,0,-2.47597883799555,2.2665476937605806
15720083,0,-2.559545364292594,-2.402975420958971
15752294,1,-0.517923592323925,1.2143915265007639
15743193,1,0.8301481763725104,0.06893312679785636
15696733,0,-1.7949290780101061,0.5673109490848216
15677522,0,-3.483420847218277,-1.9177927003654929
15643523,0,-2.003375369581916,2.6235013024398084
15624936,1,1.4205698116869256,0.9124388093446095
15716085,0,0.2992773159250956,1.798543987602122
15641688,0,-1.39657654624926,0.9700346205720072
15796834,1,-0.17512615886468266,0.721797818680095
15720123,0,-1.6460663021104416,-0.4963987165294578
15604732,0,-0.8130727082922652,1.7689725658856865
15723484,1,1.0813200927385163,-2.4178618591382355
15807120,1,1.3223257213739874,-0.5823722800232649
15810891,1,-0.5316121953018939,-1.8183514923564297
15640407,1,-0.6827498441921698,-3.667522489651002
15778838,1,2.513113433640343,1.1395328329194625
15709256,0,-1.5059949358352964,1.6374489556913796
15742285,1,0.9295241262574094,1.5416145718429421
15729019,1,1.2230070263206179,1.1352341112367836
15608588,1,-0.18159015846906792,-0.981767526619889
15610557,1,0.0993741258376699,0.5583566218355195
15786418,0,-1.7752615961463436,0.9182329478888973
15653050,1,3.2387937137152614,3.6886425921355332
15744914,1,1.6895492763168274,-2.6485679792923316
15669611,1,0.10999599523493399,0.3902345035312601
15594786,1,1.4032821717631851,0.42555609835623587
15649211,1,1.609306698658127,1.2535773491779867
15766066,1,1.3277823577341135,-2.6781748250546076
15772216,1,0.36483973154180166,-1.6022234209776156
15619898,0,-2.9332917917342787,1.7950504916965022
15724543,0,-2.258060207817171,1.710375486392839
15755084,1,2.3366612168413536,0.3371819883561185
15730441,0,-2.7116852201796258,2.5257753891308083
15666767,1,0.4442418541430503,-2.113682442344059
15690456,1,1.5992638730610405,0.3277089109718416
15570533,1,1.9262907966141343,1.38387843006722
15797692,1,1.774611726766044,0.38034525514514295
15603135,1,1.6167216302960032,-0.3889996045379947
15698927,0,-2.261364766243545,1.916631968049019
15687363,1,0.909714351371367,-1.9524601239221797
15733444,0,-0.5160528280145895,1.541574603677059
15678057,1,1.6183418501057156,2.0628168949729844
15806918,0,-1.06573539440777,0.3843919095714337
15638247,0,-0.88398043404462,2.5111791841722315
15674833,0,-3.6032216669525408,-1.9565677894343263
15812534,0,-4.06465722231106,-3.1136323546319558
15586522,1,0.732263609996936,-1.3149675983035816
15794297,0,-3.4614089919930575,-2.0100632321932568
15737025,0,-3.1876665635512973,-3.5054344059732805
15615931,0,-1.6192308897269139,0.007974276385009806
15664860,0,-1.6886157722343544,-0.17946578435273158
15664539,1,1.553977084925671,1.5293820841873946
15583692,1,-0.6684870135192149,-1.6694344435849124
15693131,1,0.012141629100000748,-0.9775811914939307
15779973,1,1.22278945313785,-1.256004712191185
15620557,1,1.0387822436049299,-0.4556098913991558
15639549,1,1.127276753100401,-0.47597747260741197
15618750,1,1.249730588942805,0.9681151935955502
15796790,1,2.068150836652302,1.4867852062477223
15668309,1,0.7224742901949051,-2.8783643830181678
15732437,1,-0.5154285012316048,-3.7497901964418734
15665158,1,0.9577708522935385,-2.714883541995425
15689322,1,1.4704841893355356,-1.2461241299972554
15596624,0,-2.5735270226716023,1.823696701888454
15601977,1,0.940695790366443,-1.3184993580220539
15801462,1,-0.07726297880209378,0.8909086616191549
15566139,1,0.5319439434681154,0.30111016293805365
15791006,1,0.8863299483466354,0.42181173827423646
15668057,1,1.160584308847294,0.20298603847298352
15580805,0,-1.794807877198153,2.3244517706851657
15658768,0,-1.1557861918816839,-0.13672048814107274
15613048,1,0.6609116206323931,0.23919968309844192
15803654,1,1.632776775823813,-2.1201097990671873
15662337,1,-0.5883342913455641,-3.042394639321505
15650924,1,0.3647364567712437,-1.113234472938733
15647203,0,-0.40168560128874153,-0.42093166196943665
15682778,0,-1.9613527165568319,2.2431056877928404
15579820,1,2.2442845339400876,-0.03250848706171723
15709354,0,-2.8553030332422966,-0.7903892771293449
15728480,0,-1.6151794442474068,1.7132692271472514
15641091,1,1.7778900566118765,-0.4039653878833912
15603111,1,2.1818532054333835,3.860681623913675
15679693,0,-2.912102260776751,0.9514055217726146
15797190,1,2.4956454098292693,0.5105756835234461
15788025,0,-4.517814320219916,-2.0509100322001816
15646168,0,-2.166605027085319,0.7175574090067145
15580493,1,1.4640656370962033,-2.759002445350705
15726720,0,0.004103944999972075,1.4642158598775783
15735799,1,1.5004523826079128,-0.6508530005596724
15773098,0,-1.917380969946769,0.7625085493161493
15668971,1,-0.8511460130401809,-0.042435881359663294
15603221,1,0.4680159655920076,-0.36978729663817433
15740043,1,0.757352597147392,-0.19876619819382324
15712264,0,-1.5158253899416323,2.76489707647156
15751926,1,-0.8505992599302106,-0.7941605408901814
15589401,0,-2.1501803334981737,0.11509332538340945
15742019,0,-1.473344274052817,1.2493243067951898
15660611,0,-2.513020192861334,-0.21607535581558773
15607634,1,0.7088860154782214,1.5766380063427525
15595036,1,1.8462274139426056,0.19039743291810207
15745794,0,-2.9859177320632826,1.2750585048396759
15781689,0,-1.909015863067122,0.673819293630144
15696054,0,-1.3311585594251398,-0.5614483732747279
15752467,0,-2.9353614935751433,-0.1535101571538905
15597739,0,-0.6526794180870065,-0.22835838978988965
15651336,0,-1.6692701682767783,-0.0701203974221664
15636061,1,0.08739840002170089,0.6357676243363647
15723013,1,0.4290907863096775,0.03983218308575795
15784148,0,-0.13388239625351522,3.360778416181933
15578098,0,-1.9079554102671126,1.628198358430431
15638621,1,-0.37966805452034463,-1.78603099621
15720924,0,-2.4198771727833246,-1.2026659730059819
15566531,1,1.61349366564088,-0.91067491876689
15718064,0,-2.0361873342104944,-1.1809536082511802
15605067,0,-2.4113739262351017,1.7771837687863596
15655335,0,-3.492315662460543,-1.9821209782628741
15607301,1,1.3102861491790943,2.5285355151130817
15694628,1,1.5557363508867517,-1.2058787148562597
15607112,0,-2.4746138456813274,1.234576708317924
15635775,1,0.22585009954971963,-0.6243580779544262
15644280,1,1.5071977340930653,-0.16991107404376715
15708362,1,-0.11270330199273766,0.22672041798884757
15771997,1,0.9372771542621696,1.8645473785713844
15730579,1,2.8340328907068497,0.27680230175365017
15728005,1,1.4586420881881803,2.315218650235819
15791674,1,1.0909967952472492,1.4658479508139237
15754599,1,-0.04623081668092652,-0.5329210235095221
15693690,1,2.855632922542477,0.8269117322534334
15728963,1,3.4055715856406836,2.1614943256502737
15659710,1,0.42307079083947474,-0.7316335235180539
15658675,1,1.384472949411871,0.3069607131342217
15638788,1,1.938445949856448,0.46042815040044405
15609735,1,1.285236377617477,0.6249750194003382
15771477,1,2.6385662982534277,1.8679431364068453
15570145,0,-2.1287206968964245,-1.4253335403918346
15797149,1,0.008279270374483092,-0.7414608677817953
15636912,1,1.6930574309141435,-1.1740177712215392
15687828,1,0.4339638115829446,-0.07611727080349323
15667424,1,0.10304899854007131,0.9913458478972476
15759872,0,-1.1238668871175688,1.2999632988833982
15572374,0,-3.2099414546797522,-2.2089581455347833
15754926,0,-1.8790077744985774,0.9240714228271487
15687431,1,0.8766276366893817,1.058007294405663
15604515,1,1.3252995519148187,0.7416807404092084
15682839,1,1.9121982142101719,1.9021787588717016
15624677,1,0.19304719593358727,-1.087694388363639
15646366,1,1.2712576678700653,1.451972389793681
15701768,0,-1.9723125542960047,-0.6946755715261628
15623566,1,0.6783632518864083,1.9244082141602332
15681274,1,0.20266434662193947,-0.8009455876986666
15762573,0,-1.629165315790631,1.4189616562339908
15706458,1,0.15933787195270424,-0.7056846920229581
15654222,1,2.281055799215719,-1.7754098365238418
15704053,1,0.8660690354359583,-0.7989301773768454
15724321,1,3.1661577859741024,1.5179267117680888
15621815,1,1.7226242860994871,0.3699169123854317
15724876,1,0.1568546512262056,0.3512309747643815
15696588,0,-3.522086301760541,0.2060773276324156
15612832,1,2.1657178118206057,0.30385393504027003
15804295,1,-1.3851339233283373,-1.3438106504658525
15712536,0,-2.6678901526091874,-0.01618199087527483
15662494,1,2.3278326480002978,0.43947642755945393
15807728,0,-1.0773468848464312,-1.5221471935908415
15764916,1,1.6264243632983235,0.8953139774145741
15615330,0,-1.4430806496410225,1.6789717780756082
15638487,1,1.9814667909578412,-1.9876497938399686
15627859,1,2.101276711337988,0.02788504960415844
15622192,0,-2.400398327372573,-0.1411993270124715
15789413,0,-2.6904120291994276,0.635987298634091
15583221,1,-1.0919961177416704,0.18145236831957773
15768495,1,0.8487947888012675,0.48172558860367154
15644103,1,1.339104328388255,-0.6383796208453113
15741197,0,-2.2417307339499835,1.092182571034519
15664547,0,-0.817676519553175,1.8381764089625512
15797293,0,-1.6454462640868723,-0.870444762720013
15572021,1,0.19688088566155404,0.813863000210706
15637461,0,-1.7879111042019074,1.5445263079628988
15620577,0,-2.819282049704799,0.7693708445880006
15609643,1,0.8730741062178009,1.0163977304032656
15785358,1,1.3026035163838117,1.5676371330352799
15603883,0,-3.2928727349735403,0.681753737587789
15782550,1,1.124225052428075,-3.0489331837466644
15775761,1,1.0554449770577123,0.38082389215540235
15680201,1,-0.024266196343296045,-0.5268285599735218
15767594,0,-1.3080701291990022,1.5529872464088184
15591985,1,1.0148295533751681,1.9502485804403924
15789339,1,1.9452244451084022,-0.11999270938985131
15781530,0,-1.7855880741601213,1.0032150287911286
15705174,1,2.952290997447559,1.4132123995248087
15572114,1,-0.4102227826582993,-1.8925728051226636
15804009,1,1.1987375045050472,0.573208206037532
15662698,1,1.3281757537391903,0.8999862603770311
15696047,1,0.2916702322808026,0.6181689323871454
15701160,1,0.9599232741633761,-0.31017327581947807
15790093,0,-2.32559211019539,-1.2153585488590757
15632143,1,1.9157085279589687,-1.9478888405256878
15736778,0,-2.2183272163310974,-2.1949946823196242
15734917,1,0.6139497752150681,0.2128098879761648
15643903,1,1.7106777990183584,-2.991160495823448
15569526,1,1.2528742009742286,1.9604986572142553
15777067,1,0.9993339833805409,-0.8221291750738343
15795511,1,0.5584394461236991,-0.08849888824502945
15610419,1,0.10838900914954809,-0.7296437141562542
15644994,1,0.3517170260030287,-0.1604902453289962
15703707,1,3.2480919520225293,1.7558232530181659
15659327,1,1.622089652391058,0.3002342034896423
15771323,1,1.059924728399801,-0.0238798254329622
15750549,1,-1.8974193161764903,-2.9475552101113958
15698462,0,-2.2733638494481516,0.1865203148132111
15739692,0,-2.931323564758496,-2.01875610431073
15744041,1,1.717565506632513,-1.5442228816675203
15700714,0,-1.8909749507035047,1.0881869957230148
15777743,1,0.16615148986973924,-0.6095672836040613
15623143,0,-0.5708278525928088,2.290321915435571
15712568,1,2.6404923240632128,1.657945684957878
15617432,1,1.3457966539665704,1.6380501059407917
15650424,1,1.7932299874013824,-1.1016035641691941
15728829,1,2.025917556538219,-0.48468730869003723
15680430,1,0.38800366123320795,-0.3121588333536377
15687626,0,-1.4287354995488815,0.07238247507823163
15609187,1,1.1583489231582602,-0.8116348155556746
15609521,1,0.3858782079803836,-1.0196522854061831
15752626,1,1.0135029882412685,0.6220985698940472
15571756,0,-1.2804034915738907,0.6943479076143819
15814040,0,-2.754399225718798,-2.3774266644096858
15658211,0,-2.806065553560601,-0.868569300096289
15742091,1,1.1604600016186797,0.3801738904741946
15787168,1,2.0052401368900807,0.25057075620235075
15772363,1,0.4770797980206333,-2.5552902227994605
15659364,1,2.7867327758113736,-1.1830510272301729
15738980,0,-2.364657400489207,-0.781046777446977
15794236,1,1.0746609573072727,0.5395340748357916
15721383,0,-0.9404956498524006,2.5462537379577563
15652981,1,0.005104878058851545,-1.3403419811471013
15722731,1,0.6252455535142759,-2.5448369253145633
15640507,1,-1.3634866864736983,-1.362908519427341
15578878,1,0.5334807118801154,-1.0166465302863656
15744295,1,0.670517854067007,-2.265442906704936
15776558,1,-0.010433585569154049,-2.1620718321469647
15596136,1,1.9792688591558383,1.1402150378924347
15704597,1,1.9278079029075934,0.3066059476784633
15648272,1,0.6947904852389502,1.6390633043815865
15594915,0,-1.5920381233719836,1.874328879332532
15581115,1,1.543577386703685,1.7973588912829572
15763907,1,0.3629594228678855,-2.125879978684074
15705994,0,-0.5057569982846726,2.171501268170944
15772421,1,-0.37182280336512824,-2.086047921779316
15711572,1,1.4925828129757663,0.7169063330847334
15691170,1,1.5493050929041763,1.253993841338301
15600106,0,-2.4697543345923694,-2.3705247061416
15745431,0,-1.4414936335533197,1.1243491363158982
15649508,0,-0.6850553788909796,2.160911823714025
15812611,0,-2.289335017922072,0.5924024285499372
15619699,0,0.10282335518684588,0.9531625035266934
15813946,1,0.3920368310111568,-1.8840221625661375
15762762,1,1.7152905766893238,0.21047178517272047
15629793,1,2.2152498526151922,-0.18034649826334329
15781298,1,1.8652198820437906,-1.3142012129036258
15622658,1,1.056775635633059,-1.7420230681739508
15658980,1,1.4238610415056274,0.9781612998100401
15701936,1,1.6355187626599783,1.3827685364281166
15686917,0,-1.6687294774293222,0.21154838657131114
15807312,0,-2.37122894432613,0.7612621925861252
15574523,0,-3.8485870000282905,-1.9454195781308823
15724200,1,1.2166900686744861,-2.6263817186775875
15738224,1,1.7078652476228033,-0.035160933375112044
15593283,1,-0.5364813434326702,-3.204483331289893
15814690,1,0.6245246279567056,-0.8015852349741913
15807245,1,0.4749162463101967,-3.612214636955797
15799358,1,1.5637949943993987,0.572687480888077
15616172,0,-3.2521390338858813,-0.6603900235897433
15777958,0,-1.1542398803539315,2.590885965061205
15809124,1,1.136557125607927,-0.09362114057171907
15616367,1,1.7422762902831732,-2.6602779070239007
15687385,0,-1.5414355054317839,1.1643534718945303
15607877,0,-2.3488046221044447,1.7035960352385298
15736327,1,-1.6099475607317009,-2.7754888983049293
15746704,1,0.8171417739200262,0.8198987786609107
15778304,1,-0.8473009140936418,-2.367862390043644
15588456,1,2.2166036375529106,-0.5585891018653789
15664035,0,-1.4629757507909602,2.2408336087568657
15596405,1,0.40221775710539087,-0.047543623685225064
15815097,0,-0.8378432259548274,1.8865354502185463
15762708,1,0.9945284561201334,2.14400116651489
15776211,0,-2.081238662740586,0.9925389629588353
15626012,1,1.7819614491944353,-0.9650714398076198
15792077,1,1.1464084630847924,0.3237972774849917
15718765,1,1.8782034613680565,0.5219065031235267
15576615,1,2.422512600497106,1.57882644799451
15752650,1,1.6627602652312818,0.024992201086126736
15797502,1,0.2541959725539531,-1.6060114611327732
15687329,1,-1.0407649032661364,-3.118820981666506
15779423,1,-1.8939382426922429,-2.78241815884708
15619514,1,1.382894268406158,-0.9492603069549995
15615430,1,2.0082239579370236,-0.41747398655170465
15716431,1,1.5360332236335532,0.8970857958996564
15798341,0,-1.0324921463372294,2.11103754675981
15651958,0,-1.6794791828447322,1.2796826993590642
15726179,1,-0.4078338933162267,0.2526629293288038
15652999,1,0.14251657754865296,-2.306186913421199
15691950,0,-2.4827172292976263,0.2887049725504795
15632446,0,-1.1345251148115545,-0.4879745362220027
15620936,0,-3.289550377434143,0.5400702541026915
15587640,1,0.9893660359973292,-2.8028924930220707
15782231,0,-2.0813268400891927,1.3905017585710948
15580462,1,-0.39440699487306247,-1.906836981348335
15736371,1,-0.6698830854564146,-1.0842622769536063
15648032,0,-1.9402524068496163,-1.227935532366742
15610454,1,2.3182727420626152,0.737499531712262
15671358,0,-1.4155553512705843,0.2304996208742055
15747130,0,-2.5443656282628773,2.0696022646775805
15578374,1,2.108310832988859,0.43928136903550297
15572182,1,-1.015630326192579,-1.3889502627417818
15770041,1,2.3547871406819487,1.0099270964376232
15669414,1,2.143144740743097,2.294307666855108
15777054,1,1.0855336562896383,-0.7273088708877595
15621021,0,-3.800546967929361,-1.7516640702818533
15785490,1,0.11857942310064361,-0.24263318021547559
15577695,1,0.9242430739097397,-1.2983824690709584
15686974,0,-1.6295263116361973,1.0819933900831094
15574584,1,1.0350802431460036,0.9906428372768531
15719541,1,-0.6666520759084065,-1.7770108376545004
15646310,1,0.9804249681346432,0.5313805221502521
15697606,1,2.9944032634633926,0.35452844407799755
15711489,0,-1.768989231656684,-0.6086446566228084
15670427,1,1.6026218609591656,-0.6226463896579221
15731755,0,-0.30917635945762895,3.0218146204244265
15796370,1,2.099118844043182,-0.35476636669420775
15598331,1,2.133704153128324,1.4412767979696623
15704795,0,-2.1472390187581984,2.9980273903949577
15796764,1,-0.8014442922485825,-0.994036950498224
15589420,1,1.1448395564619218,-1.6907203101365578
15810563,0,-1.145173902057574,2.910135798367
15746569,0,-1.000601285731245,0.4952773354584662
15811594,1,1.7096069553739957,-1.6867766079147963
15645896,1,0.3746940494997975,0.31894398159885184
15802909,1,1.184871507831152,-0.5623696221821014
15797665,0,-1.3624573988967583,0.9263876305934678
15778959,0,-0.9857388613892054,2.4372179370547915
15722532,1,1.6230189963026815,1.6641742148451646
15784124,1,1.1124074603828635,-1.4412392385251416
15776518,1,2.512192138400672,-1.2268177534890072
15611247,0,-1.0136034816250206,2.007812250130896
15721469,1,2.851167691790895,1.080993851771514
15773338,1,0.3778505917774546,-0.8429683613594631
15784042,1,1.58215730510868,1.4159674936773434
15776229,1,1.138526079954442,-0.589817175237346
15655903,1,1.2343244677781358,0.09081260802913908
15590177,1,1.2085326069831817,-2.492100232794057
15568876,1,-0.12044926734706642,-3.5298989829694505
15813140,0,-1.6321302401645328,0.7169449996968649
15770516,1,1.7712481443991002,0.27986810627388925
15755731,1,2.2373411071929716,1.6222239161123009
15574480,1,1.8091191543397305,-2.8512202248266
15798084,0,-3.1842179481789583,-2.70042369789601
15673020,1,1.6406360100737898,-0.793624346998315
15643575,1,0.20455075405917766,-2.00865022110139
15596811,1,2.1132858770852447,0.8310095734672177
15786789,0,-1.609965815498035,0.5236000078540489
15578865,1,0.3922092094696371,0.7376641840526772
15605672,1,2.0287545040637065,-0.4994932997628579
15603674,0,-3.2224943966080843,-2.3373628761281267
15759915,1,2.026921763611672,-0.2668022514790475
15686219,1,-0.8701540282867635,-0.08980612989248798
15696388,1,0.2662230680272244,-0.1642768865482784
15713604,1,2.2532661808556402,0.8748954423819976
15647800,1,0.9837618483717663,0.406333528499105
15813451,1,0.5663139236526696,-0.13265250847817808
15765375,0,0.48012292714899923,2.112205330533629
15774586,1,2.3007961798853693,1.8074967566300837
15603454,1,1.0405623310319378,-0.9311395918117217
15653037,0,-2.277905385928949,-0.27039863760528027
15782475,0,-1.8761273953861448,2.218516942505687
15593496,1,1.310974857271183,0.0320079117508196
15808971,0,-1.2609735258729808,3.286953723279407
15791972,0,-2.197067270983011,1.1215178194406434
15676869,0,-1.4734432492520002,1.8139796974515507
15683007,1,1.6977663679472939,-0.7335864432723476
15659495,0,-2.707857829612143,-0.3653807912457623
15703923,1,1.6968378675722806,0.15431219519198375
15674000,0,-0.7554287077102081,2.8451377383637553
15618171,0,-1.5421298123081297,2.10169086438029
15732202,1,-1.7815222275941218,-2.9224664886006626
15735078,1,-1.4288271461734163,-2.6688253620222357
15798615,1,2.0777026428848826,1.9230416138397364
15638494,1,1.8534502430955342,1.78455855817257
15763874,0,-2.1739824430585353,2.5959826456084594
15696355,1,2.027790375200965,0.04692152743328995
15655952,0,-2.9418970576254413,-0.596174041117368
15739850,1,1.3966498877989968,0.6911881924649427
15611338,0,-3.119724898480731,0.35271066290595615
15707861,1,2.1088948529694105,2.2877751694236506
15672237,0,-1.7366357791494111,-1.528691812760881
15657771,0,-1.9253096884861132,1.6400100155316504
15677783,1,1.411639915713624,-0.5356479853201375
15681026,1,1.5076548340727178,1.128237330332378
15566543,0,-1.1642570300236106,2.6609821730878878
15594612,0,-0.26523544612987604,2.843208157307602
15814664,1,1.5768459875577416,-1.855343427674029
15642785,1,1.0846058938464052,-0.5270571217465726
15690164,1,1.8668548082830358,-0.8314424752033812
15590213,1,0.44289936030874066,-0.32804582623505746
15603794,1,1.7317678243294026,-0.010055450740165171
15733491,1,1.2842693069134055,1.0948002078617445
15806360,0,-0.7684367875853456,1.3642925914105757
15587133,1,1.5909371293423553,0.44248164606809937
15721377,1,2.583124929189413,-1.6065398667891602
15747927,1,2.489198471667141,-1.4665507662068833
15806455,0,-1.786446322601777,0.9431453837272885
15695474,1,1.2046851039736974,0.7032182212304534
15666295,1,0.24502664075352804,-3.385840255899486
15656062,1,1.5276242287843675,0.5186845444806711
15579969,0,-2.5665490139621774,2.4265973284610056
15703563,1,1.6338178785103294,1.1717550839522708
15692664,1,-0.37158893308144386,-1.4451709696324553
15719276,1,1.5283606034710495,0.2898891293896882
15672754,1,0.9653333783509743,-0.8528775596430804
15768163,1,2.3932217033168803,0.7704732751681642
15656710,0,-0.1875864561376378,0.2847287611185336
15696175,1,-0.37559238100625675,0.8139864129069451
15586914,1,0.8424129313109806,0.02213236981980099
15581736,1,-0.3824641053302012,-3.1456421220754955
15588839,1,0.4347447188414895,0.6556845180259062
15589329,0,-2.480600087245629,0.2668096566338705
15605622,0,-1.9860837107386367,-0.26303602520073455
15798964,1,-0.09775668649114234,-0.507096035227661
15769959,1,1.0642666966352983,0.16039544271876244
15657105,0,-0.5495448297722723,-0.9148163480010959
15569266,1,1.680777763511346,0.23504439763785628
15719294,0,-1.6322690324414375,-1.3956438081723168
15606229,0,-1.8542164919546351,0.8075942186272485
15569892,1,0.8898726510658171,1.9483079387005167
15584532,0,-1.2914462159362292,1.824851180101646
15682355,1,-0.24875506551696006,-0.9011238210397009
15628319,1,1.0972870869413172,-0.7188725192559162
