CustomerId,ChurnProbability,Feature,SHAPValue,AbsoluteSHAP,ImpactDirection,ImportanceRank
15684103,0.04962443698931396,num__Age,-1.3509469329954957,1.3509469329954957,Decreases Churn Risk,1
15684103,0.04962443698931396,num__NumOfProducts,-1.0192094028539247,1.0192094028539247,Decreases Churn Risk,2
15684103,0.04962443698931396,num__IsActiveMember,-0.2539949645961572,0.2539949645961572,Decreases Churn Risk,3
15684103,0.04962443698931396,cat__Geography_Germany,-0.20463094563496234,0.20463094563496234,Decreases Churn Risk,4
15684103,0.04962443698931396,cat__Geography_Spain,-0.19153965451814542,0.19153965451814542,Decreases Churn Risk,5
15684103,0.04962443698931396,num__HasBalance,-0.10132221406117944,0.10132221406117944,Decreases Churn Risk,6
15684103,0.04962443698931396,num__EngagementScore,-0.09730974105884634,0.09730974105884634,Decreases Churn Risk,7
15684103,0.04962443698931396,num__Balance,-0.0831385688614502,0.0831385688614502,Decreases Churn Risk,8
15684103,0.04962443698931396,num__CustomerValue,-0.05013702227706915,0.05013702227706915,Decreases Churn Risk,9
15684103,0.04962443698931396,num__ProductDensity,-0.038110036335929305,0.038110036335929305,Decreases Churn Risk,10
15728963,0.8673814589813661,num__Age,1.28070602618715,1.28070602618715,Increases Churn Risk,1
15728963,0.8673814589813661,num__Balance,-0.5458703236075821,0.5458703236075821,Decreases Churn Risk,2
15728963,0.8673814589813661,num__IsActiveMember,0.3278421042062045,0.3278421042062045,Increases Churn Risk,3
15728963,0.8673814589813661,num__EngagementScore,0.25271635900390466,0.25271635900390466,Increases Churn Risk,4
15728963,0.8673814589813661,num__NumOfProducts,0.21312209765322007,0.21312209765322007,Increases Churn Risk,5
15728963,0.8673814589813661,cat__Geography_Germany,0.21240796586390848,0.21240796586390848,Increases Churn Risk,6
15728963,0.8673814589813661,num__ProductDensity,-0.2000354686075963,0.2000354686075963,Decreases Churn Risk,7
15728963,0.8673814589813661,num__HasCrCard,-0.12519921313604548,0.12519921313604548,Decreases Churn Risk,8
15728963,0.8673814589813661,num__BalanceSalaryRatio,0.11858846605057968,0.11858846605057968,Increases Churn Risk,9
15728963,0.8673814589813661,cat__Geography_Spain,-0.10812072546461805,0.10812072546461805,Decreases Churn Risk,10
15756804,0.8733258668577759,num__Age,1.1992463337162813,1.1992463337162813,Increases Churn Risk,1
15756804,0.8733258668577759,num__IsActiveMember,0.2533162816896466,0.2533162816896466,Increases Churn Risk,2
15756804,0.8733258668577759,num__EngagementScore,0.22403259524460226,0.22403259524460226,Increases Churn Risk,3
15756804,0.8733258668577759,cat__Geography_Germany,-0.22398672024545946,0.22398672024545946,Decreases Churn Risk,4
15756804,0.8733258668577759,num__NumOfProducts,0.1492431045492908,0.1492431045492908,Increases Churn Risk,5
15756804,0.8733258668577759,num__AgeTenureInteraction,0.13210018860508702,0.13210018860508702,Increases Churn Risk,6
15756804,0.8733258668577759,cat__Geography_Spain,-0.12834642003665903,0.12834642003665903,Decreases Churn Risk,7
15756804,0.8733258668577759,num__ProductDensity,-0.08425355297582277,0.08425355297582277,Decreases Churn Risk,8
15756804,0.8733258668577759,cat__Gender_Male,-0.06795008282928627,0.06795008282928627,Decreases Churn Risk,9
15756804,0.8733258668577759,num__CustomerValue,0.05978933588799968,0.05978933588799968,Increases Churn Risk,10
15771728,0.8443142244247608,num__NumOfProducts,2.3887890933770626,2.3887890933770626,Increases Churn Risk,1
15771728,0.8443142244247608,num__CustomerValue,-0.48234299127407,0.48234299127407,Decreases Churn Risk,2
15771728,0.8443142244247608,cat__Gender_Male,-0.4817302729484728,0.4817302729484728,Decreases Churn Risk,3
15771728,0.8443142244247608,num__Tenure,-0.34670114094487375,0.34670114094487375,Decreases Churn Risk,4
15771728,0.8443142244247608,num__Age,-0.3142640561184912,0.3142640561184912,Decreases Churn Risk,5
15771728,0.8443142244247608,num__BalanceSalaryRatio,0.2167251997222346,0.2167251997222346,Increases Churn Risk,6
15771728,0.8443142244247608,num__IsActiveMember,0.1845323055549068,0.1845323055549068,Increases Churn Risk,7
15771728,0.8443142244247608,cat__Geography_Germany,0.18077740388952576,0.18077740388952576,Increases Churn Risk,8
15771728,0.8443142244247608,num__Balance,0.14888834434415052,0.14888834434415052,Increases Churn Risk,9
15771728,0.8443142244247608,cat__Geography_Spain,-0.13190065621183522,0.13190065621183522,Decreases Churn Risk,10
15708139,0.4130813115844124,cat__Geography_Germany,-0.5117687717277629,0.5117687717277629,Decreases Churn Risk,1
15708139,0.4130813115844124,num__AgeTenureInteraction,-0.23139268006188105,0.23139268006188105,Decreases Churn Risk,2
15708139,0.4130813115844124,num__IsActiveMember,0.19747426435530696,0.19747426435530696,Increases Churn Risk,3
15708139,0.4130813115844124,num__NumOfProducts,0.19164289209272523,0.19164289209272523,Increases Churn Risk,4
15708139,0.4130813115844124,num__Age,-0.18124893539195472,0.18124893539195472,Decreases Churn Risk,5
15708139,0.4130813115844124,cat__Geography_Spain,-0.17344496805846182,0.17344496805846182,Decreases Churn Risk,6
15708139,0.4130813115844124,num__EngagementScore,0.11804191326806844,0.11804191326806844,Increases Churn Risk,7
15708139,0.4130813115844124,num__ProductDensity,-0.11289909255691466,0.11289909255691466,Decreases Churn Risk,8
15708139,0.4130813115844124,cat__Gender_Male,-0.10223502413443657,0.10223502413443657,Decreases Churn Risk,9
15708139,0.4130813115844124,num__EstimatedSalary,0.06872467921577094,0.06872467921577094,Increases Churn Risk,10
15680597,0.35545814478968624,cat__Geography_Germany,0.626440046852643,0.626440046852643,Increases Churn Risk,1
15680597,0.35545814478968624,cat__Gender_Male,-0.6063946872627712,0.6063946872627712,Decreases Churn Risk,2
15680597,0.35545814478968624,num__NumOfProducts,0.37735139583964605,0.37735139583964605,Increases Churn Risk,3
15680597,0.35545814478968624,num__Age,-0.3323094290165541,0.3323094290165541,Decreases Churn Risk,4
15680597,0.35545814478968624,num__IsActiveMember,-0.27948068662757986,0.27948068662757986,Decreases Churn Risk,5
15680597,0.35545814478968624,num__CreditScore,-0.24680271520107322,0.24680271520107322,Decreases Churn Risk,6
15680597,0.35545814478968624,num__AgeTenureInteraction,-0.21235564659775485,0.21235564659775485,Decreases Churn Risk,7
15680597,0.35545814478968624,num__ProductDensity,-0.1509355408821774,0.1509355408821774,Decreases Churn Risk,8
15680597,0.35545814478968624,num__EngagementScore,-0.14025700750709422,0.14025700750709422,Decreases Churn Risk,9
15680597,0.35545814478968624,cat__Geography_Spain,-0.12776417684950173,0.12776417684950173,Decreases Churn Risk,10
15770309,0.024748379996625627,num__Age,-1.412282943788594,1.412282943788594,Decreases Churn Risk,1
15770309,0.024748379996625627,cat__Gender_Male,-0.599653460890164,0.599653460890164,Decreases Churn Risk,2
15770309,0.024748379996625627,num__ProductDensity,-0.5358237631058855,0.5358237631058855,Decreases Churn Risk,3
15770309,0.024748379996625627,cat__Geography_Germany,-0.45708045217168836,0.45708045217168836,Decreases Churn Risk,4
15770309,0.024748379996625627,num__Tenure,-0.33674799207315853,0.33674799207315853,Decreases Churn Risk,5
15770309,0.024748379996625627,num__Balance,-0.28199742293879093,0.28199742293879093,Decreases Churn Risk,6
15770309,0.024748379996625627,num__IsActiveMember,-0.26363111589436206,0.26363111589436206,Decreases Churn Risk,7
15770309,0.024748379996625627,cat__Geography_Spain,-0.18993313667890327,0.18993313667890327,Decreases Churn Risk,8
15770309,0.024748379996625627,num__EngagementScore,0.16037580276185867,0.16037580276185867,Increases Churn Risk,9
15770309,0.024748379996625627,num__NumOfProducts,0.15639515878987295,0.15639515878987295,Increases Churn Risk,10
15568885,0.5472853634112453,num__Age,-1.1760475028490003,1.1760475028490003,Decreases Churn Risk,1
15568885,0.5472853634112453,cat__Geography_Germany,0.5652079319347816,0.5652079319347816,Increases Churn Risk,2
15568885,0.5472853634112453,num__NumOfProducts,0.38876381005273664,0.38876381005273664,Increases Churn Risk,3
15568885,0.5472853634112453,num__IsActiveMember,0.22975006363705522,0.22975006363705522,Increases Churn Risk,4
15568885,0.5472853634112453,num__ProductDensity,-0.1684620924179887,0.1684620924179887,Decreases Churn Risk,5
15568885,0.5472853634112453,num__Tenure,-0.1592729411723843,0.1592729411723843,Decreases Churn Risk,6
15568885,0.5472853634112453,cat__Geography_Spain,-0.1457642049456082,0.1457642049456082,Decreases Churn Risk,7
15568885,0.5472853634112453,num__EngagementScore,0.09811365273471649,0.09811365273471649,Increases Churn Risk,8
15568885,0.5472853634112453,num__Balance,0.0780103220054176,0.0780103220054176,Increases Churn Risk,9
15568885,0.5472853634112453,cat__Gender_Male,-0.06942885534725794,0.06942885534725794,Decreases Churn Risk,10
15799600,0.8750221988362846,num__Age,1.2322084252113696,1.2322084252113696,Increases Churn Risk,1
15799600,0.8750221988362846,cat__Geography_Germany,0.5105668977563973,0.5105668977563973,Increases Churn Risk,2
15799600,0.8750221988362846,cat__Gender_Male,-0.4826559574480576,0.4826559574480576,Decreases Churn Risk,3
15799600,0.8750221988362846,num__IsActiveMember,-0.3163366867393374,0.3163366867393374,Decreases Churn Risk,4
15799600,0.8750221988362846,num__NumOfProducts,0.28493073125004265,0.28493073125004265,Increases Churn Risk,5
15799600,0.8750221988362846,num__EngagementScore,0.14496699770913954,0.14496699770913954,Increases Churn Risk,6
15799600,0.8750221988362846,num__Balance,0.14178633663105183,0.14178633663105183,Increases Churn Risk,7
15799600,0.8750221988362846,num__AgeTenureInteraction,0.10514350034735716,0.10514350034735716,Increases Churn Risk,8
15799600,0.8750221988362846,num__ProductDensity,-0.10262409660156444,0.10262409660156444,Decreases Churn Risk,9
15799600,0.8750221988362846,cat__Geography_Spain,-0.09577687833343106,0.09577687833343106,Decreases Churn Risk,10
15802466,0.15307380206325913,num__NumOfProducts,-1.318142765595046,1.318142765595046,Decreases Churn Risk,1
15802466,0.15307380206325913,num__Age,1.254709989710596,1.254709989710596,Increases Churn Risk,2
15802466,0.15307380206325913,num__IsActiveMember,-0.4612704709027782,0.4612704709027782,Decreases Churn Risk,3
15802466,0.15307380206325913,num__EngagementScore,-0.3564540656689922,0.3564540656689922,Decreases Churn Risk,4
15802466,0.15307380206325913,num__Tenure,-0.32188196233047056,0.32188196233047056,Decreases Churn Risk,5
15802466,0.15307380206325913,cat__Geography_Germany,-0.248522202530889,0.248522202530889,Decreases Churn Risk,6
15802466,0.15307380206325913,num__HasBalance,-0.16103498512569173,0.16103498512569173,Decreases Churn Risk,7
15802466,0.15307380206325913,cat__Geography_Spain,-0.1446560406400677,0.1446560406400677,Decreases Churn Risk,8
15802466,0.15307380206325913,num__ProductDensity,-0.09209035525380478,0.09209035525380478,Decreases Churn Risk,9
15802466,0.15307380206325913,num__CustomerValue,-0.08437632644848017,0.08437632644848017,Decreases Churn Risk,10
15754849,0.10365176837486136,num__Age,-1.1891601650576005,1.1891601650576005,Decreases Churn Risk,1
15754849,0.10365176837486136,num__NumOfProducts,-1.0966362932370008,1.0966362932370008,Decreases Churn Risk,2
15754849,0.10365176837486136,cat__Geography_Germany,0.31501407441154794,0.31501407441154794,Increases Churn Risk,3
15754849,0.10365176837486136,num__IsActiveMember,-0.27409257243190355,0.27409257243190355,Decreases Churn Risk,4
15754849,0.10365176837486136,num__Balance,0.1836513247329929,0.1836513247329929,Increases Churn Risk,5
15754849,0.10365176837486136,num__CreditScore,-0.1793463552219515,0.1793463552219515,Decreases Churn Risk,6
15754849,0.10365176837486136,cat__Geography_Spain,-0.14656501095885666,0.14656501095885666,Decreases Churn Risk,7
15754849,0.10365176837486136,num__ProductDensity,-0.11077054376705239,0.11077054376705239,Decreases Churn Risk,8
15754849,0.10365176837486136,num__EngagementScore,-0.0945560208656241,0.0945560208656241,Decreases Churn Risk,9
15754849,0.10365176837486136,num__BalanceSalaryRatio,0.06700669794108384,0.06700669794108384,Increases Churn Risk,10
15689661,0.017240171996015415,num__Age,-1.2699467812882304,1.2699467812882304,Decreases Churn Risk,1
15689661,0.017240171996015415,num__NumOfProducts,-1.116306035195315,1.116306035195315,Decreases Churn Risk,2
15689661,0.017240171996015415,cat__Gender_Male,-0.6473857424721415,0.6473857424721415,Decreases Churn Risk,3
15689661,0.017240171996015415,num__Tenure,-0.32028665702834613,0.32028665702834613,Decreases Churn Risk,4
15689661,0.017240171996015415,cat__Geography_Germany,-0.231747953229205,0.231747953229205,Decreases Churn Risk,5
15689661,0.017240171996015415,cat__Geography_Spain,-0.19952678492254042,0.19952678492254042,Decreases Churn Risk,6
15689661,0.017240171996015415,num__IsActiveMember,-0.16823026953567982,0.16823026953567982,Decreases Churn Risk,7
15689661,0.017240171996015415,num__EngagementScore,-0.13804638618943255,0.13804638618943255,Decreases Churn Risk,8
15689661,0.017240171996015415,num__HasBalance,-0.13030917864040684,0.13030917864040684,Decreases Churn Risk,9
15689661,0.017240171996015415,num__Balance,-0.0911936512381607,0.0911936512381607,Decreases Churn Risk,10
15691513,0.8605086591073023,num__NumOfProducts,2.757749861939384,2.757749861939384,Increases Churn Risk,1
15691513,0.8605086591073023,num__Age,0.9796308404361556,0.9796308404361556,Increases Churn Risk,2
15691513,0.8605086591073023,num__IsActiveMember,-0.7871292541614802,0.7871292541614802,Decreases Churn Risk,3
15691513,0.8605086591073023,cat__Gender_Male,-0.5268492227585623,0.5268492227585623,Decreases Churn Risk,4
15691513,0.8605086591073023,num__Tenure,-0.25140917751755615,0.25140917751755615,Decreases Churn Risk,5
15691513,0.8605086591073023,cat__Geography_Germany,-0.20761639691737996,0.20761639691737996,Decreases Churn Risk,6
15691513,0.8605086591073023,num__CustomerValue,-0.19086056023635647,0.19086056023635647,Decreases Churn Risk,7
15691513,0.8605086591073023,cat__Geography_Spain,-0.13353400445265742,0.13353400445265742,Decreases Churn Risk,8
15691513,0.8605086591073023,num__EngagementScore,-0.06824170826505815,0.06824170826505815,Decreases Churn Risk,9
15691513,0.8605086591073023,num__BalanceSalaryRatio,-0.059655950310116834,0.059655950310116834,Decreases Churn Risk,10
15607312,0.27849762051992766,num__NumOfProducts,-1.1367541816781976,1.1367541816781976,Decreases Churn Risk,1
15607312,0.27849762051992766,num__Age,0.9707830187439884,0.9707830187439884,Increases Churn Risk,2
15607312,0.27849762051992766,cat__Geography_Spain,-0.3683104542719363,0.3683104542719363,Decreases Churn Risk,3
15607312,0.27849762051992766,num__EngagementScore,-0.3208637064691399,0.3208637064691399,Decreases Churn Risk,4
15607312,0.27849762051992766,num__IsActiveMember,-0.31301263335963514,0.31301263335963514,Decreases Churn Risk,5
15607312,0.27849762051992766,cat__Geography_Germany,-0.24493007398029903,0.24493007398029903,Decreases Churn Risk,6
15607312,0.27849762051992766,num__EstimatedSalary,0.1454231673867449,0.1454231673867449,Increases Churn Risk,7
15607312,0.27849762051992766,num__HasBalance,-0.13204802054646436,0.13204802054646436,Decreases Churn Risk,8
15607312,0.27849762051992766,cat__Gender_Male,0.12250549142737126,0.12250549142737126,Increases Churn Risk,9
15607312,0.27849762051992766,num__CreditScore,0.08273167935353193,0.08273167935353193,Increases Churn Risk,10
15635776,0.3089450189280149,num__NumOfProducts,-1.0350729990555634,1.0350729990555634,Decreases Churn Risk,1
15635776,0.3089450189280149,num__Age,0.49953361491918025,0.49953361491918025,Increases Churn Risk,2
15635776,0.3089450189280149,num__Tenure,-0.35821562605387924,0.35821562605387924,Decreases Churn Risk,3
15635776,0.3089450189280149,num__IsActiveMember,-0.2708758762414634,0.2708758762414634,Decreases Churn Risk,4
15635776,0.3089450189280149,num__Balance,-0.2689846401233753,0.2689846401233753,Decreases Churn Risk,5
15635776,0.3089450189280149,num__EstimatedSalary,0.18417910288743977,0.18417910288743977,Increases Churn Risk,6
15635776,0.3089450189280149,num__EngagementScore,-0.1496586059472638,0.1496586059472638,Decreases Churn Risk,7
15635776,0.3089450189280149,cat__Geography_Spain,-0.14156442891648158,0.14156442891648158,Decreases Churn Risk,8
15635776,0.3089450189280149,cat__Geography_Germany,0.1415622928360308,0.1415622928360308,Increases Churn Risk,9
15635776,0.3089450189280149,num__BalanceSalaryRatio,0.10464503472969151,0.10464503472969151,Increases Churn Risk,10
15622911,0.2392378936068962,cat__Gender_Male,-0.6207853978341631,0.6207853978341631,Decreases Churn Risk,1
15622911,0.2392378936068962,cat__Geography_Germany,-0.5580335536753029,0.5580335536753029,Decreases Churn Risk,2
15622911,0.2392378936068962,num__IsActiveMember,-0.26112102719127367,0.26112102719127367,Decreases Churn Risk,3
15622911,0.2392378936068962,num__EngagementScore,0.248100095535449,0.248100095535449,Increases Churn Risk,4
15622911,0.2392378936068962,num__ProductDensity,-0.24711406199548638,0.24711406199548638,Decreases Churn Risk,5
15622911,0.2392378936068962,cat__Geography_Spain,-0.14110489630139136,0.14110489630139136,Decreases Churn Risk,6
15622911,0.2392378936068962,num__NumOfProducts,0.11777022895069231,0.11777022895069231,Increases Churn Risk,7
15622911,0.2392378936068962,num__Age,0.09572395059640165,0.09572395059640165,Increases Churn Risk,8
15622911,0.2392378936068962,num__HasCrCard,-0.09267507098367807,0.09267507098367807,Decreases Churn Risk,9
15622911,0.2392378936068962,num__Balance,-0.04062756174283975,0.04062756174283975,Decreases Churn Risk,10
15766185,0.1423018776850455,num__Age,-1.0432912660358473,1.0432912660358473,Decreases Churn Risk,1
15766185,0.1423018776850455,num__CreditScore,-0.5444670094929581,0.5444670094929581,Decreases Churn Risk,2
15766185,0.1423018776850455,cat__Geography_Germany,0.5023774570141799,0.5023774570141799,Increases Churn Risk,3
15766185,0.1423018776850455,num__NumOfProducts,0.4405583995796372,0.4405583995796372,Increases Churn Risk,4
15766185,0.1423018776850455,cat__Gender_Male,-0.4322270859437035,0.4322270859437035,Decreases Churn Risk,5
15766185,0.1423018776850455,num__IsActiveMember,-0.3217242708304014,0.3217242708304014,Decreases Churn Risk,6
15766185,0.1423018776850455,num__ProductDensity,-0.2834850714719488,0.2834850714719488,Decreases Churn Risk,7
15766185,0.1423018776850455,num__Balance,-0.15685981426704027,0.15685981426704027,Decreases Churn Risk,8
15766185,0.1423018776850455,num__EngagementScore,-0.15120102580130607,0.15120102580130607,Decreases Churn Risk,9
15766185,0.1423018776850455,cat__Geography_Spain,-0.14732368165863435,0.14732368165863435,Decreases Churn Risk,10
15647266,0.532948874114101,num__Age,0.628757296031929,0.628757296031929,Increases Churn Risk,1
15647266,0.532948874114101,cat__Geography_Germany,-0.5738727338143482,0.5738727338143482,Decreases Churn Risk,2
15647266,0.532948874114101,cat__Geography_Spain,-0.42865380779519896,0.42865380779519896,Decreases Churn Risk,3
15647266,0.532948874114101,num__IsActiveMember,0.3612687027128542,0.3612687027128542,Increases Churn Risk,4
15647266,0.532948874114101,num__ProductDensity,-0.35574467279559235,0.35574467279559235,Decreases Churn Risk,5
15647266,0.532948874114101,num__EngagementScore,0.18708427466795502,0.18708427466795502,Increases Churn Risk,6
15647266,0.532948874114101,num__BalanceSalaryRatio,0.13629192112707686,0.13629192112707686,Increases Churn Risk,7
15647266,0.532948874114101,num__Balance,-0.09487349546481798,0.09487349546481798,Decreases Churn Risk,8
15647266,0.532948874114101,num__NumOfProducts,0.09280130044228159,0.09280130044228159,Increases Churn Risk,9
15647266,0.532948874114101,num__Tenure,-0.09120064061222125,0.09120064061222125,Decreases Churn Risk,10
15608956,0.11147314756076646,num__Age,-1.3811524236714343,1.3811524236714343,Decreases Churn Risk,1
15608956,0.11147314756076646,cat__Gender_Male,-0.5849756290121105,0.5849756290121105,Decreases Churn Risk,2
15608956,0.11147314756076646,num__AgeTenureInteraction,-0.5205923980938464,0.5205923980938464,Decreases Churn Risk,3
15608956,0.11147314756076646,num__NumOfProducts,0.47136628451947127,0.47136628451947127,Increases Churn Risk,4
15608956,0.11147314756076646,cat__Geography_Germany,-0.3483379135192849,0.3483379135192849,Decreases Churn Risk,5
15608956,0.11147314756076646,cat__Geography_Spain,-0.24108476695550743,0.24108476695550743,Decreases Churn Risk,6
15608956,0.11147314756076646,num__Balance,0.19784265222512024,0.19784265222512024,Increases Churn Risk,7
15608956,0.11147314756076646,num__EngagementScore,0.1686745434343405,0.1686745434343405,Increases Churn Risk,8
15608956,0.11147314756076646,num__IsActiveMember,0.14542259670954039,0.14542259670954039,Increases Churn Risk,9
15608956,0.11147314756076646,num__HasCrCard,-0.1441386355361921,0.1441386355361921,Decreases Churn Risk,10
15616431,0.18932952428899966,num__Age,-1.1836035638861726,1.1836035638861726,Decreases Churn Risk,1
15616431,0.18932952428899966,cat__Gender_Male,-0.5766144719497809,0.5766144719497809,Decreases Churn Risk,2
15616431,0.18932952428899966,num__NumOfProducts,0.4716370768190307,0.4716370768190307,Increases Churn Risk,3
15616431,0.18932952428899966,cat__Geography_Germany,-0.3224062814936605,0.3224062814936605,Decreases Churn Risk,4
15616431,0.18932952428899966,num__Balance,0.25398781481839494,0.25398781481839494,Increases Churn Risk,5
15616431,0.18932952428899966,num__ProductDensity,-0.19896965673481382,0.19896965673481382,Decreases Churn Risk,6
15616431,0.18932952428899966,num__IsActiveMember,-0.18936630704019075,0.18936630704019075,Decreases Churn Risk,7
15616431,0.18932952428899966,cat__Geography_Spain,-0.18100857028248585,0.18100857028248585,Decreases Churn Risk,8
15616431,0.18932952428899966,num__EngagementScore,0.16183844479887213,0.16183844479887213,Increases Churn Risk,9
15616431,0.18932952428899966,num__BalanceSalaryRatio,0.093312244188482,0.093312244188482,Increases Churn Risk,10
15584453,0.027684222179616875,num__NumOfProducts,-1.0858986039293386,1.0858986039293386,Decreases Churn Risk,1
15584453,0.027684222179616875,num__Age,-1.018731738596614,1.018731738596614,Decreases Churn Risk,2
15584453,0.027684222179616875,cat__Gender_Male,-0.7405264340904961,0.7405264340904961,Decreases Churn Risk,3
15584453,0.027684222179616875,num__IsActiveMember,-0.24760531805889208,0.24760531805889208,Decreases Churn Risk,4
15584453,0.027684222179616875,cat__Geography_Germany,-0.22870539028774511,0.22870539028774511,Decreases Churn Risk,5
15584453,0.027684222179616875,cat__Geography_Spain,-0.21428347926197153,0.21428347926197153,Decreases Churn Risk,6
15584453,0.027684222179616875,num__EngagementScore,-0.13700105557013975,0.13700105557013975,Decreases Churn Risk,7
15584453,0.027684222179616875,num__Tenure,-0.10778176492933161,0.10778176492933161,Decreases Churn Risk,8
15584453,0.027684222179616875,num__HasBalance,-0.10132221406117944,0.10132221406117944,Decreases Churn Risk,9
15584453,0.027684222179616875,num__EstimatedSalary,0.09206138242214658,0.09206138242214658,Increases Churn Risk,10
15702442,0.5192862499337048,num__Age,1.5151732373944917,1.5151732373944917,Increases Churn Risk,1
15702442,0.5192862499337048,num__NumOfProducts,-1.0473454079017233,1.0473454079017233,Decreases Churn Risk,2
15702442,0.5192862499337048,num__IsActiveMember,-0.5812656858120955,0.5812656858120955,Decreases Churn Risk,3
15702442,0.5192862499337048,cat__Geography_Germany,0.3245469077766827,0.3245469077766827,Increases Churn Risk,4
15702442,0.5192862499337048,num__EngagementScore,-0.2477016890864265,0.2477016890864265,Decreases Churn Risk,5
15702442,0.5192862499337048,num__Tenure,-0.22050817473698958,0.22050817473698958,Decreases Churn Risk,6
15702442,0.5192862499337048,num__Balance,0.13077699160914355,0.13077699160914355,Increases Churn Risk,7
15702442,0.5192862499337048,cat__Geography_Spain,-0.12466541251081198,0.12466541251081198,Decreases Churn Risk,8
15702442,0.5192862499337048,num__BalanceSalaryRatio,0.09660506971800402,0.09660506971800402,Increases Churn Risk,9
15702442,0.5192862499337048,num__ProductDensity,-0.07863484573659,0.07863484573659,Decreases Churn Risk,10
15705765,0.19399209683501345,num__NumOfProducts,-1.1753671823390448,1.1753671823390448,Decreases Churn Risk,1
15705765,0.19399209683501345,num__Age,0.3857443613614632,0.3857443613614632,Increases Churn Risk,2
15705765,0.19399209683501345,cat__Geography_Germany,-0.28041387881164104,0.28041387881164104,Decreases Churn Risk,3
15705765,0.19399209683501345,cat__Geography_Spain,-0.2554832393294144,0.2554832393294144,Decreases Churn Risk,4
15705765,0.19399209683501345,num__EngagementScore,-0.2224528592102257,0.2224528592102257,Decreases Churn Risk,5
15705765,0.19399209683501345,num__IsActiveMember,0.17792526926373609,0.17792526926373609,Increases Churn Risk,6
15705765,0.19399209683501345,num__HasBalance,-0.16103498512569173,0.16103498512569173,Decreases Churn Risk,7
15705765,0.19399209683501345,num__BalanceSalaryRatio,-0.10660624348438189,0.10660624348438189,Decreases Churn Risk,8
15705765,0.19399209683501345,num__ProductDensity,-0.09344116251462473,0.09344116251462473,Decreases Churn Risk,9
15705765,0.19399209683501345,num__CustomerValue,-0.08695565848464913,0.08695565848464913,Decreases Churn Risk,10
15624343,0.5945322398963825,num__Age,1.1321261714671917,1.1321261714671917,Increases Churn Risk,1
15624343,0.5945322398963825,cat__Geography_Germany,-0.4568661667904599,0.4568661667904599,Decreases Churn Risk,2
15624343,0.5945322398963825,cat__Geography_Spain,-0.37355728959598544,0.37355728959598544,Decreases Churn Risk,3
15624343,0.5945322398963825,num__Tenure,-0.2949589193015716,0.2949589193015716,Decreases Churn Risk,4
15624343,0.5945322398963825,num__IsActiveMember,0.2717210658149271,0.2717210658149271,Increases Churn Risk,5
15624343,0.5945322398963825,num__EngagementScore,0.21960738508363653,0.21960738508363653,Increases Churn Risk,6
15624343,0.5945322398963825,num__ProductDensity,-0.20939549117428755,0.20939549117428755,Decreases Churn Risk,7
15624343,0.5945322398963825,num__EstimatedSalary,-0.16371793887910877,0.16371793887910877,Decreases Churn Risk,8
15624343,0.5945322398963825,num__HasCrCard,-0.15613523848050542,0.15613523848050542,Decreases Churn Risk,9
15624343,0.5945322398963825,num__NumOfProducts,0.08681182266703316,0.08681182266703316,Increases Churn Risk,10
15715941,0.08585448855882105,num__Age,1.3904510928887701,1.3904510928887701,Increases Churn Risk,1
15715941,0.08585448855882105,num__NumOfProducts,-1.3548439237071928,1.3548439237071928,Decreases Churn Risk,2
15715941,0.08585448855882105,num__IsActiveMember,-0.6634041258339098,0.6634041258339098,Decreases Churn Risk,3
15715941,0.08585448855882105,cat__Gender_Male,-0.6188772924232149,0.6188772924232149,Decreases Churn Risk,4
15715941,0.08585448855882105,num__Tenure,-0.3567559378732781,0.3567559378732781,Decreases Churn Risk,5
15715941,0.08585448855882105,num__EngagementScore,-0.34412219256437643,0.34412219256437643,Decreases Churn Risk,6
15715941,0.08585448855882105,cat__Geography_Germany,-0.30411603941145304,0.30411603941145304,Decreases Churn Risk,7
15715941,0.08585448855882105,num__HasBalance,-0.16103498512569173,0.16103498512569173,Decreases Churn Risk,8
15715941,0.08585448855882105,cat__Geography_Spain,-0.14426769049726026,0.14426769049726026,Decreases Churn Risk,9
15715941,0.08585448855882105,num__CustomerValue,-0.09130594629213999,0.09130594629213999,Decreases Churn Risk,10
15773260,0.10113585130529715,num__Age,-1.432855814003005,1.432855814003005,Decreases Churn Risk,1
15773260,0.10113585130529715,num__AgeTenureInteraction,-0.7074122793933562,0.7074122793933562,Decreases Churn Risk,2
15773260,0.10113585130529715,cat__Geography_Germany,-0.5353149741752298,0.5353149741752298,Decreases Churn Risk,3
15773260,0.10113585130529715,num__Tenure,0.2740822822759476,0.2740822822759476,Increases Churn Risk,4
15773260,0.10113585130529715,cat__Geography_Spain,-0.24546385884828895,0.24546385884828895,Decreases Churn Risk,5
15773260,0.10113585130529715,num__IsActiveMember,0.23024514290398687,0.23024514290398687,Increases Churn Risk,6
15773260,0.10113585130529715,num__BalanceSalaryRatio,-0.1116131608016695,0.1116131608016695,Decreases Churn Risk,7
15773260,0.10113585130529715,num__ProductDensity,-0.11003622407887424,0.11003622407887424,Decreases Churn Risk,8
15773260,0.10113585130529715,num__EngagementScore,0.09405867742888072,0.09405867742888072,Increases Churn Risk,9
15773260,0.10113585130529715,num__NumOfProducts,0.09155634172760536,0.09155634172760536,Increases Churn Risk,10
15572792,0.07978603452275969,num__Age,-0.7894530481334977,0.7894530481334977,Decreases Churn Risk,1
15572792,0.07978603452275969,cat__Gender_Male,-0.6089236068558977,0.6089236068558977,Decreases Churn Risk,2
15572792,0.07978603452275969,cat__Geography_Germany,-0.5496744934870786,0.5496744934870786,Decreases Churn Risk,3
15572792,0.07978603452275969,num__IsActiveMember,-0.3112269749665456,0.3112269749665456,Decreases Churn Risk,4
15572792,0.07978603452275969,cat__Geography_Spain,-0.25712340763866703,0.25712340763866703,Decreases Churn Risk,5
15572792,0.07978603452275969,num__ProductDensity,-0.2208236412233641,0.2208236412233641,Decreases Churn Risk,6
15572792,0.07978603452275969,num__Tenure,-0.15169577126230954,0.15169577126230954,Decreases Churn Risk,7
15572792,0.07978603452275969,num__EngagementScore,-0.1447702424547468,0.1447702424547468,Decreases Churn Risk,8
15572792,0.07978603452275969,num__NumOfProducts,0.10439086607926489,0.10439086607926489,Increases Churn Risk,9
15572792,0.07978603452275969,num__EstimatedSalary,0.09282995029847725,0.09282995029847725,Increases Churn Risk,10
15771299,0.5727529172657231,num__Age,1.3568639610649433,1.3568639610649433,Increases Churn Risk,1
15771299,0.5727529172657231,num__IsActiveMember,-0.629527140378784,0.629527140378784,Decreases Churn Risk,2
15771299,0.5727529172657231,cat__Geography_Germany,-0.47332684564728444,0.47332684564728444,Decreases Churn Risk,3
15771299,0.5727529172657231,num__EngagementScore,-0.20297196813891696,0.20297196813891696,Decreases Churn Risk,4
15771299,0.5727529172657231,num__Balance,-0.1515014209474084,0.1515014209474084,Decreases Churn Risk,5
15771299,0.5727529172657231,cat__Geography_Spain,-0.12751781958256742,0.12751781958256742,Decreases Churn Risk,6
15771299,0.5727529172657231,num__EstimatedSalary,0.08960277420973113,0.08960277420973113,Increases Churn Risk,7
15771299,0.5727529172657231,num__ProductDensity,-0.07008541474173827,0.07008541474173827,Decreases Churn Risk,8
15771299,0.5727529172657231,num__Tenure,0.04752274632203483,0.04752274632203483,Increases Churn Risk,9
15771299,0.5727529172657231,num__NumOfProducts,0.04494675935021427,0.04494675935021427,Increases Churn Risk,10
15780650,0.21682404814943143,cat__Gender_Male,-0.7214600731910723,0.7214600731910723,Decreases Churn Risk,1
15780650,0.21682404814943143,num__NumOfProducts,0.43188326501198837,0.43188326501198837,Increases Churn Risk,2
15780650,0.21682404814943143,cat__Geography_Germany,-0.3464103338050603,0.3464103338050603,Decreases Churn Risk,3
15780650,0.21682404814943143,num__IsActiveMember,-0.2794669196531585,0.2794669196531585,Decreases Churn Risk,4
15780650,0.21682404814943143,num__Tenure,-0.24282286267862835,0.24282286267862835,Decreases Churn Risk,5
15780650,0.21682404814943143,num__Balance,0.20849322806982487,0.20849322806982487,Increases Churn Risk,6
15780650,0.21682404814943143,num__EngagementScore,-0.18398061485531725,0.18398061485531725,Decreases Churn Risk,7
15780650,0.21682404814943143,cat__Geography_Spain,-0.1600074473554736,0.1600074473554736,Decreases Churn Risk,8
15780650,0.21682404814943143,num__ProductDensity,-0.15354278945839314,0.15354278945839314,Decreases Churn Risk,9
15780650,0.21682404814943143,num__Age,-0.14568899110011346,0.14568899110011346,Decreases Churn Risk,10
15639669,0.08851531949540448,num__Age,-0.7740541430912323,0.7740541430912323,Decreases Churn Risk,1
15639669,0.08851531949540448,cat__Gender_Male,-0.6954082263731791,0.6954082263731791,Decreases Churn Risk,2
15639669,0.08851531949540448,cat__Geography_Germany,-0.5792832696960513,0.5792832696960513,Decreases Churn Risk,3
15639669,0.08851531949540448,num__IsActiveMember,-0.32629878437583776,0.32629878437583776,Decreases Churn Risk,4
15639669,0.08851531949540448,num__Tenure,-0.21165296840290743,0.21165296840290743,Decreases Churn Risk,5
15639669,0.08851531949540448,cat__Geography_Spain,-0.16779760859180612,0.16779760859180612,Decreases Churn Risk,6
15639669,0.08851531949540448,num__EngagementScore,-0.14682811263048387,0.14682811263048387,Decreases Churn Risk,7
15639669,0.08851531949540448,num__NumOfProducts,0.1408086252424982,0.1408086252424982,Increases Churn Risk,8
15639669,0.08851531949540448,num__ProductDensity,-0.06656634904818183,0.06656634904818183,Decreases Churn Risk,9
15639669,0.08851531949540448,num__EstimatedSalary,0.066396115778225,0.066396115778225,Increases Churn Risk,10
15631222,0.2530949122197199,cat__Geography_Germany,-0.3425103907190852,0.3425103907190852,Decreases Churn Risk,1
15631222,0.2530949122197199,num__Balance,-0.2680264917102832,0.2680264917102832,Decreases Churn Risk,2
15631222,0.2530949122197199,num__IsActiveMember,-0.2678213015408969,0.2678213015408969,Decreases Churn Risk,3
15631222,0.2530949122197199,num__Tenure,-0.1742512029785285,0.1742512029785285,Decreases Churn Risk,4
15631222,0.2530949122197199,cat__Geography_Spain,-0.16692323431892941,0.16692323431892941,Decreases Churn Risk,5
15631222,0.2530949122197199,num__NumOfProducts,0.15577919745273366,0.15577919745273366,Increases Churn Risk,6
15631222,0.2530949122197199,num__Age,-0.14143478225862452,0.14143478225862452,Decreases Churn Risk,7
15631222,0.2530949122197199,num__EngagementScore,-0.08996383455755624,0.08996383455755624,Decreases Churn Risk,8
15631222,0.2530949122197199,num__ProductDensity,-0.08089209929177604,0.08089209929177604,Decreases Churn Risk,9
15631222,0.2530949122197199,num__BalanceSalaryRatio,-0.05437841568957263,0.05437841568957263,Decreases Churn Risk,10
15618695,0.13285535973126453,num__Age,-1.1996957047496224,1.1996957047496224,Decreases Churn Risk,1
15618695,0.13285535973126453,cat__Geography_Germany,-0.5090880883872991,0.5090880883872991,Decreases Churn Risk,2
15618695,0.13285535973126453,num__IsActiveMember,-0.27081534239127686,0.27081534239127686,Decreases Churn Risk,3
15618695,0.13285535973126453,cat__Geography_Spain,-0.17017293523405663,0.17017293523405663,Decreases Churn Risk,4
15618695,0.13285535973126453,num__Tenure,-0.14517984308409632,0.14517984308409632,Decreases Churn Risk,5
15618695,0.13285535973126453,num__NumOfProducts,0.13017237571166962,0.13017237571166962,Increases Churn Risk,6
15618695,0.13285535973126453,cat__Gender_Male,-0.11541563965622496,0.11541563965622496,Decreases Churn Risk,7
15618695,0.13285535973126453,num__ProductDensity,-0.09070960851991203,0.09070960851991203,Decreases Churn Risk,8
15618695,0.13285535973126453,num__EngagementScore,0.090191895802277,0.090191895802277,Increases Churn Risk,9
15618695,0.13285535973126453,num__HasCrCard,-0.07424363525165731,0.07424363525165731,Decreases Churn Risk,10
15782236,0.029336339484457883,num__Age,-1.1945814668256394,1.1945814668256394,Decreases Churn Risk,1
15782236,0.029336339484457883,num__NumOfProducts,-1.1464853153922858,1.1464853153922858,Decreases Churn Risk,2
15782236,0.029336339484457883,cat__Gender_Male,-0.6020551389722986,0.6020551389722986,Decreases Churn Risk,3
15782236,0.029336339484457883,num__Tenure,-0.3241983044023068,0.3241983044023068,Decreases Churn Risk,4
15782236,0.029336339484457883,cat__Geography_Germany,-0.22778316969944415,0.22778316969944415,Decreases Churn Risk,5
15782236,0.029336339484457883,num__IsActiveMember,0.19147648147969598,0.19147648147969598,Increases Churn Risk,6
15782236,0.029336339484457883,cat__Geography_Spain,-0.18143754132846654,0.18143754132846654,Decreases Churn Risk,7
15782236,0.029336339484457883,num__EngagementScore,0.16330565494706742,0.16330565494706742,Increases Churn Risk,8
15782236,0.029336339484457883,num__HasBalance,-0.13030917864040684,0.13030917864040684,Decreases Churn Risk,9
15782236,0.029336339484457883,num__HasCrCard,-0.11947630437104521,0.11947630437104521,Decreases Churn Risk,10
15668323,0.22640021793915496,num__EstimatedSalary,-0.559886165033361,0.559886165033361,Decreases Churn Risk,1
15668323,0.22640021793915496,cat__Geography_Germany,-0.4959980856252934,0.4959980856252934,Decreases Churn Risk,2
15668323,0.22640021793915496,num__NumOfProducts,0.23523375483300754,0.23523375483300754,Increases Churn Risk,3
15668323,0.22640021793915496,num__AgeTenureInteraction,-0.2306006411666554,0.2306006411666554,Decreases Churn Risk,4
15668323,0.22640021793915496,num__IsActiveMember,0.22719470194034214,0.22719470194034214,Increases Churn Risk,5
15668323,0.22640021793915496,num__Age,-0.1996498006332752,0.1996498006332752,Decreases Churn Risk,6
15668323,0.22640021793915496,num__Balance,-0.1955512754691437,0.1955512754691437,Decreases Churn Risk,7
15668323,0.22640021793915496,cat__Geography_Spain,-0.15982189201260055,0.15982189201260055,Decreases Churn Risk,8
15668323,0.22640021793915496,num__ProductDensity,-0.1430394739865377,0.1430394739865377,Decreases Churn Risk,9
15668323,0.22640021793915496,cat__Gender_Male,-0.13944231493681025,0.13944231493681025,Decreases Churn Risk,10
15640905,0.19074072351592022,num__Age,-0.8055006716293475,0.8055006716293475,Decreases Churn Risk,1
15640905,0.19074072351592022,num__NumOfProducts,-0.7265189796364256,0.7265189796364256,Decreases Churn Risk,2
15640905,0.19074072351592022,num__BalanceSalaryRatio,0.31286411448223633,0.31286411448223633,Increases Churn Risk,3
15640905,0.19074072351592022,cat__Geography_Germany,-0.3041941276085071,0.3041941276085071,Decreases Churn Risk,4
15640905,0.19074072351592022,num__IsActiveMember,-0.1940203606466105,0.1940203606466105,Decreases Churn Risk,5
15640905,0.19074072351592022,num__CustomerValue,0.13404919498539256,0.13404919498539256,Increases Churn Risk,6
15640905,0.19074072351592022,num__AgeTenureInteraction,-0.085528188743243,0.085528188743243,Decreases Churn Risk,7
15640905,0.19074072351592022,num__EngagementScore,-0.08475926751833074,0.08475926751833074,Decreases Churn Risk,8
15640905,0.19074072351592022,num__Balance,0.0808998065011042,0.0808998065011042,Increases Churn Risk,9
15640905,0.19074072351592022,num__HasCrCard,-0.07743483775259523,0.07743483775259523,Decreases Churn Risk,10
15667896,0.03876802762184688,num__NumOfProducts,-0.9525682069274493,0.9525682069274493,Decreases Churn Risk,1
15667896,0.03876802762184688,cat__Gender_Male,-0.6501709182646941,0.6501709182646941,Decreases Churn Risk,2
15667896,0.03876802762184688,num__Age,-0.5862950260649902,0.5862950260649902,Decreases Churn Risk,3
15667896,0.03876802762184688,num__CreditScore,-0.3292655748441029,0.3292655748441029,Decreases Churn Risk,4
15667896,0.03876802762184688,num__IsActiveMember,-0.3034755886739014,0.3034755886739014,Decreases Churn Risk,5
15667896,0.03876802762184688,cat__Geography_Germany,-0.2952738375087708,0.2952738375087708,Decreases Churn Risk,6
15667896,0.03876802762184688,cat__Geography_Spain,-0.19101577367208694,0.19101577367208694,Decreases Churn Risk,7
15667896,0.03876802762184688,num__EngagementScore,-0.1676874699881252,0.1676874699881252,Decreases Churn Risk,8
15667896,0.03876802762184688,num__ProductDensity,-0.1472933054010934,0.1472933054010934,Decreases Churn Risk,9
15667896,0.03876802762184688,num__Balance,-0.14570492353903436,0.14570492353903436,Decreases Churn Risk,10
15717290,0.12255829018073848,num__NumOfProducts,-1.1316387873570004,1.1316387873570004,Decreases Churn Risk,1
15717290,0.12255829018073848,cat__Gender_Male,-0.6400548726712545,0.6400548726712545,Decreases Churn Risk,2
15717290,0.12255829018073848,cat__Geography_Germany,0.38433065825659607,0.38433065825659607,Increases Churn Risk,3
15717290,0.12255829018073848,num__Age,-0.2563637940307651,0.2563637940307651,Decreases Churn Risk,4
15717290,0.12255829018073848,num__IsActiveMember,-0.25490222607013413,0.25490222607013413,Decreases Churn Risk,5
15717290,0.12255829018073848,num__Balance,0.2357529290116556,0.2357529290116556,Increases Churn Risk,6
15717290,0.12255829018073848,num__Tenure,-0.2236786378003696,0.2236786378003696,Decreases Churn Risk,7
15717290,0.12255829018073848,num__AgeTenureInteraction,-0.13967995266977765,0.13967995266977765,Decreases Churn Risk,8
15717290,0.12255829018073848,cat__Geography_Spain,-0.13334581814478177,0.13334581814478177,Decreases Churn Risk,9
15717290,0.12255829018073848,num__ProductDensity,-0.13224054765371268,0.13224054765371268,Decreases Churn Risk,10
15611331,0.6869962390857453,num__Age,0.6887439842070067,0.6887439842070067,Increases Churn Risk,1
15611331,0.6869962390857453,num__NumOfProducts,0.3530588250498591,0.3530588250498591,Increases Churn Risk,2
15611331,0.6869962390857453,cat__Geography_Germany,-0.31044035904777695,0.31044035904777695,Decreases Churn Risk,3
15611331,0.6869962390857453,num__Balance,0.2522037782644295,0.2522037782644295,Increases Churn Risk,4
15611331,0.6869962390857453,num__EngagementScore,-0.20372499300335173,0.20372499300335173,Decreases Churn Risk,5
15611331,0.6869962390857453,num__IsActiveMember,-0.18197129012586405,0.18197129012586405,Decreases Churn Risk,6
15611331,0.6869962390857453,cat__Geography_Spain,-0.13302118574993121,0.13302118574993121,Decreases Churn Risk,7
15611331,0.6869962390857453,num__ProductDensity,-0.08616156170739557,0.08616156170739557,Decreases Churn Risk,8
15611331,0.6869962390857453,num__CreditScore,0.07437494472032374,0.07437494472032374,Increases Churn Risk,9
15611331,0.6869962390857453,num__CustomerValue,-0.06289857535228634,0.06289857535228634,Decreases Churn Risk,10
15616811,0.39568286670089825,num__Age,1.0907271610737015,1.0907271610737015,Increases Churn Risk,1
15616811,0.39568286670089825,num__AgeTenureInteraction,-0.6817083930170106,0.6817083930170106,Decreases Churn Risk,2
15616811,0.39568286670089825,cat__Gender_Male,-0.5726762852542231,0.5726762852542231,Decreases Churn Risk,3
15616811,0.39568286670089825,cat__Geography_Germany,-0.4300456854082839,0.4300456854082839,Decreases Churn Risk,4
15616811,0.39568286670089825,num__Tenure,0.2951696482473025,0.2951696482473025,Increases Churn Risk,5
15616811,0.39568286670089825,num__IsActiveMember,-0.2755875079480614,0.2755875079480614,Decreases Churn Risk,6
15616811,0.39568286670089825,num__Balance,-0.24540288570001745,0.24540288570001745,Decreases Churn Risk,7
15616811,0.39568286670089825,num__EngagementScore,0.21793782990966448,0.21793782990966448,Increases Churn Risk,8
15616811,0.39568286670089825,cat__Geography_Spain,-0.15964188449342204,0.15964188449342204,Decreases Churn Risk,9
15616811,0.39568286670089825,num__ProductDensity,-0.09818214812848812,0.09818214812848812,Decreases Churn Risk,10
15805413,0.10627187747421754,num__Age,-1.276667164718759,1.276667164718759,Decreases Churn Risk,1
15805413,0.10627187747421754,num__NumOfProducts,-0.8680133837072431,0.8680133837072431,Decreases Churn Risk,2
15805413,0.10627187747421754,cat__Geography_Germany,-0.3438784185114624,0.3438784185114624,Decreases Churn Risk,3
15805413,0.10627187747421754,num__Tenure,-0.27559100027696404,0.27559100027696404,Decreases Churn Risk,4
15805413,0.10627187747421754,cat__Geography_Spain,-0.22526418858434324,0.22526418858434324,Decreases Churn Risk,5
15805413,0.10627187747421754,num__IsActiveMember,0.1917055728732394,0.1917055728732394,Increases Churn Risk,6
15805413,0.10627187747421754,num__EstimatedSalary,0.1314686679383762,0.1314686679383762,Increases Churn Risk,7
15805413,0.10627187747421754,num__EngagementScore,-0.10451645624162163,0.10451645624162163,Decreases Churn Risk,8
15805413,0.10627187747421754,num__Balance,0.08112580396141694,0.08112580396141694,Increases Churn Risk,9
15805413,0.10627187747421754,num__BalanceSalaryRatio,0.07369376745840829,0.07369376745840829,Increases Churn Risk,10
15804937,0.2915175986953153,num__NumOfProducts,-1.2702079956474677,1.2702079956474677,Decreases Churn Risk,1
15804937,0.2915175986953153,num__Age,1.2602766777915217,1.2602766777915217,Increases Churn Risk,2
15804937,0.2915175986953153,cat__Gender_Male,-0.5752337063455554,0.5752337063455554,Decreases Churn Risk,3
15804937,0.2915175986953153,cat__Geography_Germany,-0.2704067138427215,0.2704067138427215,Decreases Churn Risk,4
15804937,0.2915175986953153,num__EngagementScore,0.2447745751312872,0.2447745751312872,Increases Churn Risk,5
15804937,0.2915175986953153,num__IsActiveMember,0.21752737165603264,0.21752737165603264,Increases Churn Risk,6
15804937,0.2915175986953153,cat__Geography_Spain,-0.16557290165822877,0.16557290165822877,Decreases Churn Risk,7
15804937,0.2915175986953153,num__HasBalance,-0.16103498512569173,0.16103498512569173,Decreases Churn Risk,8
15804937,0.2915175986953153,num__HasCrCard,-0.12088707311344411,0.12088707311344411,Decreases Churn Risk,9
15804937,0.2915175986953153,num__Tenure,-0.1103899538906469,0.1103899538906469,Decreases Churn Risk,10
15805671,0.07914188741592408,num__Age,-1.312821769548735,1.312821769548735,Decreases Churn Risk,1
15805671,0.07914188741592408,num__AgeTenureInteraction,-0.6893885102468827,0.6893885102468827,Decreases Churn Risk,2
15805671,0.07914188741592408,cat__Gender_Male,-0.5852163718680643,0.5852163718680643,Decreases Churn Risk,3
15805671,0.07914188741592408,num__NumOfProducts,0.3350871455616252,0.3350871455616252,Increases Churn Risk,4
15805671,0.07914188741592408,cat__Geography_Germany,-0.33356827223745433,0.33356827223745433,Decreases Churn Risk,5
15805671,0.07914188741592408,cat__Geography_Spain,-0.2319991840629404,0.2319991840629404,Decreases Churn Risk,6
15805671,0.07914188741592408,num__IsActiveMember,-0.1653467464882238,0.1653467464882238,Decreases Churn Risk,7
15805671,0.07914188741592408,num__EngagementScore,0.1557072173331906,0.1557072173331906,Increases Churn Risk,8
15805671,0.07914188741592408,num__Balance,0.14696873640439084,0.14696873640439084,Increases Churn Risk,9
15805671,0.07914188741592408,num__ProductDensity,-0.11824800819934195,0.11824800819934195,Decreases Churn Risk,10
15687765,0.4479173703683554,num__Balance,-0.710979419921534,0.710979419921534,Decreases Churn Risk,1
15687765,0.4479173703683554,num__IsActiveMember,0.22630528460329555,0.22630528460329555,Increases Churn Risk,2
15687765,0.4479173703683554,num__NumOfProducts,0.2245143893623054,0.2245143893623054,Increases Churn Risk,3
15687765,0.4479173703683554,num__ProductDensity,-0.21563057017543866,0.21563057017543866,Decreases Churn Risk,4
15687765,0.4479173703683554,cat__Geography_Spain,-0.1353228983261641,0.1353228983261641,Decreases Churn Risk,5
15687765,0.4479173703683554,num__EngagementScore,0.10066223936649629,0.10066223936649629,Increases Churn Risk,6
15687765,0.4479173703683554,num__Age,-0.09492188646307967,0.09492188646307967,Decreases Churn Risk,7
15687765,0.4479173703683554,cat__Gender_Male,-0.08735390854102279,0.08735390854102279,Decreases Churn Risk,8
15687765,0.4479173703683554,num__HasCrCard,0.05844314603703082,0.05844314603703082,Increases Churn Risk,9
15687765,0.4479173703683554,cat__Geography_Germany,0.047740510635539524,0.047740510635539524,Increases Churn Risk,10
15713094,0.03986074129045774,num__Age,-1.3336720068285755,1.3336720068285755,Decreases Churn Risk,1
15713094,0.03986074129045774,num__NumOfProducts,-1.1219691397478888,1.1219691397478888,Decreases Churn Risk,2
15713094,0.03986074129045774,num__IsActiveMember,-0.2106352947192105,0.2106352947192105,Decreases Churn Risk,3
15713094,0.03986074129045774,cat__Geography_Germany,-0.20446766464438718,0.20446766464438718,Decreases Churn Risk,4
15713094,0.03986074129045774,cat__Geography_Spain,-0.19811420983927863,0.19811420983927863,Decreases Churn Risk,5
15713094,0.03986074129045774,num__Tenure,-0.17484386593791865,0.17484386593791865,Decreases Churn Risk,6
15713094,0.03986074129045774,num__HasBalance,-0.13030917864040684,0.13030917864040684,Decreases Churn Risk,7
15713094,0.03986074129045774,num__EngagementScore,-0.10341835094432454,0.10341835094432454,Decreases Churn Risk,8
15713094,0.03986074129045774,num__Balance,-0.07158322293722781,0.07158322293722781,Decreases Churn Risk,9
15713094,0.03986074129045774,num__CreditScore,0.06303592401623759,0.06303592401623759,Increases Churn Risk,10
15569572,0.0356974246295382,num__NumOfProducts,-1.2943386437620323,1.2943386437620323,Decreases Churn Risk,1
15569572,0.0356974246295382,cat__Gender_Male,-0.7509884983713859,0.7509884983713859,Decreases Churn Risk,2
15569572,0.0356974246295382,cat__Geography_Germany,-0.31109726559150574,0.31109726559150574,Decreases Churn Risk,3
15569572,0.0356974246295382,num__Tenure,-0.2782384981134849,0.2782384981134849,Decreases Churn Risk,4
15569572,0.0356974246295382,num__EngagementScore,-0.2714736741311018,0.2714736741311018,Decreases Churn Risk,5
15569572,0.0356974246295382,num__IsActiveMember,-0.2492416088596266,0.2492416088596266,Decreases Churn Risk,6
15569572,0.0356974246295382,cat__Geography_Spain,-0.15843257541094077,0.15843257541094077,Decreases Churn Risk,7
15569572,0.0356974246295382,num__HasBalance,-0.13892271603008294,0.13892271603008294,Decreases Churn Risk,8
15569572,0.0356974246295382,num__CreditScore,-0.10813890678932651,0.10813890678932651,Decreases Churn Risk,9
15569572,0.0356974246295382,num__CustomerValue,-0.08484129083749185,0.08484129083749185,Decreases Churn Risk,10
15670427,0.16998307222120157,num__Age,-0.8330315285299402,0.8330315285299402,Decreases Churn Risk,1
15670427,0.16998307222120157,cat__Gender_Male,-0.5169752035477414,0.5169752035477414,Decreases Churn Risk,2
15670427,0.16998307222120157,cat__Geography_Germany,-0.4335352797130788,0.4335352797130788,Decreases Churn Risk,3
15670427,0.16998307222120157,cat__Geography_Spain,-0.3094096393168141,0.3094096393168141,Decreases Churn Risk,4
15670427,0.16998307222120157,num__ProductDensity,-0.295328269765192,0.295328269765192,Decreases Churn Risk,5
15670427,0.16998307222120157,num__IsActiveMember,0.2857103576534961,0.2857103576534961,Increases Churn Risk,6
15670427,0.16998307222120157,num__Balance,-0.2617740892032646,0.2617740892032646,Decreases Churn Risk,7
15670427,0.16998307222120157,num__EngagementScore,0.19108683269427976,0.19108683269427976,Increases Churn Risk,8
15670427,0.16998307222120157,num__BalanceSalaryRatio,0.14285674570564133,0.14285674570564133,Increases Churn Risk,9
15670427,0.16998307222120157,num__NumOfProducts,0.10805579609894742,0.10805579609894742,Increases Churn Risk,10
15650288,0.5286641953899827,num__Age,-1.0619611434644165,1.0619611434644165,Decreases Churn Risk,1
15650288,0.5286641953899827,cat__Geography_Germany,0.6280420805934022,0.6280420805934022,Increases Churn Risk,2
15650288,0.5286641953899827,cat__Gender_Male,-0.4819846955185581,0.4819846955185581,Decreases Churn Risk,3
15650288,0.5286641953899827,num__NumOfProducts,0.3868467111168064,0.3868467111168064,Increases Churn Risk,4
15650288,0.5286641953899827,num__Tenure,-0.31571190787557485,0.31571190787557485,Decreases Churn Risk,5
15650288,0.5286641953899827,num__IsActiveMember,0.2266098823745665,0.2266098823745665,Increases Churn Risk,6
15650288,0.5286641953899827,num__EngagementScore,0.19125105677761195,0.19125105677761195,Increases Churn Risk,7
15650288,0.5286641953899827,num__Balance,0.17376017682706052,0.17376017682706052,Increases Churn Risk,8
15650288,0.5286641953899827,cat__Geography_Spain,-0.14079429504489316,0.14079429504489316,Decreases Churn Risk,9
15650288,0.5286641953899827,num__HasCrCard,0.06197836057573155,0.06197836057573155,Increases Churn Risk,10
15723008,0.3206215642502168,num__NumOfProducts,-0.8206694079929119,0.8206694079929119,Decreases Churn Risk,1
15723008,0.3206215642502168,num__Age,0.6476751075431078,0.6476751075431078,Increases Churn Risk,2
15723008,0.3206215642502168,cat__Geography_Germany,-0.38086565701642283,0.38086565701642283,Decreases Churn Risk,3
15723008,0.3206215642502168,num__IsActiveMember,-0.32794452005799635,0.32794452005799635,Decreases Churn Risk,4
15723008,0.3206215642502168,num__EngagementScore,-0.31758888582888584,0.31758888582888584,Decreases Churn Risk,5
15723008,0.3206215642502168,num__BalanceSalaryRatio,0.22438657192942033,0.22438657192942033,Increases Churn Risk,6
15723008,0.3206215642502168,cat__Geography_Spain,-0.15895510663438617,0.15895510663438617,Decreases Churn Risk,7
15723008,0.3206215642502168,num__EstimatedSalary,-0.06754066113041769,0.06754066113041769,Decreases Churn Risk,8
15723008,0.3206215642502168,num__Balance,0.061625306797699876,0.061625306797699876,Increases Churn Risk,9
15723008,0.3206215642502168,num__ProductDensity,-0.05638551166031145,0.05638551166031145,Decreases Churn Risk,10
15803682,0.2154306712479989,num__NumOfProducts,-1.074874463189034,1.074874463189034,Decreases Churn Risk,1
15803682,0.2154306712479989,num__Age,-0.5156882812699106,0.5156882812699106,Decreases Churn Risk,2
15803682,0.2154306712479989,cat__Geography_Germany,0.31122879089730815,0.31122879089730815,Increases Churn Risk,3
15803682,0.2154306712479989,num__IsActiveMember,-0.2904447842077723,0.2904447842077723,Decreases Churn Risk,4
15803682,0.2154306712479989,num__Balance,0.20336214013330398,0.20336214013330398,Increases Churn Risk,5
15803682,0.2154306712479989,cat__Geography_Spain,-0.13760607098513356,0.13760607098513356,Decreases Churn Risk,6
15803682,0.2154306712479989,num__CreditScore,0.08422520407278675,0.08422520407278675,Increases Churn Risk,7
15803682,0.2154306712479989,num__EngagementScore,-0.07687766640633166,0.07687766640633166,Decreases Churn Risk,8
15803682,0.2154306712479989,num__ProductDensity,-0.07262572658285578,0.07262572658285578,Decreases Churn Risk,9
15803682,0.2154306712479989,num__CustomerValue,-0.05354917471336903,0.05354917471336903,Decreases Churn Risk,10
15768387,0.049307120051444345,num__NumOfProducts,-1.3390408545641823,1.3390408545641823,Decreases Churn Risk,1
15768387,0.049307120051444345,cat__Gender_Male,-0.6488375679835933,0.6488375679835933,Decreases Churn Risk,2
15768387,0.049307120051444345,num__Age,-0.4650759152782838,0.4650759152782838,Decreases Churn Risk,3
15768387,0.049307120051444345,cat__Geography_Germany,-0.25187921607437735,0.25187921607437735,Decreases Churn Risk,4
15768387,0.049307120051444345,num__EngagementScore,0.1965397787330984,0.1965397787330984,Increases Churn Risk,5
15768387,0.049307120051444345,cat__Geography_Spain,-0.1874797342246674,0.1874797342246674,Decreases Churn Risk,6
15768387,0.049307120051444345,num__Tenure,-0.1644928592662272,0.1644928592662272,Decreases Churn Risk,7
15768387,0.049307120051444345,num__HasCrCard,-0.16224882495094947,0.16224882495094947,Decreases Churn Risk,8
15768387,0.049307120051444345,num__HasBalance,-0.14288778490368345,0.14288778490368345,Decreases Churn Risk,9
15768387,0.049307120051444345,num__EstimatedSalary,-0.1255714237341687,0.1255714237341687,Decreases Churn Risk,10
15742834,0.5253844012174619,num__Age,0.7149300001582425,0.7149300001582425,Increases Churn Risk,1
15742834,0.5253844012174619,cat__Gender_Male,-0.6230940525227802,0.6230940525227802,Decreases Churn Risk,2
15742834,0.5253844012174619,num__NumOfProducts,0.42109236898435115,0.42109236898435115,Increases Churn Risk,3
15742834,0.5253844012174619,cat__Geography_Germany,-0.36051416500356354,0.36051416500356354,Decreases Churn Risk,4
15742834,0.5253844012174619,num__Balance,0.2437676191732081,0.2437676191732081,Increases Churn Risk,5
15742834,0.5253844012174619,num__IsActiveMember,-0.22345241899294785,0.22345241899294785,Decreases Churn Risk,6
15742834,0.5253844012174619,num__EngagementScore,-0.20075893169116604,0.20075893169116604,Decreases Churn Risk,7
15742834,0.5253844012174619,num__EstimatedSalary,-0.1691018405900724,0.1691018405900724,Decreases Churn Risk,8
15742834,0.5253844012174619,cat__Geography_Spain,-0.14041697146654447,0.14041697146654447,Decreases Churn Risk,9
15742834,0.5253844012174619,num__ProductDensity,-0.10670366926031483,0.10670366926031483,Decreases Churn Risk,10
15674928,0.022855018238869557,num__NumOfProducts,-1.222963630714171,1.222963630714171,Decreases Churn Risk,1
15674928,0.022855018238869557,num__Age,-0.8602019974489918,0.8602019974489918,Decreases Churn Risk,2
15674928,0.022855018238869557,cat__Gender_Male,-0.5929546510383996,0.5929546510383996,Decreases Churn Risk,3
15674928,0.022855018238869557,num__CreditScore,-0.5854765635629354,0.5854765635629354,Decreases Churn Risk,4
15674928,0.022855018238869557,num__IsActiveMember,0.24818582803929912,0.24818582803929912,Increases Churn Risk,5
15674928,0.022855018238869557,cat__Geography_Germany,-0.23265558711446327,0.23265558711446327,Decreases Churn Risk,6
15674928,0.022855018238869557,cat__Geography_Spain,-0.1992270590763868,0.1992270590763868,Decreases Churn Risk,7
15674928,0.022855018238869557,num__Tenure,-0.1661638673448161,0.1661638673448161,Decreases Churn Risk,8
15674928,0.022855018238869557,num__EngagementScore,-0.1644089382520265,0.1644089382520265,Decreases Churn Risk,9
15674928,0.022855018238869557,num__ProductDensity,-0.14121525952452346,0.14121525952452346,Decreases Churn Risk,10
15640846,0.9947291974100173,num__NumOfProducts,2.7238927836195503,2.7238927836195503,Increases Churn Risk,1
15640846,0.9947291974100173,num__Age,1.4722615663543133,1.4722615663543133,Increases Churn Risk,2
15640846,0.9947291974100173,num__IsActiveMember,0.5592216730196209,0.5592216730196209,Increases Churn Risk,3
15640846,0.9947291974100173,cat__Geography_Germany,0.17646414660718268,0.17646414660718268,Increases Churn Risk,4
15640846,0.9947291974100173,cat__Gender_Male,-0.16634784771404093,0.16634784771404093,Decreases Churn Risk,5
15640846,0.9947291974100173,num__Balance,0.14866292292963582,0.14866292292963582,Increases Churn Risk,6
15640846,0.9947291974100173,num__CustomerValue,0.11950591227366177,0.11950591227366177,Increases Churn Risk,7
15640846,0.9947291974100173,cat__Geography_Spain,-0.11888233073365578,0.11888233073365578,Decreases Churn Risk,8
15640846,0.9947291974100173,num__Tenure,-0.1124154819336694,0.1124154819336694,Decreases Churn Risk,9
15640846,0.9947291974100173,num__BalanceSalaryRatio,0.0820344063585562,0.0820344063585562,Increases Churn Risk,10
15715532,0.5049737588030523,cat__Geography_Germany,0.6231079319910611,0.6231079319910611,Increases Churn Risk,1
15715532,0.5049737588030523,cat__Gender_Male,-0.5006350936427431,0.5006350936427431,Decreases Churn Risk,2
15715532,0.5049737588030523,num__Age,-0.4154163655403157,0.4154163655403157,Decreases Churn Risk,3
15715532,0.5049737588030523,num__NumOfProducts,0.35376439619232775,0.35376439619232775,Increases Churn Risk,4
15715532,0.5049737588030523,num__ProductDensity,-0.24766359536974397,0.24766359536974397,Decreases Churn Risk,5
15715532,0.5049737588030523,num__IsActiveMember,-0.23820811461221209,0.23820811461221209,Decreases Churn Risk,6
15715532,0.5049737588030523,num__EngagementScore,0.16008780004277628,0.16008780004277628,Increases Churn Risk,7
15715532,0.5049737588030523,num__Balance,0.1517735762387416,0.1517735762387416,Increases Churn Risk,8
15715532,0.5049737588030523,cat__Geography_Spain,-0.11597977861164854,0.11597977861164854,Decreases Churn Risk,9
15715532,0.5049737588030523,num__BalanceSalaryRatio,-0.08787918603092429,0.08787918603092429,Decreases Churn Risk,10
15599386,0.07810381420351899,num__Age,-1.1727873670780247,1.1727873670780247,Decreases Churn Risk,1
15599386,0.07810381420351899,num__Balance,-0.6648986774754201,0.6648986774754201,Decreases Churn Risk,2
15599386,0.07810381420351899,cat__Gender_Male,-0.5992106572813815,0.5992106572813815,Decreases Churn Risk,3
15599386,0.07810381420351899,num__Tenure,-0.37050797115402717,0.37050797115402717,Decreases Churn Risk,4
15599386,0.07810381420351899,num__NumOfProducts,0.3495960536486837,0.3495960536486837,Increases Churn Risk,5
15599386,0.07810381420351899,num__IsActiveMember,-0.2393366912592433,0.2393366912592433,Decreases Churn Risk,6
15599386,0.07810381420351899,cat__Geography_Germany,0.1844895845077249,0.1844895845077249,Increases Churn Risk,7
15599386,0.07810381420351899,cat__Geography_Spain,-0.15984950746329038,0.15984950746329038,Decreases Churn Risk,8
15599386,0.07810381420351899,num__EngagementScore,-0.1537733094822447,0.1537733094822447,Decreases Churn Risk,9
15599386,0.07810381420351899,num__ProductDensity,-0.08432906502128779,0.08432906502128779,Decreases Churn Risk,10
15610686,0.9170450391358431,num__Age,1.9337520474314827,1.9337520474314827,Increases Churn Risk,1
15610686,0.9170450391358431,num__IsActiveMember,0.8399013757232662,0.8399013757232662,Increases Churn Risk,2
15610686,0.9170450391358431,num__CreditScore,-0.36173240328841094,0.36173240328841094,Decreases Churn Risk,3
15610686,0.9170450391358431,cat__Gender_Male,-0.33828441355995087,0.33828441355995087,Decreases Churn Risk,4
15610686,0.9170450391358431,num__NumOfProducts,0.26339567775593264,0.26339567775593264,Increases Churn Risk,5
15610686,0.9170450391358431,num__EngagementScore,0.2491286554944792,0.2491286554944792,Increases Churn Risk,6
15610686,0.9170450391358431,cat__Geography_Germany,-0.2352497287240064,0.2352497287240064,Decreases Churn Risk,7
15610686,0.9170450391358431,num__ProductDensity,-0.2336156718764801,0.2336156718764801,Decreases Churn Risk,8
15610686,0.9170450391358431,num__Tenure,-0.1362432625576777,0.1362432625576777,Decreases Churn Risk,9
15610686,0.9170450391358431,cat__Geography_Spain,-0.12398997177150407,0.12398997177150407,Decreases Churn Risk,10
15800515,0.13814072215761414,num__Age,-1.1432491697790108,1.1432491697790108,Decreases Churn Risk,1
15800515,0.13814072215761414,cat__Geography_Germany,-0.5571028799595222,0.5571028799595222,Decreases Churn Risk,2
15800515,0.13814072215761414,cat__Gender_Male,-0.5347009446142277,0.5347009446142277,Decreases Churn Risk,3
15800515,0.13814072215761414,num__Tenure,-0.36935574292757106,0.36935574292757106,Decreases Churn Risk,4
15800515,0.13814072215761414,num__IsActiveMember,0.2447923789732144,0.2447923789732144,Increases Churn Risk,5
15800515,0.13814072215761414,cat__Geography_Spain,-0.20257498095334636,0.20257498095334636,Decreases Churn Risk,6
15800515,0.13814072215761414,num__NumOfProducts,0.18525753368362374,0.18525753368362374,Increases Churn Risk,7
15800515,0.13814072215761414,num__EngagementScore,0.17946209509328642,0.17946209509328642,Increases Churn Risk,8
15800515,0.13814072215761414,num__ProductDensity,-0.06608376383714404,0.06608376383714404,Decreases Churn Risk,9
15800515,0.13814072215761414,num__HasCrCard,0.06472589825459497,0.06472589825459497,Increases Churn Risk,10
15667216,0.061475181628219105,num__Age,-1.186772517860131,1.186772517860131,Decreases Churn Risk,1
15667216,0.061475181628219105,num__NumOfProducts,-0.8587854185164933,0.8587854185164933,Decreases Churn Risk,2
15667216,0.061475181628219105,num__IsActiveMember,-0.23971030820326866,0.23971030820326866,Decreases Churn Risk,3
15667216,0.061475181628219105,cat__Geography_Spain,-0.2196530910655972,0.2196530910655972,Decreases Churn Risk,4
15667216,0.061475181628219105,cat__Geography_Germany,-0.20622336759073553,0.20622336759073553,Decreases Churn Risk,5
15667216,0.061475181628219105,num__Balance,-0.19752041311210905,0.19752041311210905,Decreases Churn Risk,6
15667216,0.061475181628219105,num__EngagementScore,-0.09733479699033311,0.09733479699033311,Decreases Churn Risk,7
15667216,0.061475181628219105,num__Tenure,-0.09247469731938902,0.09247469731938902,Decreases Churn Risk,8
15667216,0.061475181628219105,num__ProductDensity,-0.07791867558854144,0.07791867558854144,Decreases Churn Risk,9
15667216,0.061475181628219105,num__CustomerValue,-0.04939482078956365,0.04939482078956365,Decreases Churn Risk,10
15785490,0.4424410332488906,num__Age,1.2787370214350877,1.2787370214350877,Increases Churn Risk,1
15785490,0.4424410332488906,cat__Geography_Germany,-0.612436931600228,0.612436931600228,Decreases Churn Risk,2
15785490,0.4424410332488906,cat__Gender_Male,-0.5712086456088555,0.5712086456088555,Decreases Churn Risk,3
15785490,0.4424410332488906,num__IsActiveMember,-0.3514359798341457,0.3514359798341457,Decreases Churn Risk,4
15785490,0.4424410332488906,num__EngagementScore,-0.22464175853876994,0.22464175853876994,Decreases Churn Risk,5
15785490,0.4424410332488906,cat__Geography_Spain,-0.125942800005541,0.125942800005541,Decreases Churn Risk,6
15785490,0.4424410332488906,num__NumOfProducts,0.1193061777405907,0.1193061777405907,Increases Churn Risk,7
15785490,0.4424410332488906,num__BalanceSalaryRatio,0.0861435067482892,0.0861435067482892,Increases Churn Risk,8
15785490,0.4424410332488906,num__ProductDensity,-0.07638221912228778,0.07638221912228778,Decreases Churn Risk,9
15785490,0.4424410332488906,num__Tenure,-0.06564862931728949,0.06564862931728949,Decreases Churn Risk,10
15644119,0.17015486210967887,num__Age,-1.0949644887947967,1.0949644887947967,Decreases Churn Risk,1
15644119,0.17015486210967887,cat__Gender_Male,-0.6138167573306295,0.6138167573306295,Decreases Churn Risk,2
15644119,0.17015486210967887,num__NumOfProducts,0.47074748336207234,0.47074748336207234,Increases Churn Risk,3
15644119,0.17015486210967887,cat__Geography_Germany,-0.3230444825931317,0.3230444825931317,Decreases Churn Risk,4
15644119,0.17015486210967887,num__Balance,0.24256642280027754,0.24256642280027754,Increases Churn Risk,5
15644119,0.17015486210967887,cat__Geography_Spain,-0.20689383270140455,0.20689383270140455,Decreases Churn Risk,6
15644119,0.17015486210967887,num__IsActiveMember,-0.16845326829759125,0.16845326829759125,Decreases Churn Risk,7
15644119,0.17015486210967887,num__EngagementScore,-0.14822368561320673,0.14822368561320673,Decreases Churn Risk,8
15644119,0.17015486210967887,num__Tenure,-0.1237523980265668,0.1237523980265668,Decreases Churn Risk,9
15644119,0.17015486210967887,num__AgeTenureInteraction,0.07838852531126786,0.07838852531126786,Increases Churn Risk,10
15781678,0.03470952114007731,num__NumOfProducts,-0.91257756385335,0.91257756385335,Decreases Churn Risk,1
15781678,0.03470952114007731,num__Age,-0.8840645416364142,0.8840645416364142,Decreases Churn Risk,2
15781678,0.03470952114007731,cat__Gender_Male,-0.66036619299138,0.66036619299138,Decreases Churn Risk,3
15781678,0.03470952114007731,num__IsActiveMember,-0.287670249052811,0.287670249052811,Decreases Churn Risk,4
15781678,0.03470952114007731,cat__Geography_Germany,-0.23754514411057429,0.23754514411057429,Decreases Churn Risk,5
15781678,0.03470952114007731,num__Balance,-0.16079135672820347,0.16079135672820347,Decreases Churn Risk,6
15781678,0.03470952114007731,cat__Geography_Spain,-0.15479058329390405,0.15479058329390405,Decreases Churn Risk,7
15781678,0.03470952114007731,num__EngagementScore,-0.15234157297597464,0.15234157297597464,Decreases Churn Risk,8
15781678,0.03470952114007731,num__ProductDensity,-0.1302424747902289,0.1302424747902289,Decreases Churn Risk,9
15781678,0.03470952114007731,num__BalanceSalaryRatio,-0.12572515640724585,0.12572515640724585,Decreases Churn Risk,10
15755196,0.5110719057740915,num__Age,1.1825853295323014,1.1825853295323014,Increases Churn Risk,1
15755196,0.5110719057740915,cat__Geography_Germany,-0.5048420109055831,0.5048420109055831,Decreases Churn Risk,2
15755196,0.5110719057740915,num__EstimatedSalary,-0.27714977638697635,0.27714977638697635,Decreases Churn Risk,3
15755196,0.5110719057740915,num__CreditScore,-0.27391705394216925,0.27391705394216925,Decreases Churn Risk,4
15755196,0.5110719057740915,num__Balance,-0.26714693727130506,0.26714693727130506,Decreases Churn Risk,5
15755196,0.5110719057740915,num__NumOfProducts,0.23732496837483946,0.23732496837483946,Increases Churn Risk,6
15755196,0.5110719057740915,num__EngagementScore,0.2302797920440026,0.2302797920440026,Increases Churn Risk,7
15755196,0.5110719057740915,num__Tenure,-0.21514209102143853,0.21514209102143853,Decreases Churn Risk,8
15755196,0.5110719057740915,num__IsActiveMember,0.18410951737924255,0.18410951737924255,Increases Churn Risk,9
15755196,0.5110719057740915,cat__Geography_Spain,-0.15387425791303222,0.15387425791303222,Decreases Churn Risk,10
15585215,0.05493789405899544,num__Age,-1.3210079883453414,1.3210079883453414,Decreases Churn Risk,1
15585215,0.05493789405899544,num__NumOfProducts,-1.1486447232845387,1.1486447232845387,Decreases Churn Risk,2
15585215,0.05493789405899544,cat__Geography_Germany,-0.22311890514741167,0.22311890514741167,Decreases Churn Risk,3
15585215,0.05493789405899544,cat__Geography_Spain,-0.21890881402009707,0.21890881402009707,Decreases Churn Risk,4
15585215,0.05493789405899544,num__IsActiveMember,0.14211696794791426,0.14211696794791426,Increases Churn Risk,5
15585215,0.05493789405899544,num__HasBalance,-0.13030917864040684,0.13030917864040684,Decreases Churn Risk,6
15585215,0.05493789405899544,num__HasCrCard,-0.11540314362415098,0.11540314362415098,Decreases Churn Risk,7
15585215,0.05493789405899544,num__ProductDensity,-0.10451957371433719,0.10451957371433719,Decreases Churn Risk,8
15585215,0.05493789405899544,num__EngagementScore,0.09523975669571422,0.09523975669571422,Increases Churn Risk,9
15585215,0.05493789405899544,num__Balance,-0.08302971190361823,0.08302971190361823,Decreases Churn Risk,10
15742820,0.2064567326931478,num__NumOfProducts,-1.2731211451238176,1.2731211451238176,Decreases Churn Risk,1
15742820,0.2064567326931478,num__Age,0.6890621441825528,0.6890621441825528,Increases Churn Risk,2
15742820,0.2064567326931478,cat__Geography_Germany,-0.26247719111350004,0.26247719111350004,Decreases Churn Risk,3
15742820,0.2064567326931478,num__IsActiveMember,-0.23389693091891173,0.23389693091891173,Decreases Churn Risk,4
15742820,0.2064567326931478,num__EstimatedSalary,0.20135474375587914,0.20135474375587914,Increases Churn Risk,5
15742820,0.2064567326931478,num__EngagementScore,-0.18399456555190646,0.18399456555190646,Decreases Churn Risk,6
15742820,0.2064567326931478,num__Tenure,-0.16875600819223874,0.16875600819223874,Decreases Churn Risk,7
15742820,0.2064567326931478,num__HasBalance,-0.16103498512569173,0.16103498512569173,Decreases Churn Risk,8
15742820,0.2064567326931478,cat__Geography_Spain,-0.14428897623173842,0.14428897623173842,Decreases Churn Risk,9
15742820,0.2064567326931478,num__ProductDensity,-0.14226681889273474,0.14226681889273474,Decreases Churn Risk,10
15610972,0.47079202454623453,num__NumOfProducts,-0.9535546162852638,0.9535546162852638,Decreases Churn Risk,1
15610972,0.47079202454623453,num__Age,0.46124173838117655,0.46124173838117655,Increases Churn Risk,2
15610972,0.47079202454623453,num__BalanceSalaryRatio,0.22343970890870857,0.22343970890870857,Increases Churn Risk,3
15610972,0.47079202454623453,cat__Geography_Germany,0.1875657367370205,0.1875657367370205,Increases Churn Risk,4
15610972,0.47079202454623453,num__HasCrCard,-0.17213497753366933,0.17213497753366933,Decreases Churn Risk,5
15610972,0.47079202454623453,num__EstimatedSalary,-0.16481376193745717,0.16481376193745717,Decreases Churn Risk,6
15610972,0.47079202454623453,num__IsActiveMember,0.1629383945087002,0.1629383945087002,Increases Churn Risk,7
15610972,0.47079202454623453,cat__Geography_Spain,-0.14393400118352895,0.14393400118352895,Decreases Churn Risk,8
15610972,0.47079202454623453,num__EngagementScore,0.10735077358845188,0.10735077358845188,Increases Churn Risk,9
15610972,0.47079202454623453,num__ProductDensity,-0.097159693792882,0.097159693792882,Decreases Churn Risk,10
15622507,0.29254037973116365,num__NumOfProducts,-1.0657932327851436,1.0657932327851436,Decreases Churn Risk,1
15622507,0.29254037973116365,num__Age,-0.3421532271662078,0.3421532271662078,Decreases Churn Risk,2
15622507,0.29254037973116365,cat__Geography_Germany,0.268474669343442,0.268474669343442,Increases Churn Risk,3
15622507,0.29254037973116365,num__BalanceSalaryRatio,0.19876561243693958,0.19876561243693958,Increases Churn Risk,4
15622507,0.29254037973116365,num__EstimatedSalary,-0.1966474184897788,0.1966474184897788,Decreases Churn Risk,5
15622507,0.29254037973116365,num__HasCrCard,-0.1934204806344589,0.1934204806344589,Decreases Churn Risk,6
15622507,0.29254037973116365,num__IsActiveMember,0.179338105187456,0.179338105187456,Increases Churn Risk,7
15622507,0.29254037973116365,num__Balance,0.16431303473097325,0.16431303473097325,Increases Churn Risk,8
15622507,0.29254037973116365,cat__Geography_Spain,-0.15006544642745737,0.15006544642745737,Decreases Churn Risk,9
15622507,0.29254037973116365,num__Tenure,-0.12092383972141406,0.12092383972141406,Decreases Churn Risk,10
15726631,0.25675289742433216,cat__Geography_Germany,-0.5453576320516857,0.5453576320516857,Decreases Churn Risk,1
15726631,0.25675289742433216,num__IsActiveMember,-0.2949708648277013,0.2949708648277013,Decreases Churn Risk,2
15726631,0.25675289742433216,num__Age,-0.2530879200174259,0.2530879200174259,Decreases Churn Risk,3
15726631,0.25675289742433216,num__Tenure,-0.2384529662650624,0.2384529662650624,Decreases Churn Risk,4
15726631,0.25675289742433216,cat__Geography_Spain,-0.14811905994730812,0.14811905994730812,Decreases Churn Risk,5
15726631,0.25675289742433216,num__NumOfProducts,0.14405508120769142,0.14405508120769142,Increases Churn Risk,6
15726631,0.25675289742433216,num__EngagementScore,0.10478638127827711,0.10478638127827711,Increases Churn Risk,7
15726631,0.25675289742433216,cat__Gender_Male,-0.09149489231515538,0.09149489231515538,Decreases Churn Risk,8
15726631,0.25675289742433216,num__HasCrCard,-0.08987868872681631,0.08987868872681631,Decreases Churn Risk,9
15726631,0.25675289742433216,num__CreditScore,0.07747121189545053,0.07747121189545053,Increases Churn Risk,10
15665438,0.3132111064680026,num__Age,0.6026392181667284,0.6026392181667284,Increases Churn Risk,1
15665438,0.3132111064680026,cat__Gender_Male,-0.5415918781554598,0.5415918781554598,Decreases Churn Risk,2
15665438,0.3132111064680026,cat__Geography_Germany,-0.4333111637014512,0.4333111637014512,Decreases Churn Risk,3
15665438,0.3132111064680026,num__Balance,-0.3163054616321504,0.3163054616321504,Decreases Churn Risk,4
15665438,0.3132111064680026,num__AgeTenureInteraction,-0.28450721013086894,0.28450721013086894,Decreases Churn Risk,5
15665438,0.3132111064680026,num__IsActiveMember,-0.2784196139526759,0.2784196139526759,Decreases Churn Risk,6
15665438,0.3132111064680026,num__EngagementScore,0.22412367224083535,0.22412367224083535,Increases Churn Risk,7
15665438,0.3132111064680026,num__BalanceSalaryRatio,0.13336375497877595,0.13336375497877595,Increases Churn Risk,8
15665438,0.3132111064680026,cat__Geography_Spain,-0.12860980372024225,0.12860980372024225,Decreases Churn Risk,9
15665438,0.3132111064680026,num__NumOfProducts,0.12816207032156862,0.12816207032156862,Increases Churn Risk,10
15658504,0.36365223098245003,num__NumOfProducts,-1.0329273655068927,1.0329273655068927,Decreases Churn Risk,1
15658504,0.36365223098245003,num__Age,0.9443997095418579,0.9443997095418579,Increases Churn Risk,2
15658504,0.36365223098245003,num__IsActiveMember,-0.7861753075611718,0.7861753075611718,Decreases Churn Risk,3
15658504,0.36365223098245003,cat__Geography_Germany,0.29519688513067616,0.29519688513067616,Increases Churn Risk,4
15658504,0.36365223098245003,num__Tenure,-0.19519694057596262,0.19519694057596262,Decreases Churn Risk,5
15658504,0.36365223098245003,cat__Geography_Spain,-0.13117240159947438,0.13117240159947438,Decreases Churn Risk,6
15658504,0.36365223098245003,num__EngagementScore,-0.11577413555770151,0.11577413555770151,Decreases Churn Risk,7
15658504,0.36365223098245003,num__ProductDensity,-0.08307115367107193,0.08307115367107193,Decreases Churn Risk,8
15658504,0.36365223098245003,num__BalanceSalaryRatio,0.06543344895727897,0.06543344895727897,Increases Churn Risk,9
15658504,0.36365223098245003,num__CustomerValue,0.055710866470690484,0.055710866470690484,Increases Churn Risk,10
15575438,0.10550035388125556,cat__Gender_Male,-0.6669328800407881,0.6669328800407881,Decreases Churn Risk,1
15575438,0.10550035388125556,cat__Geography_Germany,-0.6122242988612073,0.6122242988612073,Decreases Churn Risk,2
15575438,0.10550035388125556,num__IsActiveMember,-0.3014444761204879,0.3014444761204879,Decreases Churn Risk,3
15575438,0.10550035388125556,num__Tenure,-0.2920384724180534,0.2920384724180534,Decreases Churn Risk,4
15575438,0.10550035388125556,num__EngagementScore,-0.2505028743987266,0.2505028743987266,Decreases Churn Risk,5
15575438,0.10550035388125556,num__ProductDensity,-0.21313645652620883,0.21313645652620883,Decreases Churn Risk,6
15575438,0.10550035388125556,cat__Geography_Spain,-0.14478889115048119,0.14478889115048119,Decreases Churn Risk,7
15575438,0.10550035388125556,num__BalanceSalaryRatio,-0.10184068378898489,0.10184068378898489,Decreases Churn Risk,8
15575438,0.10550035388125556,num__NumOfProducts,0.06897263727368351,0.06897263727368351,Increases Churn Risk,9
15575438,0.10550035388125556,num__CreditScore,0.03725927743720343,0.03725927743720343,Increases Churn Risk,10
15592104,0.46791243184956066,num__NumOfProducts,0.48580698946414963,0.48580698946414963,Increases Churn Risk,1
15592104,0.46791243184956066,num__Tenure,-0.3952367331637486,0.3952367331637486,Decreases Churn Risk,2
15592104,0.46791243184956066,num__Age,-0.3115967486295134,0.3115967486295134,Decreases Churn Risk,3
15592104,0.46791243184956066,cat__Geography_Germany,-0.2781214073751664,0.2781214073751664,Decreases Churn Risk,4
15592104,0.46791243184956066,num__Balance,0.2412909465597312,0.2412909465597312,Increases Churn Risk,5
15592104,0.46791243184956066,cat__Geography_Spain,-0.178838197161618,0.178838197161618,Decreases Churn Risk,6
15592104,0.46791243184956066,num__EstimatedSalary,-0.16407449840795582,0.16407449840795582,Decreases Churn Risk,7
15592104,0.46791243184956066,num__IsActiveMember,0.14803472724234426,0.14803472724234426,Increases Churn Risk,8
15592104,0.46791243184956066,num__HasCrCard,-0.14090470903295707,0.14090470903295707,Decreases Churn Risk,9
15592104,0.46791243184956066,num__EngagementScore,0.12786992394870678,0.12786992394870678,Increases Churn Risk,10
15592025,0.09735512318058136,num__NumOfProducts,-1.351438533407879,1.351438533407879,Decreases Churn Risk,1
15592025,0.09735512318058136,num__Age,1.3377824136106895,1.3377824136106895,Increases Churn Risk,2
15592025,0.09735512318058136,cat__Gender_Male,-0.6169910371254352,0.6169910371254352,Decreases Churn Risk,3
15592025,0.09735512318058136,num__IsActiveMember,-0.5332647720171428,0.5332647720171428,Decreases Churn Risk,4
15592025,0.09735512318058136,num__EngagementScore,-0.34646444631718154,0.34646444631718154,Decreases Churn Risk,5
15592025,0.09735512318058136,num__Tenure,-0.31914700915223737,0.31914700915223737,Decreases Churn Risk,6
15592025,0.09735512318058136,cat__Geography_Germany,-0.3024296718222679,0.3024296718222679,Decreases Churn Risk,7
15592025,0.09735512318058136,num__HasBalance,-0.16103498512569173,0.16103498512569173,Decreases Churn Risk,8
15592025,0.09735512318058136,cat__Geography_Spain,-0.14387992272632444,0.14387992272632444,Decreases Churn Risk,9
15592025,0.09735512318058136,num__ProductDensity,-0.08731244809873788,0.08731244809873788,Decreases Churn Risk,10
15747265,0.16955147557177117,num__Age,-1.2669769699733153,1.2669769699733153,Decreases Churn Risk,1
15747265,0.16955147557177117,num__Balance,-0.43472239563310794,0.43472239563310794,Decreases Churn Risk,2
15747265,0.16955147557177117,num__IsActiveMember,-0.3100031277406816,0.3100031277406816,Decreases Churn Risk,3
15747265,0.16955147557177117,num__NumOfProducts,0.29126250721379504,0.29126250721379504,Increases Churn Risk,4
15747265,0.16955147557177117,num__ProductDensity,-0.1751002553982379,0.1751002553982379,Decreases Churn Risk,5
15747265,0.16955147557177117,cat__Geography_Spain,-0.14382996023719694,0.14382996023719694,Decreases Churn Risk,6
15747265,0.16955147557177117,cat__Geography_Germany,0.10159956457992139,0.10159956457992139,Increases Churn Risk,7
15747265,0.16955147557177117,num__EngagementScore,-0.09363274548315739,0.09363274548315739,Decreases Churn Risk,8
15747265,0.16955147557177117,num__BalanceSalaryRatio,0.07681823889951049,0.07681823889951049,Increases Churn Risk,9
15747265,0.16955147557177117,num__Tenure,-0.06835161508418187,0.06835161508418187,Decreases Churn Risk,10
15790267,0.318339226426711,cat__Geography_Germany,-0.5151976824475982,0.5151976824475982,Decreases Churn Risk,1
15790267,0.318339226426711,num__Tenure,-0.28357184598393875,0.28357184598393875,Decreases Churn Risk,2
15790267,0.318339226426711,num__IsActiveMember,-0.22773918699819812,0.22773918699819812,Decreases Churn Risk,3
15790267,0.318339226426711,num__ProductDensity,-0.19174946837849036,0.19174946837849036,Decreases Churn Risk,4
15790267,0.318339226426711,num__EstimatedSalary,0.19107879202364264,0.19107879202364264,Increases Churn Risk,5
15790267,0.318339226426711,cat__Geography_Spain,-0.1557988430524304,0.1557988430524304,Decreases Churn Risk,6
15790267,0.318339226426711,num__NumOfProducts,0.14783195832102664,0.14783195832102664,Increases Churn Risk,7
15790267,0.318339226426711,num__Age,-0.12551103763724847,0.12551103763724847,Decreases Churn Risk,8
15790267,0.318339226426711,num__EngagementScore,0.11018422601625086,0.11018422601625086,Increases Churn Risk,9
15790267,0.318339226426711,num__Balance,-0.0533015458898995,0.0533015458898995,Decreases Churn Risk,10
15735849,0.06357119418746,num__Age,-1.5380678343025382,1.5380678343025382,Decreases Churn Risk,1
15735849,0.06357119418746,num__NumOfProducts,-0.7679477478906443,0.7679477478906443,Decreases Churn Risk,2
15735849,0.06357119418746,cat__Geography_Spain,-0.2532755829133514,0.2532755829133514,Decreases Churn Risk,3
15735849,0.06357119418746,num__Tenure,-0.20892264905395222,0.20892264905395222,Decreases Churn Risk,4
15735849,0.06357119418746,cat__Geography_Germany,-0.19985361570752813,0.19985361570752813,Decreases Churn Risk,5
15735849,0.06357119418746,num__IsActiveMember,-0.15770956533761796,0.15770956533761796,Decreases Churn Risk,6
15735849,0.06357119418746,num__ProductDensity,-0.142898854474953,0.142898854474953,Decreases Churn Risk,7
15735849,0.06357119418746,num__EstimatedSalary,0.1369381290493679,0.1369381290493679,Increases Churn Risk,8
15735849,0.06357119418746,num__BalanceSalaryRatio,0.10693776592547403,0.10693776592547403,Increases Churn Risk,9
15735849,0.06357119418746,num__Balance,-0.1031756023161593,0.1031756023161593,Decreases Churn Risk,10
15779743,0.13810145842047908,num__NumOfProducts,-1.337702312609597,1.337702312609597,Decreases Churn Risk,1
15779743,0.13810145842047908,num__Tenure,-0.3327979241213478,0.3327979241213478,Decreases Churn Risk,2
15779743,0.13810145842047908,num__Age,0.313536319252532,0.313536319252532,Increases Churn Risk,3
15779743,0.13810145842047908,cat__Geography_Germany,-0.2739032228005403,0.2739032228005403,Decreases Churn Risk,4
15779743,0.13810145842047908,num__EngagementScore,-0.18690970838316326,0.18690970838316326,Decreases Churn Risk,5
15779743,0.13810145842047908,cat__Geography_Spain,-0.16867241376580727,0.16867241376580727,Decreases Churn Risk,6
15779743,0.13810145842047908,num__IsActiveMember,0.14542683392469163,0.14542683392469163,Increases Churn Risk,7
15779743,0.13810145842047908,num__HasBalance,-0.14288778490368345,0.14288778490368345,Decreases Churn Risk,8
15779743,0.13810145842047908,num__ProductDensity,-0.10432786119838003,0.10432786119838003,Decreases Churn Risk,9
15779743,0.13810145842047908,num__EstimatedSalary,-0.08308593655805062,0.08308593655805062,Decreases Churn Risk,10
15744913,0.03987538982202538,num__Age,-0.751251622060483,0.751251622060483,Decreases Churn Risk,1
15744913,0.03987538982202538,cat__Gender_Male,-0.6815160773818528,0.6815160773818528,Decreases Churn Risk,2
15744913,0.03987538982202538,cat__Geography_Germany,-0.6335893508521908,0.6335893508521908,Decreases Churn Risk,3
15744913,0.03987538982202538,cat__Geography_Spain,-0.39723190693343746,0.39723190693343746,Decreases Churn Risk,4
15744913,0.03987538982202538,num__IsActiveMember,-0.38191248392676036,0.38191248392676036,Decreases Churn Risk,5
15744913,0.03987538982202538,num__Tenure,-0.3332143140839461,0.3332143140839461,Decreases Churn Risk,6
15744913,0.03987538982202538,num__ProductDensity,-0.31787762876080594,0.31787762876080594,Decreases Churn Risk,7
15744913,0.03987538982202538,num__CustomerValue,-0.17091417560893626,0.17091417560893626,Decreases Churn Risk,8
15744913,0.03987538982202538,num__NumOfProducts,0.16242036323890874,0.16242036323890874,Increases Churn Risk,9
15744913,0.03987538982202538,num__EngagementScore,-0.14816171963684538,0.14816171963684538,Decreases Churn Risk,10
15800031,0.22621135210843094,cat__Gender_Male,-0.6328488117103412,0.6328488117103412,Decreases Churn Risk,1
15800031,0.22621135210843094,num__Age,0.432843252870254,0.432843252870254,Increases Churn Risk,2
15800031,0.22621135210843094,cat__Geography_Germany,-0.4179439287646797,0.4179439287646797,Decreases Churn Risk,3
15800031,0.22621135210843094,num__Balance,-0.2782671567173798,0.2782671567173798,Decreases Churn Risk,4
15800031,0.22621135210843094,num__IsActiveMember,-0.27615496917098004,0.27615496917098004,Decreases Churn Risk,5
15800031,0.22621135210843094,num__EngagementScore,-0.22796621910925705,0.22796621910925705,Decreases Churn Risk,6
15800031,0.22621135210843094,cat__Geography_Spain,-0.14540045015744943,0.14540045015744943,Decreases Churn Risk,7
15800031,0.22621135210843094,num__NumOfProducts,0.11715171294434287,0.11715171294434287,Increases Churn Risk,8
15800031,0.22621135210843094,num__BalanceSalaryRatio,0.10553419017573724,0.10553419017573724,Increases Churn Risk,9
15800031,0.22621135210843094,num__ProductDensity,-0.10162302968683191,0.10162302968683191,Decreases Churn Risk,10
15569666,0.8623030751654956,num__Age,0.7213615535582141,0.7213615535582141,Increases Churn Risk,1
15569666,0.8623030751654956,num__NumOfProducts,0.4197184945948148,0.4197184945948148,Increases Churn Risk,2
15569666,0.8623030751654956,cat__Geography_Germany,-0.29711614178833545,0.29711614178833545,Decreases Churn Risk,3
15569666,0.8623030751654956,num__EstimatedSalary,0.2551573251651309,0.2551573251651309,Increases Churn Risk,4
15569666,0.8623030751654956,num__Balance,0.2520073443585652,0.2520073443585652,Increases Churn Risk,5
15569666,0.8623030751654956,num__IsActiveMember,0.21426651178190861,0.21426651178190861,Increases Churn Risk,6
15569666,0.8623030751654956,num__EngagementScore,0.20006112024560163,0.20006112024560163,Increases Churn Risk,7
15569666,0.8623030751654956,num__ProductDensity,-0.17621035791196235,0.17621035791196235,Decreases Churn Risk,8
15569666,0.8623030751654956,cat__Geography_Spain,-0.14894607559199033,0.14894607559199033,Decreases Churn Risk,9
15569666,0.8623030751654956,num__HasCrCard,-0.06607717338180329,0.06607717338180329,Decreases Churn Risk,10
15617166,0.18023523427792862,num__Age,-0.83770168876949,0.83770168876949,Decreases Churn Risk,1
15617166,0.18023523427792862,num__AgeTenureInteraction,-0.7009776298935436,0.7009776298935436,Decreases Churn Risk,2
15617166,0.18023523427792862,cat__Gender_Male,-0.5808685644347457,0.5808685644347457,Decreases Churn Risk,3
15617166,0.18023523427792862,num__NumOfProducts,0.3600471149656819,0.3600471149656819,Increases Churn Risk,4
15617166,0.18023523427792862,cat__Geography_Germany,-0.3325641034678248,0.3325641034678248,Decreases Churn Risk,5
15617166,0.18023523427792862,cat__Geography_Spain,-0.2248108466008899,0.2248108466008899,Decreases Churn Risk,6
15617166,0.18023523427792862,num__EngagementScore,0.1860326280776436,0.1860326280776436,Increases Churn Risk,7
15617166,0.18023523427792862,num__IsActiveMember,0.17558091670959294,0.17558091670959294,Increases Churn Risk,8
15617166,0.18023523427792862,num__Tenure,0.1372967150521781,0.1372967150521781,Increases Churn Risk,9
15617166,0.18023523427792862,num__ProductDensity,-0.11350718908267489,0.11350718908267489,Decreases Churn Risk,10
15717560,0.7942119593244035,num__Age,1.336249713262994,1.336249713262994,Increases Churn Risk,1
15717560,0.7942119593244035,cat__Geography_Germany,-0.5535345131258432,0.5535345131258432,Decreases Churn Risk,2
15717560,0.7942119593244035,num__AgeTenureInteraction,-0.5216426198504474,0.5216426198504474,Decreases Churn Risk,3
15717560,0.7942119593244035,cat__Gender_Male,-0.43369536006307646,0.43369536006307646,Decreases Churn Risk,4
15717560,0.7942119593244035,num__Tenure,0.3370860109940268,0.3370860109940268,Increases Churn Risk,5
15717560,0.7942119593244035,num__IsActiveMember,0.3252997435942017,0.3252997435942017,Increases Churn Risk,6
15717560,0.7942119593244035,num__EngagementScore,0.24229179965202474,0.24229179965202474,Increases Churn Risk,7
15717560,0.7942119593244035,cat__Geography_Spain,-0.17350143255346448,0.17350143255346448,Decreases Churn Risk,8
15717560,0.7942119593244035,num__NumOfProducts,0.14446937694430953,0.14446937694430953,Increases Churn Risk,9
15717560,0.7942119593244035,num__BalanceSalaryRatio,0.12514602038928455,0.12514602038928455,Increases Churn Risk,10
15652540,0.017168038156028805,num__NumOfProducts,-1.1398458805927318,1.1398458805927318,Decreases Churn Risk,1
15652540,0.017168038156028805,num__Age,-1.109650187218366,1.109650187218366,Decreases Churn Risk,2
15652540,0.017168038156028805,cat__Gender_Male,-0.6720443174178455,0.6720443174178455,Decreases Churn Risk,3
15652540,0.017168038156028805,cat__Geography_Germany,-0.24513078752916875,0.24513078752916875,Decreases Churn Risk,4
15652540,0.017168038156028805,cat__Geography_Spain,-0.21680481659593978,0.21680481659593978,Decreases Churn Risk,5
15652540,0.017168038156028805,num__IsActiveMember,-0.19320743988998695,0.19320743988998695,Decreases Churn Risk,6
15652540,0.017168038156028805,num__Tenure,-0.186234212827681,0.186234212827681,Decreases Churn Risk,7
15652540,0.017168038156028805,num__EngagementScore,-0.1374219104597003,0.1374219104597003,Decreases Churn Risk,8
15652540,0.017168038156028805,num__HasBalance,-0.13030917864040684,0.13030917864040684,Decreases Churn Risk,9
15652540,0.017168038156028805,num__ProductDensity,-0.12872844428059682,0.12872844428059682,Decreases Churn Risk,10
15720745,0.07797416023642824,num__Age,-1.0378196027379756,1.0378196027379756,Decreases Churn Risk,1
15720745,0.07797416023642824,cat__Gender_Male,-0.65283181403871,0.65283181403871,Decreases Churn Risk,2
15720745,0.07797416023642824,cat__Geography_Germany,-0.5265822981483612,0.5265822981483612,Decreases Churn Risk,3
15720745,0.07797416023642824,num__IsActiveMember,-0.29855420845942526,0.29855420845942526,Decreases Churn Risk,4
15720745,0.07797416023642824,num__ProductDensity,-0.25532652164205766,0.25532652164205766,Decreases Churn Risk,5
15720745,0.07797416023642824,cat__Geography_Spain,-0.16100910226453197,0.16100910226453197,Decreases Churn Risk,6
15720745,0.07797416023642824,num__EngagementScore,-0.14478672681478696,0.14478672681478696,Decreases Churn Risk,7
15720745,0.07797416023642824,num__CreditScore,0.11182669442292961,0.11182669442292961,Increases Churn Risk,8
15720745,0.07797416023642824,num__NumOfProducts,0.09779403540883609,0.09779403540883609,Increases Churn Risk,9
15720745,0.07797416023642824,num__Balance,-0.05318044409500828,0.05318044409500828,Decreases Churn Risk,10
15612140,0.20362788470859652,cat__Geography_Spain,-0.5275013832849995,0.5275013832849995,Decreases Churn Risk,1
15612140,0.20362788470859652,cat__Geography_Germany,-0.5209857662403852,0.5209857662403852,Decreases Churn Risk,2
15612140,0.20362788470859652,num__Age,0.41313538623059615,0.41313538623059615,Increases Churn Risk,3
15612140,0.20362788470859652,num__IsActiveMember,-0.4120785939355226,0.4120785939355226,Decreases Churn Risk,4
15612140,0.20362788470859652,num__Tenure,-0.24782000634366047,0.24782000634366047,Decreases Churn Risk,5
15612140,0.20362788470859652,num__ProductDensity,-0.21123587353504034,0.21123587353504034,Decreases Churn Risk,6
15612140,0.20362788470859652,num__EngagementScore,-0.18993254435766072,0.18993254435766072,Decreases Churn Risk,7
15612140,0.20362788470859652,num__Balance,-0.057095630033335266,0.057095630033335266,Decreases Churn Risk,8
15612140,0.20362788470859652,num__BalanceSalaryRatio,0.04541404062322837,0.04541404062322837,Increases Churn Risk,9
15612140,0.20362788470859652,num__HasCrCard,0.03241265237469989,0.03241265237469989,Increases Churn Risk,10
15575430,0.07862705787365347,num__Age,-1.1688678521779627,1.1688678521779627,Decreases Churn Risk,1
15575430,0.07862705787365347,num__AgeTenureInteraction,-0.5599128345507264,0.5599128345507264,Decreases Churn Risk,2
15575430,0.07862705787365347,cat__Geography_Germany,-0.5553329170331642,0.5553329170331642,Decreases Churn Risk,3
15575430,0.07862705787365347,num__IsActiveMember,-0.2492585153419252,0.2492585153419252,Decreases Churn Risk,4
15575430,0.07862705787365347,cat__Geography_Spain,-0.22573106476986876,0.22573106476986876,Decreases Churn Risk,5
15575430,0.07862705787365347,num__NumOfProducts,0.1363336005165272,0.1363336005165272,Increases Churn Risk,6
15575430,0.07862705787365347,num__ProductDensity,-0.126142861572168,0.126142861572168,Decreases Churn Risk,7
15575430,0.07862705787365347,num__EstimatedSalary,0.09606857978073781,0.09606857978073781,Increases Churn Risk,8
15575430,0.07862705787365347,num__EngagementScore,-0.08361543362882652,0.08361543362882652,Decreases Churn Risk,9
15575430,0.07862705787365347,num__CreditScore,0.0747035690219524,0.0747035690219524,Increases Churn Risk,10
15763093,0.05492604077156967,num__NumOfProducts,-1.1864821742087903,1.1864821742087903,Decreases Churn Risk,1
15763093,0.05492604077156967,num__Age,-1.1353798856138406,1.1353798856138406,Decreases Churn Risk,2
15763093,0.05492604077156967,num__EstimatedSalary,-0.5753352438053139,0.5753352438053139,Decreases Churn Risk,3
15763093,0.05492604077156967,num__Tenure,-0.3961424766022729,0.3961424766022729,Decreases Churn Risk,4
15763093,0.05492604077156967,cat__Geography_Germany,0.24805067644657702,0.24805067644657702,Increases Churn Risk,5
15763093,0.05492604077156967,cat__Geography_Spain,-0.15472266539597865,0.15472266539597865,Decreases Churn Risk,6
15763093,0.05492604077156967,num__IsActiveMember,0.1538415973024486,0.1538415973024486,Increases Churn Risk,7
15763093,0.05492604077156967,num__CreditScore,0.11090703721723641,0.11090703721723641,Increases Churn Risk,8
15763093,0.05492604077156967,num__ProductDensity,-0.10707057488524944,0.10707057488524944,Decreases Churn Risk,9
15763093,0.05492604077156967,num__EngagementScore,-0.09425509766543842,0.09425509766543842,Decreases Churn Risk,10
15813974,0.6003546029376542,num__Age,-0.7645660564192562,0.7645660564192562,Decreases Churn Risk,1
15813974,0.6003546029376542,cat__Geography_Germany,0.6144448598383587,0.6144448598383587,Increases Churn Risk,2
15813974,0.6003546029376542,cat__Gender_Male,-0.520932320837324,0.520932320837324,Decreases Churn Risk,3
15813974,0.6003546029376542,num__NumOfProducts,0.36588216279959584,0.36588216279959584,Increases Churn Risk,4
15813974,0.6003546029376542,num__IsActiveMember,0.2499687255706098,0.2499687255706098,Increases Churn Risk,5
15813974,0.6003546029376542,num__Tenure,-0.19707941755566613,0.19707941755566613,Decreases Churn Risk,6
15813974,0.6003546029376542,num__Balance,0.17576870651763513,0.17576870651763513,Increases Churn Risk,7
15813974,0.6003546029376542,num__EngagementScore,0.1705994780846707,0.1705994780846707,Increases Churn Risk,8
15813974,0.6003546029376542,num__EstimatedSalary,0.15363546128084973,0.15363546128084973,Increases Churn Risk,9
15813974,0.6003546029376542,cat__Geography_Spain,-0.13619854002537865,0.13619854002537865,Decreases Churn Risk,10
15775826,0.039218808837396535,num__Age,-1.3209950793259522,1.3209950793259522,Decreases Churn Risk,1
15775826,0.039218808837396535,num__AgeTenureInteraction,-0.641415223173608,0.641415223173608,Decreases Churn Risk,2
15775826,0.039218808837396535,cat__Gender_Male,-0.602573782540954,0.602573782540954,Decreases Churn Risk,3
15775826,0.039218808837396535,cat__Geography_Germany,-0.36368716796838807,0.36368716796838807,Decreases Churn Risk,4
15775826,0.039218808837396535,num__Balance,-0.30132017158924335,0.30132017158924335,Decreases Churn Risk,5
15775826,0.039218808837396535,num__IsActiveMember,-0.24337195666430697,0.24337195666430697,Decreases Churn Risk,6
15775826,0.039218808837396535,num__NumOfProducts,0.23824255353820412,0.23824255353820412,Increases Churn Risk,7
15775826,0.039218808837396535,cat__Geography_Spain,-0.2307220590591157,0.2307220590591157,Decreases Churn Risk,8
15775826,0.039218808837396535,num__EngagementScore,0.1565535088878762,0.1565535088878762,Increases Churn Risk,9
15775826,0.039218808837396535,num__ProductDensity,-0.13496272891173325,0.13496272891173325,Decreases Churn Risk,10
15763613,0.010858314890887717,num__Age,-1.3339887475697485,1.3339887475697485,Decreases Churn Risk,1
15763613,0.010858314890887717,num__NumOfProducts,-1.3088172242785514,1.3088172242785514,Decreases Churn Risk,2
15763613,0.010858314890887717,cat__Gender_Male,-0.5849431118586093,0.5849431118586093,Decreases Churn Risk,3
15763613,0.010858314890887717,num__AgeTenureInteraction,-0.5540019707534289,0.5540019707534289,Decreases Churn Risk,4
15763613,0.010858314890887717,num__EstimatedSalary,-0.35649750338749725,0.35649750338749725,Decreases Churn Risk,5
15763613,0.010858314890887717,cat__Geography_Germany,-0.2511023244508735,0.2511023244508735,Decreases Churn Risk,6
15763613,0.010858314890887717,cat__Geography_Spain,-0.2264482535283234,0.2264482535283234,Decreases Churn Risk,7
15763613,0.010858314890887717,num__ProductDensity,-0.19438376177808145,0.19438376177808145,Decreases Churn Risk,8
15763613,0.010858314890887717,num__IsActiveMember,0.16496133402811225,0.16496133402811225,Increases Churn Risk,9
15763613,0.010858314890887717,num__EngagementScore,-0.14650899928984407,0.14650899928984407,Decreases Churn Risk,10
15681026,0.4772684870989962,num__Age,-1.1116647298318103,1.1116647298318103,Decreases Churn Risk,1
15681026,0.4772684870989962,cat__Geography_Germany,0.5847126849130672,0.5847126849130672,Increases Churn Risk,2
15681026,0.4772684870989962,num__NumOfProducts,0.4478824317713754,0.4478824317713754,Increases Churn Risk,3
15681026,0.4772684870989962,num__IsActiveMember,-0.29066565116953097,0.29066565116953097,Decreases Churn Risk,4
15681026,0.4772684870989962,num__Tenure,-0.16466569259387578,0.16466569259387578,Decreases Churn Risk,5
15681026,0.4772684870989962,cat__Geography_Spain,-0.13076897273243557,0.13076897273243557,Decreases Churn Risk,6
15681026,0.4772684870989962,num__AgeTenureInteraction,0.10822064866259254,0.10822064866259254,Increases Churn Risk,7
15681026,0.4772684870989962,num__Balance,0.10122447719176458,0.10122447719176458,Increases Churn Risk,8
15681026,0.4772684870989962,num__EngagementScore,-0.08234740831222914,0.08234740831222914,Decreases Churn Risk,9
15681026,0.4772684870989962,num__ProductDensity,0.051578256243464876,0.051578256243464876,Increases Churn Risk,10
15737792,0.16421281328196227,num__Age,-1.3068650525420895,1.3068650525420895,Decreases Churn Risk,1
15737792,0.16421281328196227,num__AgeTenureInteraction,-0.6683121624413901,0.6683121624413901,Decreases Churn Risk,2
15737792,0.16421281328196227,num__NumOfProducts,0.292161764901506,0.292161764901506,Increases Churn Risk,3
15737792,0.16421281328196227,cat__Geography_Spain,-0.25676080260959816,0.25676080260959816,Decreases Churn Risk,4
15737792,0.16421281328196227,num__Balance,0.22652641874107465,0.22652641874107465,Increases Churn Risk,5
15737792,0.16421281328196227,cat__Geography_Germany,-0.21673555195910726,0.21673555195910726,Decreases Churn Risk,6
15737792,0.16421281328196227,num__IsActiveMember,0.19324023691697798,0.19324023691697798,Increases Churn Risk,7
15737792,0.16421281328196227,num__CreditScore,-0.18297386412033712,0.18297386412033712,Decreases Churn Risk,8
15737792,0.16421281328196227,num__EstimatedSalary,0.16614232871957327,0.16614232871957327,Increases Churn Risk,9
15737792,0.16421281328196227,num__ProductDensity,-0.15205531862112132,0.15205531862112132,Decreases Churn Risk,10
15612455,0.6970776540120152,num__Age,0.7450145280919869,0.7450145280919869,Increases Churn Risk,1
15612455,0.6970776540120152,cat__Geography_Germany,0.6166168857143458,0.6166168857143458,Increases Churn Risk,2
15612455,0.6970776540120152,cat__Gender_Male,-0.5492707607294064,0.5492707607294064,Decreases Churn Risk,3
15612455,0.6970776540120152,num__IsActiveMember,-0.3701945447487471,0.3701945447487471,Decreases Churn Risk,4
15612455,0.6970776540120152,num__Tenure,-0.3252317731384622,0.3252317731384622,Decreases Churn Risk,5
15612455,0.6970776540120152,num__NumOfProducts,0.2618026888862895,0.2618026888862895,Increases Churn Risk,6
15612455,0.6970776540120152,num__Balance,0.13749351908622467,0.13749351908622467,Increases Churn Risk,7
15612455,0.6970776540120152,num__EngagementScore,-0.10965832756700855,0.10965832756700855,Decreases Churn Risk,8
15612455,0.6970776540120152,cat__Geography_Spain,-0.09846679800466135,0.09846679800466135,Decreases Churn Risk,9
15612455,0.6970776540120152,num__EstimatedSalary,0.05801691906965666,0.05801691906965666,Increases Churn Risk,10
15812706,0.4304557630744546,num__Age,1.1207198199574322,1.1207198199574322,Increases Churn Risk,1
15812706,0.4304557630744546,cat__Gender_Male,-0.5934101093569422,0.5934101093569422,Decreases Churn Risk,2
15812706,0.4304557630744546,cat__Geography_Germany,-0.5199402591318122,0.5199402591318122,Decreases Churn Risk,3
15812706,0.4304557630744546,cat__Geography_Spain,-0.5032261712860292,0.5032261712860292,Decreases Churn Risk,4
15812706,0.4304557630744546,num__IsActiveMember,-0.4142303819101863,0.4142303819101863,Decreases Churn Risk,5
15812706,0.4304557630744546,num__EngagementScore,0.20884620460911346,0.20884620460911346,Increases Churn Risk,6
15812706,0.4304557630744546,num__ProductDensity,-0.1619190271734952,0.1619190271734952,Decreases Churn Risk,7
15812706,0.4304557630744546,num__EstimatedSalary,0.08729299795530925,0.08729299795530925,Increases Churn Risk,8
15812706,0.4304557630744546,num__CustomerValue,0.06754540638745642,0.06754540638745642,Increases Churn Risk,9
15812706,0.4304557630744546,num__NumOfProducts,0.05889195010391346,0.05889195010391346,Increases Churn Risk,10
15657637,0.6417641918513955,num__NumOfProducts,2.312881681480067,2.312881681480067,Increases Churn Risk,1
15657637,0.6417641918513955,num__Age,-0.7835013687826794,0.7835013687826794,Decreases Churn Risk,2
15657637,0.6417641918513955,num__CustomerValue,-0.6009865881567062,0.6009865881567062,Decreases Churn Risk,3
15657637,0.6417641918513955,cat__Geography_Spain,-0.26745049986242514,0.26745049986242514,Decreases Churn Risk,4
15657637,0.6417641918513955,num__IsActiveMember,0.23470678882958337,0.23470678882958337,Increases Churn Risk,5
15657637,0.6417641918513955,num__BalanceSalaryRatio,-0.1769171969011441,0.1769171969011441,Decreases Churn Risk,6
15657637,0.6417641918513955,cat__Geography_Germany,-0.12523817876921448,0.12523817876921448,Decreases Churn Risk,7
15657637,0.6417641918513955,num__ProductDensity,-0.12427421375316909,0.12427421375316909,Decreases Churn Risk,8
15657637,0.6417641918513955,num__Tenure,-0.11684188668711407,0.11684188668711407,Decreases Churn Risk,9
15657637,0.6417641918513955,num__Balance,-0.05652812478278135,0.05652812478278135,Decreases Churn Risk,10
15684908,0.5766156836970655,num__IsActiveMember,-0.880462588092245,0.880462588092245,Decreases Churn Risk,1
15684908,0.5766156836970655,num__Age,0.5306434532849684,0.5306434532849684,Increases Churn Risk,2
15684908,0.5766156836970655,cat__Gender_Male,-0.44709868524160895,0.44709868524160895,Decreases Churn Risk,3
15684908,0.5766156836970655,cat__Geography_Germany,0.37085526260817236,0.37085526260817236,Increases Churn Risk,4
15684908,0.5766156836970655,num__AgeTenureInteraction,0.2543547582530741,0.2543547582530741,Increases Churn Risk,5
15684908,0.5766156836970655,num__NumOfProducts,0.23494130712112418,0.23494130712112418,Increases Churn Risk,6
15684908,0.5766156836970655,num__Balance,-0.1553493693431908,0.1553493693431908,Decreases Churn Risk,7
15684908,0.5766156836970655,num__EngagementScore,0.13815301223412965,0.13815301223412965,Increases Churn Risk,8
15684908,0.5766156836970655,cat__Geography_Spain,-0.1062854081256997,0.1062854081256997,Decreases Churn Risk,9
15684908,0.5766156836970655,num__Tenure,0.08865795723416457,0.08865795723416457,Increases Churn Risk,10
15627999,0.031062280608600338,num__Age,-1.1985660968291605,1.1985660968291605,Decreases Churn Risk,1
15627999,0.031062280608600338,num__NumOfProducts,-1.1244319537091645,1.1244319537091645,Decreases Churn Risk,2
15627999,0.031062280608600338,cat__Gender_Male,-0.620264310649773,0.620264310649773,Decreases Churn Risk,3
15627999,0.031062280608600338,cat__Geography_Germany,-0.2238711661696838,0.2238711661696838,Decreases Churn Risk,4
15627999,0.031062280608600338,num__IsActiveMember,0.1775400003101585,0.1775400003101585,Increases Churn Risk,5
15627999,0.031062280608600338,num__EngagementScore,-0.15200913774435068,0.15200913774435068,Decreases Churn Risk,6
15627999,0.031062280608600338,num__Tenure,-0.1352800352839986,0.1352800352839986,Decreases Churn Risk,7
15627999,0.031062280608600338,num__HasBalance,-0.13030917864040684,0.13030917864040684,Decreases Churn Risk,8
15627999,0.031062280608600338,num__ProductDensity,-0.12984414073727657,0.12984414073727657,Decreases Churn Risk,9
15627999,0.031062280608600338,cat__Geography_Spain,-0.12714223901364652,0.12714223901364652,Decreases Churn Risk,10
15575060,0.024048018835848763,num__Age,-1.3737474425033083,1.3737474425033083,Decreases Churn Risk,1
15575060,0.024048018835848763,num__NumOfProducts,-1.2434017034817726,1.2434017034817726,Decreases Churn Risk,2
15575060,0.024048018835848763,cat__Gender_Male,-0.628657704877967,0.628657704877967,Decreases Churn Risk,3
15575060,0.024048018835848763,cat__Geography_Germany,-0.2493374050385461,0.2493374050385461,Decreases Churn Risk,4
15575060,0.024048018835848763,num__Tenure,-0.21451047687409996,0.21451047687409996,Decreases Churn Risk,5
15575060,0.024048018835848763,num__IsActiveMember,0.20988024816902198,0.20988024816902198,Increases Churn Risk,6
15575060,0.024048018835848763,cat__Geography_Spain,-0.19140611117836437,0.19140611117836437,Decreases Churn Risk,7
15575060,0.024048018835848763,num__CreditScore,-0.18174204554167867,0.18174204554167867,Decreases Churn Risk,8
15575060,0.024048018835848763,num__EngagementScore,-0.15497296239685993,0.15497296239685993,Decreases Churn Risk,9
15575060,0.024048018835848763,num__EstimatedSalary,0.13549572650758446,0.13549572650758446,Increases Churn Risk,10
15687946,0.25901386011080435,num__Age,0.9711023251096628,0.9711023251096628,Increases Churn Risk,1
15687946,0.25901386011080435,num__IsActiveMember,-0.8006942917285416,0.8006942917285416,Decreases Churn Risk,2
15687946,0.25901386011080435,cat__Geography_Germany,-0.5453168047908916,0.5453168047908916,Decreases Churn Risk,3
15687946,0.25901386011080435,num__AgeTenureInteraction,-0.24394267807616735,0.24394267807616735,Decreases Churn Risk,4
15687946,0.25901386011080435,num__Tenure,-0.2412434392733631,0.2412434392733631,Decreases Churn Risk,5
15687946,0.25901386011080435,num__EngagementScore,-0.2030230093063247,0.2030230093063247,Decreases Churn Risk,6
15687946,0.25901386011080435,cat__Geography_Spain,-0.1354464601544475,0.1354464601544475,Decreases Churn Risk,7
15687946,0.25901386011080435,num__BalanceSalaryRatio,-0.08646966053336949,0.08646966053336949,Decreases Churn Risk,8
15687946,0.25901386011080435,num__EstimatedSalary,-0.06080159002390951,0.06080159002390951,Decreases Churn Risk,9
15687946,0.25901386011080435,cat__Gender_Male,-0.05355666243725972,0.05355666243725972,Decreases Churn Risk,10
15706268,0.7591498481986854,num__Age,1.282527964024592,1.282527964024592,Increases Churn Risk,1
15706268,0.7591498481986854,cat__Geography_Germany,0.4995562187388666,0.4995562187388666,Increases Churn Risk,2
15706268,0.7591498481986854,cat__Gender_Male,-0.489481311250366,0.489481311250366,Decreases Churn Risk,3
15706268,0.7591498481986854,num__IsActiveMember,-0.4604278764845372,0.4604278764845372,Decreases Churn Risk,4
15706268,0.7591498481986854,num__NumOfProducts,0.2576406272350427,0.2576406272350427,Increases Churn Risk,5
15706268,0.7591498481986854,num__Balance,-0.18502822035551625,0.18502822035551625,Decreases Churn Risk,6
15706268,0.7591498481986854,num__EngagementScore,-0.13171728711147118,0.13171728711147118,Decreases Churn Risk,7
15706268,0.7591498481986854,num__ProductDensity,-0.10334267337531287,0.10334267337531287,Decreases Churn Risk,8
15706268,0.7591498481986854,cat__Geography_Spain,-0.0982557984234273,0.0982557984234273,Decreases Churn Risk,9
15706268,0.7591498481986854,num__BalanceSalaryRatio,0.08013499312639404,0.08013499312639404,Increases Churn Risk,10
15611682,0.08981083404074845,cat__Gender_Male,-0.6398402771174151,0.6398402771174151,Decreases Churn Risk,1
15611682,0.08981083404074845,num__Age,-0.604194368257442,0.604194368257442,Decreases Churn Risk,2
15611682,0.08981083404074845,cat__Geography_Spain,-0.40347733402243535,0.40347733402243535,Decreases Churn Risk,3
15611682,0.08981083404074845,num__IsActiveMember,-0.33630263591777354,0.33630263591777354,Decreases Churn Risk,4
15611682,0.08981083404074845,cat__Geography_Germany,-0.3257391789300557,0.3257391789300557,Decreases Churn Risk,5
15611682,0.08981083404074845,num__Tenure,-0.31958275286578747,0.31958275286578747,Decreases Churn Risk,6
15611682,0.08981083404074845,num__EngagementScore,-0.1582979143057904,0.1582979143057904,Decreases Churn Risk,7
15611682,0.08981083404074845,num__CustomerValue,0.10854927162012995,0.10854927162012995,Increases Churn Risk,8
15611682,0.08981083404074845,num__NumOfProducts,0.09395540311264756,0.09395540311264756,Increases Churn Risk,9
15611682,0.08981083404074845,num__Balance,-0.0912496726886422,0.0912496726886422,Decreases Churn Risk,10
15724453,0.1608884810587797,num__Age,-1.8002820302724698,1.8002820302724698,Decreases Churn Risk,1
15724453,0.1608884810587797,cat__Gender_Male,-0.5326255428892188,0.5326255428892188,Decreases Churn Risk,2
15724453,0.1608884810587797,num__NumOfProducts,0.49043412568718614,0.49043412568718614,Increases Churn Risk,3
15724453,0.1608884810587797,cat__Geography_Germany,-0.3416857699556451,0.3416857699556451,Decreases Churn Risk,4
15724453,0.1608884810587797,num__Balance,0.2830444348657904,0.2830444348657904,Increases Churn Risk,5
15724453,0.1608884810587797,num__EstimatedSalary,0.2502575150088396,0.2502575150088396,Increases Churn Risk,6
15724453,0.1608884810587797,cat__Geography_Spain,-0.20948282357072398,0.20948282357072398,Decreases Churn Risk,7
15724453,0.1608884810587797,num__Tenure,-0.19810509921827926,0.19810509921827926,Decreases Churn Risk,8
15724453,0.1608884810587797,num__ProductDensity,-0.18655297536143026,0.18655297536143026,Decreases Churn Risk,9
15724453,0.1608884810587797,num__EngagementScore,0.16876655935380688,0.16876655935380688,Increases Churn Risk,10
15634180,0.07902442662688905,num__Age,-1.6555229700148761,1.6555229700148761,Decreases Churn Risk,1
15634180,0.07902442662688905,num__NumOfProducts,-0.9868822851863872,0.9868822851863872,Decreases Churn Risk,2
15634180,0.07902442662688905,cat__Gender_Male,-0.5643253121287445,0.5643253121287445,Decreases Churn Risk,3
15634180,0.07902442662688905,cat__Geography_Germany,0.3068013377851592,0.3068013377851592,Increases Churn Risk,4
15634180,0.07902442662688905,num__IsActiveMember,0.24147861072628157,0.24147861072628157,Increases Churn Risk,5
15634180,0.07902442662688905,num__BalanceSalaryRatio,0.22465492143631494,0.22465492143631494,Increases Churn Risk,6
15634180,0.07902442662688905,num__EstimatedSalary,-0.17188141061020099,0.17188141061020099,Decreases Churn Risk,7
15634180,0.07902442662688905,cat__Geography_Spain,-0.17111253895111325,0.17111253895111325,Decreases Churn Risk,8
15634180,0.07902442662688905,num__EngagementScore,-0.15640807096821058,0.15640807096821058,Decreases Churn Risk,9
15634180,0.07902442662688905,num__ProductDensity,-0.11479138192464337,0.11479138192464337,Decreases Churn Risk,10
15759456,0.08241435278807466,num__Age,-1.0892569108436128,1.0892569108436128,Decreases Churn Risk,1
15759456,0.08241435278807466,num__NumOfProducts,-0.8043508290689055,0.8043508290689055,Decreases Churn Risk,2
15759456,0.08241435278807466,cat__Gender_Male,-0.5750475295583309,0.5750475295583309,Decreases Churn Risk,3
15759456,0.08241435278807466,cat__Geography_Germany,-0.30062934636950367,0.30062934636950367,Decreases Churn Risk,4
15759456,0.08241435278807466,num__Tenure,-0.29654065400879454,0.29654065400879454,Decreases Churn Risk,5
15759456,0.08241435278807466,num__BalanceSalaryRatio,0.29466101323356225,0.29466101323356225,Increases Churn Risk,6
15759456,0.08241435278807466,num__IsActiveMember,0.25134716218924125,0.25134716218924125,Increases Churn Risk,7
15759456,0.08241435278807466,num__EngagementScore,-0.15187122925757257,0.15187122925757257,Decreases Churn Risk,8
15759456,0.08241435278807466,cat__Geography_Spain,-0.14359357378715032,0.14359357378715032,Decreases Churn Risk,9
15759456,0.08241435278807466,num__Balance,0.12997159534199995,0.12997159534199995,Increases Churn Risk,10
15654506,0.0257210608084339,num__Age,-1.2961155504141275,1.2961155504141275,Decreases Churn Risk,1
15654506,0.0257210608084339,num__NumOfProducts,-1.1848001752120743,1.1848001752120743,Decreases Churn Risk,2
15654506,0.0257210608084339,cat__Gender_Male,-0.6406990344937861,0.6406990344937861,Decreases Churn Risk,3
15654506,0.0257210608084339,cat__Geography_Germany,-0.2527540009267178,0.2527540009267178,Decreases Churn Risk,4
15654506,0.0257210608084339,cat__Geography_Spain,-0.20680960108841995,0.20680960108841995,Decreases Churn Risk,5
15654506,0.0257210608084339,num__IsActiveMember,0.17922914434094578,0.17922914434094578,Increases Churn Risk,6
15654506,0.0257210608084339,num__Tenure,-0.1645196696894352,0.1645196696894352,Decreases Churn Risk,7
15654506,0.0257210608084339,num__EngagementScore,-0.15316808906151488,0.15316808906151488,Decreases Churn Risk,8
15654506,0.0257210608084339,num__HasBalance,-0.13030917864040684,0.13030917864040684,Decreases Churn Risk,9
15654506,0.0257210608084339,num__CustomerValue,-0.10439724251187996,0.10439724251187996,Decreases Churn Risk,10
15746258,0.03577557494578898,num__Age,-1.1234135778377876,1.1234135778377876,Decreases Churn Risk,1
15746258,0.03577557494578898,cat__Gender_Male,-0.6208978740382128,0.6208978740382128,Decreases Churn Risk,2
15746258,0.03577557494578898,cat__Geography_Germany,-0.563793558762072,0.563793558762072,Decreases Churn Risk,3
15746258,0.03577557494578898,num__Tenure,-0.32266495375148113,0.32266495375148113,Decreases Churn Risk,4
15746258,0.03577557494578898,num__EstimatedSalary,-0.2753269815913523,0.2753269815913523,Decreases Churn Risk,5
15746258,0.03577557494578898,num__IsActiveMember,-0.25977503072383373,0.25977503072383373,Decreases Churn Risk,6
15746258,0.03577557494578898,num__ProductDensity,-0.2536203630507298,0.2536203630507298,Decreases Churn Risk,7
15746258,0.03577557494578898,cat__Geography_Spain,-0.20678923233348556,0.20678923233348556,Decreases Churn Risk,8
15746258,0.03577557494578898,num__NumOfProducts,0.17735620113557082,0.17735620113557082,Increases Churn Risk,9
15746258,0.03577557494578898,num__EngagementScore,-0.14735705988942116,0.14735705988942116,Decreases Churn Risk,10
15643188,0.6563204267180927,num__NumOfProducts,-1.0213387026690954,1.0213387026690954,Decreases Churn Risk,1
15643188,0.6563204267180927,num__Age,0.9565479431911524,0.9565479431911524,Increases Churn Risk,2
15643188,0.6563204267180927,num__Tenure,-0.3739638378605539,0.3739638378605539,Decreases Churn Risk,3
15643188,0.6563204267180927,cat__Geography_Germany,0.34238272662319374,0.34238272662319374,Increases Churn Risk,4
15643188,0.6563204267180927,num__IsActiveMember,0.20430268932551923,0.20430268932551923,Increases Churn Risk,5
15643188,0.6563204267180927,num__Balance,0.19609580185754666,0.19609580185754666,Increases Churn Risk,6
15643188,0.6563204267180927,num__EngagementScore,-0.14422119900826075,0.14422119900826075,Decreases Churn Risk,7
15643188,0.6563204267180927,num__EstimatedSalary,0.1400510387493119,0.1400510387493119,Increases Churn Risk,8
15643188,0.6563204267180927,cat__Geography_Spain,-0.13319738285505542,0.13319738285505542,Decreases Churn Risk,9
15643188,0.6563204267180927,num__ProductDensity,-0.09699087893123588,0.09699087893123588,Decreases Churn Risk,10
15652469,0.013143101198661612,num__Age,-1.5455436117472967,1.5455436117472967,Decreases Churn Risk,1
15652469,0.013143101198661612,num__NumOfProducts,-1.0324163903181216,1.0324163903181216,Decreases Churn Risk,2
15652469,0.013143101198661612,cat__Gender_Male,-0.6275084839004395,0.6275084839004395,Decreases Churn Risk,3
15652469,0.013143101198661612,num__AgeTenureInteraction,-0.5144971820780209,0.5144971820780209,Decreases Churn Risk,4
15652469,0.013143101198661612,cat__Geography_Spain,-0.24687835522733836,0.24687835522733836,Decreases Churn Risk,5
15652469,0.013143101198661612,cat__Geography_Germany,-0.24165690010268517,0.24165690010268517,Decreases Churn Risk,6
15652469,0.013143101198661612,num__IsActiveMember,0.17818829335752084,0.17818829335752084,Increases Churn Risk,7
15652469,0.013143101198661612,num__EngagementScore,-0.14973484019247582,0.14973484019247582,Decreases Churn Risk,8
15652469,0.013143101198661612,num__ProductDensity,-0.13446036402312575,0.13446036402312575,Decreases Churn Risk,9
15652469,0.013143101198661612,num__HasBalance,-0.13030917864040684,0.13030917864040684,Decreases Churn Risk,10
15698703,0.07139034043269356,num__NumOfProducts,-1.0491514566958327,1.0491514566958327,Decreases Churn Risk,1
15698703,0.07139034043269356,cat__Gender_Male,-0.6430833929000127,0.6430833929000127,Decreases Churn Risk,2
15698703,0.07139034043269356,num__Tenure,-0.4091210774969724,0.4091210774969724,Decreases Churn Risk,3
15698703,0.07139034043269356,num__Balance,-0.2693864378840586,0.2693864378840586,Decreases Churn Risk,4
15698703,0.07139034043269356,num__IsActiveMember,-0.2497286085974505,0.2497286085974505,Decreases Churn Risk,5
15698703,0.07139034043269356,num__Age,-0.19039047123342961,0.19039047123342961,Decreases Churn Risk,6
15698703,0.07139034043269356,cat__Geography_Spain,-0.18183332725718407,0.18183332725718407,Decreases Churn Risk,7
15698703,0.07139034043269356,num__EngagementScore,-0.1559524487862907,0.1559524487862907,Decreases Churn Risk,8
15698703,0.07139034043269356,num__CustomerValue,0.05544155316569226,0.05544155316569226,Increases Churn Risk,9
15698703,0.07139034043269356,num__CreditScore,0.05399226557573454,0.05399226557573454,Increases Churn Risk,10
15621075,0.40861957618126016,num__NumOfProducts,-1.0700397967114823,1.0700397967114823,Decreases Churn Risk,1
15621075,0.40861957618126016,num__Age,0.8207380327407492,0.8207380327407492,Increases Churn Risk,2
15621075,0.40861957618126016,num__Balance,-0.4059531040161017,0.4059531040161017,Decreases Churn Risk,3
15621075,0.40861957618126016,num__IsActiveMember,0.26355860175831697,0.26355860175831697,Increases Churn Risk,4
15621075,0.40861957618126016,num__CreditScore,-0.22707220117478066,0.22707220117478066,Decreases Churn Risk,5
15621075,0.40861957618126016,cat__Geography_Germany,0.1496084225978042,0.1496084225978042,Increases Churn Risk,6
15621075,0.40861957618126016,cat__Geography_Spain,-0.1486496690677522,0.1486496690677522,Decreases Churn Risk,7
15621075,0.40861957618126016,num__BalanceSalaryRatio,0.1170544143913131,0.1170544143913131,Increases Churn Risk,8
15621075,0.40861957618126016,num__EngagementScore,-0.11247909551135427,0.11247909551135427,Decreases Churn Risk,9
15621075,0.40861957618126016,num__AgeTenureInteraction,-0.09935587185442987,0.09935587185442987,Decreases Churn Risk,10
15600258,0.04151079620587068,num__NumOfProducts,-1.3143161151197806,1.3143161151197806,Decreases Churn Risk,1
15600258,0.04151079620587068,cat__Gender_Male,-0.7270967239602965,0.7270967239602965,Decreases Churn Risk,2
15600258,0.04151079620587068,num__Age,0.42055633095749423,0.42055633095749423,Increases Churn Risk,3
15600258,0.04151079620587068,cat__Geography_Germany,-0.3183119345007321,0.3183119345007321,Decreases Churn Risk,4
15600258,0.04151079620587068,num__IsActiveMember,-0.2903408648430795,0.2903408648430795,Decreases Churn Risk,5
15600258,0.04151079620587068,num__EngagementScore,-0.2783117845748928,0.2783117845748928,Decreases Churn Risk,6
15600258,0.04151079620587068,num__Tenure,-0.23068186131426646,0.23068186131426646,Decreases Churn Risk,7
15600258,0.04151079620587068,num__AgeTenureInteraction,-0.1618394973450417,0.1618394973450417,Decreases Churn Risk,8
15600258,0.04151079620587068,cat__Geography_Spain,-0.15087797743959544,0.15087797743959544,Decreases Churn Risk,9
15600258,0.04151079620587068,num__HasBalance,-0.14288778490368345,0.14288778490368345,Decreases Churn Risk,10
15752375,0.28625274570255127,num__Age,-1.2977289814614839,1.2977289814614839,Decreases Churn Risk,1
15752375,0.28625274570255127,cat__Gender_Male,-0.5178335873377476,0.5178335873377476,Decreases Churn Risk,2
15752375,0.28625274570255127,cat__Geography_Germany,0.4385092536648893,0.4385092536648893,Increases Churn Risk,3
15752375,0.28625274570255127,num__NumOfProducts,0.3829809507200616,0.3829809507200616,Increases Churn Risk,4
15752375,0.28625274570255127,num__Balance,-0.3072756250619673,0.3072756250619673,Decreases Churn Risk,5
15752375,0.28625274570255127,num__ProductDensity,-0.2700814880685044,0.2700814880685044,Decreases Churn Risk,6
15752375,0.28625274570255127,num__IsActiveMember,0.21323545953420062,0.21323545953420062,Increases Churn Risk,7
15752375,0.28625274570255127,num__EngagementScore,0.18274714689938903,0.18274714689938903,Increases Churn Risk,8
15752375,0.28625274570255127,cat__Geography_Spain,-0.16486097679620876,0.16486097679620876,Decreases Churn Risk,9
15752375,0.28625274570255127,num__Tenure,-0.16340087650161145,0.16340087650161145,Decreases Churn Risk,10
15700654,0.2067938563249637,num__NumOfProducts,-1.049137700692087,1.049137700692087,Decreases Churn Risk,1
15700654,0.2067938563249637,cat__Gender_Male,-0.5997836182914957,0.5997836182914957,Decreases Churn Risk,2
15700654,0.2067938563249637,num__Balance,-0.4954292775398058,0.4954292775398058,Decreases Churn Risk,3
15700654,0.2067938563249637,num__Age,0.41904855453847856,0.41904855453847856,Increases Churn Risk,4
15700654,0.2067938563249637,num__IsActiveMember,0.218614507745653,0.218614507745653,Increases Churn Risk,5
15700654,0.2067938563249637,num__Tenure,-0.19711395471505844,0.19711395471505844,Decreases Churn Risk,6
15700654,0.2067938563249637,num__BalanceSalaryRatio,0.16021900521670265,0.16021900521670265,Increases Churn Risk,7
15700654,0.2067938563249637,cat__Geography_Spain,-0.14477140970336494,0.14477140970336494,Decreases Churn Risk,8
15700654,0.2067938563249637,num__EngagementScore,-0.13877812648015025,0.13877812648015025,Decreases Churn Risk,9
15700654,0.2067938563249637,cat__Geography_Germany,0.13698347634845195,0.13698347634845195,Increases Churn Risk,10
15782659,0.09438670300891089,num__Age,-1.481193882917969,1.481193882917969,Decreases Churn Risk,1
15782659,0.09438670300891089,num__AgeTenureInteraction,-0.7494307902757306,0.7494307902757306,Decreases Churn Risk,2
15782659,0.09438670300891089,cat__Gender_Male,-0.5524360289104632,0.5524360289104632,Decreases Churn Risk,3
15782659,0.09438670300891089,num__NumOfProducts,0.34293294324971124,0.34293294324971124,Increases Churn Risk,4
15782659,0.09438670300891089,cat__Geography_Germany,-0.3354605409689495,0.3354605409689495,Decreases Churn Risk,5
15782659,0.09438670300891089,cat__Geography_Spain,-0.24701224311518197,0.24701224311518197,Decreases Churn Risk,6
15782659,0.09438670300891089,num__EngagementScore,0.17333193508629743,0.17333193508629743,Increases Churn Risk,7
15782659,0.09438670300891089,num__IsActiveMember,0.16961189373382268,0.16961189373382268,Increases Churn Risk,8
15782659,0.09438670300891089,num__Tenure,0.12960521717589765,0.12960521717589765,Increases Churn Risk,9
15782659,0.09438670300891089,num__ProductDensity,-0.1134783665142877,0.1134783665142877,Decreases Churn Risk,10
15625395,0.10793300569138375,num__Age,-1.1625130152381646,1.1625130152381646,Decreases Churn Risk,1
15625395,0.10793300569138375,cat__Geography_Germany,-0.5465506758452445,0.5465506758452445,Decreases Churn Risk,2
15625395,0.10793300569138375,num__Tenure,-0.32516830348702086,0.32516830348702086,Decreases Churn Risk,3
15625395,0.10793300569138375,num__IsActiveMember,-0.26771312352479554,0.26771312352479554,Decreases Churn Risk,4
15625395,0.10793300569138375,cat__Geography_Spain,-0.20338333063139669,0.20338333063139669,Decreases Churn Risk,5
15625395,0.10793300569138375,num__NumOfProducts,0.16653890466798035,0.16653890466798035,Increases Churn Risk,6
15625395,0.10793300569138375,num__BalanceSalaryRatio,0.1368216425954456,0.1368216425954456,Increases Churn Risk,7
15625395,0.10793300569138375,num__EstimatedSalary,-0.12361248649073188,0.12361248649073188,Decreases Churn Risk,8
15625395,0.10793300569138375,num__EngagementScore,-0.0880757032958131,0.0880757032958131,Decreases Churn Risk,9
15625395,0.10793300569138375,cat__Gender_Male,-0.04679563590492628,0.04679563590492628,Decreases Churn Risk,10
15589230,0.5039959871622425,num__Age,0.931808703038404,0.931808703038404,Increases Churn Risk,1
15589230,0.5039959871622425,num__IsActiveMember,-0.8227960690651069,0.8227960690651069,Decreases Churn Risk,2
15589230,0.5039959871622425,cat__Geography_Germany,-0.49147591155993314,0.49147591155993314,Decreases Churn Risk,3
15589230,0.5039959871622425,num__EngagementScore,0.2021749096391563,0.2021749096391563,Increases Churn Risk,4
15589230,0.5039959871622425,num__Tenure,-0.18552952251848934,0.18552952251848934,Decreases Churn Risk,5
15589230,0.5039959871622425,num__EstimatedSalary,0.1680349326482174,0.1680349326482174,Increases Churn Risk,6
15589230,0.5039959871622425,cat__Geography_Spain,-0.13936753748961642,0.13936753748961642,Decreases Churn Risk,7
15589230,0.5039959871622425,num__AgeTenureInteraction,-0.12040811302882144,0.12040811302882144,Decreases Churn Risk,8
15589230,0.5039959871622425,num__NumOfProducts,0.0961345475963555,0.0961345475963555,Increases Churn Risk,9
15589230,0.5039959871622425,num__Balance,-0.06608603860624881,0.06608603860624881,Decreases Churn Risk,10
15709741,0.15027696023130144,num__Age,-1.3984595021210064,1.3984595021210064,Decreases Churn Risk,1
15709741,0.15027696023130144,cat__Geography_Germany,-0.5575143584045299,0.5575143584045299,Decreases Churn Risk,2
15709741,0.15027696023130144,cat__Gender_Male,-0.4879687223201121,0.4879687223201121,Decreases Churn Risk,3
15709741,0.15027696023130144,num__IsActiveMember,0.2690749312529986,0.2690749312529986,Increases Churn Risk,4
15709741,0.15027696023130144,num__NumOfProducts,0.22783364404639403,0.22783364404639403,Increases Churn Risk,5
15709741,0.15027696023130144,num__ProductDensity,-0.21957283338401218,0.21957283338401218,Decreases Churn Risk,6
15709741,0.15027696023130144,cat__Geography_Spain,-0.2022425179451201,0.2022425179451201,Decreases Churn Risk,7
15709741,0.15027696023130144,num__EngagementScore,0.17995976590816565,0.17995976590816565,Increases Churn Risk,8
15709741,0.15027696023130144,num__Balance,0.12207081046108745,0.12207081046108745,Increases Churn Risk,9
15709741,0.15027696023130144,num__CustomerValue,0.12042802276390785,0.12042802276390785,Increases Churn Risk,10
15700937,0.03734371020251535,num__NumOfProducts,-1.0916966209630348,1.0916966209630348,Decreases Churn Risk,1
15700937,0.03734371020251535,num__Age,-1.0694973570575024,1.0694973570575024,Decreases Churn Risk,2
15700937,0.03734371020251535,num__Tenure,-0.30720444366497157,0.30720444366497157,Decreases Churn Risk,3
15700937,0.03734371020251535,num__IsActiveMember,-0.274154597947435,0.274154597947435,Decreases Churn Risk,4
15700937,0.03734371020251535,cat__Geography_Germany,-0.18973861827079092,0.18973861827079092,Decreases Churn Risk,5
15700937,0.03734371020251535,cat__Geography_Spain,-0.17243068844932155,0.17243068844932155,Decreases Churn Risk,6
15700937,0.03734371020251535,num__HasBalance,-0.12634410976680632,0.12634410976680632,Decreases Churn Risk,7
15700937,0.03734371020251535,num__EngagementScore,-0.09807158761595597,0.09807158761595597,Decreases Churn Risk,8
15700937,0.03734371020251535,num__CustomerValue,-0.0938278399464723,0.0938278399464723,Decreases Churn Risk,9
15700937,0.03734371020251535,num__Balance,-0.07684168315372622,0.07684168315372622,Decreases Churn Risk,10
15750728,0.6464814250736036,num__NumOfProducts,0.4037388971935288,0.4037388971935288,Increases Churn Risk,1
15750728,0.6464814250736036,cat__Geography_Spain,-0.28835626725288377,0.28835626725288377,Decreases Churn Risk,2
15750728,0.6464814250736036,num__Balance,0.24961914340161784,0.24961914340161784,Increases Churn Risk,3
15750728,0.6464814250736036,num__IsActiveMember,0.23600822654149473,0.23600822654149473,Increases Churn Risk,4
15750728,0.6464814250736036,cat__Geography_Germany,-0.2070231352783858,0.2070231352783858,Decreases Churn Risk,5
15750728,0.6464814250736036,num__EngagementScore,0.1773972897135465,0.1773972897135465,Increases Churn Risk,6
15750728,0.6464814250736036,num__Tenure,-0.13382610679064108,0.13382610679064108,Decreases Churn Risk,7
15750728,0.6464814250736036,num__CustomerValue,-0.09120218380712253,0.09120218380712253,Decreases Churn Risk,8
15750728,0.6464814250736036,num__ProductDensity,-0.08370933991595544,0.08370933991595544,Decreases Churn Risk,9
15750728,0.6464814250736036,num__AgeTenureInteraction,-0.07424483722172599,0.07424483722172599,Decreases Churn Risk,10
15769902,0.04002400059881692,num__NumOfProducts,-1.169694339382699,1.169694339382699,Decreases Churn Risk,1
15769902,0.04002400059881692,num__Age,-1.0328000623646882,1.0328000623646882,Decreases Churn Risk,2
15769902,0.04002400059881692,num__Tenure,-0.3309793521129901,0.3309793521129901,Decreases Churn Risk,3
15769902,0.04002400059881692,num__IsActiveMember,-0.2501124455334727,0.2501124455334727,Decreases Churn Risk,4
15769902,0.04002400059881692,cat__Geography_Germany,-0.21916933690252988,0.21916933690252988,Decreases Churn Risk,5
15769902,0.04002400059881692,cat__Geography_Spain,-0.1903984247683758,0.1903984247683758,Decreases Churn Risk,6
15769902,0.04002400059881692,num__HasBalance,-0.13030917864040684,0.13030917864040684,Decreases Churn Risk,7
15769902,0.04002400059881692,num__EngagementScore,-0.10364203809559058,0.10364203809559058,Decreases Churn Risk,8
15769902,0.04002400059881692,num__CustomerValue,-0.0806767226247423,0.0806767226247423,Decreases Churn Risk,9
15769902,0.04002400059881692,num__Balance,-0.06017229417723381,0.06017229417723381,Decreases Churn Risk,10
15674620,0.08095568883647015,num__NumOfProducts,-1.0893546612774727,1.0893546612774727,Decreases Churn Risk,1
15674620,0.08095568883647015,num__Age,-0.6551066681037815,0.6551066681037815,Decreases Churn Risk,2
15674620,0.08095568883647015,num__Balance,-0.5433464523046183,0.5433464523046183,Decreases Churn Risk,3
15674620,0.08095568883647015,num__IsActiveMember,-0.21582939220568004,0.21582939220568004,Decreases Churn Risk,4
15674620,0.08095568883647015,num__EstimatedSalary,0.16946008134256663,0.16946008134256663,Increases Churn Risk,5
15674620,0.08095568883647015,num__Tenure,-0.16136569750178323,0.16136569750178323,Decreases Churn Risk,6
15674620,0.08095568883647015,cat__Geography_Spain,-0.13918420941110202,0.13918420941110202,Decreases Churn Risk,7
15674620,0.08095568883647015,num__BalanceSalaryRatio,-0.07620803605217424,0.07620803605217424,Decreases Churn Risk,8
15674620,0.08095568883647015,num__EngagementScore,-0.07062543260144975,0.07062543260144975,Decreases Churn Risk,9
15674620,0.08095568883647015,num__ProductDensity,-0.06125849385418193,0.06125849385418193,Decreases Churn Risk,10
15767488,0.024449455462195905,num__NumOfProducts,-1.2026352045154667,1.2026352045154667,Decreases Churn Risk,1
15767488,0.024449455462195905,num__Age,-0.9319922593317966,0.9319922593317966,Decreases Churn Risk,2
15767488,0.024449455462195905,cat__Gender_Male,-0.683101182023076,0.683101182023076,Decreases Churn Risk,3
15767488,0.024449455462195905,num__Tenure,-0.33457628101518805,0.33457628101518805,Decreases Churn Risk,4
15767488,0.024449455462195905,cat__Geography_Spain,-0.23133113971589941,0.23133113971589941,Decreases Churn Risk,5
15767488,0.024449455462195905,cat__Geography_Germany,-0.2164541938361498,0.2164541938361498,Decreases Churn Risk,6
15767488,0.024449455462195905,num__IsActiveMember,0.19142779849860853,0.19142779849860853,Increases Churn Risk,7
15767488,0.024449455462195905,num__EngagementScore,-0.15156767521807066,0.15156767521807066,Decreases Churn Risk,8
15767488,0.024449455462195905,num__HasBalance,-0.13030917864040684,0.13030917864040684,Decreases Churn Risk,9
15767488,0.024449455462195905,num__Balance,-0.11683583279755123,0.11683583279755123,Decreases Churn Risk,10
15746737,0.3050812488224327,num__Age,0.9752338217679587,0.9752338217679587,Increases Churn Risk,1
15746737,0.3050812488224327,num__IsActiveMember,-0.8916058654755046,0.8916058654755046,Decreases Churn Risk,2
15746737,0.3050812488224327,num__Balance,-0.6578715049201544,0.6578715049201544,Decreases Churn Risk,3
15746737,0.3050812488224327,cat__Gender_Male,-0.5554330763596018,0.5554330763596018,Decreases Churn Risk,4
15746737,0.3050812488224327,num__NumOfProducts,0.25144404897572237,0.25144404897572237,Increases Churn Risk,5
15746737,0.3050812488224327,num__Tenure,-0.2273466984133873,0.2273466984133873,Decreases Churn Risk,6
15746737,0.3050812488224327,cat__Geography_Germany,0.17348806493093888,0.17348806493093888,Increases Churn Risk,7
15746737,0.3050812488224327,num__EngagementScore,-0.13125860792531313,0.13125860792531313,Decreases Churn Risk,8
15746737,0.3050812488224327,num__ProductDensity,-0.1302862167407979,0.1302862167407979,Decreases Churn Risk,9
15746737,0.3050812488224327,cat__Geography_Spain,-0.1172808830940115,0.1172808830940115,Decreases Churn Risk,10
15599131,0.04144733397896392,num__Age,-1.41148863707565,1.41148863707565,Decreases Churn Risk,1
15599131,0.04144733397896392,num__NumOfProducts,-0.9933046457951077,0.9933046457951077,Decreases Churn Risk,2
15599131,0.04144733397896392,cat__Gender_Male,-0.6901553247097524,0.6901553247097524,Decreases Churn Risk,3
15599131,0.04144733397896392,cat__Geography_Spain,-0.1994228450473991,0.1994228450473991,Decreases Churn Risk,4
15599131,0.04144733397896392,num__EngagementScore,-0.16120386746043805,0.16120386746043805,Decreases Churn Risk,5
15599131,0.04144733397896392,num__ProductDensity,-0.15405983942426374,0.15405983942426374,Decreases Churn Risk,6
15599131,0.04144733397896392,num__IsActiveMember,0.14499935360829835,0.14499935360829835,Increases Churn Risk,7
15599131,0.04144733397896392,cat__Geography_Germany,-0.12763500626332858,0.12763500626332858,Decreases Churn Risk,8
15599131,0.04144733397896392,num__Balance,-0.12208306983170482,0.12208306983170482,Decreases Churn Risk,9
15599131,0.04144733397896392,num__CustomerValue,0.06721257340262371,0.06721257340262371,Increases Churn Risk,10
15759805,0.057272499322097506,num__Age,-1.2580152364885062,1.2580152364885062,Decreases Churn Risk,1
15759805,0.057272499322097506,num__NumOfProducts,-1.1541039138885905,1.1541039138885905,Decreases Churn Risk,2
15759805,0.057272499322097506,cat__Geography_Germany,-0.22626689068548386,0.22626689068548386,Decreases Churn Risk,3
15759805,0.057272499322097506,cat__Geography_Spain,-0.2079004071723159,0.2079004071723159,Decreases Churn Risk,4
15759805,0.057272499322097506,num__IsActiveMember,0.1784211690041163,0.1784211690041163,Increases Churn Risk,5
15759805,0.057272499322097506,num__HasBalance,-0.13030917864040684,0.13030917864040684,Decreases Churn Risk,6
15759805,0.057272499322097506,num__ProductDensity,-0.1117718401091132,0.1117718401091132,Decreases Churn Risk,7
15759805,0.057272499322097506,num__EngagementScore,-0.09344398489990442,0.09344398489990442,Decreases Churn Risk,8
15759805,0.057272499322097506,num__CustomerValue,-0.09112963600771418,0.09112963600771418,Decreases Churn Risk,9
15759805,0.057272499322097506,num__Balance,-0.07748255326966938,0.07748255326966938,Decreases Churn Risk,10
15762228,0.09130064104244187,num__Age,-1.030541016136786,1.030541016136786,Decreases Churn Risk,1
15762228,0.09130064104244187,num__NumOfProducts,-0.7573681089292257,0.7573681089292257,Decreases Churn Risk,2
15762228,0.09130064104244187,cat__Gender_Male,-0.5843204188115065,0.5843204188115065,Decreases Churn Risk,3
15762228,0.09130064104244187,num__Tenure,-0.33885329502484585,0.33885329502484585,Decreases Churn Risk,4
15762228,0.09130064104244187,cat__Geography_Germany,-0.33522344731458864,0.33522344731458864,Decreases Churn Risk,5
15762228,0.09130064104244187,num__BalanceSalaryRatio,0.32623469995860754,0.32623469995860754,Increases Churn Risk,6
15762228,0.09130064104244187,num__IsActiveMember,0.263385212780788,0.263385212780788,Increases Churn Risk,7
15762228,0.09130064104244187,cat__Geography_Spain,-0.1620685428211325,0.1620685428211325,Decreases Churn Risk,8
15762228,0.09130064104244187,num__EngagementScore,-0.15277001311851965,0.15277001311851965,Decreases Churn Risk,9
15762228,0.09130064104244187,num__Balance,0.13082745614343635,0.13082745614343635,Increases Churn Risk,10
15700752,0.03781784566999616,num__NumOfProducts,-1.1298609578704657,1.1298609578704657,Decreases Churn Risk,1
15700752,0.03781784566999616,num__Age,-1.0896997981986607,1.0896997981986607,Decreases Churn Risk,2
15700752,0.03781784566999616,num__Tenure,-0.3372170663186766,0.3372170663186766,Decreases Churn Risk,3
15700752,0.03781784566999616,num__IsActiveMember,-0.23219155003588207,0.23219155003588207,Decreases Churn Risk,4
15700752,0.03781784566999616,cat__Geography_Germany,-0.21929538275597346,0.21929538275597346,Decreases Churn Risk,5
15700752,0.03781784566999616,cat__Geography_Spain,-0.20195823265471888,0.20195823265471888,Decreases Churn Risk,6
15700752,0.03781784566999616,num__HasBalance,-0.13030917864040684,0.13030917864040684,Decreases Churn Risk,7
15700752,0.03781784566999616,num__EngagementScore,-0.10274446515549486,0.10274446515549486,Decreases Churn Risk,8
15700752,0.03781784566999616,num__Balance,-0.06354554321466098,0.06354554321466098,Decreases Churn Risk,9
15700752,0.03781784566999616,num__EstimatedSalary,-0.04931618142979139,0.04931618142979139,Decreases Churn Risk,10
15579826,0.9336836125884499,num__Age,1.386856890448152,1.386856890448152,Increases Churn Risk,1
15579826,0.9336836125884499,num__IsActiveMember,1.0865161604702065,1.0865161604702065,Increases Churn Risk,2
15579826,0.9336836125884499,num__NumOfProducts,0.36087683723819614,0.36087683723819614,Increases Churn Risk,3
15579826,0.9336836125884499,cat__Geography_Germany,-0.22611057670830678,0.22611057670830678,Decreases Churn Risk,4
15579826,0.9336836125884499,num__EngagementScore,0.19911957841224553,0.19911957841224553,Increases Churn Risk,5
15579826,0.9336836125884499,num__Tenure,-0.18914904182866937,0.18914904182866937,Decreases Churn Risk,6
15579826,0.9336836125884499,cat__Geography_Spain,-0.15846303807823972,0.15846303807823972,Decreases Churn Risk,7
15579826,0.9336836125884499,num__Balance,0.1407657612164906,0.1407657612164906,Increases Churn Risk,8
15579826,0.9336836125884499,num__ProductDensity,-0.13249561957254413,0.13249561957254413,Decreases Churn Risk,9
15579826,0.9336836125884499,cat__Gender_Male,-0.10986217725389488,0.10986217725389488,Decreases Churn Risk,10
15807269,0.5056957811447681,num__Balance,-0.526598042270252,0.526598042270252,Decreases Churn Risk,1
15807269,0.5056957811447681,cat__Gender_Male,-0.48961284316586945,0.48961284316586945,Decreases Churn Risk,2
15807269,0.5056957811447681,num__Age,0.33121088708674007,0.33121088708674007,Increases Churn Risk,3
15807269,0.5056957811447681,num__EngagementScore,0.2456633994780984,0.2456633994780984,Increases Churn Risk,4
15807269,0.5056957811447681,num__IsActiveMember,0.238349446700373,0.238349446700373,Increases Churn Risk,5
15807269,0.5056957811447681,num__NumOfProducts,0.23093264081218562,0.23093264081218562,Increases Churn Risk,6
15807269,0.5056957811447681,num__Tenure,-0.22742644756972893,0.22742644756972893,Decreases Churn Risk,7
15807269,0.5056957811447681,cat__Geography_Germany,0.2223898906270205,0.2223898906270205,Increases Churn Risk,8
15807269,0.5056957811447681,num__HasCrCard,-0.13803833299115548,0.13803833299115548,Decreases Churn Risk,9
15807269,0.5056957811447681,cat__Geography_Spain,-0.13627972738097346,0.13627972738097346,Decreases Churn Risk,10
15665861,0.2307209909757942,cat__Gender_Male,-0.5803294123491306,0.5803294123491306,Decreases Churn Risk,1
15665861,0.2307209909757942,cat__Geography_Germany,-0.5327425350090317,0.5327425350090317,Decreases Churn Risk,2
15665861,0.2307209909757942,cat__Geography_Spain,-0.5034570563791136,0.5034570563791136,Decreases Churn Risk,3
15665861,0.2307209909757942,num__Age,0.43665972283975957,0.43665972283975957,Increases Churn Risk,4
15665861,0.2307209909757942,num__IsActiveMember,-0.34279135372465913,0.34279135372465913,Decreases Churn Risk,5
15665861,0.2307209909757942,num__EngagementScore,0.20936807109812694,0.20936807109812694,Increases Churn Risk,6
15665861,0.2307209909757942,num__ProductDensity,-0.11299127012084562,0.11299127012084562,Decreases Churn Risk,7
15665861,0.2307209909757942,num__Tenure,-0.08968946329964854,0.08968946329964854,Decreases Churn Risk,8
15665861,0.2307209909757942,num__HasCrCard,-0.08573567419692513,0.08573567419692513,Decreases Churn Risk,9
15665861,0.2307209909757942,num__Balance,-0.06791454374455323,0.06791454374455323,Decreases Churn Risk,10
15576928,0.16300824423068763,num__Age,-1.86395910662043,1.86395910662043,Decreases Churn Risk,1
15576928,0.16300824423068763,num__NumOfProducts,0.4218163666389424,0.4218163666389424,Increases Churn Risk,2
15576928,0.16300824423068763,cat__Geography_Germany,-0.2768046685771145,0.2768046685771145,Decreases Churn Risk,3
15576928,0.16300824423068763,cat__Geography_Spain,-0.22627371305632013,0.22627371305632013,Decreases Churn Risk,4
15576928,0.16300824423068763,num__IsActiveMember,0.16341941517883446,0.16341941517883446,Increases Churn Risk,5
15576928,0.16300824423068763,num__Tenure,-0.1619543549616691,0.1619543549616691,Decreases Churn Risk,6
15576928,0.16300824423068763,num__ProductDensity,-0.11388768959381004,0.11388768959381004,Decreases Churn Risk,7
15576928,0.16300824423068763,num__Balance,0.10489168963111864,0.10489168963111864,Increases Churn Risk,8
15576928,0.16300824423068763,num__EngagementScore,0.09952524954615947,0.09952524954615947,Increases Churn Risk,9
15576928,0.16300824423068763,num__AgeTenureInteraction,-0.08613563932275159,0.08613563932275159,Decreases Churn Risk,10
15582492,0.17115728574369796,num__Age,-1.5339124017283523,1.5339124017283523,Decreases Churn Risk,1
15582492,0.17115728574369796,cat__Geography_Germany,-0.5274852515066789,0.5274852515066789,Decreases Churn Risk,2
15582492,0.17115728574369796,cat__Geography_Spain,-0.2248552634429794,0.2248552634429794,Decreases Churn Risk,3
15582492,0.17115728574369796,num__NumOfProducts,0.2223197127724499,0.2223197127724499,Increases Churn Risk,4
15582492,0.17115728574369796,num__IsActiveMember,0.20575163916862885,0.20575163916862885,Increases Churn Risk,5
15582492,0.17115728574369796,num__Tenure,-0.18732111643260854,0.18732111643260854,Decreases Churn Risk,6
15582492,0.17115728574369796,num__EngagementScore,0.0998853206765738,0.0998853206765738,Increases Churn Risk,7
15582492,0.17115728574369796,num__ProductDensity,-0.09485737257700631,0.09485737257700631,Decreases Churn Risk,8
15582492,0.17115728574369796,num__CustomerValue,0.08080728865447248,0.08080728865447248,Increases Churn Risk,9
15582492,0.17115728574369796,cat__Gender_Male,-0.0801935810646029,0.0801935810646029,Decreases Churn Risk,10
15720725,0.02169195023725076,num__Age,-1.4352720458149453,1.4352720458149453,Decreases Churn Risk,1
15720725,0.02169195023725076,num__NumOfProducts,-1.0922230294686759,1.0922230294686759,Decreases Churn Risk,2
15720725,0.02169195023725076,cat__Gender_Male,-0.6616801651297326,0.6616801651297326,Decreases Churn Risk,3
15720725,0.02169195023725076,cat__Geography_Germany,-0.2500321988052761,0.2500321988052761,Decreases Churn Risk,4
15720725,0.02169195023725076,num__Tenure,-0.22948783295027017,0.22948783295027017,Decreases Churn Risk,5
15720725,0.02169195023725076,cat__Geography_Spain,-0.2293872812465646,0.2293872812465646,Decreases Churn Risk,6
15720725,0.02169195023725076,num__IsActiveMember,0.21044661402951947,0.21044661402951947,Increases Churn Risk,7
15720725,0.02169195023725076,num__Balance,-0.15469668178425958,0.15469668178425958,Decreases Churn Risk,8
15720725,0.02169195023725076,num__EngagementScore,-0.15348796440108003,0.15348796440108003,Decreases Churn Risk,9
15720725,0.02169195023725076,num__HasBalance,-0.13030917864040684,0.13030917864040684,Decreases Churn Risk,10
15582797,0.16609046843742986,num__Age,-1.0629816196111919,1.0629816196111919,Decreases Churn Risk,1
15582797,0.16609046843742986,cat__Gender_Male,-0.5344499715330514,0.5344499715330514,Decreases Churn Risk,2
15582797,0.16609046843742986,cat__Geography_Germany,-0.5177956877605703,0.5177956877605703,Decreases Churn Risk,3
15582797,0.16609046843742986,num__IsActiveMember,0.2876998830730193,0.2876998830730193,Increases Churn Risk,4
15582797,0.16609046843742986,num__ProductDensity,-0.26017218420318566,0.26017218420318566,Decreases Churn Risk,5
15582797,0.16609046843742986,cat__Geography_Spain,-0.22508256309741895,0.22508256309741895,Decreases Churn Risk,6
15582797,0.16609046843742986,num__EngagementScore,0.17840195712778026,0.17840195712778026,Increases Churn Risk,7
15582797,0.16609046843742986,num__NumOfProducts,0.1488884469883413,0.1488884469883413,Increases Churn Risk,8
15582797,0.16609046843742986,num__Balance,-0.07161553558838486,0.07161553558838486,Decreases Churn Risk,9
15582797,0.16609046843742986,num__CustomerValue,0.06162985568468927,0.06162985568468927,Increases Churn Risk,10
15568326,0.1990699351950216,num__NumOfProducts,-1.286034108353168,1.286034108353168,Decreases Churn Risk,1
15568326,0.1990699351950216,num__Age,0.3600981853118866,0.3600981853118866,Increases Churn Risk,2
15568326,0.1990699351950216,cat__Geography_Germany,-0.27969599365549697,0.27969599365549697,Decreases Churn Risk,3
15568326,0.1990699351950216,num__EngagementScore,-0.18567957786838496,0.18567957786838496,Decreases Churn Risk,4
15568326,0.1990699351950216,num__IsActiveMember,0.17598935907099558,0.17598935907099558,Increases Churn Risk,5
15568326,0.1990699351950216,cat__Geography_Spain,-0.1648216740276004,0.1648216740276004,Decreases Churn Risk,6
15568326,0.1990699351950216,num__Tenure,-0.16151053197945464,0.16151053197945464,Decreases Churn Risk,7
15568326,0.1990699351950216,num__HasBalance,-0.14288778490368345,0.14288778490368345,Decreases Churn Risk,8
15568326,0.1990699351950216,num__ProductDensity,-0.14154321643563003,0.14154321643563003,Decreases Churn Risk,9
15568326,0.1990699351950216,num__EstimatedSalary,0.11618665167744788,0.11618665167744788,Increases Churn Risk,10
15814268,0.38821894605429885,num__Tenure,-0.42009667285749763,0.42009667285749763,Decreases Churn Risk,1
15814268,0.38821894605429885,cat__Geography_Germany,-0.3216640511433092,0.3216640511433092,Decreases Churn Risk,2
15814268,0.38821894605429885,num__Balance,-0.2959330557705379,0.2959330557705379,Decreases Churn Risk,3
15814268,0.38821894605429885,num__Age,-0.2722992227829769,0.2722992227829769,Decreases Churn Risk,4
15814268,0.38821894605429885,num__IsActiveMember,0.24833835740619734,0.24833835740619734,Increases Churn Risk,5
15814268,0.38821894605429885,num__NumOfProducts,0.18126794632840273,0.18126794632840273,Increases Churn Risk,6
15814268,0.38821894605429885,cat__Geography_Spain,-0.1718672448658977,0.1718672448658977,Decreases Churn Risk,7
15814268,0.38821894605429885,num__EstimatedSalary,0.11695647437903448,0.11695647437903448,Increases Churn Risk,8
15814268,0.38821894605429885,num__EngagementScore,0.1156297620896545,0.1156297620896545,Increases Churn Risk,9
15814268,0.38821894605429885,num__ProductDensity,-0.07306956651703198,0.07306956651703198,Decreases Churn Risk,10
15750104,0.43663743843713176,num__NumOfProducts,-1.092995206216194,1.092995206216194,Decreases Churn Risk,1
15750104,0.43663743843713176,cat__Gender_Male,-0.5122334585648973,0.5122334585648973,Decreases Churn Risk,2
15750104,0.43663743843713176,cat__Geography_Germany,0.4361722533332374,0.4361722533332374,Increases Churn Risk,3
15750104,0.43663743843713176,num__Age,0.40615333802454356,0.40615333802454356,Increases Churn Risk,4
15750104,0.43663743843713176,num__Tenure,-0.33909469329866637,0.33909469329866637,Decreases Churn Risk,5
15750104,0.43663743843713176,num__BalanceSalaryRatio,0.2918516224114561,0.2918516224114561,Increases Churn Risk,6
15750104,0.43663743843713176,num__IsActiveMember,0.2723837241471248,0.2723837241471248,Increases Churn Risk,7
15750104,0.43663743843713176,num__Balance,0.1758495340673726,0.1758495340673726,Increases Churn Risk,8
15750104,0.43663743843713176,num__EngagementScore,-0.1384970254855071,0.1384970254855071,Decreases Churn Risk,9
15750104,0.43663743843713176,num__EstimatedSalary,-0.13406074019332856,0.13406074019332856,Decreases Churn Risk,10
15684419,0.6975430662370584,num__NumOfProducts,2.281300908721702,2.281300908721702,Increases Churn Risk,1
15684419,0.6975430662370584,num__Age,-0.6356867351371754,0.6356867351371754,Decreases Churn Risk,2
15684419,0.6975430662370584,num__CustomerValue,-0.5893192411978747,0.5893192411978747,Decreases Churn Risk,3
15684419,0.6975430662370584,cat__Geography_Spain,-0.2719463813989434,0.2719463813989434,Decreases Churn Risk,4
15684419,0.6975430662370584,num__IsActiveMember,0.2205849605699251,0.2205849605699251,Increases Churn Risk,5
15684419,0.6975430662370584,num__BalanceSalaryRatio,-0.1509384585903188,0.1509384585903188,Decreases Churn Risk,6
15684419,0.6975430662370584,num__Tenure,-0.1415305781180947,0.1415305781180947,Decreases Churn Risk,7
15684419,0.6975430662370584,cat__Geography_Germany,-0.1280593152573487,0.1280593152573487,Decreases Churn Risk,8
15684419,0.6975430662370584,num__EngagementScore,-0.046818788621235626,0.046818788621235626,Decreases Churn Risk,9
15684419,0.6975430662370584,num__Balance,-0.04610933446004794,0.04610933446004794,Decreases Churn Risk,10
15665177,0.0727310605333893,num__NumOfProducts,-1.3225881664994092,1.3225881664994092,Decreases Churn Risk,1
15665177,0.0727310605333893,cat__Gender_Male,-0.6784619836945298,0.6784619836945298,Decreases Churn Risk,2
15665177,0.0727310605333893,num__Age,0.44735031036597933,0.44735031036597933,Increases Churn Risk,3
15665177,0.0727310605333893,cat__Geography_Germany,-0.31874514211282606,0.31874514211282606,Decreases Churn Risk,4
15665177,0.0727310605333893,num__EngagementScore,-0.21104945319186397,0.21104945319186397,Decreases Churn Risk,5
15665177,0.0727310605333893,num__IsActiveMember,-0.17524529182557377,0.17524529182557377,Decreases Churn Risk,6
15665177,0.0727310605333893,cat__Geography_Spain,-0.14657343207957985,0.14657343207957985,Decreases Churn Risk,7
15665177,0.0727310605333893,num__HasBalance,-0.14288778490368345,0.14288778490368345,Decreases Churn Risk,8
15665177,0.0727310605333893,num__ProductDensity,-0.131816690194414,0.131816690194414,Decreases Churn Risk,9
15665177,0.0727310605333893,num__Tenure,-0.11353409985788403,0.11353409985788403,Decreases Churn Risk,10
15668032,0.3543010771831667,num__Age,-0.5780893078887378,0.5780893078887378,Decreases Churn Risk,1
15668032,0.3543010771831667,num__NumOfProducts,0.430708841560386,0.430708841560386,Increases Churn Risk,2
15668032,0.3543010771831667,cat__Geography_Germany,-0.295880213100298,0.295880213100298,Decreases Churn Risk,3
15668032,0.3543010771831667,num__Balance,0.2712894495295484,0.2712894495295484,Increases Churn Risk,4
15668032,0.3543010771831667,num__IsActiveMember,-0.248788520797698,0.248788520797698,Decreases Churn Risk,5
15668032,0.3543010771831667,num__ProductDensity,-0.1852975981398414,0.1852975981398414,Decreases Churn Risk,6
15668032,0.3543010771831667,cat__Geography_Spain,-0.1672900044452376,0.1672900044452376,Decreases Churn Risk,7
15668032,0.3543010771831667,num__CustomerValue,-0.09162307392247132,0.09162307392247132,Decreases Churn Risk,8
15668032,0.3543010771831667,num__EngagementScore,-0.08829133443177535,0.08829133443177535,Decreases Churn Risk,9
15668032,0.3543010771831667,num__BalanceSalaryRatio,0.0611174225579269,0.0611174225579269,Increases Churn Risk,10
15616929,0.1395077356831596,num__IsActiveMember,-1.0605257896578808,1.0605257896578808,Decreases Churn Risk,1
15616929,0.1395077356831596,num__Age,0.7896554040099106,0.7896554040099106,Increases Churn Risk,2
15616929,0.1395077356831596,cat__Gender_Male,-0.545283503796615,0.545283503796615,Decreases Churn Risk,3
15616929,0.1395077356831596,cat__Geography_Germany,-0.5119318294044171,0.5119318294044171,Decreases Churn Risk,4
15616929,0.1395077356831596,cat__Geography_Spain,-0.4947165158806551,0.4947165158806551,Decreases Churn Risk,5
15616929,0.1395077356831596,num__Tenure,-0.3649274375008768,0.3649274375008768,Decreases Churn Risk,6
15616929,0.1395077356831596,num__EngagementScore,0.2081744596625046,0.2081744596625046,Increases Churn Risk,7
15616929,0.1395077356831596,num__ProductDensity,-0.15892210745990648,0.15892210745990648,Decreases Churn Risk,8
15616929,0.1395077356831596,num__AgeTenureInteraction,-0.10394958205343506,0.10394958205343506,Decreases Churn Risk,9
15616929,0.1395077356831596,num__BalanceSalaryRatio,0.08166887684369975,0.08166887684369975,Increases Churn Risk,10
15779947,0.9601873578959886,num__NumOfProducts,3.38098094758992,3.38098094758992,Increases Churn Risk,1
15779947,0.9601873578959886,num__Age,-0.9363833450318856,0.9363833450318856,Decreases Churn Risk,2
15779947,0.9601873578959886,num__CreditScore,0.8724314404401187,0.8724314404401187,Increases Churn Risk,3
15779947,0.9601873578959886,cat__Gender_Male,-0.4543841260198857,0.4543841260198857,Decreases Churn Risk,4
15779947,0.9601873578959886,num__Tenure,-0.3028049206742926,0.3028049206742926,Decreases Churn Risk,5
15779947,0.9601873578959886,num__CustomerValue,0.28851886989810466,0.28851886989810466,Increases Churn Risk,6
15779947,0.9601873578959886,num__IsActiveMember,0.2086080238356107,0.2086080238356107,Increases Churn Risk,7
15779947,0.9601873578959886,cat__Geography_Germany,-0.17714744955391842,0.17714744955391842,Decreases Churn Risk,8
15779947,0.9601873578959886,cat__Geography_Spain,-0.09603832108299602,0.09603832108299602,Decreases Churn Risk,9
15779947,0.9601873578959886,num__BalanceSalaryRatio,0.07949025411129658,0.07949025411129658,Increases Churn Risk,10
15729668,0.17128487971566156,num__Age,-1.2584349478080457,1.2584349478080457,Decreases Churn Risk,1
15729668,0.17128487971566156,cat__Gender_Male,-0.5733683126241702,0.5733683126241702,Decreases Churn Risk,2
15729668,0.17128487971566156,cat__Geography_Germany,-0.3223154614306737,0.3223154614306737,Decreases Churn Risk,3
15729668,0.17128487971566156,num__Balance,-0.2753304265309182,0.2753304265309182,Decreases Churn Risk,4
15729668,0.17128487971566156,num__NumOfProducts,0.27184805823699737,0.27184805823699737,Increases Churn Risk,5
15729668,0.17128487971566156,num__IsActiveMember,0.23035439415638945,0.23035439415638945,Increases Churn Risk,6
15729668,0.17128487971566156,num__EngagementScore,0.1781862157058389,0.1781862157058389,Increases Churn Risk,7
15729668,0.17128487971566156,cat__Geography_Spain,-0.1472530201487781,0.1472530201487781,Decreases Churn Risk,8
15729668,0.17128487971566156,num__Tenure,-0.13095625209037381,0.13095625209037381,Decreases Churn Risk,9
15729668,0.17128487971566156,num__ProductDensity,-0.1160692554997133,0.1160692554997133,Decreases Churn Risk,10
15616365,0.3758849148371487,num__Age,1.593496055201993,1.593496055201993,Increases Churn Risk,1
15616365,0.3758849148371487,num__NumOfProducts,-1.269606867103015,1.269606867103015,Decreases Churn Risk,2
15616365,0.3758849148371487,num__IsActiveMember,0.33885006466910345,0.33885006466910345,Increases Churn Risk,3
15616365,0.3758849148371487,cat__Geography_Germany,-0.2443248765628199,0.2443248765628199,Decreases Churn Risk,4
15616365,0.3758849148371487,num__EngagementScore,-0.22682595102812664,0.22682595102812664,Decreases Churn Risk,5
15616365,0.3758849148371487,num__Tenure,-0.21792635589840584,0.21792635589840584,Decreases Churn Risk,6
15616365,0.3758849148371487,num__AgeTenureInteraction,-0.1737722248303701,0.1737722248303701,Decreases Churn Risk,7
15616365,0.3758849148371487,cat__Geography_Spain,-0.1646255085558329,0.1646255085558329,Decreases Churn Risk,8
15616365,0.3758849148371487,num__HasBalance,-0.16103498512569173,0.16103498512569173,Decreases Churn Risk,9
15616365,0.3758849148371487,num__EstimatedSalary,-0.1275973546938846,0.1275973546938846,Decreases Churn Risk,10
15611191,0.20868706624551106,num__NumOfProducts,-1.0710157498266968,1.0710157498266968,Decreases Churn Risk,1
15611191,0.20868706624551106,num__Age,-0.5061993118414747,0.5061993118414747,Decreases Churn Risk,2
15611191,0.20868706624551106,num__IsActiveMember,-0.3322875715059645,0.3322875715059645,Decreases Churn Risk,3
15611191,0.20868706624551106,cat__Geography_Germany,0.3128431531345074,0.3128431531345074,Increases Churn Risk,4
15611191,0.20868706624551106,num__Balance,0.20377794964447968,0.20377794964447968,Increases Churn Risk,5
15611191,0.20868706624551106,cat__Geography_Spain,-0.13603073652100336,0.13603073652100336,Decreases Churn Risk,6
15611191,0.20868706624551106,num__BalanceSalaryRatio,0.08015352756460192,0.08015352756460192,Increases Churn Risk,7
15611191,0.20868706624551106,num__ProductDensity,-0.07689894222480093,0.07689894222480093,Decreases Churn Risk,8
15611191,0.20868706624551106,num__EngagementScore,-0.07686721197719089,0.07686721197719089,Decreases Churn Risk,9
15611191,0.20868706624551106,num__Tenure,-0.05476093518929259,0.05476093518929259,Decreases Churn Risk,10
15578722,0.03325622488297341,num__NumOfProducts,-1.4668781854774369,1.4668781854774369,Decreases Churn Risk,1
15578722,0.03325622488297341,cat__Gender_Male,-0.7216415999818054,0.7216415999818054,Decreases Churn Risk,2
15578722,0.03325622488297341,num__Age,-0.5153796080570844,0.5153796080570844,Decreases Churn Risk,3
15578722,0.03325622488297341,num__EstimatedSalary,-0.33705367822686905,0.33705367822686905,Decreases Churn Risk,4
15578722,0.03325622488297341,cat__Geography_Germany,-0.27040160133948626,0.27040160133948626,Decreases Churn Risk,5
15578722,0.03325622488297341,num__IsActiveMember,0.20447552948150147,0.20447552948150147,Increases Churn Risk,6
15578722,0.03325622488297341,num__EngagementScore,-0.17082951449708073,0.17082951449708073,Decreases Churn Risk,7
15578722,0.03325622488297341,cat__Geography_Spain,-0.15735791524953088,0.15735791524953088,Decreases Churn Risk,8
15578722,0.03325622488297341,num__ProductDensity,-0.15593570612682991,0.15593570612682991,Decreases Churn Risk,9
15578722,0.03325622488297341,num__HasBalance,-0.14288778490368345,0.14288778490368345,Decreases Churn Risk,10
15652883,0.17147464777883129,num__NumOfProducts,-1.177966731127818,1.177966731127818,Decreases Churn Risk,1
15652883,0.17147464777883129,cat__Gender_Male,-0.7308441715338647,0.7308441715338647,Decreases Churn Risk,2
15652883,0.17147464777883129,num__Age,-0.471636197087025,0.471636197087025,Decreases Churn Risk,3
15652883,0.17147464777883129,cat__Geography_Germany,0.36278147756206575,0.36278147756206575,Increases Churn Risk,4
15652883,0.17147464777883129,num__IsActiveMember,0.24249068245270242,0.24249068245270242,Increases Churn Risk,5
15652883,0.17147464777883129,num__Balance,0.22179091551854507,0.22179091551854507,Increases Churn Risk,6
15652883,0.17147464777883129,num__Tenure,-0.1674915121856611,0.1674915121856611,Decreases Churn Risk,7
15652883,0.17147464777883129,num__EngagementScore,-0.15058790603062094,0.15058790603062094,Decreases Churn Risk,8
15652883,0.17147464777883129,cat__Geography_Spain,-0.14309203013074576,0.14309203013074576,Decreases Churn Risk,9
15652883,0.17147464777883129,num__EstimatedSalary,0.08913838352990255,0.08913838352990255,Increases Churn Risk,10
15747174,0.09775558502319842,num__NumOfProducts,-1.0462812074673973,1.0462812074673973,Decreases Churn Risk,1
15747174,0.09775558502319842,num__Balance,-0.7046530612895998,0.7046530612895998,Decreases Churn Risk,2
15747174,0.09775558502319842,num__Age,0.5944620538061812,0.5944620538061812,Increases Churn Risk,3
15747174,0.09775558502319842,cat__Gender_Male,-0.579087406355912,0.579087406355912,Decreases Churn Risk,4
15747174,0.09775558502319842,num__IsActiveMember,-0.45849656047657317,0.45849656047657317,Decreases Churn Risk,5
15747174,0.09775558502319842,num__EngagementScore,-0.23652646441234812,0.23652646441234812,Decreases Churn Risk,6
15747174,0.09775558502319842,num__Tenure,-0.22054453818267117,0.22054453818267117,Decreases Churn Risk,7
15747174,0.09775558502319842,cat__Geography_Spain,-0.1769403485316163,0.1769403485316163,Decreases Churn Risk,8
15747174,0.09775558502319842,num__BalanceSalaryRatio,0.11753926872534935,0.11753926872534935,Increases Churn Risk,9
15747174,0.09775558502319842,num__CustomerValue,0.11187826825222402,0.11187826825222402,Increases Churn Risk,10
15683183,0.8715072812684502,num__Age,0.7306339954649896,0.7306339954649896,Increases Churn Risk,1
15683183,0.8715072812684502,cat__Geography_Germany,0.43168164181807167,0.43168164181807167,Increases Churn Risk,2
15683183,0.8715072812684502,num__IsActiveMember,0.2968810190940219,0.2968810190940219,Increases Churn Risk,3
15683183,0.8715072812684502,num__NumOfProducts,0.2726873317011484,0.2726873317011484,Increases Churn Risk,4
15683183,0.8715072812684502,num__Tenure,-0.24769684327662864,0.24769684327662864,Decreases Churn Risk,5
15683183,0.8715072812684502,num__EngagementScore,0.1372529725073367,0.1372529725073367,Increases Churn Risk,6
15683183,0.8715072812684502,cat__Geography_Spain,-0.11236872524620053,0.11236872524620053,Decreases Churn Risk,7
15683183,0.8715072812684502,num__Balance,-0.0992041407414293,0.0992041407414293,Decreases Churn Risk,8
15683183,0.8715072812684502,num__CreditScore,0.07621794348358513,0.07621794348358513,Increases Churn Risk,9
15683183,0.8715072812684502,num__HasCrCard,0.055818224164787766,0.055818224164787766,Increases Churn Risk,10
15762716,0.8223477888491287,num__Age,1.7122333937402303,1.7122333937402303,Increases Churn Risk,1
15762716,0.8223477888491287,num__IsActiveMember,0.7818332417036161,0.7818332417036161,Increases Churn Risk,2
15762716,0.8223477888491287,cat__Geography_Spain,-0.4636872449195328,0.4636872449195328,Decreases Churn Risk,3
15762716,0.8223477888491287,cat__Geography_Germany,-0.33942564949041565,0.33942564949041565,Decreases Churn Risk,4
15762716,0.8223477888491287,num__ProductDensity,-0.3274950605071164,0.3274950605071164,Decreases Churn Risk,5
15762716,0.8223477888491287,num__Balance,-0.23952602348481905,0.23952602348481905,Decreases Churn Risk,6
15762716,0.8223477888491287,num__EngagementScore,0.2081703629957592,0.2081703629957592,Increases Churn Risk,7
15762716,0.8223477888491287,num__CustomerValue,-0.1133401264486082,0.1133401264486082,Decreases Churn Risk,8
15762716,0.8223477888491287,num__BalanceSalaryRatio,0.0872650285958074,0.0872650285958074,Increases Churn Risk,9
15762716,0.8223477888491287,num__Tenure,-0.0859164425517113,0.0859164425517113,Decreases Churn Risk,10
15777315,0.22052098554864363,num__NumOfProducts,-0.8445047002109425,0.8445047002109425,Decreases Churn Risk,1
15777315,0.22052098554864363,cat__Gender_Male,-0.6098982321834724,0.6098982321834724,Decreases Churn Risk,2
15777315,0.22052098554864363,cat__Geography_Germany,-0.37554207477473517,0.37554207477473517,Decreases Churn Risk,3
15777315,0.22052098554864363,num__Tenure,-0.33007929135074876,0.33007929135074876,Decreases Churn Risk,4
15777315,0.22052098554864363,num__Age,0.32459270897356074,0.32459270897356074,Increases Churn Risk,5
15777315,0.22052098554864363,num__EngagementScore,0.2294632027828506,0.2294632027828506,Increases Churn Risk,6
15777315,0.22052098554864363,cat__Geography_Spain,-0.18533937233314746,0.18533937233314746,Decreases Churn Risk,7
15777315,0.22052098554864363,num__HasCrCard,-0.16550218163075725,0.16550218163075725,Decreases Churn Risk,8
15777315,0.22052098554864363,num__IsActiveMember,0.1609049145669746,0.1609049145669746,Increases Churn Risk,9
15777315,0.22052098554864363,num__BalanceSalaryRatio,0.12465866418637386,0.12465866418637386,Increases Churn Risk,10
15643696,0.12342432749939199,num__NumOfProducts,-1.3246248064646893,1.3246248064646893,Decreases Churn Risk,1
15643696,0.12342432749939199,num__Age,1.1261654945534345,1.1261654945534345,Increases Churn Risk,2
15643696,0.12342432749939199,cat__Gender_Male,-0.6539909538259155,0.6539909538259155,Decreases Churn Risk,3
15643696,0.12342432749939199,num__EngagementScore,-0.34705279583754967,0.34705279583754967,Decreases Churn Risk,4
15643696,0.12342432749939199,cat__Geography_Germany,-0.31395212877689965,0.31395212877689965,Decreases Churn Risk,5
15643696,0.12342432749939199,num__IsActiveMember,-0.29166958022705697,0.29166958022705697,Decreases Churn Risk,6
15643696,0.12342432749939199,num__HasBalance,-0.16103498512569173,0.16103498512569173,Decreases Churn Risk,7
15643696,0.12342432749939199,cat__Geography_Spain,-0.14470947895399836,0.14470947895399836,Decreases Churn Risk,8
15643696,0.12342432749939199,num__ProductDensity,-0.11148786836508852,0.11148786836508852,Decreases Churn Risk,9
15643696,0.12342432749939199,num__Tenure,-0.10443267331004166,0.10443267331004166,Decreases Churn Risk,10
15587690,0.09795277588982299,num__Age,-1.5655072017147555,1.5655072017147555,Decreases Churn Risk,1
15587690,0.09795277588982299,cat__Geography_Germany,-0.5608614534150489,0.5608614534150489,Decreases Churn Risk,2
15587690,0.09795277588982299,cat__Gender_Male,-0.5487304268363243,0.5487304268363243,Decreases Churn Risk,3
15587690,0.09795277588982299,cat__Geography_Spain,-0.23899012698846966,0.23899012698846966,Decreases Churn Risk,4
15587690,0.09795277588982299,num__Tenure,-0.22940898775096596,0.22940898775096596,Decreases Churn Risk,5
15587690,0.09795277588982299,num__IsActiveMember,0.22123420992472068,0.22123420992472068,Increases Churn Risk,6
15587690,0.09795277588982299,num__EngagementScore,0.17965855390679983,0.17965855390679983,Increases Churn Risk,7
15587690,0.09795277588982299,num__NumOfProducts,0.16093011231205703,0.16093011231205703,Increases Churn Risk,8
15587690,0.09795277588982299,num__ProductDensity,-0.1276816665852548,0.1276816665852548,Decreases Churn Risk,9
15587690,0.09795277588982299,num__HasCrCard,0.042410654255424486,0.042410654255424486,Increases Churn Risk,10
15779711,0.11573720683897609,num__NumOfProducts,-0.8282666121974532,0.8282666121974532,Decreases Churn Risk,1
15779711,0.11573720683897609,num__Age,-0.4001603182204506,0.4001603182204506,Decreases Churn Risk,2
15779711,0.11573720683897609,num__Tenure,-0.33913535738621825,0.33913535738621825,Decreases Churn Risk,3
15779711,0.11573720683897609,cat__Geography_Germany,-0.3364421822239963,0.3364421822239963,Decreases Churn Risk,4
15779711,0.11573720683897609,cat__Geography_Spain,-0.29199141050827615,0.29199141050827615,Decreases Churn Risk,5
15779711,0.11573720683897609,num__IsActiveMember,-0.25673759180387856,0.25673759180387856,Decreases Churn Risk,6
15779711,0.11573720683897609,num__EstimatedSalary,0.15981626843364657,0.15981626843364657,Increases Churn Risk,7
15779711,0.11573720683897609,num__ProductDensity,-0.1274305941411831,0.1274305941411831,Decreases Churn Risk,8
15779711,0.11573720683897609,num__EngagementScore,-0.08379820419249095,0.08379820419249095,Decreases Churn Risk,9
15779711,0.11573720683897609,cat__Gender_Male,0.07888447280069126,0.07888447280069126,Increases Churn Risk,10
15655464,0.31085231454628404,num__IsActiveMember,-0.8998233046832722,0.8998233046832722,Decreases Churn Risk,1
15655464,0.31085231454628404,num__NumOfProducts,0.3843174748214095,0.3843174748214095,Increases Churn Risk,2
15655464,0.31085231454628404,num__Age,-0.3413494817169226,0.3413494817169226,Decreases Churn Risk,3
15655464,0.31085231454628404,cat__Geography_Germany,-0.23127980706365597,0.23127980706365597,Decreases Churn Risk,4
15655464,0.31085231454628404,num__Balance,0.2120339380846387,0.2120339380846387,Increases Churn Risk,5
15655464,0.31085231454628404,num__EngagementScore,0.1715554942453966,0.1715554942453966,Increases Churn Risk,6
15655464,0.31085231454628404,cat__Geography_Spain,-0.14313930975230887,0.14313930975230887,Decreases Churn Risk,7
15655464,0.31085231454628404,num__Tenure,-0.11199254815256082,0.11199254815256082,Decreases Churn Risk,8
15655464,0.31085231454628404,num__EstimatedSalary,-0.0936959162738393,0.0936959162738393,Decreases Churn Risk,9
15655464,0.31085231454628404,num__CreditScore,0.07746151794650229,0.07746151794650229,Increases Churn Risk,10
15750839,0.11273011291024455,num__Age,-1.0752523087703536,1.0752523087703536,Decreases Churn Risk,1
15750839,0.11273011291024455,cat__Gender_Male,-0.695088235329728,0.695088235329728,Decreases Churn Risk,2
15750839,0.11273011291024455,cat__Geography_Germany,-0.3241864820998792,0.3241864820998792,Decreases Churn Risk,3
15750839,0.11273011291024455,num__NumOfProducts,0.2921523243768177,0.2921523243768177,Increases Churn Risk,4
15750839,0.11273011291024455,num__IsActiveMember,-0.2629239708162781,0.2629239708162781,Decreases Churn Risk,5
15750839,0.11273011291024455,num__Tenure,-0.14536168604167618,0.14536168604167618,Decreases Churn Risk,6
15750839,0.11273011291024455,num__EngagementScore,-0.1448395302658202,0.1448395302658202,Decreases Churn Risk,7
15750839,0.11273011291024455,cat__Geography_Spain,-0.14473637402786277,0.14473637402786277,Decreases Churn Risk,8
15750839,0.11273011291024455,num__ProductDensity,-0.08419043587206637,0.08419043587206637,Decreases Churn Risk,9
15750839,0.11273011291024455,num__CreditScore,0.08055152104159789,0.08055152104159789,Increases Churn Risk,10
15780870,0.0316510153884498,num__IsActiveMember,-1.1303371293686757,1.1303371293686757,Decreases Churn Risk,1
15780870,0.0316510153884498,cat__Gender_Male,-0.5290821465293353,0.5290821465293353,Decreases Churn Risk,2
15780870,0.0316510153884498,cat__Geography_Germany,-0.4671358431760326,0.4671358431760326,Decreases Churn Risk,3
15780870,0.0316510153884498,num__Balance,-0.4503941227148969,0.4503941227148969,Decreases Churn Risk,4
15780870,0.0316510153884498,num__Age,-0.4337020932911555,0.4337020932911555,Decreases Churn Risk,5
15780870,0.0316510153884498,cat__Geography_Spain,-0.35027715816320953,0.35027715816320953,Decreases Churn Risk,6
15780870,0.0316510153884498,num__EstimatedSalary,-0.22551858535852387,0.22551858535852387,Decreases Churn Risk,7
15780870,0.0316510153884498,num__EngagementScore,-0.18917351389505802,0.18917351389505802,Decreases Churn Risk,8
15780870,0.0316510153884498,num__BalanceSalaryRatio,0.13797197312739015,0.13797197312739015,Increases Churn Risk,9
15780870,0.0316510153884498,num__ProductDensity,-0.07128111776316204,0.07128111776316204,Decreases Churn Risk,10
15581733,0.06418034133567783,num__Age,-1.3499194418147475,1.3499194418147475,Decreases Churn Risk,1
15581733,0.06418034133567783,num__NumOfProducts,-1.1240494903054863,1.1240494903054863,Decreases Churn Risk,2
15581733,0.06418034133567783,cat__Geography_Germany,-0.22095018656883617,0.22095018656883617,Decreases Churn Risk,3
15581733,0.06418034133567783,cat__Geography_Spain,-0.1952845955183303,0.1952845955183303,Decreases Churn Risk,4
15581733,0.06418034133567783,num__IsActiveMember,0.18477770576505181,0.18477770576505181,Increases Churn Risk,5
15581733,0.06418034133567783,num__EstimatedSalary,0.1490054744137222,0.1490054744137222,Increases Churn Risk,6
15581733,0.06418034133567783,num__HasBalance,-0.12634410976680632,0.12634410976680632,Decreases Churn Risk,7
15581733,0.06418034133567783,num__CreditScore,-0.12169551731122229,0.12169551731122229,Decreases Churn Risk,8
15581733,0.06418034133567783,num__ProductDensity,-0.11511280125203303,0.11511280125203303,Decreases Churn Risk,9
15581733,0.06418034133567783,num__EngagementScore,-0.09363991700501671,0.09363991700501671,Decreases Churn Risk,10
15712303,0.07124028489579019,num__IsActiveMember,-1.0591642338893787,1.0591642338893787,Decreases Churn Risk,1
15712303,0.07124028489579019,cat__Gender_Male,-0.5829789001782755,0.5829789001782755,Decreases Churn Risk,2
15712303,0.07124028489579019,cat__Geography_Germany,-0.47363265589204184,0.47363265589204184,Decreases Churn Risk,3
15712303,0.07124028489579019,num__Balance,-0.41538053029034766,0.41538053029034766,Decreases Churn Risk,4
15712303,0.07124028489579019,num__EngagementScore,-0.22790694725940328,0.22790694725940328,Decreases Churn Risk,5
15712303,0.07124028489579019,num__ProductDensity,-0.21484057601009154,0.21484057601009154,Decreases Churn Risk,6
15712303,0.07124028489579019,cat__Geography_Spain,-0.1450417518799177,0.1450417518799177,Decreases Churn Risk,7
15712303,0.07124028489579019,num__CustomerValue,0.13052186800529714,0.13052186800529714,Increases Churn Risk,8
15712303,0.07124028489579019,num__BalanceSalaryRatio,-0.058953872764825166,0.058953872764825166,Decreases Churn Risk,9
15712303,0.07124028489579019,num__NumOfProducts,0.043888305431516346,0.043888305431516346,Increases Churn Risk,10
15705001,0.24882379601706114,num__Age,-1.023034441995419,1.023034441995419,Decreases Churn Risk,1
15705001,0.24882379601706114,cat__Geography_Germany,-0.3203641810262595,0.3203641810262595,Decreases Churn Risk,2
15705001,0.24882379601706114,num__Balance,-0.2873874348449426,0.2873874348449426,Decreases Churn Risk,3
15705001,0.24882379601706114,num__IsActiveMember,0.26476999989046823,0.26476999989046823,Increases Churn Risk,4
15705001,0.24882379601706114,cat__Geography_Spain,-0.22266320155118302,0.22266320155118302,Decreases Churn Risk,5
15705001,0.24882379601706114,num__NumOfProducts,0.17169590373359622,0.17169590373359622,Increases Churn Risk,6
15705001,0.24882379601706114,num__Tenure,-0.13490866857135264,0.13490866857135264,Decreases Churn Risk,7
15705001,0.24882379601706114,num__ProductDensity,-0.10330546296874213,0.10330546296874213,Decreases Churn Risk,8
15705001,0.24882379601706114,num__EngagementScore,0.09853549840937256,0.09853549840937256,Increases Churn Risk,9
15705001,0.24882379601706114,num__HasCrCard,0.0526230946329458,0.0526230946329458,Increases Churn Risk,10
15801994,0.027994711209718023,num__NumOfProducts,-1.2498725484266964,1.2498725484266964,Decreases Churn Risk,1
15801994,0.027994711209718023,num__Age,-1.1698151786908324,1.1698151786908324,Decreases Churn Risk,2
15801994,0.027994711209718023,cat__Gender_Male,-0.6671343865751141,0.6671343865751141,Decreases Churn Risk,3
15801994,0.027994711209718023,cat__Geography_Germany,-0.25406228985481016,0.25406228985481016,Decreases Churn Risk,4
15801994,0.027994711209718023,num__IsActiveMember,0.21796312101709883,0.21796312101709883,Increases Churn Risk,5
15801994,0.027994711209718023,cat__Geography_Spain,-0.205389238487657,0.205389238487657,Decreases Churn Risk,6
15801994,0.027994711209718023,num__Tenure,-0.17956752555272074,0.17956752555272074,Decreases Churn Risk,7
15801994,0.027994711209718023,num__EngagementScore,-0.1534774010069759,0.1534774010069759,Decreases Churn Risk,8
15801994,0.027994711209718023,num__HasBalance,-0.12634410976680632,0.12634410976680632,Decreases Churn Risk,9
15801994,0.027994711209718023,num__Balance,-0.10428349122487639,0.10428349122487639,Decreases Churn Risk,10
15579189,0.09498532470293959,num__NumOfProducts,-1.2293986719945909,1.2293986719945909,Decreases Churn Risk,1
15579189,0.09498532470293959,num__Tenure,-0.3790850303644835,0.3790850303644835,Decreases Churn Risk,2
15579189,0.09498532470293959,cat__Geography_Germany,-0.2504738608362899,0.2504738608362899,Decreases Churn Risk,3
15579189,0.09498532470293959,num__IsActiveMember,-0.20056605515726586,0.20056605515726586,Decreases Churn Risk,4
15579189,0.09498532470293959,num__EngagementScore,-0.18789178405833754,0.18789178405833754,Decreases Churn Risk,5
15579189,0.09498532470293959,cat__Geography_Spain,-0.15381398285925615,0.15381398285925615,Decreases Churn Risk,6
15579189,0.09498532470293959,num__HasBalance,-0.14288778490368345,0.14288778490368345,Decreases Churn Risk,7
15579189,0.09498532470293959,num__CustomerValue,-0.06729762205658159,0.06729762205658159,Decreases Churn Risk,8
15579189,0.09498532470293959,num__HasCrCard,-0.0659445541951841,0.0659445541951841,Decreases Churn Risk,9
15579189,0.09498532470293959,num__Age,0.06155064455480177,0.06155064455480177,Increases Churn Risk,10
15710366,0.4229276696389741,cat__Geography_Spain,-0.350177740563298,0.350177740563298,Decreases Churn Risk,1
15710366,0.4229276696389741,num__NumOfProducts,0.31295600492529757,0.31295600492529757,Increases Churn Risk,2
15710366,0.4229276696389741,cat__Geography_Germany,-0.2859854943844797,0.2859854943844797,Decreases Churn Risk,3
15710366,0.4229276696389741,num__Balance,0.2758598125076343,0.2758598125076343,Increases Churn Risk,4
15710366,0.4229276696389741,num__IsActiveMember,-0.26838825898225493,0.26838825898225493,Decreases Churn Risk,5
15710366,0.4229276696389741,num__EngagementScore,-0.1769007591573303,0.1769007591573303,Decreases Churn Risk,6
15710366,0.4229276696389741,num__AgeTenureInteraction,-0.15042733473722728,0.15042733473722728,Decreases Churn Risk,7
15710366,0.4229276696389741,num__ProductDensity,-0.10796256502970304,0.10796256502970304,Decreases Churn Risk,8
15710366,0.4229276696389741,num__CustomerValue,-0.07365089370082227,0.07365089370082227,Decreases Churn Risk,9
15710366,0.4229276696389741,num__Age,0.07073552893976406,0.07073552893976406,Increases Churn Risk,10
15566211,0.643907742805176,cat__Geography_Germany,0.5173302726409864,0.5173302726409864,Increases Churn Risk,1
15566211,0.643907742805176,num__EstimatedSalary,-0.46628924918166864,0.46628924918166864,Decreases Churn Risk,2
15566211,0.643907742805176,num__NumOfProducts,0.37577901326927926,0.37577901326927926,Increases Churn Risk,3
15566211,0.643907742805176,num__AgeTenureInteraction,-0.22451635222707847,0.22451635222707847,Decreases Churn Risk,4
15566211,0.643907742805176,num__Age,-0.2146536909780485,0.2146536909780485,Decreases Churn Risk,5
15566211,0.643907742805176,num__BalanceSalaryRatio,0.18262651109134564,0.18262651109134564,Increases Churn Risk,6
15566211,0.643907742805176,num__IsActiveMember,0.15381358395158048,0.15381358395158048,Increases Churn Risk,7
15566211,0.643907742805176,num__CustomerValue,-0.14753169018251247,0.14753169018251247,Decreases Churn Risk,8
15566211,0.643907742805176,cat__Geography_Spain,-0.14586115579992262,0.14586115579992262,Decreases Churn Risk,9
15566211,0.643907742805176,cat__Gender_Male,-0.12435352208514511,0.12435352208514511,Decreases Churn Risk,10
15696054,0.2876430559617674,num__Age,-0.7551497647948968,0.7551497647948968,Decreases Churn Risk,1
15696054,0.2876430559617674,cat__Gender_Male,-0.5961016071934166,0.5961016071934166,Decreases Churn Risk,2
15696054,0.2876430559617674,num__NumOfProducts,0.4654642589346567,0.4654642589346567,Increases Churn Risk,3
15696054,0.2876430559617674,cat__Geography_Germany,-0.3233542981970618,0.3233542981970618,Decreases Churn Risk,4
15696054,0.2876430559617674,num__Balance,0.25462698198116385,0.25462698198116385,Increases Churn Risk,5
15696054,0.2876430559617674,cat__Geography_Spain,-0.18552936625282895,0.18552936625282895,Decreases Churn Risk,6
15696054,0.2876430559617674,num__EngagementScore,0.17427859543304855,0.17427859543304855,Increases Churn Risk,7
15696054,0.2876430559617674,num__Tenure,-0.16769342396879147,0.16769342396879147,Decreases Churn Risk,8
15696054,0.2876430559617674,num__IsActiveMember,-0.16379286762186443,0.16379286762186443,Decreases Churn Risk,9
15696054,0.2876430559617674,num__AgeTenureInteraction,0.10852450041892768,0.10852450041892768,Increases Churn Risk,10
15623972,0.2820255166223133,num__Age,-1.3432032864734824,1.3432032864734824,Decreases Churn Risk,1
15623972,0.2820255166223133,cat__Geography_Germany,0.5481941672569,0.5481941672569,Increases Churn Risk,2
15623972,0.2820255166223133,num__NumOfProducts,0.3646471995196468,0.3646471995196468,Increases Churn Risk,3
15623972,0.2820255166223133,num__IsActiveMember,-0.24498766625043547,0.24498766625043547,Decreases Churn Risk,4
15623972,0.2820255166223133,num__Tenure,-0.20533318757981028,0.20533318757981028,Decreases Churn Risk,5
15623972,0.2820255166223133,num__CreditScore,-0.15965423373167337,0.15965423373167337,Decreases Churn Risk,6
15623972,0.2820255166223133,num__Balance,0.1590647572694428,0.1590647572694428,Increases Churn Risk,7
15623972,0.2820255166223133,cat__Geography_Spain,-0.14974017596374053,0.14974017596374053,Decreases Churn Risk,8
15623972,0.2820255166223133,cat__Gender_Male,-0.10420937339057945,0.10420937339057945,Decreases Churn Risk,9
15623972,0.2820255166223133,num__EngagementScore,0.08152763616581592,0.08152763616581592,Increases Churn Risk,10
15765806,0.02051003679628849,num__Age,-1.1911026956050499,1.1911026956050499,Decreases Churn Risk,1
15765806,0.02051003679628849,num__AgeTenureInteraction,-0.6253342068777832,0.6253342068777832,Decreases Churn Risk,2
15765806,0.02051003679628849,cat__Gender_Male,-0.6203103218421336,0.6203103218421336,Decreases Churn Risk,3
15765806,0.02051003679628849,cat__Geography_Germany,-0.5209957268644472,0.5209957268644472,Decreases Churn Risk,4
15765806,0.02051003679628849,num__EstimatedSalary,-0.34171175335159665,0.34171175335159665,Decreases Churn Risk,5
15765806,0.02051003679628849,num__Balance,-0.22474769534482608,0.22474769534482608,Decreases Churn Risk,6
15765806,0.02051003679628849,cat__Geography_Spain,-0.22272787501576882,0.22272787501576882,Decreases Churn Risk,7
15765806,0.02051003679628849,num__IsActiveMember,-0.18733460552317055,0.18733460552317055,Decreases Churn Risk,8
15765806,0.02051003679628849,num__NumOfProducts,0.18298104895886239,0.18298104895886239,Increases Churn Risk,9
15765806,0.02051003679628849,num__ProductDensity,-0.15122788135182758,0.15122788135182758,Decreases Churn Risk,10
15725737,0.05058293482171675,num__NumOfProducts,-1.2674054634053007,1.2674054634053007,Decreases Churn Risk,1
15725737,0.05058293482171675,cat__Gender_Male,-0.653984033298383,0.653984033298383,Decreases Churn Risk,2
15725737,0.05058293482171675,num__Age,0.5401481937492358,0.5401481937492358,Increases Churn Risk,3
15725737,0.05058293482171675,cat__Geography_Germany,-0.3215877804458491,0.3215877804458491,Decreases Churn Risk,4
15725737,0.05058293482171675,num__EstimatedSalary,-0.22674570133955865,0.22674570133955865,Decreases Churn Risk,5
15725737,0.05058293482171675,num__EngagementScore,-0.22128470690147803,0.22128470690147803,Decreases Churn Risk,6
15725737,0.05058293482171675,num__CustomerValue,-0.206845054595384,0.206845054595384,Decreases Churn Risk,7
15725737,0.05058293482171675,num__HasBalance,-0.16103498512569173,0.16103498512569173,Decreases Churn Risk,8
15725737,0.05058293482171675,num__IsActiveMember,-0.15508020746777068,0.15508020746777068,Decreases Churn Risk,9
15725737,0.05058293482171675,cat__Geography_Spain,-0.14821676014943413,0.14821676014943413,Decreases Churn Risk,10
15582714,0.7836825401684318,num__Age,0.9731072157600678,0.9731072157600678,Increases Churn Risk,1
15582714,0.7836825401684318,cat__Gender_Male,-0.5329081079793165,0.5329081079793165,Decreases Churn Risk,2
15582714,0.7836825401684318,cat__Geography_Germany,0.5171968210050837,0.5171968210050837,Increases Churn Risk,3
15582714,0.7836825401684318,num__IsActiveMember,-0.34923630487973956,0.34923630487973956,Decreases Churn Risk,4
15582714,0.7836825401684318,num__NumOfProducts,0.2934924582610222,0.2934924582610222,Increases Churn Risk,5
15582714,0.7836825401684318,num__Tenure,-0.2086196326070583,0.2086196326070583,Decreases Churn Risk,6
15582714,0.7836825401684318,num__Balance,0.15668008907680564,0.15668008907680564,Increases Churn Risk,7
15582714,0.7836825401684318,num__EngagementScore,0.1452097301294288,0.1452097301294288,Increases Churn Risk,8
15582714,0.7836825401684318,cat__Geography_Spain,-0.08594908744268714,0.08594908744268714,Decreases Churn Risk,9
15582714,0.7836825401684318,num__ProductDensity,-0.06931406025330544,0.06931406025330544,Decreases Churn Risk,10
15760861,0.26653021322704945,cat__Geography_Germany,-0.6273317883019344,0.6273317883019344,Decreases Churn Risk,1
15760861,0.26653021322704945,cat__Gender_Male,-0.5985036551710873,0.5985036551710873,Decreases Churn Risk,2
15760861,0.26653021322704945,num__Age,0.5045319719040924,0.5045319719040924,Increases Churn Risk,3
15760861,0.26653021322704945,num__IsActiveMember,-0.27752311593814366,0.27752311593814366,Decreases Churn Risk,4
15760861,0.26653021322704945,num__EngagementScore,-0.2277315992730905,0.2277315992730905,Decreases Churn Risk,5
15760861,0.26653021322704945,num__ProductDensity,-0.13421438773230407,0.13421438773230407,Decreases Churn Risk,6
15760861,0.26653021322704945,cat__Geography_Spain,-0.13350125063048157,0.13350125063048157,Decreases Churn Risk,7
15760861,0.26653021322704945,num__AgeTenureInteraction,-0.11470248350286003,0.11470248350286003,Decreases Churn Risk,8
15760861,0.26653021322704945,num__CreditScore,0.09902084981739213,0.09902084981739213,Increases Churn Risk,9
15760861,0.26653021322704945,num__NumOfProducts,0.06956140477581295,0.06956140477581295,Increases Churn Risk,10
15778589,0.043511686905581874,num__Age,-0.9705623333806855,0.9705623333806855,Decreases Churn Risk,1
15778589,0.043511686905581874,num__NumOfProducts,-0.8291098296649021,0.8291098296649021,Decreases Churn Risk,2
15778589,0.043511686905581874,cat__Gender_Male,-0.6005256262878975,0.6005256262878975,Decreases Churn Risk,3
15778589,0.043511686905581874,cat__Geography_Germany,-0.367560036129814,0.367560036129814,Decreases Churn Risk,4
15778589,0.043511686905581874,num__IsActiveMember,-0.332946660422421,0.332946660422421,Decreases Churn Risk,5
15778589,0.043511686905581874,num__Tenure,-0.3226592859312492,0.3226592859312492,Decreases Churn Risk,6
15778589,0.043511686905581874,cat__Geography_Spain,-0.2031649155659664,0.2031649155659664,Decreases Churn Risk,7
15778589,0.043511686905581874,num__BalanceSalaryRatio,0.18839049430223925,0.18839049430223925,Increases Churn Risk,8
15778589,0.043511686905581874,num__EngagementScore,-0.15606164262686004,0.15606164262686004,Decreases Churn Risk,9
15778589,0.043511686905581874,num__Balance,0.10310326240509264,0.10310326240509264,Increases Churn Risk,10
15656484,0.03980774204053862,num__NumOfProducts,-1.2954717804151945,1.2954717804151945,Decreases Churn Risk,1
15656484,0.03980774204053862,cat__Gender_Male,-0.7508904728146553,0.7508904728146553,Decreases Churn Risk,2
15656484,0.03980774204053862,cat__Geography_Germany,-0.2858188265030652,0.2858188265030652,Decreases Churn Risk,3
15656484,0.03980774204053862,num__IsActiveMember,-0.2612738173711027,0.2612738173711027,Decreases Churn Risk,4
15656484,0.03980774204053862,num__Age,-0.21332642792245046,0.21332642792245046,Decreases Churn Risk,5
15656484,0.03980774204053862,num__EngagementScore,-0.19587789393674196,0.19587789393674196,Decreases Churn Risk,6
15656484,0.03980774204053862,cat__Geography_Spain,-0.16188711859004495,0.16188711859004495,Decreases Churn Risk,7
15656484,0.03980774204053862,num__HasBalance,-0.14288778490368345,0.14288778490368345,Decreases Churn Risk,8
15656484,0.03980774204053862,num__ProductDensity,-0.1054922080796281,0.1054922080796281,Decreases Churn Risk,9
15656484,0.03980774204053862,num__Balance,-0.08860159564093603,0.08860159564093603,Decreases Churn Risk,10
15787151,0.03373684046306915,num__NumOfProducts,-1.3749485647928719,1.3749485647928719,Decreases Churn Risk,1
15787151,0.03373684046306915,num__Age,-1.0282602914204302,1.0282602914204302,Decreases Churn Risk,2
15787151,0.03373684046306915,num__Tenure,-0.3420913575612039,0.3420913575612039,Decreases Churn Risk,3
15787151,0.03373684046306915,num__IsActiveMember,-0.22751156275570217,0.22751156275570217,Decreases Churn Risk,4
15787151,0.03373684046306915,cat__Geography_Germany,-0.21415070473915518,0.21415070473915518,Decreases Churn Risk,5
15787151,0.03373684046306915,cat__Geography_Spain,-0.17943145826465565,0.17943145826465565,Decreases Churn Risk,6
15787151,0.03373684046306915,num__EstimatedSalary,-0.154218913128907,0.154218913128907,Decreases Churn Risk,7
15787151,0.03373684046306915,num__HasBalance,-0.13030917864040684,0.13030917864040684,Decreases Churn Risk,8
15787151,0.03373684046306915,num__EngagementScore,-0.10045898344707288,0.10045898344707288,Decreases Churn Risk,9
15787151,0.03373684046306915,num__ProductDensity,-0.09006914816194073,0.09006914816194073,Decreases Churn Risk,10
15589725,0.27618508146794163,num__NumOfProducts,-1.3023409416368685,1.3023409416368685,Decreases Churn Risk,1
15589725,0.27618508146794163,num__Age,1.1426991289315167,1.1426991289315167,Increases Churn Risk,2
15589725,0.27618508146794163,num__EngagementScore,-0.35696809225582943,0.35696809225582943,Decreases Churn Risk,3
15589725,0.27618508146794163,num__IsActiveMember,-0.32591106649077395,0.32591106649077395,Decreases Churn Risk,4
15589725,0.27618508146794163,cat__Geography_Germany,-0.2571591026956578,0.2571591026956578,Decreases Churn Risk,5
15589725,0.27618508146794163,num__EstimatedSalary,0.16965039119535447,0.16965039119535447,Increases Churn Risk,6
15589725,0.27618508146794163,num__HasBalance,-0.16103498512569173,0.16103498512569173,Decreases Churn Risk,7
15589725,0.27618508146794163,cat__Geography_Spain,-0.13082803118988268,0.13082803118988268,Decreases Churn Risk,8
15589725,0.27618508146794163,num__ProductDensity,-0.07805472014557113,0.07805472014557113,Decreases Churn Risk,9
15589725,0.27618508146794163,num__Balance,-0.05959023438346005,0.05959023438346005,Decreases Churn Risk,10
15606115,0.613473686243893,num__Age,1.2058846053768468,1.2058846053768468,Increases Churn Risk,1
15606115,0.613473686243893,num__Tenure,-0.35891971906919345,0.35891971906919345,Decreases Churn Risk,2
15606115,0.613473686243893,cat__Geography_Germany,-0.22760147784674312,0.22760147784674312,Decreases Churn Risk,3
15606115,0.613473686243893,num__EngagementScore,-0.20646415042196142,0.20646415042196142,Decreases Churn Risk,4
15606115,0.613473686243893,cat__Geography_Spain,-0.14741790762317056,0.14741790762317056,Decreases Churn Risk,5
15606115,0.613473686243893,num__IsActiveMember,-0.11820734835150364,0.11820734835150364,Decreases Churn Risk,6
15606115,0.613473686243893,num__NumOfProducts,0.10924142678875658,0.10924142678875658,Increases Churn Risk,7
15606115,0.613473686243893,num__Balance,-0.09023329211684619,0.09023329211684619,Decreases Churn Risk,8
15606115,0.613473686243893,num__CustomerValue,0.06637800059395435,0.06637800059395435,Increases Churn Risk,9
15606115,0.613473686243893,num__BalanceSalaryRatio,-0.06322266043052943,0.06322266043052943,Decreases Churn Risk,10
15726945,0.025554985608562855,num__NumOfProducts,-1.1264800574022427,1.1264800574022427,Decreases Churn Risk,1
15726945,0.025554985608562855,num__Age,-1.0281211241427346,1.0281211241427346,Decreases Churn Risk,2
15726945,0.025554985608562855,num__IsActiveMember,-0.8319395166943182,0.8319395166943182,Decreases Churn Risk,3
15726945,0.025554985608562855,cat__Geography_Germany,-0.24183368712702463,0.24183368712702463,Decreases Churn Risk,4
15726945,0.025554985608562855,num__EngagementScore,-0.22887312034417095,0.22887312034417095,Decreases Churn Risk,5
15726945,0.025554985608562855,num__Tenure,-0.16887649751673883,0.16887649751673883,Decreases Churn Risk,6
15726945,0.025554985608562855,cat__Geography_Spain,-0.15063957096646458,0.15063957096646458,Decreases Churn Risk,7
15726945,0.025554985608562855,num__HasBalance,-0.14613955200258597,0.14613955200258597,Decreases Churn Risk,8
15726945,0.025554985608562855,num__EstimatedSalary,0.1356957827153726,0.1356957827153726,Increases Churn Risk,9
15726945,0.025554985608562855,num__CreditScore,-0.11622198024483697,0.11622198024483697,Decreases Churn Risk,10
15757385,0.21037369434127298,num__Age,-1.2381170978324483,1.2381170978324483,Decreases Churn Risk,1
15757385,0.21037369434127298,cat__Geography_Germany,-0.37904682627810127,0.37904682627810127,Decreases Churn Risk,2
15757385,0.21037369434127298,num__ProductDensity,-0.27756741690931375,0.27756741690931375,Decreases Churn Risk,3
15757385,0.21037369434127298,num__Balance,-0.24218037841312184,0.24218037841312184,Decreases Churn Risk,4
15757385,0.21037369434127298,num__IsActiveMember,0.20971784435498345,0.20971784435498345,Increases Churn Risk,5
15757385,0.21037369434127298,num__Tenure,-0.17404240477603083,0.17404240477603083,Decreases Churn Risk,6
15757385,0.21037369434127298,num__NumOfProducts,0.15516873134544687,0.15516873134544687,Increases Churn Risk,7
15757385,0.21037369434127298,num__EstimatedSalary,0.14694491983708702,0.14694491983708702,Increases Churn Risk,8
15757385,0.21037369434127298,cat__Geography_Spain,-0.1411407269468691,0.1411407269468691,Decreases Churn Risk,9
15757385,0.21037369434127298,num__EngagementScore,0.09801877302109832,0.09801877302109832,Increases Churn Risk,10
15779809,0.4294982611164096,cat__Gender_Male,-0.6120994032512072,0.6120994032512072,Decreases Churn Risk,1
15779809,0.4294982611164096,num__Age,0.5630127694142926,0.5630127694142926,Increases Churn Risk,2
15779809,0.4294982611164096,cat__Geography_Germany,-0.43615231818912786,0.43615231818912786,Decreases Churn Risk,3
15779809,0.4294982611164096,num__NumOfProducts,0.25254533288607733,0.25254533288607733,Increases Churn Risk,4
15779809,0.4294982611164096,num__IsActiveMember,-0.22718388021062863,0.22718388021062863,Decreases Churn Risk,5
15779809,0.4294982611164096,num__EngagementScore,0.22162744793948497,0.22162744793948497,Increases Churn Risk,6
15779809,0.4294982611164096,num__Tenure,-0.15743821423500648,0.15743821423500648,Decreases Churn Risk,7
15779809,0.4294982611164096,num__ProductDensity,-0.14879462997380233,0.14879462997380233,Decreases Churn Risk,8
15779809,0.4294982611164096,num__Balance,-0.1328810691184324,0.1328810691184324,Decreases Churn Risk,9
15779809,0.4294982611164096,cat__Geography_Spain,-0.12559326151651115,0.12559326151651115,Decreases Churn Risk,10
15749679,0.08773612686993135,cat__Gender_Male,-0.7379558946257709,0.7379558946257709,Decreases Churn Risk,1
15749679,0.08773612686993135,cat__Geography_Germany,-0.6050144336993597,0.6050144336993597,Decreases Churn Risk,2
15749679,0.08773612686993135,num__IsActiveMember,-0.3585702325832628,0.3585702325832628,Decreases Churn Risk,3
15749679,0.08773612686993135,num__Tenure,-0.27102246533334534,0.27102246533334534,Decreases Churn Risk,4
15749679,0.08773612686993135,num__Age,-0.21780211599896462,0.21780211599896462,Decreases Churn Risk,5
15749679,0.08773612686993135,num__EngagementScore,-0.16380771548978446,0.16380771548978446,Decreases Churn Risk,6
15749679,0.08773612686993135,num__AgeTenureInteraction,-0.15979505047639772,0.15979505047639772,Decreases Churn Risk,7
15749679,0.08773612686993135,cat__Geography_Spain,-0.1540948180487044,0.1540948180487044,Decreases Churn Risk,8
15749679,0.08773612686993135,num__CreditScore,-0.14449176101433814,0.14449176101433814,Decreases Churn Risk,9
15749679,0.08773612686993135,num__NumOfProducts,0.143084615696855,0.143084615696855,Increases Churn Risk,10
15632143,0.09795770911100454,num__Age,-1.4055630291893098,1.4055630291893098,Decreases Churn Risk,1
15632143,0.09795770911100454,cat__Gender_Male,-0.5745967940604184,0.5745967940604184,Decreases Churn Risk,2
15632143,0.09795770911100454,cat__Geography_Germany,-0.5689696331393013,0.5689696331393013,Decreases Churn Risk,3
15632143,0.09795770911100454,cat__Geography_Spain,-0.23748374521737306,0.23748374521737306,Decreases Churn Risk,4
15632143,0.09795770911100454,num__Tenure,-0.234441965102507,0.234441965102507,Decreases Churn Risk,5
15632143,0.09795770911100454,num__IsActiveMember,0.19789136648837968,0.19789136648837968,Increases Churn Risk,6
15632143,0.09795770911100454,num__NumOfProducts,0.18528965018461363,0.18528965018461363,Increases Churn Risk,7
15632143,0.09795770911100454,num__EngagementScore,0.16975255528379846,0.16975255528379846,Increases Churn Risk,8
15632143,0.09795770911100454,num__ProductDensity,-0.10899714620794013,0.10899714620794013,Decreases Churn Risk,9
15632143,0.09795770911100454,num__BalanceSalaryRatio,-0.09992251512510582,0.09992251512510582,Decreases Churn Risk,10
15665064,0.08058930691605343,num__Age,-0.9513998548331317,0.9513998548331317,Decreases Churn Risk,1
15665064,0.08058930691605343,num__NumOfProducts,-0.8663757244014885,0.8663757244014885,Decreases Churn Risk,2
15665064,0.08058930691605343,cat__Gender_Male,-0.6553406773473024,0.6553406773473024,Decreases Churn Risk,3
15665064,0.08058930691605343,cat__Geography_Germany,-0.24557004118369535,0.24557004118369535,Decreases Churn Risk,4
15665064,0.08058930691605343,num__IsActiveMember,0.21552678489305468,0.21552678489305468,Increases Churn Risk,5
15665064,0.08058930691605343,cat__Geography_Spain,-0.21008342395824828,0.21008342395824828,Decreases Churn Risk,6
15665064,0.08058930691605343,num__Tenure,-0.16069544858881868,0.16069544858881868,Decreases Churn Risk,7
15665064,0.08058930691605343,num__EngagementScore,-0.15220518027231553,0.15220518027231553,Decreases Churn Risk,8
15665064,0.08058930691605343,num__ProductDensity,-0.12600698337831562,0.12600698337831562,Decreases Churn Risk,9
15665064,0.08058930691605343,num__BalanceSalaryRatio,0.11479565151023288,0.11479565151023288,Increases Churn Risk,10
15751333,0.05742323495174528,num__NumOfProducts,-1.1985833630128282,1.1985833630128282,Decreases Churn Risk,1
15751333,0.05742323495174528,num__Age,-0.8443457537433212,0.8443457537433212,Decreases Churn Risk,2
15751333,0.05742323495174528,num__IsActiveMember,-0.23067305873858304,0.23067305873858304,Decreases Churn Risk,3
15751333,0.05742323495174528,cat__Geography_Germany,-0.2188296842701284,0.2188296842701284,Decreases Churn Risk,4
15751333,0.05742323495174528,cat__Geography_Spain,-0.18287138875396594,0.18287138875396594,Decreases Churn Risk,5
15751333,0.05742323495174528,num__Tenure,-0.18073361609360222,0.18073361609360222,Decreases Churn Risk,6
15751333,0.05742323495174528,num__HasBalance,-0.13030917864040684,0.13030917864040684,Decreases Churn Risk,7
15751333,0.05742323495174528,num__ProductDensity,-0.12498408378322398,0.12498408378322398,Decreases Churn Risk,8
15751333,0.05742323495174528,num__EstimatedSalary,0.1168744831558885,0.1168744831558885,Increases Churn Risk,9
15751333,0.05742323495174528,num__EngagementScore,-0.0834910420781371,0.0834910420781371,Decreases Churn Risk,10
15804142,0.8050105383796711,num__Age,1.7516258199073862,1.7516258199073862,Increases Churn Risk,1
15804142,0.8050105383796711,num__NumOfProducts,-0.7183031536618346,0.7183031536618346,Decreases Churn Risk,2
15804142,0.8050105383796711,num__IsActiveMember,0.6156891401527104,0.6156891401527104,Increases Churn Risk,3
15804142,0.8050105383796711,cat__Geography_Spain,-0.2554752066848259,0.2554752066848259,Decreases Churn Risk,4
15804142,0.8050105383796711,num__BalanceSalaryRatio,0.24152877410209528,0.24152877410209528,Increases Churn Risk,5
15804142,0.8050105383796711,num__EngagementScore,-0.2138100209951787,0.2138100209951787,Decreases Churn Risk,6
15804142,0.8050105383796711,cat__Geography_Germany,-0.18364215330113223,0.18364215330113223,Decreases Churn Risk,7
15804142,0.8050105383796711,num__Tenure,-0.1836304565140129,0.1836304565140129,Decreases Churn Risk,8
15804142,0.8050105383796711,num__ProductDensity,-0.09127139544650165,0.09127139544650165,Decreases Churn Risk,9
15804142,0.8050105383796711,cat__Gender_Male,-0.07472886601923243,0.07472886601923243,Decreases Churn Risk,10
15712568,0.2681189259481879,cat__Gender_Male,-0.6044784534537969,0.6044784534537969,Decreases Churn Risk,1
15712568,0.2681189259481879,cat__Geography_Germany,-0.5336867312658781,0.5336867312658781,Decreases Churn Risk,2
15712568,0.2681189259481879,cat__Geography_Spain,-0.3489558899869765,0.3489558899869765,Decreases Churn Risk,3
15712568,0.2681189259481879,num__IsActiveMember,0.3391676568882258,0.3391676568882258,Increases Churn Risk,4
15712568,0.2681189259481879,num__Tenure,-0.3157632536407294,0.3157632536407294,Decreases Churn Risk,5
15712568,0.2681189259481879,num__Age,-0.3135992680237296,0.3135992680237296,Decreases Churn Risk,6
15712568,0.2681189259481879,num__ProductDensity,-0.2326638741215151,0.2326638741215151,Decreases Churn Risk,7
15712568,0.2681189259481879,num__EngagementScore,0.20910259821370245,0.20910259821370245,Increases Churn Risk,8
15712568,0.2681189259481879,num__CustomerValue,0.19719788878033218,0.19719788878033218,Increases Churn Risk,9
15712568,0.2681189259481879,num__NumOfProducts,0.13428747078954628,0.13428747078954628,Increases Churn Risk,10
15690169,0.09631509090339209,num__Age,-1.0777624412832605,1.0777624412832605,Decreases Churn Risk,1
15690169,0.09631509090339209,num__NumOfProducts,-0.8395103955146256,0.8395103955146256,Decreases Churn Risk,2
15690169,0.09631509090339209,cat__Gender_Male,-0.5484433187714522,0.5484433187714522,Decreases Churn Risk,3
15690169,0.09631509090339209,num__BalanceSalaryRatio,0.5237564957605263,0.5237564957605263,Increases Churn Risk,4
15690169,0.09631509090339209,num__Tenure,-0.29598497730537887,0.29598497730537887,Decreases Churn Risk,5
15690169,0.09631509090339209,cat__Geography_Spain,-0.24496467080849846,0.24496467080849846,Decreases Churn Risk,6
15690169,0.09631509090339209,num__IsActiveMember,0.23602836953659906,0.23602836953659906,Increases Churn Risk,7
15690169,0.09631509090339209,cat__Geography_Germany,-0.2345421405338714,0.2345421405338714,Decreases Churn Risk,8
15690169,0.09631509090339209,num__EngagementScore,-0.15389787095720964,0.15389787095720964,Decreases Churn Risk,9
15690169,0.09631509090339209,num__EstimatedSalary,-0.10582891980087224,0.10582891980087224,Decreases Churn Risk,10
15605333,0.14246633361484565,num__Age,-1.1781395302882465,1.1781395302882465,Decreases Churn Risk,1
15605333,0.14246633361484565,cat__Gender_Male,-0.5413903171316817,0.5413903171316817,Decreases Churn Risk,2
15605333,0.14246633361484565,num__NumOfProducts,0.44188635345892874,0.44188635345892874,Increases Churn Risk,3
15605333,0.14246633361484565,num__CustomerValue,-0.3557299720498295,0.3557299720498295,Decreases Churn Risk,4
15605333,0.14246633361484565,num__Tenure,-0.34534462174373615,0.34534462174373615,Decreases Churn Risk,5
15605333,0.14246633361484565,cat__Geography_Germany,-0.3044881614214211,0.3044881614214211,Decreases Churn Risk,6
15605333,0.14246633361484565,num__EstimatedSalary,-0.22981636090539193,0.22981636090539193,Decreases Churn Risk,7
15605333,0.14246633361484565,num__IsActiveMember,0.21928358087168415,0.21928358087168415,Increases Churn Risk,8
15605333,0.14246633361484565,num__EngagementScore,0.1785932448901898,0.1785932448901898,Increases Churn Risk,9
15605333,0.14246633361484565,cat__Geography_Spain,-0.13611236226306347,0.13611236226306347,Decreases Churn Risk,10
15596165,0.06239565834763258,num__Age,-1.4308355773698718,1.4308355773698718,Decreases Churn Risk,1
15596165,0.06239565834763258,num__NumOfProducts,-0.9755597493975162,0.9755597493975162,Decreases Churn Risk,2
15596165,0.06239565834763258,cat__Gender_Male,-0.5672942353807477,0.5672942353807477,Decreases Churn Risk,3
15596165,0.06239565834763258,num__IsActiveMember,-0.313386436137632,0.313386436137632,Decreases Churn Risk,4
15596165,0.06239565834763258,cat__Geography_Germany,0.2946747029939834,0.2946747029939834,Increases Churn Risk,5
15596165,0.06239565834763258,num__BalanceSalaryRatio,0.16711753002619595,0.16711753002619595,Increases Churn Risk,6
15596165,0.06239565834763258,cat__Geography_Spain,-0.1660544463969959,0.1660544463969959,Decreases Churn Risk,7
15596165,0.06239565834763258,num__EngagementScore,-0.15963708365266654,0.15963708365266654,Decreases Churn Risk,8
15596165,0.06239565834763258,num__ProductDensity,-0.12733103808561624,0.12733103808561624,Decreases Churn Risk,9
15596165,0.06239565834763258,num__Balance,0.08766935590856247,0.08766935590856247,Increases Churn Risk,10
15586557,0.3155323593567735,cat__Gender_Male,-0.622925625307278,0.622925625307278,Decreases Churn Risk,1
15586557,0.3155323593567735,num__NumOfProducts,0.48902782043660725,0.48902782043660725,Increases Churn Risk,2
15586557,0.3155323593567735,num__Tenure,-0.3856082909518181,0.3856082909518181,Decreases Churn Risk,3
15586557,0.3155323593567735,cat__Geography_Germany,-0.3104311512793246,0.3104311512793246,Decreases Churn Risk,4
15586557,0.3155323593567735,num__Balance,0.24638245487173124,0.24638245487173124,Increases Churn Risk,5
15586557,0.3155323593567735,num__IsActiveMember,-0.20805609713419226,0.20805609713419226,Decreases Churn Risk,6
15586557,0.3155323593567735,num__EngagementScore,0.19350239729085267,0.19350239729085267,Increases Churn Risk,7
15586557,0.3155323593567735,num__Age,-0.18808038205529895,0.18808038205529895,Decreases Churn Risk,8
15586557,0.3155323593567735,cat__Geography_Spain,-0.153838490868091,0.153838490868091,Decreases Churn Risk,9
15586557,0.3155323593567735,num__CustomerValue,-0.09526023108977,0.09526023108977,Decreases Churn Risk,10
15640078,0.7150832471654138,cat__Geography_Germany,0.5035510627142112,0.5035510627142112,Increases Churn Risk,1
15640078,0.7150832471654138,num__NumOfProducts,0.3753725415947718,0.3753725415947718,Increases Churn Risk,2
15640078,0.7150832471654138,num__Tenure,-0.3650768202446547,0.3650768202446547,Decreases Churn Risk,3
15640078,0.7150832471654138,num__Age,-0.3332879178972313,0.3332879178972313,Decreases Churn Risk,4
15640078,0.7150832471654138,num__IsActiveMember,0.19342205463591108,0.19342205463591108,Increases Churn Risk,5
15640078,0.7150832471654138,num__EstimatedSalary,0.18966799775476303,0.18966799775476303,Increases Churn Risk,6
15640078,0.7150832471654138,cat__Geography_Spain,-0.1349561253798575,0.1349561253798575,Decreases Churn Risk,7
15640078,0.7150832471654138,num__EngagementScore,0.08729231875022447,0.08729231875022447,Increases Churn Risk,8
15640078,0.7150832471654138,cat__Gender_Male,-0.07239712565426236,0.07239712565426236,Decreases Churn Risk,9
15640078,0.7150832471654138,num__Balance,0.06726895317331005,0.06726895317331005,Increases Churn Risk,10
15790829,0.21203801904883451,num__NumOfProducts,-1.2869350114144826,1.2869350114144826,Decreases Churn Risk,1
15790829,0.21203801904883451,num__Age,0.6082825831004365,0.6082825831004365,Increases Churn Risk,2
15790829,0.21203801904883451,num__Tenure,-0.3597102425609092,0.3597102425609092,Decreases Churn Risk,3
15790829,0.21203801904883451,cat__Geography_Germany,-0.301850733392477,0.301850733392477,Decreases Churn Risk,4
15790829,0.21203801904883451,num__IsActiveMember,0.2356148030855337,0.2356148030855337,Increases Churn Risk,5
15790829,0.21203801904883451,num__EngagementScore,-0.19168808306743618,0.19168808306743618,Decreases Churn Risk,6
15790829,0.21203801904883451,num__HasBalance,-0.16103498512569173,0.16103498512569173,Decreases Churn Risk,7
15790829,0.21203801904883451,cat__Geography_Spain,-0.15894364262249214,0.15894364262249214,Decreases Churn Risk,8
15790829,0.21203801904883451,num__Balance,-0.06668376685668653,0.06668376685668653,Decreases Churn Risk,9
15790829,0.21203801904883451,num__BalanceSalaryRatio,-0.06110620881172647,0.06110620881172647,Decreases Churn Risk,10
15751912,0.014918251283651653,num__NumOfProducts,-1.1580393540704648,1.1580393540704648,Decreases Churn Risk,1
15751912,0.014918251283651653,num__Age,-0.7656165743828194,0.7656165743828194,Decreases Churn Risk,2
15751912,0.014918251283651653,cat__Gender_Male,-0.662647315046714,0.662647315046714,Decreases Churn Risk,3
15751912,0.014918251283651653,num__Tenure,-0.34664538425850144,0.34664538425850144,Decreases Churn Risk,4
15751912,0.014918251283651653,num__EstimatedSalary,-0.273090305974947,0.273090305974947,Decreases Churn Risk,5
15751912,0.014918251283651653,cat__Geography_Germany,-0.2531589571236427,0.2531589571236427,Decreases Churn Risk,6
15751912,0.014918251283651653,num__CustomerValue,-0.24947305326935254,0.24947305326935254,Decreases Churn Risk,7
15751912,0.014918251283651653,cat__Geography_Spain,-0.18768800374831096,0.18768800374831096,Decreases Churn Risk,8
15751912,0.014918251283651653,num__EngagementScore,-0.13919096033997538,0.13919096033997538,Decreases Churn Risk,9
15751912,0.014918251283651653,num__HasBalance,-0.13030917864040684,0.13030917864040684,Decreases Churn Risk,10
15603594,0.027781847950341908,num__Age,-1.0822948073411136,1.0822948073411136,Decreases Churn Risk,1
15603594,0.027781847950341908,num__NumOfProducts,-1.0551168924358851,1.0551168924358851,Decreases Churn Risk,2
15603594,0.027781847950341908,cat__Gender_Male,-0.6355844100804751,0.6355844100804751,Decreases Churn Risk,3
15603594,0.027781847950341908,num__IsActiveMember,-0.24441434892692349,0.24441434892692349,Decreases Churn Risk,4
15603594,0.027781847950341908,cat__Geography_Germany,-0.2142832671953936,0.2142832671953936,Decreases Churn Risk,5
15603594,0.027781847950341908,num__EngagementScore,-0.15411323206987515,0.15411323206987515,Decreases Churn Risk,6
15603594,0.027781847950341908,cat__Geography_Spain,-0.14328846039449944,0.14328846039449944,Decreases Churn Risk,7
15603594,0.027781847950341908,num__ProductDensity,-0.14031057149859935,0.14031057149859935,Decreases Churn Risk,8
15603594,0.027781847950341908,num__HasBalance,-0.13030917864040684,0.13030917864040684,Decreases Churn Risk,9
15603594,0.027781847950341908,num__CreditScore,0.10580170318286139,0.10580170318286139,Increases Churn Risk,10
15581700,0.3409485200952026,num__Balance,-0.6666166818299725,0.6666166818299725,Decreases Churn Risk,1
15581700,0.3409485200952026,cat__Gender_Male,-0.5811211009859625,0.5811211009859625,Decreases Churn Risk,2
15581700,0.3409485200952026,num__Age,0.4501678379967218,0.4501678379967218,Increases Churn Risk,3
15581700,0.3409485200952026,cat__Geography_Germany,0.2704341907696291,0.2704341907696291,Increases Churn Risk,4
15581700,0.3409485200952026,num__IsActiveMember,-0.26806103301067946,0.26806103301067946,Decreases Churn Risk,5
15581700,0.3409485200952026,num__NumOfProducts,0.19246703232158355,0.19246703232158355,Increases Churn Risk,6
15581700,0.3409485200952026,num__Tenure,-0.1791289780051836,0.1791289780051836,Decreases Churn Risk,7
15581700,0.3409485200952026,num__EngagementScore,-0.13581602316863395,0.13581602316863395,Decreases Churn Risk,8
15581700,0.3409485200952026,cat__Geography_Spain,-0.10660245118754386,0.10660245118754386,Decreases Churn Risk,9
15581700,0.3409485200952026,num__ProductDensity,-0.0978051154337869,0.0978051154337869,Decreases Churn Risk,10
15787693,0.31711451344933056,num__Age,-0.6099904195423574,0.6099904195423574,Decreases Churn Risk,1
15787693,0.31711451344933056,cat__Geography_Germany,-0.5081384410811235,0.5081384410811235,Decreases Churn Risk,2
15787693,0.31711451344933056,cat__Gender_Male,-0.4946892389849455,0.4946892389849455,Decreases Churn Risk,3
15787693,0.31711451344933056,num__IsActiveMember,0.3335543472837879,0.3335543472837879,Increases Churn Risk,4
15787693,0.31711451344933056,cat__Geography_Spain,-0.3135468590579983,0.3135468590579983,Decreases Churn Risk,5
15787693,0.31711451344933056,num__BalanceSalaryRatio,0.24441968355667124,0.24441968355667124,Increases Churn Risk,6
15787693,0.31711451344933056,num__EngagementScore,0.19102539350706307,0.19102539350706307,Increases Churn Risk,7
15787693,0.31711451344933056,num__NumOfProducts,0.12904461861999925,0.12904461861999925,Increases Churn Risk,8
15787693,0.31711451344933056,num__ProductDensity,-0.11273240413098415,0.11273240413098415,Decreases Churn Risk,9
15787693,0.31711451344933056,num__Tenure,-0.11264116596556424,0.11264116596556424,Decreases Churn Risk,10
15656096,0.11657823414509709,num__Age,-1.1517439169448704,1.1517439169448704,Decreases Churn Risk,1
15656096,0.11657823414509709,cat__Geography_Germany,-0.3323324789771891,0.3323324789771891,Decreases Churn Risk,2
15656096,0.11657823414509709,num__IsActiveMember,-0.2971183927214759,0.2971183927214759,Decreases Churn Risk,3
15656096,0.11657823414509709,num__NumOfProducts,0.2576570837488446,0.2576570837488446,Increases Churn Risk,4
15656096,0.11657823414509709,num__Balance,-0.24442345894002496,0.24442345894002496,Decreases Churn Risk,5
15656096,0.11657823414509709,cat__Geography_Spain,-0.19718264364531804,0.19718264364531804,Decreases Churn Risk,6
15656096,0.11657823414509709,num__Tenure,-0.192292471586054,0.192292471586054,Decreases Churn Risk,7
15656096,0.11657823414509709,num__ProductDensity,-0.10252353774701682,0.10252353774701682,Decreases Churn Risk,8
15656096,0.11657823414509709,num__EngagementScore,-0.08505076079141033,0.08505076079141033,Decreases Churn Risk,9
15656096,0.11657823414509709,num__CreditScore,-0.08436233567150517,0.08436233567150517,Decreases Churn Risk,10
15651280,0.4046574344844275,num__Age,-1.0724262076186215,1.0724262076186215,Decreases Churn Risk,1
15651280,0.4046574344844275,cat__Geography_Germany,0.6072541116295757,0.6072541116295757,Increases Churn Risk,2
15651280,0.4046574344844275,cat__Gender_Male,-0.4777701348993165,0.4777701348993165,Decreases Churn Risk,3
15651280,0.4046574344844275,num__NumOfProducts,0.40396644801031706,0.40396644801031706,Increases Churn Risk,4
15651280,0.4046574344844275,num__Tenure,-0.3406566591879538,0.3406566591879538,Decreases Churn Risk,5
15651280,0.4046574344844275,num__IsActiveMember,0.22150509537368818,0.22150509537368818,Increases Churn Risk,6
15651280,0.4046574344844275,num__EngagementScore,0.1862330770376329,0.1862330770376329,Increases Churn Risk,7
15651280,0.4046574344844275,num__HasCrCard,-0.16083979716522318,0.16083979716522318,Decreases Churn Risk,8
15651280,0.4046574344844275,cat__Geography_Spain,-0.14415933871766323,0.14415933871766323,Decreases Churn Risk,9
15651280,0.4046574344844275,num__Balance,0.10031745671858036,0.10031745671858036,Increases Churn Risk,10
15682773,0.2055617992494845,num__NumOfProducts,-0.8705997508879282,0.8705997508879282,Decreases Churn Risk,1
15682773,0.2055617992494845,num__Age,-0.4916165227286197,0.4916165227286197,Decreases Churn Risk,2
15682773,0.2055617992494845,cat__Geography_Germany,-0.3508579321413072,0.3508579321413072,Decreases Churn Risk,3
15682773,0.2055617992494845,num__IsActiveMember,0.2759099765229632,0.2759099765229632,Increases Churn Risk,4
15682773,0.2055617992494845,num__BalanceSalaryRatio,0.2032491939778724,0.2032491939778724,Increases Churn Risk,5
15682773,0.2055617992494845,num__CreditScore,-0.20292077481703555,0.20292077481703555,Decreases Churn Risk,6
15682773,0.2055617992494845,cat__Geography_Spain,-0.1858906621602559,0.1858906621602559,Decreases Churn Risk,7
15682773,0.2055617992494845,num__ProductDensity,-0.1199514160619152,0.1199514160619152,Decreases Churn Risk,8
15682773,0.2055617992494845,num__Tenure,-0.11366378557767118,0.11366378557767118,Decreases Churn Risk,9
15682773,0.2055617992494845,num__EngagementScore,-0.09431066243828223,0.09431066243828223,Decreases Churn Risk,10
15596624,0.034455634417613124,num__Age,-1.3117926641984947,1.3117926641984947,Decreases Churn Risk,1
15596624,0.034455634417613124,num__NumOfProducts,-1.1140498194123514,1.1140498194123514,Decreases Churn Risk,2
15596624,0.034455634417613124,num__Tenure,-0.22253205630141265,0.22253205630141265,Decreases Churn Risk,3
15596624,0.034455634417613124,cat__Geography_Spain,-0.21656355917375403,0.21656355917375403,Decreases Churn Risk,4
15596624,0.034455634417613124,cat__Geography_Germany,-0.20705137635933235,0.20705137635933235,Decreases Churn Risk,5
15596624,0.034455634417613124,num__IsActiveMember,-0.1973215491432337,0.1973215491432337,Decreases Churn Risk,6
15596624,0.034455634417613124,num__HasBalance,-0.13030917864040684,0.13030917864040684,Decreases Churn Risk,7
15596624,0.034455634417613124,num__EstimatedSalary,-0.11107068862526465,0.11107068862526465,Decreases Churn Risk,8
15596624,0.034455634417613124,num__EngagementScore,-0.10179161096987445,0.10179161096987445,Decreases Churn Risk,9
15596624,0.034455634417613124,num__Balance,-0.07677261038812898,0.07677261038812898,Decreases Churn Risk,10
15743149,0.18966007270550453,num__Age,-0.8750696835755641,0.8750696835755641,Decreases Churn Risk,1
15743149,0.18966007270550453,num__NumOfProducts,0.4152013577901468,0.4152013577901468,Increases Churn Risk,2
15743149,0.18966007270550453,num__ProductDensity,-0.40669527206401906,0.40669527206401906,Decreases Churn Risk,3
15743149,0.18966007270550453,cat__Geography_Germany,-0.29641891358902966,0.29641891358902966,Decreases Churn Risk,4
15743149,0.18966007270550453,num__IsActiveMember,-0.2672991395279709,0.2672991395279709,Decreases Churn Risk,5
15743149,0.18966007270550453,num__Balance,0.20756918386797726,0.20756918386797726,Increases Churn Risk,6
15743149,0.18966007270550453,cat__Geography_Spain,-0.18074323400205206,0.18074323400205206,Decreases Churn Risk,7
15743149,0.18966007270550453,num__Tenure,-0.15552642553738613,0.15552642553738613,Decreases Churn Risk,8
15743149,0.18966007270550453,num__CustomerValue,-0.13846838553326385,0.13846838553326385,Decreases Churn Risk,9
15743149,0.18966007270550453,num__CreditScore,-0.090026477636138,0.090026477636138,Decreases Churn Risk,10
15703117,0.16060251035996054,num__NumOfProducts,-1.2694164534819772,1.2694164534819772,Decreases Churn Risk,1
15703117,0.16060251035996054,num__Age,0.4674585837678617,0.4674585837678617,Increases Churn Risk,2
15703117,0.16060251035996054,cat__Geography_Germany,-0.26543246431027523,0.26543246431027523,Decreases Churn Risk,3
15703117,0.16060251035996054,num__EngagementScore,-0.17743700968192191,0.17743700968192191,Decreases Churn Risk,4
15703117,0.16060251035996054,cat__Geography_Spain,-0.15216954390412876,0.15216954390412876,Decreases Churn Risk,5
15703117,0.16060251035996054,num__HasBalance,-0.14288778490368345,0.14288778490368345,Decreases Churn Risk,6
15703117,0.16060251035996054,num__IsActiveMember,-0.13814779661262674,0.13814779661262674,Decreases Churn Risk,7
15703117,0.16060251035996054,num__CustomerValue,-0.0985908528605279,0.0985908528605279,Decreases Churn Risk,8
15703117,0.16060251035996054,num__ProductDensity,-0.0971854887644369,0.0971854887644369,Decreases Churn Risk,9
15703117,0.16060251035996054,num__BalanceSalaryRatio,-0.06662137959708768,0.06662137959708768,Decreases Churn Risk,10
15647838,0.9038734779692655,num__Age,1.3564649231098618,1.3564649231098618,Increases Churn Risk,1
15647838,0.9038734779692655,cat__Geography_Germany,0.4477059080431712,0.4477059080431712,Increases Churn Risk,2
15647838,0.9038734779692655,num__EstimatedSalary,-0.38671842435947357,0.38671842435947357,Decreases Churn Risk,3
15647838,0.9038734779692655,num__NumOfProducts,0.29550139507162915,0.29550139507162915,Increases Churn Risk,4
15647838,0.9038734779692655,num__IsActiveMember,0.26138169647177617,0.26138169647177617,Increases Churn Risk,5
15647838,0.9038734779692655,num__Tenure,-0.18465623893423463,0.18465623893423463,Decreases Churn Risk,6
15647838,0.9038734779692655,num__AgeTenureInteraction,-0.16967405402662747,0.16967405402662747,Decreases Churn Risk,7
15647838,0.9038734779692655,num__BalanceSalaryRatio,0.15764551222169462,0.15764551222169462,Increases Churn Risk,8
15647838,0.9038734779692655,num__Balance,0.15664054276769726,0.15664054276769726,Increases Churn Risk,9
15647838,0.9038734779692655,num__EngagementScore,0.1522308423395907,0.1522308423395907,Increases Churn Risk,10
15629128,0.11459185836124433,num__NumOfProducts,-1.080627925497525,1.080627925497525,Decreases Churn Risk,1
15629128,0.11459185836124433,cat__Gender_Male,-0.6730441801295299,0.6730441801295299,Decreases Churn Risk,2
15629128,0.11459185836124433,cat__Geography_Germany,0.39443797416451337,0.39443797416451337,Increases Churn Risk,3
15629128,0.11459185836124433,num__CreditScore,-0.3633202632174977,0.3633202632174977,Decreases Churn Risk,4
15629128,0.11459185836124433,num__IsActiveMember,-0.3224636787717989,0.3224636787717989,Decreases Churn Risk,5
15629128,0.11459185836124433,num__Tenure,-0.27779939332325254,0.27779939332325254,Decreases Churn Risk,6
15629128,0.11459185836124433,num__EngagementScore,-0.16720103516839788,0.16720103516839788,Decreases Churn Risk,7
15629128,0.11459185836124433,num__Age,0.16188200124174404,0.16188200124174404,Increases Churn Risk,8
15629128,0.11459185836124433,num__AgeTenureInteraction,-0.1562766029615044,0.1562766029615044,Decreases Churn Risk,9
15629128,0.11459185836124433,num__ProductDensity,-0.14663958735432703,0.14663958735432703,Decreases Churn Risk,10
15696605,0.451783122221143,num__Age,1.140634082350451,1.140634082350451,Increases Churn Risk,1
15696605,0.451783122221143,num__EstimatedSalary,-0.6227050041050962,0.6227050041050962,Decreases Churn Risk,2
15696605,0.451783122221143,cat__Gender_Male,-0.4725117719722373,0.4725117719722373,Decreases Churn Risk,3
15696605,0.451783122221143,cat__Geography_Germany,-0.31108232286902665,0.31108232286902665,Decreases Churn Risk,4
15696605,0.451783122221143,num__ProductDensity,-0.28333997319734083,0.28333997319734083,Decreases Churn Risk,5
15696605,0.451783122221143,num__EngagementScore,0.2566120592752466,0.2566120592752466,Increases Churn Risk,6
15696605,0.451783122221143,cat__Geography_Spain,-0.24009725607875596,0.24009725607875596,Decreases Churn Risk,7
15696605,0.451783122221143,num__Balance,-0.22866103040917646,0.22866103040917646,Decreases Churn Risk,8
15696605,0.451783122221143,num__CustomerValue,-0.20957297760123184,0.20957297760123184,Decreases Churn Risk,9
15696605,0.451783122221143,num__NumOfProducts,0.1897943221327643,0.1897943221327643,Increases Churn Risk,10
15586870,0.11777570968005428,num__Age,-1.1998355006391435,1.1998355006391435,Decreases Churn Risk,1
15586870,0.11777570968005428,cat__Gender_Male,-0.6529371309890852,0.6529371309890852,Decreases Churn Risk,2
15586870,0.11777570968005428,num__ProductDensity,-0.28937019891897026,0.28937019891897026,Decreases Churn Risk,3
15586870,0.11777570968005428,cat__Geography_Germany,-0.2034720429861831,0.2034720429861831,Decreases Churn Risk,4
15586870,0.11777570968005428,num__IsActiveMember,-0.19855028814385953,0.19855028814385953,Decreases Churn Risk,5
15586870,0.11777570968005428,num__Balance,0.192083329958532,0.192083329958532,Increases Churn Risk,6
15586870,0.11777570968005428,num__NumOfProducts,0.17866764259812215,0.17866764259812215,Increases Churn Risk,7
15586870,0.11777570968005428,cat__Geography_Spain,-0.1753745890286045,0.1753745890286045,Decreases Churn Risk,8
15586870,0.11777570968005428,num__EngagementScore,-0.1477467399238567,0.1477467399238567,Decreases Churn Risk,9
15586870,0.11777570968005428,num__CustomerValue,0.14085345961161994,0.14085345961161994,Increases Churn Risk,10
15735222,0.040477497434447035,num__NumOfProducts,-1.0696072903679739,1.0696072903679739,Decreases Churn Risk,1
15735222,0.040477497434447035,num__Age,-1.0546362651964334,1.0546362651964334,Decreases Churn Risk,2
15735222,0.040477497434447035,num__Tenure,-0.30448156737007565,0.30448156737007565,Decreases Churn Risk,3
15735222,0.040477497434447035,num__IsActiveMember,-0.2778040749854151,0.2778040749854151,Decreases Churn Risk,4
15735222,0.040477497434447035,cat__Geography_Germany,-0.1898090687694873,0.1898090687694873,Decreases Churn Risk,5
15735222,0.040477497434447035,cat__Geography_Spain,-0.1624495456005719,0.1624495456005719,Decreases Churn Risk,6
15735222,0.040477497434447035,num__HasBalance,-0.13030917864040684,0.13030917864040684,Decreases Churn Risk,7
15735222,0.040477497434447035,num__EngagementScore,-0.09837527306596608,0.09837527306596608,Decreases Churn Risk,8
15735222,0.040477497434447035,num__CustomerValue,-0.09419199923094372,0.09419199923094372,Decreases Churn Risk,9
15735222,0.040477497434447035,num__Balance,-0.07616118878503658,0.07616118878503658,Decreases Churn Risk,10
15721047,0.335891570898837,num__Age,-0.7726779047836103,0.7726779047836103,Decreases Churn Risk,1
15721047,0.335891570898837,num__EstimatedSalary,-0.6161509452525064,0.6161509452525064,Decreases Churn Risk,2
15721047,0.335891570898837,cat__Geography_Germany,0.5948372960332919,0.5948372960332919,Increases Churn Risk,3
15721047,0.335891570898837,num__NumOfProducts,0.4675518532999316,0.4675518532999316,Increases Churn Risk,4
15721047,0.335891570898837,cat__Gender_Male,-0.4213502649277909,0.4213502649277909,Decreases Churn Risk,5
15721047,0.335891570898837,num__AgeTenureInteraction,-0.25685010603110187,0.25685010603110187,Decreases Churn Risk,6
15721047,0.335891570898837,num__IsActiveMember,0.18443686239002605,0.18443686239002605,Increases Churn Risk,7
15721047,0.335891570898837,num__ProductDensity,-0.181335063625444,0.181335063625444,Decreases Churn Risk,8
15721047,0.335891570898837,num__EngagementScore,0.17716060836410646,0.17716060836410646,Increases Churn Risk,9
15721047,0.335891570898837,cat__Geography_Spain,-0.14715098258415588,0.14715098258415588,Decreases Churn Risk,10
15613734,0.06309159478939799,num__Age,-1.1420052130262615,1.1420052130262615,Decreases Churn Risk,1
15613734,0.06309159478939799,num__NumOfProducts,-0.8218852065475979,0.8218852065475979,Decreases Churn Risk,2
15613734,0.06309159478939799,num__Tenure,-0.33168235254645323,0.33168235254645323,Decreases Churn Risk,3
15613734,0.06309159478939799,num__IsActiveMember,-0.2483211537294585,0.2483211537294585,Decreases Churn Risk,4
15613734,0.06309159478939799,cat__Geography_Germany,-0.21401325894627155,0.21401325894627155,Decreases Churn Risk,5
15613734,0.06309159478939799,cat__Geography_Spain,-0.21043372182325523,0.21043372182325523,Decreases Churn Risk,6
15613734,0.06309159478939799,num__Balance,-0.1848569398989429,0.1848569398989429,Decreases Churn Risk,7
15613734,0.06309159478939799,num__EngagementScore,-0.10445021182267694,0.10445021182267694,Decreases Churn Risk,8
15613734,0.06309159478939799,num__CreditScore,0.07814354506865932,0.07814354506865932,Increases Churn Risk,9
15613734,0.06309159478939799,num__BalanceSalaryRatio,0.06857505915244497,0.06857505915244497,Increases Churn Risk,10
15681550,0.1660152749614334,cat__Geography_Germany,-0.5588226661298642,0.5588226661298642,Decreases Churn Risk,1
15681550,0.1660152749614334,num__EstimatedSalary,-0.4221671769871859,0.4221671769871859,Decreases Churn Risk,2
15681550,0.1660152749614334,num__ProductDensity,-0.3126702300682075,0.3126702300682075,Decreases Churn Risk,3
15681550,0.1660152749614334,num__IsActiveMember,-0.2434721640388537,0.2434721640388537,Decreases Churn Risk,4
15681550,0.1660152749614334,num__Tenure,-0.23119826655805858,0.23119826655805858,Decreases Churn Risk,5
15681550,0.1660152749614334,cat__Geography_Spain,-0.16074176568730775,0.16074176568730775,Decreases Churn Risk,6
15681550,0.1660152749614334,num__NumOfProducts,0.14406365201927596,0.14406365201927596,Increases Churn Risk,7
15681550,0.1660152749614334,num__EngagementScore,-0.11353655704729976,0.11353655704729976,Decreases Churn Risk,8
15681550,0.1660152749614334,num__Age,-0.10904870162548648,0.10904870162548648,Decreases Churn Risk,9
15681550,0.1660152749614334,num__CreditScore,0.10135676841686908,0.10135676841686908,Increases Churn Risk,10
15580956,0.7221222449085516,cat__Geography_Germany,0.5635915360839094,0.5635915360839094,Increases Churn Risk,1
15580956,0.7221222449085516,num__Age,0.4464403003137326,0.4464403003137326,Increases Churn Risk,2
15580956,0.7221222449085516,num__IsActiveMember,-0.29938170215786375,0.29938170215786375,Decreases Churn Risk,3
15580956,0.7221222449085516,num__NumOfProducts,0.24452216332694682,0.24452216332694682,Increases Churn Risk,4
15580956,0.7221222449085516,num__ProductDensity,-0.22998746639114784,0.22998746639114784,Decreases Churn Risk,5
15580956,0.7221222449085516,num__Balance,0.11731063257248567,0.11731063257248567,Increases Churn Risk,6
15580956,0.7221222449085516,num__EngagementScore,-0.09690269309983428,0.09690269309983428,Decreases Churn Risk,7
15580956,0.7221222449085516,cat__Geography_Spain,-0.09374138534715587,0.09374138534715587,Decreases Churn Risk,8
15580956,0.7221222449085516,cat__Gender_Male,-0.053121666118255986,0.053121666118255986,Decreases Churn Risk,9
15580956,0.7221222449085516,num__CreditScore,-0.04019459095974023,0.04019459095974023,Decreases Churn Risk,10
15742126,0.1246490781605795,num__NumOfProducts,-1.1094711132383106,1.1094711132383106,Decreases Churn Risk,1
15742126,0.1246490781605795,cat__Gender_Male,-0.5952914003162164,0.5952914003162164,Decreases Churn Risk,2
15742126,0.1246490781605795,num__Age,-0.40173603208626,0.40173603208626,Decreases Churn Risk,3
15742126,0.1246490781605795,num__IsActiveMember,-0.3444120493872826,0.3444120493872826,Decreases Churn Risk,4
15742126,0.1246490781605795,cat__Geography_Germany,0.3212455801852057,0.3212455801852057,Increases Churn Risk,5
15742126,0.1246490781605795,num__Tenure,-0.30383168398817684,0.30383168398817684,Decreases Churn Risk,6
15742126,0.1246490781605795,num__Balance,0.18907742160506366,0.18907742160506366,Increases Churn Risk,7
15742126,0.1246490781605795,num__BalanceSalaryRatio,0.16908996506898988,0.16908996506898988,Increases Churn Risk,8
15742126,0.1246490781605795,num__EngagementScore,-0.14962179427841177,0.14962179427841177,Decreases Churn Risk,9
15742126,0.1246490781605795,cat__Geography_Spain,-0.13160936085863217,0.13160936085863217,Decreases Churn Risk,10
15732903,0.06550587767243334,num__NumOfProducts,-0.9549906067426184,0.9549906067426184,Decreases Churn Risk,1
15732903,0.06550587767243334,cat__Gender_Male,-0.7477604465361115,0.7477604465361115,Decreases Churn Risk,2
15732903,0.06550587767243334,num__Age,-0.47151631751148754,0.47151631751148754,Decreases Churn Risk,3
15732903,0.06550587767243334,num__Tenure,-0.3229729838664907,0.3229729838664907,Decreases Churn Risk,4
15732903,0.06550587767243334,cat__Geography_Germany,-0.25348344413862445,0.25348344413862445,Decreases Churn Risk,5
15732903,0.06550587767243334,num__Balance,-0.2402234918237205,0.2402234918237205,Decreases Churn Risk,6
15732903,0.06550587767243334,num__IsActiveMember,0.20967546924074124,0.20967546924074124,Increases Churn Risk,7
15732903,0.06550587767243334,cat__Geography_Spain,-0.19389667630594998,0.19389667630594998,Decreases Churn Risk,8
15732903,0.06550587767243334,num__EngagementScore,-0.16976824387789022,0.16976824387789022,Decreases Churn Risk,9
15732903,0.06550587767243334,num__ProductDensity,-0.10650637333970851,0.10650637333970851,Decreases Churn Risk,10
15604497,0.4073081751679346,num__Balance,-0.7025153104633505,0.7025153104633505,Decreases Churn Risk,1
15604497,0.4073081751679346,cat__Gender_Male,-0.5572993585132234,0.5572993585132234,Decreases Churn Risk,2
15604497,0.4073081751679346,num__Tenure,-0.372986638999668,0.372986638999668,Decreases Churn Risk,3
15604497,0.4073081751679346,num__Age,0.36551255813252426,0.36551255813252426,Increases Churn Risk,4
15604497,0.4073081751679346,num__NumOfProducts,0.3315044410802615,0.3315044410802615,Increases Churn Risk,5
15604497,0.4073081751679346,num__ProductDensity,-0.20549302004831707,0.20549302004831707,Decreases Churn Risk,6
15604497,0.4073081751679346,num__IsActiveMember,0.19101480924543215,0.19101480924543215,Increases Churn Risk,7
15604497,0.4073081751679346,num__EngagementScore,0.15495627435465414,0.15495627435465414,Increases Churn Risk,8
15604497,0.4073081751679346,cat__Geography_Spain,-0.11709867507653382,0.11709867507653382,Decreases Churn Risk,9
15604497,0.4073081751679346,num__EstimatedSalary,0.11112430134420177,0.11112430134420177,Increases Churn Risk,10
15702912,0.4269493174348803,num__Age,-1.0933918104005143,1.0933918104005143,Decreases Churn Risk,1
15702912,0.4269493174348803,num__NumOfProducts,0.4802005585154874,0.4802005585154874,Increases Churn Risk,2
15702912,0.4269493174348803,cat__Geography_Germany,-0.26911445267907164,0.26911445267907164,Decreases Churn Risk,3
15702912,0.4269493174348803,num__IsActiveMember,0.2447516328970037,0.2447516328970037,Increases Churn Risk,4
15702912,0.4269493174348803,num__Balance,0.22886350418214407,0.22886350418214407,Increases Churn Risk,5
15702912,0.4269493174348803,cat__Geography_Spain,-0.18708258137045836,0.18708258137045836,Decreases Churn Risk,6
15702912,0.4269493174348803,num__Tenure,-0.1272081119666161,0.1272081119666161,Decreases Churn Risk,7
15702912,0.4269493174348803,num__EngagementScore,0.09854362645475434,0.09854362645475434,Increases Churn Risk,8
15702912,0.4269493174348803,num__ProductDensity,-0.08645026038690658,0.08645026038690658,Decreases Churn Risk,9
15702912,0.4269493174348803,num__AgeTenureInteraction,0.061509368920867516,0.061509368920867516,Increases Churn Risk,10
15681115,0.05067920904405178,cat__Gender_Male,-0.7599934388215185,0.7599934388215185,Decreases Churn Risk,1
15681115,0.05067920904405178,cat__Geography_Germany,-0.5936808261776431,0.5936808261776431,Decreases Churn Risk,2
15681115,0.05067920904405178,cat__Geography_Spain,-0.4637322006450016,0.4637322006450016,Decreases Churn Risk,3
15681115,0.05067920904405178,num__IsActiveMember,-0.40815452658629614,0.40815452658629614,Decreases Churn Risk,4
15681115,0.05067920904405178,num__Tenure,-0.3511583168415482,0.3511583168415482,Decreases Churn Risk,5
15681115,0.05067920904405178,num__ProductDensity,-0.31178889574329144,0.31178889574329144,Decreases Churn Risk,6
15681115,0.05067920904405178,num__Age,-0.2372249926459278,0.2372249926459278,Decreases Churn Risk,7
15681115,0.05067920904405178,num__EngagementScore,-0.1643013291690962,0.1643013291690962,Decreases Churn Risk,8
15681115,0.05067920904405178,num__NumOfProducts,0.09491331179034711,0.09491331179034711,Increases Churn Risk,9
15681115,0.05067920904405178,num__CreditScore,-0.08693361407346142,0.08693361407346142,Decreases Churn Risk,10
15784042,0.34691113493071557,num__Age,1.5910302586804503,1.5910302586804503,Increases Churn Risk,1
15784042,0.34691113493071557,num__IsActiveMember,-0.6603193654400205,0.6603193654400205,Decreases Churn Risk,2
15784042,0.34691113493071557,cat__Geography_Germany,-0.5969309222338725,0.5969309222338725,Decreases Churn Risk,3
15784042,0.34691113493071557,cat__Gender_Male,-0.544710407647573,0.544710407647573,Decreases Churn Risk,4
15784042,0.34691113493071557,num__Tenure,-0.29561785643699495,0.29561785643699495,Decreases Churn Risk,5
15784042,0.34691113493071557,num__EngagementScore,-0.22157340924404306,0.22157340924404306,Decreases Churn Risk,6
15784042,0.34691113493071557,num__ProductDensity,-0.20854707563968505,0.20854707563968505,Decreases Churn Risk,7
15784042,0.34691113493071557,cat__Geography_Spain,-0.12375118947284186,0.12375118947284186,Decreases Churn Risk,8
15784042,0.34691113493071557,num__NumOfProducts,0.08222220089606709,0.08222220089606709,Increases Churn Risk,9
15784042,0.34691113493071557,num__CreditScore,0.057565028808100875,0.057565028808100875,Increases Churn Risk,10
15720687,0.42960968895087165,cat__Geography_Germany,-0.5234843845497074,0.5234843845497074,Decreases Churn Risk,1
15720687,0.42960968895087165,num__Age,-0.3052869324998902,0.3052869324998902,Decreases Churn Risk,2
15720687,0.42960968895087165,num__IsActiveMember,0.22578293886175932,0.22578293886175932,Increases Churn Risk,3
15720687,0.42960968895087165,num__NumOfProducts,0.20355394834073182,0.20355394834073182,Increases Churn Risk,4
15720687,0.42960968895087165,num__ProductDensity,-0.20122315537567853,0.20122315537567853,Decreases Churn Risk,5
15720687,0.42960968895087165,cat__Geography_Spain,-0.1713876603356124,0.1713876603356124,Decreases Churn Risk,6
15720687,0.42960968895087165,num__EstimatedSalary,0.15759977603321512,0.15759977603321512,Increases Churn Risk,7
15720687,0.42960968895087165,num__EngagementScore,0.11988873811156105,0.11988873811156105,Increases Churn Risk,8
15720687,0.42960968895087165,num__CustomerValue,0.0866412914874402,0.0866412914874402,Increases Churn Risk,9
15720687,0.42960968895087165,num__Balance,-0.07330523526184957,0.07330523526184957,Decreases Churn Risk,10
15640133,0.05679140353918396,num__Age,-1.1771630869027794,1.1771630869027794,Decreases Churn Risk,1
15640133,0.05679140353918396,num__NumOfProducts,-1.0553059074947908,1.0553059074947908,Decreases Churn Risk,2
15640133,0.05679140353918396,num__AgeTenureInteraction,-0.5614190470898598,0.5614190470898598,Decreases Churn Risk,3
15640133,0.05679140353918396,num__Tenure,0.39619819343585827,0.39619819343585827,Increases Churn Risk,4
15640133,0.05679140353918396,cat__Geography_Spain,-0.23372665526189,0.23372665526189,Decreases Churn Risk,5
15640133,0.05679140353918396,cat__Geography_Germany,-0.23096952774911894,0.23096952774911894,Decreases Churn Risk,6
15640133,0.05679140353918396,num__IsActiveMember,0.1737513088662425,0.1737513088662425,Increases Churn Risk,7
15640133,0.05679140353918396,num__HasBalance,-0.13030917864040684,0.13030917864040684,Decreases Churn Risk,8
15640133,0.05679140353918396,num__ProductDensity,-0.12287221402249955,0.12287221402249955,Decreases Churn Risk,9
15640133,0.05679140353918396,num__Balance,-0.10471232838250213,0.10471232838250213,Decreases Churn Risk,10
15578045,0.7338108613280181,num__Age,1.0436950876689364,1.0436950876689364,Increases Churn Risk,1
15578045,0.7338108613280181,cat__Geography_Germany,-0.4707766638174181,0.4707766638174181,Decreases Churn Risk,2
15578045,0.7338108613280181,cat__Geography_Spain,-0.344920761205697,0.344920761205697,Decreases Churn Risk,3
15578045,0.7338108613280181,num__IsActiveMember,0.2904381716098894,0.2904381716098894,Increases Churn Risk,4
15578045,0.7338108613280181,num__EstimatedSalary,0.22754807544776515,0.22754807544776515,Increases Churn Risk,5
15578045,0.7338108613280181,num__EngagementScore,0.22034414310135747,0.22034414310135747,Increases Churn Risk,6
15578045,0.7338108613280181,num__Tenure,-0.21753958141053292,0.21753958141053292,Decreases Churn Risk,7
15578045,0.7338108613280181,num__Balance,-0.12363055452507303,0.12363055452507303,Decreases Churn Risk,8
15578045,0.7338108613280181,num__ProductDensity,-0.11382253242795314,0.11382253242795314,Decreases Churn Risk,9
15578045,0.7338108613280181,num__NumOfProducts,0.08970095636198074,0.08970095636198074,Increases Churn Risk,10
15595067,0.09481663508808522,num__NumOfProducts,-1.2257620973399084,1.2257620973399084,Decreases Churn Risk,1
15595067,0.09481663508808522,cat__Geography_Spain,-0.32468363951837625,0.32468363951837625,Decreases Churn Risk,2
15595067,0.09481663508808522,num__Tenure,-0.31326135447621734,0.31326135447621734,Decreases Churn Risk,3
15595067,0.09481663508808522,num__IsActiveMember,-0.26761625984467047,0.26761625984467047,Decreases Churn Risk,4
15595067,0.09481663508808522,cat__Geography_Germany,-0.21314611505653797,0.21314611505653797,Decreases Churn Risk,5
15595067,0.09481663508808522,num__HasBalance,-0.14288778490368345,0.14288778490368345,Decreases Churn Risk,6
15595067,0.09481663508808522,num__EngagementScore,-0.1239543388176584,0.1239543388176584,Decreases Churn Risk,7
15595067,0.09481663508808522,num__Age,-0.11313867505893704,0.11313867505893704,Decreases Churn Risk,8
15595067,0.09481663508808522,num__EstimatedSalary,0.10611703559362541,0.10611703559362541,Increases Churn Risk,9
15595067,0.09481663508808522,num__BalanceSalaryRatio,-0.08438560686514164,0.08438560686514164,Decreases Churn Risk,10
15742378,0.5220742119459382,num__Age,-1.2799074245782525,1.2799074245782525,Decreases Churn Risk,1
15742378,0.5220742119459382,cat__Geography_Germany,0.6239072158521224,0.6239072158521224,Increases Churn Risk,2
15742378,0.5220742119459382,cat__Gender_Male,-0.42862319241146873,0.42862319241146873,Decreases Churn Risk,3
15742378,0.5220742119459382,num__NumOfProducts,0.40049147634943044,0.40049147634943044,Increases Churn Risk,4
15742378,0.5220742119459382,num__Tenure,-0.34595520358341597,0.34595520358341597,Decreases Churn Risk,5
15742378,0.5220742119459382,num__IsActiveMember,0.2995960768429933,0.2995960768429933,Increases Churn Risk,6
15742378,0.5220742119459382,num__Balance,0.19165849701240043,0.19165849701240043,Increases Churn Risk,7
15742378,0.5220742119459382,num__EngagementScore,0.18978740252251464,0.18978740252251464,Increases Churn Risk,8
15742378,0.5220742119459382,num__BalanceSalaryRatio,0.18295765892817678,0.18295765892817678,Increases Churn Risk,9
15742378,0.5220742119459382,cat__Geography_Spain,-0.14008248604888374,0.14008248604888374,Decreases Churn Risk,10
15720676,0.0756081405215324,num__NumOfProducts,-1.211656300693129,1.211656300693129,Decreases Churn Risk,1
15720676,0.0756081405215324,num__Age,-0.6692981336191404,0.6692981336191404,Decreases Churn Risk,2
15720676,0.0756081405215324,num__Tenure,-0.3270481430997112,0.3270481430997112,Decreases Churn Risk,3
15720676,0.0756081405215324,cat__Geography_Germany,-0.2172841469788073,0.2172841469788073,Decreases Churn Risk,4
15720676,0.0756081405215324,cat__Geography_Spain,-0.19019489857094915,0.19019489857094915,Decreases Churn Risk,5
15720676,0.0756081405215324,num__IsActiveMember,0.1683428862086785,0.1683428862086785,Increases Churn Risk,6
15720676,0.0756081405215324,num__HasBalance,-0.13030917864040684,0.13030917864040684,Decreases Churn Risk,7
15720676,0.0756081405215324,num__ProductDensity,-0.10736535717621282,0.10736535717621282,Decreases Churn Risk,8
15720676,0.0756081405215324,num__EngagementScore,-0.09494743330964034,0.09494743330964034,Decreases Churn Risk,9
15720676,0.0756081405215324,num__Balance,-0.08754135299785178,0.08754135299785178,Decreases Churn Risk,10
15654025,0.7973583791409513,num__Age,1.3896088598084648,1.3896088598084648,Increases Churn Risk,1
15654025,0.7973583791409513,cat__Geography_Germany,-0.4903691911621702,0.4903691911621702,Decreases Churn Risk,2
15654025,0.7973583791409513,num__IsActiveMember,0.23395942526907465,0.23395942526907465,Increases Churn Risk,3
15654025,0.7973583791409513,num__EngagementScore,0.2279866499861509,0.2279866499861509,Increases Churn Risk,4
15654025,0.7973583791409513,num__ProductDensity,-0.15382989796211868,0.15382989796211868,Decreases Churn Risk,5
15654025,0.7973583791409513,cat__Geography_Spain,-0.15318041597070745,0.15318041597070745,Decreases Churn Risk,6
15654025,0.7973583791409513,num__HasCrCard,-0.13061401335488154,0.13061401335488154,Decreases Churn Risk,7
15654025,0.7973583791409513,num__NumOfProducts,0.12580387187797548,0.12580387187797548,Increases Churn Risk,8
15654025,0.7973583791409513,num__Balance,-0.10584305970299693,0.10584305970299693,Decreases Churn Risk,9
15654025,0.7973583791409513,num__CreditScore,0.04331915961489382,0.04331915961489382,Increases Churn Risk,10
15590993,0.10177767787096602,num__Age,-0.9061454997294229,0.9061454997294229,Decreases Churn Risk,1
15590993,0.10177767787096602,num__NumOfProducts,-0.7299567957759626,0.7299567957759626,Decreases Churn Risk,2
15590993,0.10177767787096602,cat__Gender_Male,-0.569494438050711,0.569494438050711,Decreases Churn Risk,3
15590993,0.10177767787096602,num__Tenure,-0.37733612725263904,0.37733612725263904,Decreases Churn Risk,4
15590993,0.10177767787096602,cat__Geography_Germany,-0.25480876419443266,0.25480876419443266,Decreases Churn Risk,5
15590993,0.10177767787096602,num__IsActiveMember,0.21055220864158442,0.21055220864158442,Increases Churn Risk,6
15590993,0.10177767787096602,num__EngagementScore,0.17635056257681148,0.17635056257681148,Increases Churn Risk,7
15590993,0.10177767787096602,cat__Geography_Spain,-0.15981630364618224,0.15981630364618224,Decreases Churn Risk,8
15590993,0.10177767787096602,num__HasCrCard,-0.13189848267389273,0.13189848267389273,Decreases Churn Risk,9
15590993,0.10177767787096602,num__CustomerValue,0.072655810203514,0.072655810203514,Increases Churn Risk,10
15785326,0.19096441112058077,num__Age,-0.98423561713033,0.98423561713033,Decreases Churn Risk,1
15785326,0.19096441112058077,num__NumOfProducts,-0.7898341308342529,0.7898341308342529,Decreases Churn Risk,2
15785326,0.19096441112058077,num__Tenure,-0.3304686944306448,0.3304686944306448,Decreases Churn Risk,3
15785326,0.19096441112058077,num__BalanceSalaryRatio,0.30941098202696427,0.30941098202696427,Increases Churn Risk,4
15785326,0.19096441112058077,cat__Geography_Germany,-0.2887462935358313,0.2887462935358313,Decreases Churn Risk,5
15785326,0.19096441112058077,num__IsActiveMember,0.274100856236396,0.274100856236396,Increases Churn Risk,6
15785326,0.19096441112058077,cat__Geography_Spain,-0.1615348430550715,0.1615348430550715,Decreases Churn Risk,7
15785326,0.19096441112058077,num__EngagementScore,-0.09221083014586746,0.09221083014586746,Decreases Churn Risk,8
15785326,0.19096441112058077,num__EstimatedSalary,0.08378022592930394,0.08378022592930394,Increases Churn Risk,9
15785326,0.19096441112058077,num__CreditScore,0.0749807014667401,0.0749807014667401,Increases Churn Risk,10
15619653,0.7304412078193605,num__Age,0.9512182210492565,0.9512182210492565,Increases Churn Risk,1
15619653,0.7304412078193605,cat__Gender_Male,-0.5676134603298657,0.5676134603298657,Decreases Churn Risk,2
15619653,0.7304412078193605,num__NumOfProducts,0.479045592274399,0.479045592274399,Increases Churn Risk,3
15619653,0.7304412078193605,cat__Geography_Germany,-0.3182156097366908,0.3182156097366908,Decreases Churn Risk,4
15619653,0.7304412078193605,num__EngagementScore,0.24939570075850562,0.24939570075850562,Increases Churn Risk,5
15619653,0.7304412078193605,num__Balance,0.19540330208237475,0.19540330208237475,Increases Churn Risk,6
15619653,0.7304412078193605,num__Tenure,-0.19176032234219365,0.19176032234219365,Decreases Churn Risk,7
15619653,0.7304412078193605,num__IsActiveMember,0.18843033152892907,0.18843033152892907,Increases Churn Risk,8
15619653,0.7304412078193605,cat__Geography_Spain,-0.15856952644290273,0.15856952644290273,Decreases Churn Risk,9
15619653,0.7304412078193605,num__AgeTenureInteraction,-0.12903036973741858,0.12903036973741858,Decreases Churn Risk,10
15591036,0.7853313321184391,cat__Geography_Germany,0.4667509985674974,0.4667509985674974,Increases Churn Risk,1
15591036,0.7853313321184391,num__Age,0.3402370015844109,0.3402370015844109,Increases Churn Risk,2
15591036,0.7853313321184391,num__NumOfProducts,0.2961096943264106,0.2961096943264106,Increases Churn Risk,3
15591036,0.7853313321184391,num__IsActiveMember,0.1979597612354058,0.1979597612354058,Increases Churn Risk,4
15591036,0.7853313321184391,num__Tenure,-0.18964187729205323,0.18964187729205323,Decreases Churn Risk,5
15591036,0.7853313321184391,num__HasCrCard,-0.1263939864791119,0.1263939864791119,Decreases Churn Risk,6
15591036,0.7853313321184391,cat__Geography_Spain,-0.12374497408791155,0.12374497408791155,Decreases Churn Risk,7
15591036,0.7853313321184391,num__EngagementScore,0.11318705749078269,0.11318705749078269,Increases Churn Risk,8
15591036,0.7853313321184391,num__ProductDensity,-0.09827356132402479,0.09827356132402479,Decreases Churn Risk,9
15591036,0.7853313321184391,cat__Gender_Male,-0.09495832635608877,0.09495832635608877,Decreases Churn Risk,10
15608653,0.12296124983932424,num__Age,-0.8300388516718002,0.8300388516718002,Decreases Churn Risk,1
15608653,0.12296124983932424,cat__Geography_Germany,-0.3283782353999882,0.3283782353999882,Decreases Churn Risk,2
15608653,0.12296124983932424,num__Tenure,-0.3137832695533969,0.3137832695533969,Decreases Churn Risk,3
15608653,0.12296124983932424,num__IsActiveMember,-0.297658009978748,0.297658009978748,Decreases Churn Risk,4
15608653,0.12296124983932424,num__Balance,-0.2494145217404764,0.2494145217404764,Decreases Churn Risk,5
15608653,0.12296124983932424,cat__Geography_Spain,-0.21996149508448903,0.21996149508448903,Decreases Churn Risk,6
15608653,0.12296124983932424,num__ProductDensity,-0.172005459109307,0.172005459109307,Decreases Churn Risk,7
15608653,0.12296124983932424,num__NumOfProducts,0.1665098403604547,0.1665098403604547,Increases Churn Risk,8
15608653,0.12296124983932424,num__EngagementScore,-0.08511106693755467,0.08511106693755467,Decreases Churn Risk,9
15608653,0.12296124983932424,num__BalanceSalaryRatio,0.07726457856163592,0.07726457856163592,Increases Churn Risk,10
15622443,0.02393689474142259,num__NumOfProducts,-1.1201297619011392,1.1201297619011392,Decreases Churn Risk,1
15622443,0.02393689474142259,num__Age,-1.0499484757985795,1.0499484757985795,Decreases Churn Risk,2
15622443,0.02393689474142259,cat__Gender_Male,-0.6321527347433604,0.6321527347433604,Decreases Churn Risk,3
15622443,0.02393689474142259,cat__Geography_Germany,-0.2500787678279433,0.2500787678279433,Decreases Churn Risk,4
15622443,0.02393689474142259,cat__Geography_Spain,-0.21909772742201977,0.21909772742201977,Decreases Churn Risk,5
15622443,0.02393689474142259,num__EngagementScore,-0.13826877734095938,0.13826877734095938,Decreases Churn Risk,6
15622443,0.02393689474142259,num__HasBalance,-0.13030917864040684,0.13030917864040684,Decreases Churn Risk,7
15622443,0.02393689474142259,num__IsActiveMember,-0.12711275183925105,0.12711275183925105,Decreases Churn Risk,8
15622443,0.02393689474142259,num__ProductDensity,-0.11868342554079467,0.11868342554079467,Decreases Churn Risk,9
15622443,0.02393689474142259,num__Balance,-0.08218460686044007,0.08218460686044007,Decreases Churn Risk,10
15779973,0.21684721992379277,num__Age,-0.9268400521371721,0.9268400521371721,Decreases Churn Risk,1
15779973,0.21684721992379277,cat__Gender_Male,-0.6388527792590287,0.6388527792590287,Decreases Churn Risk,2
15779973,0.21684721992379277,cat__Geography_Germany,0.5548347362179763,0.5548347362179763,Increases Churn Risk,3
15779973,0.21684721992379277,num__NumOfProducts,0.32285391210801256,0.32285391210801256,Increases Churn Risk,4
15779973,0.21684721992379277,num__IsActiveMember,-0.26111842789199663,0.26111842789199663,Decreases Churn Risk,5
15779973,0.21684721992379277,num__Tenure,-0.177221971618826,0.177221971618826,Decreases Churn Risk,6
15779973,0.21684721992379277,num__EngagementScore,-0.15052361557290472,0.15052361557290472,Decreases Churn Risk,7
15779973,0.21684721992379277,cat__Geography_Spain,-0.13609921350588006,0.13609921350588006,Decreases Churn Risk,8
15779973,0.21684721992379277,num__ProductDensity,-0.09553598759043207,0.09553598759043207,Decreases Churn Risk,9
15779973,0.21684721992379277,num__Balance,-0.09241213159534692,0.09241213159534692,Decreases Churn Risk,10
15663438,0.17655610080976947,num__Age,-0.9457496487726884,0.9457496487726884,Decreases Churn Risk,1
15663438,0.17655610080976947,cat__Gender_Male,-0.5979632940705324,0.5979632940705324,Decreases Churn Risk,2
15663438,0.17655610080976947,num__AgeTenureInteraction,-0.5840023599402491,0.5840023599402491,Decreases Churn Risk,3
15663438,0.17655610080976947,cat__Geography_Germany,-0.42119496057553996,0.42119496057553996,Decreases Churn Risk,4
15663438,0.17655610080976947,num__Tenure,0.3766359119885022,0.3766359119885022,Increases Churn Risk,5
15663438,0.17655610080976947,num__IsActiveMember,0.2820116939761829,0.2820116939761829,Increases Churn Risk,6
15663438,0.17655610080976947,num__Balance,-0.2045072745448954,0.2045072745448954,Decreases Churn Risk,7
15663438,0.17655610080976947,num__EngagementScore,0.17523037899893024,0.17523037899893024,Increases Churn Risk,8
15663438,0.17655610080976947,cat__Geography_Spain,-0.15645783332054652,0.15645783332054652,Decreases Churn Risk,9
15663438,0.17655610080976947,num__NumOfProducts,0.1453443985672954,0.1453443985672954,Increases Churn Risk,10
15780432,0.10244462968437906,num__Age,-0.8404383511020137,0.8404383511020137,Decreases Churn Risk,1
15780432,0.10244462968437906,num__NumOfProducts,-0.8158127926481867,0.8158127926481867,Decreases Churn Risk,2
15780432,0.10244462968437906,cat__Gender_Male,-0.5800489686999013,0.5800489686999013,Decreases Churn Risk,3
15780432,0.10244462968437906,cat__Geography_Germany,-0.3951476152100355,0.3951476152100355,Decreases Churn Risk,4
15780432,0.10244462968437906,num__IsActiveMember,0.20423673757603436,0.20423673757603436,Increases Churn Risk,5
15780432,0.10244462968437906,cat__Geography_Spain,-0.20373748833714386,0.20373748833714386,Decreases Churn Risk,6
15780432,0.10244462968437906,num__EngagementScore,0.17777225919696588,0.17777225919696588,Increases Churn Risk,7
15780432,0.10244462968437906,num__HasCrCard,-0.1714959415104804,0.1714959415104804,Decreases Churn Risk,8
15780432,0.10244462968437906,num__Balance,0.14338367172074842,0.14338367172074842,Increases Churn Risk,9
15780432,0.10244462968437906,num__ProductDensity,-0.12574985631712807,0.12574985631712807,Decreases Churn Risk,10
15600710,0.08272037592797643,num__Age,-1.7698294650800082,1.7698294650800082,Decreases Churn Risk,1
15600710,0.08272037592797643,num__AgeTenureInteraction,-0.7051534614890278,0.7051534614890278,Decreases Churn Risk,2
15600710,0.08272037592797643,cat__Gender_Male,-0.5345686103763547,0.5345686103763547,Decreases Churn Risk,3
15600710,0.08272037592797643,num__NumOfProducts,0.3554509113669816,0.3554509113669816,Increases Churn Risk,4
15600710,0.08272037592797643,cat__Geography_Germany,-0.3169057558561123,0.3169057558561123,Decreases Churn Risk,5
15600710,0.08272037592797643,cat__Geography_Spain,-0.26131895141317774,0.26131895141317774,Decreases Churn Risk,6
15600710,0.08272037592797643,num__Tenure,0.19870100962156784,0.19870100962156784,Increases Churn Risk,7
15600710,0.08272037592797643,num__EngagementScore,0.17333085286100577,0.17333085286100577,Increases Churn Risk,8
15600710,0.08272037592797643,num__IsActiveMember,0.15769923801683436,0.15769923801683436,Increases Churn Risk,9
15600710,0.08272037592797643,num__ProductDensity,-0.13659816727710675,0.13659816727710675,Decreases Churn Risk,10
15806403,0.0348406963391089,num__NumOfProducts,-1.231289729669158,1.231289729669158,Decreases Churn Risk,1
15806403,0.0348406963391089,num__Age,-0.7482021365325449,0.7482021365325449,Decreases Churn Risk,2
15806403,0.0348406963391089,cat__Gender_Male,-0.7091768173419382,0.7091768173419382,Decreases Churn Risk,3
15806403,0.0348406963391089,cat__Geography_Germany,-0.26916550176803805,0.26916550176803805,Decreases Churn Risk,4
15806403,0.0348406963391089,num__Tenure,-0.21252708540118156,0.21252708540118156,Decreases Churn Risk,5
15806403,0.0348406963391089,cat__Geography_Spain,-0.19361193718938044,0.19361193718938044,Decreases Churn Risk,6
15806403,0.0348406963391089,num__EngagementScore,-0.16590283293897942,0.16590283293897942,Decreases Churn Risk,7
15806403,0.0348406963391089,num__IsActiveMember,0.1606950579308421,0.1606950579308421,Increases Churn Risk,8
15806403,0.0348406963391089,num__HasBalance,-0.13030917864040684,0.13030917864040684,Decreases Churn Risk,9
15806403,0.0348406963391089,num__Balance,-0.10926160332035308,0.10926160332035308,Decreases Churn Risk,10
15724428,0.04339267093602335,num__NumOfProducts,-1.3502911121960335,1.3502911121960335,Decreases Churn Risk,1
15724428,0.04339267093602335,cat__Gender_Male,-0.7230075551192007,0.7230075551192007,Decreases Churn Risk,2
15724428,0.04339267093602335,num__Age,-0.42104066037207194,0.42104066037207194,Decreases Churn Risk,3
15724428,0.04339267093602335,cat__Geography_Germany,-0.2844435916697176,0.2844435916697176,Decreases Churn Risk,4
15724428,0.04339267093602335,num__EngagementScore,-0.1900458228197294,0.1900458228197294,Decreases Churn Risk,5
15724428,0.04339267093602335,cat__Geography_Spain,-0.18058124837335218,0.18058124837335218,Decreases Churn Risk,6
15724428,0.04339267093602335,num__IsActiveMember,0.17994805986715434,0.17994805986715434,Increases Churn Risk,7
15724428,0.04339267093602335,num__Tenure,-0.15336483963257447,0.15336483963257447,Decreases Churn Risk,8
15724428,0.04339267093602335,num__HasBalance,-0.14288778490368345,0.14288778490368345,Decreases Churn Risk,9
15724428,0.04339267093602335,num__CustomerValue,-0.11362480365033725,0.11362480365033725,Decreases Churn Risk,10
15599440,0.059918353624427614,num__NumOfProducts,-1.2068761241636417,1.2068761241636417,Decreases Churn Risk,1
15599440,0.059918353624427614,num__Age,-1.1789392792584643,1.1789392792584643,Decreases Churn Risk,2
15599440,0.059918353624427614,cat__Geography_Germany,-0.22720400038379757,0.22720400038379757,Decreases Churn Risk,3
15599440,0.059918353624427614,cat__Geography_Spain,-0.20224976058319807,0.20224976058319807,Decreases Churn Risk,4
15599440,0.059918353624427614,num__IsActiveMember,0.1870607230975627,0.1870607230975627,Increases Churn Risk,5
15599440,0.059918353624427614,num__Tenure,-0.1574253619782757,0.1574253619782757,Decreases Churn Risk,6
15599440,0.059918353624427614,num__HasBalance,-0.13030917864040684,0.13030917864040684,Decreases Churn Risk,7
15599440,0.059918353624427614,num__EngagementScore,-0.09479760807038873,0.09479760807038873,Decreases Churn Risk,8
15599440,0.059918353624427614,num__CustomerValue,-0.08527849371516198,0.08527849371516198,Decreases Churn Risk,9
15599440,0.059918353624427614,num__ProductDensity,-0.06942080976051136,0.06942080976051136,Decreases Churn Risk,10
15616380,0.051080609773458976,num__NumOfProducts,-1.2059711784553904,1.2059711784553904,Decreases Churn Risk,1
15616380,0.051080609773458976,num__Age,-0.7838710806759843,0.7838710806759843,Decreases Churn Risk,2
15616380,0.051080609773458976,num__CustomerValue,-0.20810877832160327,0.20810877832160327,Decreases Churn Risk,3
15616380,0.051080609773458976,num__CreditScore,-0.20618098506540983,0.20618098506540983,Decreases Churn Risk,4
15616380,0.051080609773458976,num__AgeTenureInteraction,-0.20165633592325477,0.20165633592325477,Decreases Churn Risk,5
15616380,0.051080609773458976,cat__Geography_Germany,-0.19224215931061647,0.19224215931061647,Decreases Churn Risk,6
15616380,0.051080609773458976,num__IsActiveMember,0.17265855847029205,0.17265855847029205,Increases Churn Risk,7
15616380,0.051080609773458976,num__EstimatedSalary,-0.15004017691665916,0.15004017691665916,Decreases Churn Risk,8
15616380,0.051080609773458976,num__HasCrCard,-0.13011026631810158,0.13011026631810158,Decreases Churn Risk,9
15616380,0.051080609773458976,num__HasBalance,-0.12634410976680632,0.12634410976680632,Decreases Churn Risk,10
15774382,0.4892558152031822,num__Age,1.2257662137590102,1.2257662137590102,Increases Churn Risk,1
15774382,0.4892558152031822,num__Balance,-0.6970129842521593,0.6970129842521593,Decreases Churn Risk,2
15774382,0.4892558152031822,cat__Gender_Male,-0.5040195642641406,0.5040195642641406,Decreases Churn Risk,3
15774382,0.4892558152031822,num__IsActiveMember,-0.34363046140449266,0.34363046140449266,Decreases Churn Risk,4
15774382,0.4892558152031822,num__ProductDensity,-0.2524851094028198,0.2524851094028198,Decreases Churn Risk,5
15774382,0.4892558152031822,num__NumOfProducts,0.18294028543455723,0.18294028543455723,Increases Churn Risk,6
15774382,0.4892558152031822,cat__Geography_Germany,0.16454813473022836,0.16454813473022836,Increases Churn Risk,7
15774382,0.4892558152031822,num__EngagementScore,-0.13645867796482827,0.13645867796482827,Decreases Churn Risk,8
15774382,0.4892558152031822,cat__Geography_Spain,-0.10243324127366557,0.10243324127366557,Decreases Churn Risk,9
15774382,0.4892558152031822,num__CustomerValue,0.08405207503431057,0.08405207503431057,Increases Churn Risk,10
15697510,0.8872415159134495,num__Age,1.637037381802418,1.637037381802418,Increases Churn Risk,1
15697510,0.8872415159134495,num__IsActiveMember,0.45443729727846954,0.45443729727846954,Increases Churn Risk,2
15697510,0.8872415159134495,cat__Geography_Spain,-0.37575457254672806,0.37575457254672806,Decreases Churn Risk,3
15697510,0.8872415159134495,num__NumOfProducts,0.37172216863465357,0.37172216863465357,Increases Churn Risk,4
15697510,0.8872415159134495,num__Tenure,-0.29323453806958677,0.29323453806958677,Decreases Churn Risk,5
15697510,0.8872415159134495,num__ProductDensity,-0.24555562577183407,0.24555562577183407,Decreases Churn Risk,6
15697510,0.8872415159134495,num__Balance,0.23837359383076717,0.23837359383076717,Increases Churn Risk,7
15697510,0.8872415159134495,num__EngagementScore,0.2162111180660507,0.2162111180660507,Increases Churn Risk,8
15697510,0.8872415159134495,cat__Geography_Germany,-0.20287497908645447,0.20287497908645447,Decreases Churn Risk,9
15697510,0.8872415159134495,num__CustomerValue,-0.07556599168526139,0.07556599168526139,Decreases Churn Risk,10
15570855,0.02563856155111114,num__NumOfProducts,-1.2411329108808369,1.2411329108808369,Decreases Churn Risk,1
15570855,0.02563856155111114,cat__Gender_Male,-0.724524584294506,0.724524584294506,Decreases Churn Risk,2
15570855,0.02563856155111114,num__Age,-0.4166621523896561,0.4166621523896561,Decreases Churn Risk,3
15570855,0.02563856155111114,num__Tenure,-0.31812758196560104,0.31812758196560104,Decreases Churn Risk,4
15570855,0.02563856155111114,cat__Geography_Germany,-0.26740588011989974,0.26740588011989974,Decreases Churn Risk,5
15570855,0.02563856155111114,num__IsActiveMember,-0.24835039066042458,0.24835039066042458,Decreases Churn Risk,6
15570855,0.02563856155111114,num__EngagementScore,-0.1705130977627741,0.1705130977627741,Decreases Churn Risk,7
15570855,0.02563856155111114,cat__Geography_Spain,-0.16668381836918217,0.16668381836918217,Decreases Churn Risk,8
15570855,0.02563856155111114,num__HasBalance,-0.13030917864040684,0.13030917864040684,Decreases Churn Risk,9
15570855,0.02563856155111114,num__Balance,-0.10371778940919951,0.10371778940919951,Decreases Churn Risk,10
15750776,0.04358213564522882,num__CreditScore,-0.8911976608307904,0.8911976608307904,Decreases Churn Risk,1
15750776,0.04358213564522882,num__Age,-0.7534124871061879,0.7534124871061879,Decreases Churn Risk,2
15750776,0.04358213564522882,num__AgeTenureInteraction,-0.6566127247780665,0.6566127247780665,Decreases Churn Risk,3
15750776,0.04358213564522882,num__IsActiveMember,-0.37743338263045123,0.37743338263045123,Decreases Churn Risk,4
15750776,0.04358213564522882,num__Tenure,0.37295710162401136,0.37295710162401136,Increases Churn Risk,5
15750776,0.04358213564522882,cat__Geography_Germany,-0.35865395953482954,0.35865395953482954,Decreases Churn Risk,6
15750776,0.04358213564522882,num__Balance,-0.3522463727786645,0.3522463727786645,Decreases Churn Risk,7
15750776,0.04358213564522882,cat__Geography_Spain,-0.19722601820071992,0.19722601820071992,Decreases Churn Risk,8
15750776,0.04358213564522882,num__NumOfProducts,0.16259795272235386,0.16259795272235386,Increases Churn Risk,9
15750776,0.04358213564522882,cat__Gender_Male,-0.158910662929764,0.158910662929764,Decreases Churn Risk,10
15704763,0.6352258420389507,cat__Geography_Germany,0.5280527530682012,0.5280527530682012,Increases Churn Risk,1
15704763,0.6352258420389507,num__NumOfProducts,0.33321191580856857,0.33321191580856857,Increases Churn Risk,2
15704763,0.6352258420389507,num__IsActiveMember,-0.25878027691452643,0.25878027691452643,Decreases Churn Risk,3
15704763,0.6352258420389507,num__ProductDensity,-0.13174476139555763,0.13174476139555763,Decreases Churn Risk,4
15704763,0.6352258420389507,num__AgeTenureInteraction,-0.12783851577112426,0.12783851577112426,Decreases Churn Risk,5
15704763,0.6352258420389507,cat__Geography_Spain,-0.1273409241128683,0.1273409241128683,Decreases Churn Risk,6
15704763,0.6352258420389507,cat__Gender_Male,-0.08123858486993256,0.08123858486993256,Decreases Churn Risk,7
15704763,0.6352258420389507,num__EngagementScore,-0.07592607614090731,0.07592607614090731,Decreases Churn Risk,8
15704763,0.6352258420389507,num__Age,-0.0725971081483952,0.0725971081483952,Decreases Churn Risk,9
15704763,0.6352258420389507,num__Balance,0.05756895101490821,0.05756895101490821,Increases Churn Risk,10
15645271,0.1996414503939208,num__Age,-1.4362144616870471,1.4362144616870471,Decreases Churn Risk,1
15645271,0.1996414503939208,num__NumOfProducts,-1.0658355243647386,1.0658355243647386,Decreases Churn Risk,2
15645271,0.1996414503939208,cat__Gender_Male,-0.4987217111495397,0.4987217111495397,Decreases Churn Risk,3
15645271,0.1996414503939208,cat__Geography_Germany,0.4125143307975448,0.4125143307975448,Increases Churn Risk,4
15645271,0.1996414503939208,num__EstimatedSalary,0.29997260690737093,0.29997260690737093,Increases Churn Risk,5
15645271,0.1996414503939208,num__Balance,0.2609708733433966,0.2609708733433966,Increases Churn Risk,6
15645271,0.1996414503939208,num__IsActiveMember,0.2073579912627637,0.2073579912627637,Increases Churn Risk,7
15645271,0.1996414503939208,num__EngagementScore,0.1754811288626953,0.1754811288626953,Increases Churn Risk,8
15645271,0.1996414503939208,cat__Geography_Spain,-0.1620994082788981,0.1620994082788981,Decreases Churn Risk,9
15645271,0.1996414503939208,num__Tenure,-0.15480464783076117,0.15480464783076117,Decreases Churn Risk,10
15565779,0.23013094791786326,num__Age,-1.3847323885259841,1.3847323885259841,Decreases Churn Risk,1
15565779,0.23013094791786326,num__Balance,-0.6952987876631281,0.6952987876631281,Decreases Churn Risk,2
15565779,0.23013094791786326,num__NumOfProducts,0.43507294532126406,0.43507294532126406,Increases Churn Risk,3
15565779,0.23013094791786326,num__Tenure,-0.2969439041094337,0.2969439041094337,Decreases Churn Risk,4
15565779,0.23013094791786326,num__IsActiveMember,0.19538095700406616,0.19538095700406616,Increases Churn Risk,5
15565779,0.23013094791786326,cat__Geography_Spain,-0.14921545227663757,0.14921545227663757,Decreases Churn Risk,6
15565779,0.23013094791786326,cat__Geography_Germany,0.1336393581325604,0.1336393581325604,Increases Churn Risk,7
15565779,0.23013094791786326,num__EstimatedSalary,0.09729888330827001,0.09729888330827001,Increases Churn Risk,8
15565779,0.23013094791786326,num__EngagementScore,0.09610783952830915,0.09610783952830915,Increases Churn Risk,9
15565779,0.23013094791786326,cat__Gender_Male,-0.08175789982309689,0.08175789982309689,Decreases Churn Risk,10
15794278,0.029389267129622396,num__IsActiveMember,-1.1510555240006672,1.1510555240006672,Decreases Churn Risk,1
15794278,0.029389267129622396,cat__Gender_Male,-0.5596740023273237,0.5596740023273237,Decreases Churn Risk,2
15794278,0.029389267129622396,cat__Geography_Germany,-0.47210907949082614,0.47210907949082614,Decreases Churn Risk,3
15794278,0.029389267129622396,cat__Geography_Spain,-0.4178736830319028,0.4178736830319028,Decreases Churn Risk,4
15794278,0.029389267129622396,num__Balance,-0.37478152335525033,0.37478152335525033,Decreases Churn Risk,5
15794278,0.029389267129622396,num__Age,-0.3211054088248318,0.3211054088248318,Decreases Churn Risk,6
15794278,0.029389267129622396,num__Tenure,-0.24313865689938643,0.24313865689938643,Decreases Churn Risk,7
15794278,0.029389267129622396,num__EngagementScore,-0.20036876198957937,0.20036876198957937,Decreases Churn Risk,8
15794278,0.029389267129622396,num__CreditScore,-0.15878841604895053,0.15878841604895053,Decreases Churn Risk,9
15794278,0.029389267129622396,num__CustomerValue,0.07092455251602148,0.07092455251602148,Increases Churn Risk,10
15648933,0.734994080526419,cat__Geography_Germany,0.6584514827024711,0.6584514827024711,Increases Churn Risk,1
15648933,0.734994080526419,num__Age,0.5484479267700799,0.5484479267700799,Increases Churn Risk,2
15648933,0.734994080526419,cat__Gender_Male,-0.49730269015270273,0.49730269015270273,Decreases Churn Risk,3
15648933,0.734994080526419,num__NumOfProducts,0.36730584484785944,0.36730584484785944,Increases Churn Risk,4
15648933,0.734994080526419,num__IsActiveMember,-0.3132454154284371,0.3132454154284371,Decreases Churn Risk,5
15648933,0.734994080526419,num__Balance,0.14141613314362536,0.14141613314362536,Increases Churn Risk,6
15648933,0.734994080526419,num__EngagementScore,-0.12913759622264134,0.12913759622264134,Decreases Churn Risk,7
15648933,0.734994080526419,num__BalanceSalaryRatio,0.12283016284992014,0.12283016284992014,Increases Churn Risk,8
15648933,0.734994080526419,num__ProductDensity,-0.1171646440169113,0.1171646440169113,Decreases Churn Risk,9
15648933,0.734994080526419,num__CreditScore,-0.1097544127295606,0.1097544127295606,Decreases Churn Risk,10
15737047,0.8289964202213791,num__Age,0.7373217321072119,0.7373217321072119,Increases Churn Risk,1
15737047,0.8289964202213791,num__NumOfProducts,0.43961700189501585,0.43961700189501585,Increases Churn Risk,2
15737047,0.8289964202213791,cat__Geography_Germany,-0.2863323489479359,0.2863323489479359,Decreases Churn Risk,3
15737047,0.8289964202213791,num__IsActiveMember,0.255066477134594,0.255066477134594,Increases Churn Risk,4
15737047,0.8289964202213791,num__Tenure,-0.23888194939174826,0.23888194939174826,Decreases Churn Risk,5
15737047,0.8289964202213791,num__Balance,0.22901764116998297,0.22901764116998297,Increases Churn Risk,6
15737047,0.8289964202213791,num__EngagementScore,0.20987513647479597,0.20987513647479597,Increases Churn Risk,7
15737047,0.8289964202213791,cat__Geography_Spain,-0.15060054293154432,0.15060054293154432,Decreases Churn Risk,8
15737047,0.8289964202213791,num__CustomerValue,-0.09825939867657389,0.09825939867657389,Decreases Churn Risk,9
15737047,0.8289964202213791,num__CreditScore,0.08655961643921847,0.08655961643921847,Increases Churn Risk,10
15685997,0.17501603874326488,num__NumOfProducts,-0.896718667702739,0.896718667702739,Decreases Churn Risk,1
15685997,0.17501603874326488,num__Age,-0.35375702598652337,0.35375702598652337,Decreases Churn Risk,2
15685997,0.17501603874326488,num__BalanceSalaryRatio,0.3271855259144549,0.3271855259144549,Increases Churn Risk,3
15685997,0.17501603874326488,num__Tenure,-0.29686294257212625,0.29686294257212625,Decreases Churn Risk,4
15685997,0.17501603874326488,num__CreditScore,-0.27703192853084574,0.27703192853084574,Decreases Churn Risk,5
15685997,0.17501603874326488,num__IsActiveMember,0.25322975867767483,0.25322975867767483,Increases Churn Risk,6
15685997,0.17501603874326488,cat__Geography_Spain,-0.1992582273983289,0.1992582273983289,Decreases Churn Risk,7
15685997,0.17501603874326488,cat__Geography_Germany,-0.1915123447167646,0.1915123447167646,Decreases Churn Risk,8
15685997,0.17501603874326488,num__Balance,-0.15404929557402725,0.15404929557402725,Decreases Churn Risk,9
15685997,0.17501603874326488,num__EngagementScore,-0.09843007636205268,0.09843007636205268,Decreases Churn Risk,10
15717225,0.039114029598981366,num__Age,-1.8204904077524733,1.8204904077524733,Decreases Churn Risk,1
15717225,0.039114029598981366,num__NumOfProducts,-0.8270719746206985,0.8270719746206985,Decreases Churn Risk,2
15717225,0.039114029598981366,num__EstimatedSalary,-0.37324607508124646,0.37324607508124646,Decreases Churn Risk,3
15717225,0.039114029598981366,cat__Geography_Spain,-0.24186739896293877,0.24186739896293877,Decreases Churn Risk,4
15717225,0.039114029598981366,cat__Geography_Germany,-0.23480633426217087,0.23480633426217087,Decreases Churn Risk,5
15717225,0.039114029598981366,num__BalanceSalaryRatio,0.216631334712143,0.216631334712143,Increases Churn Risk,6
15717225,0.039114029598981366,num__IsActiveMember,0.2025316412946668,0.2025316412946668,Increases Churn Risk,7
15717225,0.039114029598981366,num__Balance,-0.17349570503315123,0.17349570503315123,Decreases Churn Risk,8
15717225,0.039114029598981366,num__Tenure,-0.11106222565360739,0.11106222565360739,Decreases Churn Risk,9
15717225,0.039114029598981366,num__ProductDensity,-0.09833163295844778,0.09833163295844778,Decreases Churn Risk,10
15791958,0.0877683724463254,num__NumOfProducts,-1.3469249776002625,1.3469249776002625,Decreases Churn Risk,1
15791958,0.0877683724463254,num__CreditScore,-0.27998956839355227,0.27998956839355227,Decreases Churn Risk,2
15791958,0.0877683724463254,num__Tenure,-0.2741053399804548,0.2741053399804548,Decreases Churn Risk,3
15791958,0.0877683724463254,num__IsActiveMember,-0.2598746039489457,0.2598746039489457,Decreases Churn Risk,4
15791958,0.0877683724463254,cat__Geography_Germany,-0.21699768277722353,0.21699768277722353,Decreases Churn Risk,5
15791958,0.0877683724463254,num__EstimatedSalary,0.17263901011678742,0.17263901011678742,Increases Churn Risk,6
15791958,0.0877683724463254,cat__Geography_Spain,-0.15543172803919625,0.15543172803919625,Decreases Churn Risk,7
15791958,0.0877683724463254,num__HasBalance,-0.13892271603008294,0.13892271603008294,Decreases Churn Risk,8
15791958,0.0877683724463254,num__EngagementScore,-0.13861209748532005,0.13861209748532005,Decreases Churn Risk,9
15791958,0.0877683724463254,num__Age,-0.0970130660995442,0.0970130660995442,Decreases Churn Risk,10
15732430,0.6973670807650549,num__Age,1.8514260805906195,1.8514260805906195,Increases Churn Risk,1
15732430,0.6973670807650549,num__CreditScore,-0.862071339147026,0.862071339147026,Decreases Churn Risk,2
15732430,0.6973670807650549,num__IsActiveMember,0.5768350938591036,0.5768350938591036,Increases Churn Risk,3
15732430,0.6973670807650549,cat__Geography_Germany,-0.44020467541830205,0.44020467541830205,Decreases Churn Risk,4
15732430,0.6973670807650549,cat__Geography_Spain,-0.40554709067595923,0.40554709067595923,Decreases Churn Risk,5
15732430,0.6973670807650549,cat__Gender_Male,-0.2596183887630294,0.2596183887630294,Decreases Churn Risk,6
15732430,0.6973670807650549,num__EngagementScore,0.21316546460165314,0.21316546460165314,Increases Churn Risk,7
15732430,0.6973670807650549,num__ProductDensity,-0.20212716120877094,0.20212716120877094,Decreases Churn Risk,8
15732430,0.6973670807650549,num__NumOfProducts,0.12691040246271312,0.12691040246271312,Increases Churn Risk,9
15732430,0.6973670807650549,num__Balance,-0.08874658071797024,0.08874658071797024,Decreases Churn Risk,10
15600991,0.07395122623408679,num__Age,-1.0874081245111529,1.0874081245111529,Decreases Churn Risk,1
15600991,0.07395122623408679,num__NumOfProducts,-1.0291249669047837,1.0291249669047837,Decreases Churn Risk,2
15600991,0.07395122623408679,cat__Gender_Male,-0.573084220496201,0.573084220496201,Decreases Churn Risk,3
15600991,0.07395122623408679,cat__Geography_Germany,0.3629769631312569,0.3629769631312569,Increases Churn Risk,4
15600991,0.07395122623408679,num__Tenure,-0.31682412675483995,0.31682412675483995,Decreases Churn Risk,5
15600991,0.07395122623408679,num__IsActiveMember,-0.3022593728618071,0.3022593728618071,Decreases Churn Risk,6
15600991,0.07395122623408679,num__Balance,0.2247930243891052,0.2247930243891052,Increases Churn Risk,7
15600991,0.07395122623408679,num__BalanceSalaryRatio,0.20692543029482371,0.20692543029482371,Increases Churn Risk,8
15600991,0.07395122623408679,cat__Geography_Spain,-0.16154265584667746,0.16154265584667746,Decreases Churn Risk,9
15600991,0.07395122623408679,num__EngagementScore,-0.160738870190903,0.160738870190903,Decreases Churn Risk,10
15732791,0.23687687609448288,num__Age,-1.1588106926221375,1.1588106926221375,Decreases Churn Risk,1
15732791,0.23687687609448288,cat__Geography_Germany,0.614659112566753,0.614659112566753,Increases Churn Risk,2
15732791,0.23687687609448288,cat__Gender_Male,-0.5752649348930949,0.5752649348930949,Decreases Churn Risk,3
15732791,0.23687687609448288,num__Tenure,-0.36459939283764226,0.36459939283764226,Decreases Churn Risk,4
15732791,0.23687687609448288,num__NumOfProducts,0.3552179060924575,0.3552179060924575,Increases Churn Risk,5
15732791,0.23687687609448288,num__IsActiveMember,-0.2697133139425511,0.2697133139425511,Decreases Churn Risk,6
15732791,0.23687687609448288,num__Balance,0.16385211088244428,0.16385211088244428,Increases Churn Risk,7
15732791,0.23687687609448288,num__EngagementScore,-0.15077675963252818,0.15077675963252818,Decreases Churn Risk,8
15732791,0.23687687609448288,cat__Geography_Spain,-0.1381098484970555,0.1381098484970555,Decreases Churn Risk,9
15732791,0.23687687609448288,num__ProductDensity,-0.06856460892060759,0.06856460892060759,Decreases Churn Risk,10
15631739,0.04420899301182638,num__Age,-0.9528401452881633,0.9528401452881633,Decreases Churn Risk,1
15631739,0.04420899301182638,cat__Gender_Male,-0.6794419193886881,0.6794419193886881,Decreases Churn Risk,2
15631739,0.04420899301182638,cat__Geography_Germany,-0.5351918326295584,0.5351918326295584,Decreases Churn Risk,3
15631739,0.04420899301182638,num__ProductDensity,-0.36389193535030684,0.36389193535030684,Decreases Churn Risk,4
15631739,0.04420899301182638,num__IsActiveMember,-0.3621925481517481,0.3621925481517481,Decreases Churn Risk,5
15631739,0.04420899301182638,num__Tenure,-0.34275734106944056,0.34275734106944056,Decreases Churn Risk,6
15631739,0.04420899301182638,cat__Geography_Spain,-0.1943100212279024,0.1943100212279024,Decreases Churn Risk,7
15631739,0.04420899301182638,num__EngagementScore,-0.14767133483205333,0.14767133483205333,Decreases Churn Risk,8
15631739,0.04420899301182638,num__CustomerValue,0.10784497647440378,0.10784497647440378,Increases Churn Risk,9
15631739,0.04420899301182638,num__NumOfProducts,0.0961805806515545,0.0961805806515545,Increases Churn Risk,10
15801441,0.17436305531233337,num__Age,-1.012741241002282,1.012741241002282,Decreases Churn Risk,1
15801441,0.17436305531233337,num__Balance,-0.5935562639915654,0.5935562639915654,Decreases Churn Risk,2
15801441,0.17436305531233337,num__NumOfProducts,0.4559337228255536,0.4559337228255536,Increases Churn Risk,3
15801441,0.17436305531233337,num__IsActiveMember,-0.2536477365160645,0.2536477365160645,Decreases Churn Risk,4
15801441,0.17436305531233337,num__Tenure,-0.17624144746489126,0.17624144746489126,Decreases Churn Risk,5
15801441,0.17436305531233337,cat__Geography_Germany,0.15531801831223044,0.15531801831223044,Increases Churn Risk,6
15801441,0.17436305531233337,cat__Geography_Spain,-0.1533758718118321,0.1533758718118321,Decreases Churn Risk,7
15801441,0.17436305531233337,num__ProductDensity,-0.12957819369373355,0.12957819369373355,Decreases Churn Risk,8
15801441,0.17436305531233337,num__EstimatedSalary,-0.11910378247167798,0.11910378247167798,Decreases Churn Risk,9
15801441,0.17436305531233337,num__CreditScore,-0.11395231830610672,0.11395231830610672,Decreases Churn Risk,10
15757015,0.7110983548528744,cat__Geography_Germany,0.5051989973241281,0.5051989973241281,Increases Churn Risk,1
15757015,0.7110983548528744,num__NumOfProducts,0.3761247065388201,0.3761247065388201,Increases Churn Risk,2
15757015,0.7110983548528744,num__Age,-0.2894091212823277,0.2894091212823277,Decreases Churn Risk,3
15757015,0.7110983548528744,num__Tenure,-0.28896813970286134,0.28896813970286134,Decreases Churn Risk,4
15757015,0.7110983548528744,num__IsActiveMember,0.23194892937527115,0.23194892937527115,Increases Churn Risk,5
15757015,0.7110983548528744,num__EstimatedSalary,0.1511835558792701,0.1511835558792701,Increases Churn Risk,6
15757015,0.7110983548528744,cat__Geography_Spain,-0.12431546740615604,0.12431546740615604,Decreases Churn Risk,7
15757015,0.7110983548528744,num__Balance,0.09854399133768177,0.09854399133768177,Increases Churn Risk,8
15757015,0.7110983548528744,num__EngagementScore,0.08750099706681279,0.08750099706681279,Increases Churn Risk,9
15757015,0.7110983548528744,num__ProductDensity,-0.08020665952524317,0.08020665952524317,Decreases Churn Risk,10
15791174,0.16810129529702586,num__IsActiveMember,-0.9802362291068815,0.9802362291068815,Decreases Churn Risk,1
15791174,0.16810129529702586,cat__Gender_Male,-0.48826139635662597,0.48826139635662597,Decreases Churn Risk,2
15791174,0.16810129529702586,cat__Geography_Spain,-0.41910680369431935,0.41910680369431935,Decreases Churn Risk,3
15791174,0.16810129529702586,cat__Geography_Germany,-0.40694827298932684,0.40694827298932684,Decreases Churn Risk,4
15791174,0.16810129529702586,num__AgeTenureInteraction,0.31240946595701324,0.31240946595701324,Increases Churn Risk,5
15791174,0.16810129529702586,num__EngagementScore,0.182245671240358,0.182245671240358,Increases Churn Risk,6
15791174,0.16810129529702586,num__Balance,-0.13357187989375197,0.13357187989375197,Decreases Churn Risk,7
15791174,0.16810129529702586,num__CustomerValue,-0.0879117972897283,0.0879117972897283,Decreases Churn Risk,8
15791174,0.16810129529702586,num__Tenure,0.08619604011680623,0.08619604011680623,Increases Churn Risk,9
15791174,0.16810129529702586,num__ProductDensity,-0.07905661505732647,0.07905661505732647,Decreases Churn Risk,10
15569423,0.04062303975406512,num__NumOfProducts,-1.2791872473720292,1.2791872473720292,Decreases Churn Risk,1
15569423,0.04062303975406512,cat__Gender_Male,-0.7503693125471135,0.7503693125471135,Decreases Churn Risk,2
15569423,0.04062303975406512,num__Age,-0.4565142107100682,0.4565142107100682,Decreases Churn Risk,3
15569423,0.04062303975406512,cat__Geography_Germany,-0.26168066209448365,0.26168066209448365,Decreases Churn Risk,4
15569423,0.04062303975406512,cat__Geography_Spain,-0.2329318452981671,0.2329318452981671,Decreases Churn Risk,5
15569423,0.04062303975406512,num__IsActiveMember,0.19692761919831245,0.19692761919831245,Increases Churn Risk,6
15569423,0.04062303975406512,num__EngagementScore,-0.18967217839645878,0.18967217839645878,Decreases Churn Risk,7
15569423,0.04062303975406512,num__HasBalance,-0.14288778490368345,0.14288778490368345,Decreases Churn Risk,8
15569423,0.04062303975406512,num__ProductDensity,-0.12416465955403548,0.12416465955403548,Decreases Churn Risk,9
15569423,0.04062303975406512,num__Balance,-0.11714601894843683,0.11714601894843683,Decreases Churn Risk,10
15664668,0.34752906965431973,cat__Geography_Germany,-0.46126995080939537,0.46126995080939537,Decreases Churn Risk,1
15664668,0.34752906965431973,num__IsActiveMember,-0.25505322904269745,0.25505322904269745,Decreases Churn Risk,2
15664668,0.34752906965431973,num__Tenure,-0.21138371631957123,0.21138371631957123,Decreases Churn Risk,3
15664668,0.34752906965431973,num__Age,0.17912300294401065,0.17912300294401065,Increases Churn Risk,4
15664668,0.34752906965431973,num__EngagementScore,0.17305600140358454,0.17305600140358454,Increases Churn Risk,5
15664668,0.34752906965431973,cat__Geography_Spain,-0.14739850236161584,0.14739850236161584,Decreases Churn Risk,6
15664668,0.34752906965431973,num__NumOfProducts,0.12321576095857018,0.12321576095857018,Increases Churn Risk,7
15664668,0.34752906965431973,num__BalanceSalaryRatio,0.11801940154437839,0.11801940154437839,Increases Churn Risk,8
15664668,0.34752906965431973,num__EstimatedSalary,-0.09889223682904134,0.09889223682904134,Decreases Churn Risk,9
15664668,0.34752906965431973,cat__Gender_Male,-0.09661733055635968,0.09661733055635968,Decreases Churn Risk,10
15791302,0.028716061613147117,num__Age,-1.2792167220978223,1.2792167220978223,Decreases Churn Risk,1
15791302,0.028716061613147117,num__NumOfProducts,-1.2095125452165063,1.2095125452165063,Decreases Churn Risk,2
15791302,0.028716061613147117,cat__Gender_Male,-0.6789587299402342,0.6789587299402342,Decreases Churn Risk,3
15791302,0.028716061613147117,cat__Geography_Germany,-0.2536517879717709,0.2536517879717709,Decreases Churn Risk,4
15791302,0.028716061613147117,num__IsActiveMember,0.2058868439265294,0.2058868439265294,Increases Churn Risk,5
15791302,0.028716061613147117,cat__Geography_Spain,-0.1975193404377853,0.1975193404377853,Decreases Churn Risk,6
15791302,0.028716061613147117,num__Tenure,-0.15520829651741178,0.15520829651741178,Decreases Churn Risk,7
15791302,0.028716061613147117,num__EngagementScore,-0.15343149602871303,0.15343149602871303,Decreases Churn Risk,8
15791302,0.028716061613147117,num__HasBalance,-0.13030917864040684,0.13030917864040684,Decreases Churn Risk,9
15791302,0.028716061613147117,num__Balance,-0.11011331523090997,0.11011331523090997,Decreases Churn Risk,10
15798749,0.17321898180098136,num__NumOfProducts,-1.20933334916889,1.20933334916889,Decreases Churn Risk,1
15798749,0.17321898180098136,num__CreditScore,-0.5354823066674116,0.5354823066674116,Decreases Churn Risk,2
15798749,0.17321898180098136,num__Age,0.404548511051508,0.404548511051508,Increases Churn Risk,3
15798749,0.17321898180098136,num__Balance,-0.330485887344755,0.330485887344755,Decreases Churn Risk,4
15798749,0.17321898180098136,num__IsActiveMember,0.246702497144499,0.246702497144499,Increases Churn Risk,5
15798749,0.17321898180098136,num__Tenure,-0.21475599050036712,0.21475599050036712,Decreases Churn Risk,6
15798749,0.17321898180098136,cat__Geography_Spain,-0.1456472285474105,0.1456472285474105,Decreases Churn Risk,7
15798749,0.17321898180098136,cat__Geography_Germany,0.1334647420310113,0.1334647420310113,Increases Churn Risk,8
15798749,0.17321898180098136,num__ProductDensity,-0.12661815324708983,0.12661815324708983,Decreases Churn Risk,9
15798749,0.17321898180098136,cat__Gender_Male,-0.10588230505686187,0.10588230505686187,Decreases Churn Risk,10
15623502,0.40772094497641365,num__Age,1.4046397221845826,1.4046397221845826,Increases Churn Risk,1
15623502,0.40772094497641365,num__IsActiveMember,-0.624790127787954,0.624790127787954,Decreases Churn Risk,2
15623502,0.40772094497641365,cat__Geography_Spain,-0.49115099885978775,0.49115099885978775,Decreases Churn Risk,3
15623502,0.40772094497641365,cat__Geography_Germany,-0.48093935987789943,0.48093935987789943,Decreases Churn Risk,4
15623502,0.40772094497641365,num__EngagementScore,-0.18747616791983038,0.18747616791983038,Decreases Churn Risk,5
15623502,0.40772094497641365,num__ProductDensity,-0.17910953260709547,0.17910953260709547,Decreases Churn Risk,6
15623502,0.40772094497641365,num__Balance,-0.14930980462548266,0.14930980462548266,Decreases Churn Risk,7
15623502,0.40772094497641365,num__EstimatedSalary,-0.07123347095122856,0.07123347095122856,Decreases Churn Risk,8
15623502,0.40772094497641365,num__CreditScore,0.05293529078405038,0.05293529078405038,Increases Churn Risk,9
15623502,0.40772094497641365,cat__Gender_Male,-0.03855700202680959,0.03855700202680959,Decreases Churn Risk,10
15694644,0.3740550025129738,cat__Geography_Spain,-0.44901224784716315,0.44901224784716315,Decreases Churn Risk,1
15694644,0.3740550025129738,num__IsActiveMember,-0.34293816905026325,0.34293816905026325,Decreases Churn Risk,2
15694644,0.3740550025129738,num__Tenure,-0.3348102355442424,0.3348102355442424,Decreases Churn Risk,3
15694644,0.3740550025129738,num__Age,0.32359760374323204,0.32359760374323204,Increases Churn Risk,4
15694644,0.3740550025129738,num__NumOfProducts,0.3200384608177539,0.3200384608177539,Increases Churn Risk,5
15694644,0.3740550025129738,cat__Geography_Germany,-0.3010421644650864,0.3010421644650864,Decreases Churn Risk,6
15694644,0.3740550025129738,num__Balance,0.2785517770350877,0.2785517770350877,Increases Churn Risk,7
15694644,0.3740550025129738,num__EngagementScore,-0.17232785040520204,0.17232785040520204,Decreases Churn Risk,8
15694644,0.3740550025129738,num__CreditScore,-0.06811803692862924,0.06811803692862924,Decreases Churn Risk,9
15694644,0.3740550025129738,num__CustomerValue,-0.06685638931955384,0.06685638931955384,Decreases Churn Risk,10
15633854,0.1551465454294464,num__NumOfProducts,-1.2745355004461736,1.2745355004461736,Decreases Churn Risk,1
15633854,0.1551465454294464,num__Age,-0.25624662266743575,0.25624662266743575,Decreases Churn Risk,2
15633854,0.1551465454294464,cat__Geography_Germany,-0.23228395605788718,0.23228395605788718,Decreases Churn Risk,3
15633854,0.1551465454294464,num__IsActiveMember,0.19248674878385663,0.19248674878385663,Increases Churn Risk,4
15633854,0.1551465454294464,cat__Geography_Spain,-0.1749971419790853,0.1749971419790853,Decreases Churn Risk,5
15633854,0.1551465454294464,num__Tenure,-0.14968234078856013,0.14968234078856013,Decreases Churn Risk,6
15633854,0.1551465454294464,num__HasBalance,-0.14288778490368345,0.14288778490368345,Decreases Churn Risk,7
15633854,0.1551465454294464,num__EstimatedSalary,0.129172258994606,0.129172258994606,Increases Churn Risk,8
15633854,0.1551465454294464,num__EngagementScore,-0.11764536898790509,0.11764536898790509,Decreases Churn Risk,9
15633854,0.1551465454294464,num__ProductDensity,-0.10813773040497657,0.10813773040497657,Decreases Churn Risk,10
15758035,0.2310734017143346,num__IsActiveMember,-0.9947644872531932,0.9947644872531932,Decreases Churn Risk,1
15758035,0.2310734017143346,num__Age,0.8758891975682964,0.8758891975682964,Increases Churn Risk,2
15758035,0.2310734017143346,cat__Gender_Male,-0.6378443935467976,0.6378443935467976,Decreases Churn Risk,3
15758035,0.2310734017143346,cat__Geography_Germany,-0.4179840586099088,0.4179840586099088,Decreases Churn Risk,4
15758035,0.2310734017143346,num__Balance,-0.2765832725743216,0.2765832725743216,Decreases Churn Risk,5
15758035,0.2310734017143346,num__Tenure,-0.23609602154938186,0.23609602154938186,Decreases Churn Risk,6
15758035,0.2310734017143346,num__EngagementScore,0.22415908101915197,0.22415908101915197,Increases Churn Risk,7
15758035,0.2310734017143346,num__ProductDensity,-0.20014798777548704,0.20014798777548704,Decreases Churn Risk,8
15758035,0.2310734017143346,cat__Geography_Spain,-0.13916385199687917,0.13916385199687917,Decreases Churn Risk,9
15758035,0.2310734017143346,num__NumOfProducts,0.11667924487056974,0.11667924487056974,Increases Churn Risk,10
15777504,0.1978391508646316,num__Age,-1.1747658991505523,1.1747658991505523,Decreases Churn Risk,1
15777504,0.1978391508646316,num__NumOfProducts,0.42027490448932125,0.42027490448932125,Increases Churn Risk,2
15777504,0.1978391508646316,cat__Geography_Germany,-0.2881183831706214,0.2881183831706214,Decreases Churn Risk,3
15777504,0.1978391508646316,num__ProductDensity,-0.28486665527785227,0.28486665527785227,Decreases Churn Risk,4
15777504,0.1978391508646316,num__IsActiveMember,-0.22505921621712996,0.22505921621712996,Decreases Churn Risk,5
15777504,0.1978391508646316,num__Balance,0.21744668134870102,0.21744668134870102,Increases Churn Risk,6
15777504,0.1978391508646316,cat__Geography_Spain,-0.1935919837878049,0.1935919837878049,Decreases Churn Risk,7
15777504,0.1978391508646316,num__Tenure,-0.16210237901525382,0.16210237901525382,Decreases Churn Risk,8
15777504,0.1978391508646316,num__CustomerValue,-0.09320606964670561,0.09320606964670561,Decreases Churn Risk,9
15777504,0.1978391508646316,num__EngagementScore,-0.08738618217298723,0.08738618217298723,Decreases Churn Risk,10
15672082,0.530634915876331,num__Age,1.97551535170068,1.97551535170068,Increases Churn Risk,1
15672082,0.530634915876331,num__NumOfProducts,-1.2831137384423228,1.2831137384423228,Decreases Churn Risk,2
15672082,0.530634915876331,num__IsActiveMember,0.6951702982243824,0.6951702982243824,Increases Churn Risk,3
15672082,0.530634915876331,cat__Gender_Male,-0.5027853760033524,0.5027853760033524,Decreases Churn Risk,4
15672082,0.530634915876331,cat__Geography_Germany,-0.2984070761898703,0.2984070761898703,Decreases Churn Risk,5
15672082,0.530634915876331,num__EngagementScore,-0.23621714870404736,0.23621714870404736,Decreases Churn Risk,6
15672082,0.530634915876331,cat__Geography_Spain,-0.16794309175533956,0.16794309175533956,Decreases Churn Risk,7
15672082,0.530634915876331,num__HasBalance,-0.16103498512569173,0.16103498512569173,Decreases Churn Risk,8
15672082,0.530634915876331,num__Tenure,-0.11970089388980995,0.11970089388980995,Decreases Churn Risk,9
15672082,0.530634915876331,num__ProductDensity,-0.09890854964972043,0.09890854964972043,Decreases Churn Risk,10
15642248,0.048051555675034115,num__IsActiveMember,-1.12503021076811,1.12503021076811,Decreases Churn Risk,1
15642248,0.048051555675034115,cat__Geography_Germany,-0.5746707715253311,0.5746707715253311,Decreases Churn Risk,2
15642248,0.048051555675034115,cat__Gender_Male,-0.5376739134336329,0.5376739134336329,Decreases Churn Risk,3
15642248,0.048051555675034115,cat__Geography_Spain,-0.40348048026543537,0.40348048026543537,Decreases Churn Risk,4
15642248,0.048051555675034115,num__ProductDensity,-0.25326102415169355,0.25326102415169355,Decreases Churn Risk,5
15642248,0.048051555675034115,num__EngagementScore,-0.20990009487580905,0.20990009487580905,Decreases Churn Risk,6
15642248,0.048051555675034115,num__Tenure,-0.18556488792741221,0.18556488792741221,Decreases Churn Risk,7
15642248,0.048051555675034115,num__CustomerValue,-0.07568322915118993,0.07568322915118993,Decreases Churn Risk,8
15642248,0.048051555675034115,num__EstimatedSalary,0.057752261321235385,0.057752261321235385,Increases Churn Risk,9
15642248,0.048051555675034115,num__AgeTenureInteraction,-0.05370486358284456,0.05370486358284456,Decreases Churn Risk,10
15591822,0.16284364000962873,num__Age,-1.3514607244744592,1.3514607244744592,Decreases Churn Risk,1
15591822,0.16284364000962873,cat__Gender_Male,-0.5782507429274696,0.5782507429274696,Decreases Churn Risk,2
15591822,0.16284364000962873,cat__Geography_Germany,-0.2992155225043427,0.2992155225043427,Decreases Churn Risk,3
15591822,0.16284364000962873,num__Balance,-0.2823506049328965,0.2823506049328965,Decreases Churn Risk,4
15591822,0.16284364000962873,num__IsActiveMember,0.2692642771830441,0.2692642771830441,Increases Churn Risk,5
15591822,0.16284364000962873,num__NumOfProducts,0.2501973151876146,0.2501973151876146,Increases Churn Risk,6
15591822,0.16284364000962873,num__Tenure,-0.2188079330428116,0.2188079330428116,Decreases Churn Risk,7
15591822,0.16284364000962873,num__EngagementScore,0.17842795979147671,0.17842795979147671,Increases Churn Risk,8
15591822,0.16284364000962873,cat__Geography_Spain,-0.13761464086122227,0.13761464086122227,Decreases Churn Risk,9
15591822,0.16284364000962873,num__CustomerValue,0.052433280532025985,0.052433280532025985,Increases Churn Risk,10
15770255,0.18826496937290668,num__Age,-1.3331147016820712,1.3331147016820712,Decreases Churn Risk,1
15770255,0.18826496937290668,num__Balance,-0.614346739658561,0.614346739658561,Decreases Churn Risk,2
15770255,0.18826496937290668,num__NumOfProducts,0.4233177057111234,0.4233177057111234,Increases Churn Risk,3
15770255,0.18826496937290668,num__ProductDensity,-0.3147303609731497,0.3147303609731497,Decreases Churn Risk,4
15770255,0.18826496937290668,cat__Geography_Germany,0.26036700836570426,0.26036700836570426,Increases Churn Risk,5
15770255,0.18826496937290668,num__IsActiveMember,0.2075633781538631,0.2075633781538631,Increases Churn Risk,6
15770255,0.18826496937290668,num__EngagementScore,0.13942744950123795,0.13942744950123795,Increases Churn Risk,7
15770255,0.18826496937290668,cat__Geography_Spain,-0.13184562325614899,0.13184562325614899,Decreases Churn Risk,8
15770255,0.18826496937290668,num__HasCrCard,-0.12792031638090837,0.12792031638090837,Decreases Churn Risk,9
15770255,0.18826496937290668,num__EstimatedSalary,-0.0843498567055194,0.0843498567055194,Decreases Churn Risk,10
15621893,0.046244559360856204,num__Age,-1.465483329959029,1.465483329959029,Decreases Churn Risk,1
15621893,0.046244559360856204,cat__Gender_Male,-0.5938050213598565,0.5938050213598565,Decreases Churn Risk,2
15621893,0.046244559360856204,cat__Geography_Germany,-0.5567693056434286,0.5567693056434286,Decreases Churn Risk,3
15621893,0.046244559360856204,num__IsActiveMember,-0.33117975615197914,0.33117975615197914,Decreases Churn Risk,4
15621893,0.046244559360856204,num__ProductDensity,-0.2735854652999475,0.2735854652999475,Decreases Churn Risk,5
15621893,0.046244559360856204,cat__Geography_Spain,-0.18643893940020387,0.18643893940020387,Decreases Churn Risk,6
15621893,0.046244559360856204,num__NumOfProducts,0.15400279506708314,0.15400279506708314,Increases Churn Risk,7
15621893,0.046244559360856204,num__EngagementScore,-0.14754776176756698,0.14754776176756698,Decreases Churn Risk,8
15621893,0.046244559360856204,num__CreditScore,0.09015339259775926,0.09015339259775926,Increases Churn Risk,9
15621893,0.046244559360856204,num__Balance,-0.07678451466704408,0.07678451466704408,Decreases Churn Risk,10
15601589,0.20687165418017348,num__Age,1.3285747176334648,1.3285747176334648,Increases Churn Risk,1
15601589,0.20687165418017348,num__NumOfProducts,-1.2956118576029523,1.2956118576029523,Decreases Churn Risk,2
15601589,0.20687165418017348,num__IsActiveMember,-0.6002925452099402,0.6002925452099402,Decreases Churn Risk,3
15601589,0.20687165418017348,cat__Geography_Germany,-0.2512207593142516,0.2512207593142516,Decreases Churn Risk,4
15601589,0.20687165418017348,num__EngagementScore,-0.2003774759205197,0.2003774759205197,Decreases Churn Risk,5
15601589,0.20687165418017348,num__Tenure,-0.16441133443442638,0.16441133443442638,Decreases Churn Risk,6
15601589,0.20687165418017348,num__HasBalance,-0.16103498512569173,0.16103498512569173,Decreases Churn Risk,7
15601589,0.20687165418017348,cat__Geography_Spain,-0.1380257664481646,0.1380257664481646,Decreases Churn Risk,8
15601589,0.20687165418017348,num__CustomerValue,-0.08552020061432855,0.08552020061432855,Decreases Churn Risk,9
15601589,0.20687165418017348,num__HasCrCard,-0.04940966694178385,0.04940966694178385,Decreases Churn Risk,10
15592854,0.06080204196811373,num__Age,-1.3915960766963311,1.3915960766963311,Decreases Churn Risk,1
15592854,0.06080204196811373,cat__Geography_Germany,-0.5922786363048564,0.5922786363048564,Decreases Churn Risk,2
15592854,0.06080204196811373,cat__Gender_Male,-0.5455043119813671,0.5455043119813671,Decreases Churn Risk,3
15592854,0.06080204196811373,num__IsActiveMember,-0.2560371095889045,0.2560371095889045,Decreases Churn Risk,4
15592854,0.06080204196811373,num__Tenure,-0.2480829364569246,0.2480829364569246,Decreases Churn Risk,5
15592854,0.06080204196811373,num__NumOfProducts,0.22070447610253988,0.22070447610253988,Increases Churn Risk,6
15592854,0.06080204196811373,cat__Geography_Spain,-0.18244799268479533,0.18244799268479533,Decreases Churn Risk,7
15592854,0.06080204196811373,num__EngagementScore,0.1623117861815917,0.1623117861815917,Increases Churn Risk,8
15592854,0.06080204196811373,num__Balance,0.12106387025541415,0.12106387025541415,Increases Churn Risk,9
15592854,0.06080204196811373,num__EstimatedSalary,-0.09862943157760518,0.09862943157760518,Decreases Churn Risk,10
15669175,0.04526025969948248,num__Age,-1.4399380586029957,1.4399380586029957,Decreases Churn Risk,1
15669175,0.04526025969948248,num__NumOfProducts,-1.0401260441049651,1.0401260441049651,Decreases Churn Risk,2
15669175,0.04526025969948248,cat__Gender_Male,-0.6640471632192684,0.6640471632192684,Decreases Churn Risk,3
15669175,0.04526025969948248,cat__Geography_Germany,0.30958387366320145,0.30958387366320145,Increases Churn Risk,4
15669175,0.04526025969948248,num__Tenure,-0.30032798868467486,0.30032798868467486,Decreases Churn Risk,5
15669175,0.04526025969948248,num__IsActiveMember,-0.23749995341954294,0.23749995341954294,Decreases Churn Risk,6
15669175,0.04526025969948248,num__Balance,0.21537023858261026,0.21537023858261026,Increases Churn Risk,7
15669175,0.04526025969948248,cat__Geography_Spain,-0.1687427579264201,0.1687427579264201,Decreases Churn Risk,8
15669175,0.04526025969948248,num__EngagementScore,-0.13949140084296147,0.13949140084296147,Decreases Churn Risk,9
15669175,0.04526025969948248,num__EstimatedSalary,0.1243154185946603,0.1243154185946603,Increases Churn Risk,10
15810347,0.05873482309049156,num__NumOfProducts,-1.157942124777439,1.157942124777439,Decreases Churn Risk,1
15810347,0.05873482309049156,num__Age,-1.021041981064637,1.021041981064637,Decreases Churn Risk,2
15810347,0.05873482309049156,num__Tenure,-0.2208693436172697,0.2208693436172697,Decreases Churn Risk,3
15810347,0.05873482309049156,num__IsActiveMember,-0.20777480327291273,0.20777480327291273,Decreases Churn Risk,4
15810347,0.05873482309049156,cat__Geography_Germany,-0.1989928169468873,0.1989928169468873,Decreases Churn Risk,5
15810347,0.05873482309049156,cat__Geography_Spain,-0.16415651577344753,0.16415651577344753,Decreases Churn Risk,6
15810347,0.05873482309049156,num__EstimatedSalary,0.1539971623162133,0.1539971623162133,Increases Churn Risk,7
15810347,0.05873482309049156,num__HasBalance,-0.13030917864040684,0.13030917864040684,Decreases Churn Risk,8
15810347,0.05873482309049156,num__EngagementScore,-0.08264703505697138,0.08264703505697138,Decreases Churn Risk,9
15810347,0.05873482309049156,num__CreditScore,0.057130943447736886,0.057130943447736886,Increases Churn Risk,10
15624592,0.02479521506552449,num__NumOfProducts,-1.220497624087699,1.220497624087699,Decreases Churn Risk,1
15624592,0.02479521506552449,num__Age,-0.9878061242050684,0.9878061242050684,Decreases Churn Risk,2
15624592,0.02479521506552449,cat__Gender_Male,-0.678945948011945,0.678945948011945,Decreases Churn Risk,3
15624592,0.02479521506552449,cat__Geography_Germany,-0.24583644820473025,0.24583644820473025,Decreases Churn Risk,4
15624592,0.02479521506552449,num__IsActiveMember,-0.2435265392214298,0.2435265392214298,Decreases Churn Risk,5
15624592,0.02479521506552449,cat__Geography_Spain,-0.2055229538070343,0.2055229538070343,Decreases Churn Risk,6
15624592,0.02479521506552449,num__Tenure,-0.17103385062880977,0.17103385062880977,Decreases Churn Risk,7
15624592,0.02479521506552449,num__EngagementScore,-0.15940223348536878,0.15940223348536878,Decreases Churn Risk,8
15624592,0.02479521506552449,num__HasBalance,-0.13030917864040684,0.13030917864040684,Decreases Churn Risk,9
15624592,0.02479521506552449,num__EstimatedSalary,0.08635337245005469,0.08635337245005469,Increases Churn Risk,10
15567246,0.058830692663092425,num__Age,-1.2109748357685475,1.2109748357685475,Decreases Churn Risk,1
15567246,0.058830692663092425,num__NumOfProducts,-1.0479065824116718,1.0479065824116718,Decreases Churn Risk,2
15567246,0.058830692663092425,cat__Gender_Male,-0.6124643023419348,0.6124643023419348,Decreases Churn Risk,3
15567246,0.058830692663092425,cat__Geography_Germany,0.335897090482913,0.335897090482913,Increases Churn Risk,4
15567246,0.058830692663092425,num__IsActiveMember,-0.2821513678017264,0.2821513678017264,Decreases Churn Risk,5
15567246,0.058830692663092425,num__EngagementScore,-0.1595756334262828,0.1595756334262828,Decreases Churn Risk,6
15567246,0.058830692663092425,cat__Geography_Spain,-0.1520077107149017,0.1520077107149017,Decreases Churn Risk,7
15567246,0.058830692663092425,num__ProductDensity,-0.14625442803439195,0.14625442803439195,Decreases Churn Risk,8
15567246,0.058830692663092425,num__Balance,0.11922150800753292,0.11922150800753292,Increases Churn Risk,9
15567246,0.058830692663092425,num__Tenure,-0.11149027942493198,0.11149027942493198,Decreases Churn Risk,10
15625021,0.04014412030945138,num__NumOfProducts,-1.270649478805516,1.270649478805516,Decreases Churn Risk,1
15625021,0.04014412030945138,cat__Gender_Male,-0.7598588206445477,0.7598588206445477,Decreases Churn Risk,2
15625021,0.04014412030945138,cat__Geography_Germany,-0.3045919456056919,0.3045919456056919,Decreases Churn Risk,3
15625021,0.04014412030945138,num__EngagementScore,-0.26005246962225737,0.26005246962225737,Decreases Churn Risk,4
15625021,0.04014412030945138,num__Tenure,-0.20146789377187727,0.20146789377187727,Decreases Churn Risk,5
15625021,0.04014412030945138,num__IsActiveMember,-0.1968427107590131,0.1968427107590131,Decreases Churn Risk,6
15625021,0.04014412030945138,cat__Geography_Spain,-0.17003072572663164,0.17003072572663164,Decreases Churn Risk,7
15625021,0.04014412030945138,num__HasBalance,-0.14288778490368345,0.14288778490368345,Decreases Churn Risk,8
15625021,0.04014412030945138,num__ProductDensity,-0.14156927286404442,0.14156927286404442,Decreases Churn Risk,9
15625021,0.04014412030945138,num__Balance,-0.09147002047947846,0.09147002047947846,Decreases Churn Risk,10
15567339,0.03168687223831336,num__Age,-1.237348287502121,1.237348287502121,Decreases Churn Risk,1
15567339,0.03168687223831336,num__IsActiveMember,-0.8360235715771747,0.8360235715771747,Decreases Churn Risk,2
15567339,0.03168687223831336,cat__Gender_Male,-0.6304478225612442,0.6304478225612442,Decreases Churn Risk,3
15567339,0.03168687223831336,cat__Geography_Germany,-0.3178549673327612,0.3178549673327612,Decreases Churn Risk,4
15567339,0.03168687223831336,num__AgeTenureInteraction,-0.2851951615886068,0.2851951615886068,Decreases Churn Risk,5
15567339,0.03168687223831336,num__NumOfProducts,0.26765630653869127,0.26765630653869127,Increases Churn Risk,6
15567339,0.03168687223831336,num__EngagementScore,-0.23260771889473797,0.23260771889473797,Decreases Churn Risk,7
15567339,0.03168687223831336,num__Tenure,-0.22377777141177527,0.22377777141177527,Decreases Churn Risk,8
15567339,0.03168687223831336,num__Balance,0.17602160969204314,0.17602160969204314,Increases Churn Risk,9
15567339,0.03168687223831336,num__ProductDensity,-0.16714558142309346,0.16714558142309346,Decreases Churn Risk,10
15667554,0.025502078160131673,num__NumOfProducts,-1.1845570985669318,1.1845570985669318,Decreases Churn Risk,1
15667554,0.025502078160131673,num__Age,-0.8056475080180758,0.8056475080180758,Decreases Churn Risk,2
15667554,0.025502078160131673,cat__Gender_Male,-0.6513260459944495,0.6513260459944495,Decreases Churn Risk,3
15667554,0.025502078160131673,num__Tenure,-0.3335829651271691,0.3335829651271691,Decreases Churn Risk,4
15667554,0.025502078160131673,cat__Geography_Germany,-0.24830507075043293,0.24830507075043293,Decreases Churn Risk,5
15667554,0.025502078160131673,num__IsActiveMember,-0.20254004744487109,0.20254004744487109,Decreases Churn Risk,6
15667554,0.025502078160131673,cat__Geography_Spain,-0.20236787682012358,0.20236787682012358,Decreases Churn Risk,7
15667554,0.025502078160131673,num__EngagementScore,-0.15870609133979235,0.15870609133979235,Decreases Churn Risk,8
15667554,0.025502078160131673,num__HasBalance,-0.13030917864040684,0.13030917864040684,Decreases Churn Risk,9
15667554,0.025502078160131673,num__Balance,-0.07370540176590276,0.07370540176590276,Decreases Churn Risk,10
15653110,0.35655446469817514,cat__Gender_Male,-0.536998821274904,0.536998821274904,Decreases Churn Risk,1
15653110,0.35655446469817514,cat__Geography_Germany,-0.5256896547471962,0.5256896547471962,Decreases Churn Risk,2
15653110,0.35655446469817514,num__IsActiveMember,0.2959955253924628,0.2959955253924628,Increases Churn Risk,3
15653110,0.35655446469817514,num__ProductDensity,-0.2770341421915171,0.2770341421915171,Decreases Churn Risk,4
15653110,0.35655446469817514,num__EngagementScore,0.2658656836316364,0.2658656836316364,Increases Churn Risk,5
15653110,0.35655446469817514,num__Tenure,-0.19847963442279784,0.19847963442279784,Decreases Churn Risk,6
15653110,0.35655446469817514,cat__Geography_Spain,-0.16525089406302437,0.16525089406302437,Decreases Churn Risk,7
15653110,0.35655446469817514,num__NumOfProducts,0.1625664377063295,0.1625664377063295,Increases Churn Risk,8
15653110,0.35655446469817514,num__BalanceSalaryRatio,0.12117005577449767,0.12117005577449767,Increases Churn Risk,9
15653110,0.35655446469817514,num__EstimatedSalary,-0.1182721339161587,0.1182721339161587,Decreases Churn Risk,10
15737489,0.4521674893881841,cat__Geography_Germany,-0.49257293127565227,0.49257293127565227,Decreases Churn Risk,1
15737489,0.4521674893881841,num__Age,0.4686299691372368,0.4686299691372368,Increases Churn Risk,2
15737489,0.4521674893881841,num__Tenure,-0.3860249089586021,0.3860249089586021,Decreases Churn Risk,3
15737489,0.4521674893881841,cat__Geography_Spain,-0.3809287289664417,0.3809287289664417,Decreases Churn Risk,4
15737489,0.4521674893881841,num__IsActiveMember,0.25882593676763815,0.25882593676763815,Increases Churn Risk,5
15737489,0.4521674893881841,num__EngagementScore,0.22298441438668115,0.22298441438668115,Increases Churn Risk,6
15737489,0.4521674893881841,num__HasCrCard,-0.1304571743923633,0.1304571743923633,Decreases Churn Risk,7
15737489,0.4521674893881841,num__Balance,-0.08243546461454425,0.08243546461454425,Decreases Churn Risk,8
15737489,0.4521674893881841,num__NumOfProducts,0.08058939930270141,0.08058939930270141,Increases Churn Risk,9
15737489,0.4521674893881841,num__ProductDensity,-0.07009584173825,0.07009584173825,Decreases Churn Risk,10
15645103,0.13620231866869412,num__Age,-1.5049790062652457,1.5049790062652457,Decreases Churn Risk,1
15645103,0.13620231866869412,num__Balance,-0.6928211653174623,0.6928211653174623,Decreases Churn Risk,2
15645103,0.13620231866869412,cat__Gender_Male,-0.516031439427871,0.516031439427871,Decreases Churn Risk,3
15645103,0.13620231866869412,num__NumOfProducts,0.45730741118278656,0.45730741118278656,Increases Churn Risk,4
15645103,0.13620231866869412,num__Tenure,-0.26805842962730514,0.26805842962730514,Decreases Churn Risk,5
15645103,0.13620231866869412,num__IsActiveMember,0.22160741773918674,0.22160741773918674,Increases Churn Risk,6
15645103,0.13620231866869412,num__EngagementScore,0.18688702602898072,0.18688702602898072,Increases Churn Risk,7
15645103,0.13620231866869412,cat__Geography_Spain,-0.15143961010084578,0.15143961010084578,Decreases Churn Risk,8
15645103,0.13620231866869412,cat__Geography_Germany,0.12960581311659278,0.12960581311659278,Increases Churn Risk,9
15645103,0.13620231866869412,num__ProductDensity,-0.09238810973258954,0.09238810973258954,Decreases Churn Risk,10
15724527,0.018552313205206013,num__NumOfProducts,-1.286704930687158,1.286704930687158,Decreases Churn Risk,1
15724527,0.018552313205206013,num__Age,-0.9327973165775931,0.9327973165775931,Decreases Churn Risk,2
15724527,0.018552313205206013,cat__Gender_Male,-0.6721587466544999,0.6721587466544999,Decreases Churn Risk,3
15724527,0.018552313205206013,cat__Geography_Germany,-0.24865623892748226,0.24865623892748226,Decreases Churn Risk,4
15724527,0.018552313205206013,num__IsActiveMember,-0.23100293133355942,0.23100293133355942,Decreases Churn Risk,5
15724527,0.018552313205206013,num__Tenure,-0.2067722759587258,0.2067722759587258,Decreases Churn Risk,6
15724527,0.018552313205206013,num__CreditScore,-0.19487936808944886,0.19487936808944886,Decreases Churn Risk,7
15724527,0.018552313205206013,cat__Geography_Spain,-0.19257264659165002,0.19257264659165002,Decreases Churn Risk,8
15724527,0.018552313205206013,num__EngagementScore,-0.15740525225732616,0.15740525225732616,Decreases Churn Risk,9
15724527,0.018552313205206013,num__HasBalance,-0.12634410976680632,0.12634410976680632,Decreases Churn Risk,10
15599152,0.0585346059926162,num__Age,-1.3413733337492622,1.3413733337492622,Decreases Churn Risk,1
15599152,0.0585346059926162,num__AgeTenureInteraction,-0.6046916320109171,0.6046916320109171,Decreases Churn Risk,2
15599152,0.0585346059926162,cat__Gender_Male,-0.5225179429300584,0.5225179429300584,Decreases Churn Risk,3
15599152,0.0585346059926162,cat__Geography_Germany,-0.461561219815043,0.461561219815043,Decreases Churn Risk,4
15599152,0.0585346059926162,cat__Geography_Spain,-0.2600189920730449,0.2600189920730449,Decreases Churn Risk,5
15599152,0.0585346059926162,num__IsActiveMember,0.23796134292714868,0.23796134292714868,Increases Churn Risk,6
15599152,0.0585346059926162,num__EngagementScore,0.16350885193273207,0.16350885193273207,Increases Churn Risk,7
15599152,0.0585346059926162,num__NumOfProducts,0.16166490330570787,0.16166490330570787,Increases Churn Risk,8
15599152,0.0585346059926162,num__Balance,-0.15243229620457657,0.15243229620457657,Decreases Churn Risk,9
15599152,0.0585346059926162,num__HasCrCard,-0.13523682328596562,0.13523682328596562,Decreases Churn Risk,10
15736778,0.24987160632160432,num__Age,1.1174572820735695,1.1174572820735695,Increases Churn Risk,1
15736778,0.24987160632160432,num__NumOfProducts,-1.0848872447775886,1.0848872447775886,Decreases Churn Risk,2
15736778,0.24987160632160432,num__IsActiveMember,-0.6992129334187555,0.6992129334187555,Decreases Churn Risk,3
15736778,0.24987160632160432,num__Balance,-0.43522724263024365,0.43522724263024365,Decreases Churn Risk,4
15736778,0.24987160632160432,num__CreditScore,-0.3048370208855992,0.3048370208855992,Decreases Churn Risk,5
15736778,0.24987160632160432,num__EngagementScore,-0.2710690518109628,0.2710690518109628,Decreases Churn Risk,6
15736778,0.24987160632160432,num__AgeTenureInteraction,0.16597504657228604,0.16597504657228604,Increases Churn Risk,7
15736778,0.24987160632160432,num__BalanceSalaryRatio,0.149819830909283,0.149819830909283,Increases Churn Risk,8
15736778,0.24987160632160432,cat__Geography_Spain,-0.1427438588792587,0.1427438588792587,Decreases Churn Risk,9
15736778,0.24987160632160432,num__CustomerValue,-0.0582044412027472,0.0582044412027472,Decreases Churn Risk,10
15808557,0.5150338020753147,num__NumOfProducts,0.4110987948066639,0.4110987948066639,Increases Churn Risk,1
15808557,0.5150338020753147,num__Tenure,-0.3866546774863075,0.3866546774863075,Decreases Churn Risk,2
15808557,0.5150338020753147,num__Balance,0.2578291762705864,0.2578291762705864,Increases Churn Risk,3
15808557,0.5150338020753147,num__IsActiveMember,-0.23955011553127709,0.23955011553127709,Decreases Churn Risk,4
15808557,0.5150338020753147,cat__Geography_Germany,-0.22937438216469513,0.22937438216469513,Decreases Churn Risk,5
15808557,0.5150338020753147,num__EngagementScore,0.1724313972389735,0.1724313972389735,Increases Churn Risk,6
15808557,0.5150338020753147,cat__Geography_Spain,-0.13970415295419042,0.13970415295419042,Decreases Churn Risk,7
15808557,0.5150338020753147,num__Age,0.1297752103176937,0.1297752103176937,Increases Churn Risk,8
15808557,0.5150338020753147,num__CustomerValue,-0.08527535297696039,0.08527535297696039,Decreases Churn Risk,9
15808557,0.5150338020753147,num__ProductDensity,-0.07334788379248075,0.07334788379248075,Decreases Churn Risk,10
15575759,0.45558021968089846,num__Age,-0.28797443535710116,0.28797443535710116,Decreases Churn Risk,1
15575759,0.45558021968089846,num__IsActiveMember,0.2854319389496269,0.2854319389496269,Increases Churn Risk,2
15575759,0.45558021968089846,cat__Geography_Spain,-0.28377251001394893,0.28377251001394893,Decreases Churn Risk,3
15575759,0.45558021968089846,cat__Geography_Germany,-0.2662763065837039,0.2662763065837039,Decreases Churn Risk,4
15575759,0.45558021968089846,num__NumOfProducts,0.2649185024220118,0.2649185024220118,Increases Churn Risk,5
15575759,0.45558021968089846,num__Balance,-0.16974019785975947,0.16974019785975947,Decreases Churn Risk,6
15575759,0.45558021968089846,num__Tenure,-0.13648166793894567,0.13648166793894567,Decreases Churn Risk,7
15575759,0.45558021968089846,num__EngagementScore,0.11619734946102775,0.11619734946102775,Increases Churn Risk,8
15575759,0.45558021968089846,num__ProductDensity,-0.10071449413003217,0.10071449413003217,Decreases Churn Risk,9
15575759,0.45558021968089846,num__HasCrCard,0.05039731471240529,0.05039731471240529,Increases Churn Risk,10
15638988,0.08543018321552746,num__Age,1.4212694139451814,1.4212694139451814,Increases Churn Risk,1
15638988,0.08543018321552746,num__NumOfProducts,-1.35027761718232,1.35027761718232,Decreases Churn Risk,2
15638988,0.08543018321552746,num__IsActiveMember,-0.6636040448510512,0.6636040448510512,Decreases Churn Risk,3
15638988,0.08543018321552746,cat__Gender_Male,-0.618676818292393,0.618676818292393,Decreases Churn Risk,4
15638988,0.08543018321552746,num__EngagementScore,-0.344926998976385,0.344926998976385,Decreases Churn Risk,5
15638988,0.08543018321552746,num__Tenure,-0.32893146833606296,0.32893146833606296,Decreases Churn Risk,6
15638988,0.08543018321552746,cat__Geography_Germany,-0.30427325023725627,0.30427325023725627,Decreases Churn Risk,7
15638988,0.08543018321552746,num__HasBalance,-0.16103498512569173,0.16103498512569173,Decreases Churn Risk,8
15638988,0.08543018321552746,cat__Geography_Spain,-0.14426154448591313,0.14426154448591313,Decreases Churn Risk,9
15638988,0.08543018321552746,num__CustomerValue,-0.0869053281729764,0.0869053281729764,Decreases Churn Risk,10
15624715,0.319527671601141,num__NumOfProducts,0.3859633442780677,0.3859633442780677,Increases Churn Risk,1
15624715,0.319527671601141,cat__Geography_Spain,-0.3503881414298398,0.3503881414298398,Decreases Churn Risk,2
15624715,0.319527671601141,num__EstimatedSalary,-0.29077227134707695,0.29077227134707695,Decreases Churn Risk,3
15624715,0.319527671601141,cat__Geography_Germany,-0.2828870422908034,0.2828870422908034,Decreases Churn Risk,4
15624715,0.319527671601141,num__IsActiveMember,-0.2494756668735677,0.2494756668735677,Decreases Churn Risk,5
15624715,0.319527671601141,num__CustomerValue,-0.22239958031881704,0.22239958031881704,Decreases Churn Risk,6
15624715,0.319527671601141,num__Balance,0.20644742125853574,0.20644742125853574,Increases Churn Risk,7
15624715,0.319527671601141,num__Tenure,-0.1520604679336714,0.1520604679336714,Decreases Churn Risk,8
15624715,0.319527671601141,num__EngagementScore,-0.11114522341304792,0.11114522341304792,Decreases Churn Risk,9
15624715,0.319527671601141,num__Age,-0.10632808878110694,0.10632808878110694,Decreases Churn Risk,10
15753566,0.21194761757258532,num__Age,-1.3929779208177415,1.3929779208177415,Decreases Churn Risk,1
15753566,0.21194761757258532,num__NumOfProducts,0.3350315565319076,0.3350315565319076,Increases Churn Risk,2
15753566,0.21194761757258532,cat__Geography_Germany,-0.3146873180008234,0.3146873180008234,Decreases Churn Risk,3
15753566,0.21194761757258532,num__Balance,-0.24770322242805004,0.24770322242805004,Decreases Churn Risk,4
15753566,0.21194761757258532,num__IsActiveMember,0.24025103025398212,0.24025103025398212,Increases Churn Risk,5
15753566,0.21194761757258532,cat__Geography_Spain,-0.1922776873553473,0.1922776873553473,Decreases Churn Risk,6
15753566,0.21194761757258532,num__CreditScore,-0.14948390120436408,0.14948390120436408,Decreases Churn Risk,7
15753566,0.21194761757258532,num__Tenure,-0.14085670008256296,0.14085670008256296,Decreases Churn Risk,8
15753566,0.21194761757258532,num__ProductDensity,-0.11075648371026932,0.11075648371026932,Decreases Churn Risk,9
15753566,0.21194761757258532,num__EstimatedSalary,0.10398885248114818,0.10398885248114818,Increases Churn Risk,10
15783526,0.0650193497869344,num__Age,-0.8182420076402359,0.8182420076402359,Decreases Churn Risk,1
15783526,0.0650193497869344,cat__Gender_Male,-0.6250698448629828,0.6250698448629828,Decreases Churn Risk,2
15783526,0.0650193497869344,cat__Geography_Germany,-0.5806329011267436,0.5806329011267436,Decreases Churn Risk,3
15783526,0.0650193497869344,num__AgeTenureInteraction,-0.2730574535472054,0.2730574535472054,Decreases Churn Risk,4
15783526,0.0650193497869344,num__IsActiveMember,-0.2382280215999471,0.2382280215999471,Decreases Churn Risk,5
15783526,0.0650193497869344,cat__Geography_Spain,-0.20473734145440717,0.20473734145440717,Decreases Churn Risk,6
15783526,0.0650193497869344,num__BalanceSalaryRatio,-0.15876043150468297,0.15876043150468297,Decreases Churn Risk,7
15783526,0.0650193497869344,num__NumOfProducts,0.14826174252370494,0.14826174252370494,Increases Churn Risk,8
15783526,0.0650193497869344,num__EngagementScore,-0.1419622943898973,0.1419622943898973,Decreases Churn Risk,9
15783526,0.0650193497869344,num__ProductDensity,-0.1366794301567963,0.1366794301567963,Decreases Churn Risk,10
15636731,0.11606246168303558,num__NumOfProducts,-1.001823912681596,1.001823912681596,Decreases Churn Risk,1
15636731,0.11606246168303558,num__Age,-0.8172266959403603,0.8172266959403603,Decreases Churn Risk,2
15636731,0.11606246168303558,num__AgeTenureInteraction,-0.3318632853031839,0.3318632853031839,Decreases Churn Risk,3
15636731,0.11606246168303558,cat__Geography_Germany,0.3090151336478854,0.3090151336478854,Increases Churn Risk,4
15636731,0.11606246168303558,num__EstimatedSalary,-0.29287643957142145,0.29287643957142145,Decreases Churn Risk,5
15636731,0.11606246168303558,num__IsActiveMember,-0.22752951808437946,0.22752951808437946,Decreases Churn Risk,6
15636731,0.11606246168303558,num__BalanceSalaryRatio,0.2249286433702086,0.2249286433702086,Increases Churn Risk,7
15636731,0.11606246168303558,cat__Geography_Spain,-0.19477484089680497,0.19477484089680497,Decreases Churn Risk,8
15636731,0.11606246168303558,num__Balance,0.15473602788552618,0.15473602788552618,Increases Churn Risk,9
15636731,0.11606246168303558,num__CustomerValue,-0.11130937615819372,0.11130937615819372,Decreases Churn Risk,10
15658067,0.9129098229464154,num__Age,1.1662647456379778,1.1662647456379778,Increases Churn Risk,1
15658067,0.9129098229464154,cat__Geography_Germany,0.46901407081006846,0.46901407081006846,Increases Churn Risk,2
15658067,0.9129098229464154,num__NumOfProducts,0.3237693849263444,0.3237693849263444,Increases Churn Risk,3
15658067,0.9129098229464154,num__Tenure,-0.2571364716706904,0.2571364716706904,Decreases Churn Risk,4
15658067,0.9129098229464154,num__IsActiveMember,0.19894339255288526,0.19894339255288526,Increases Churn Risk,5
15658067,0.9129098229464154,num__EngagementScore,0.15419816004447728,0.15419816004447728,Increases Churn Risk,6
15658067,0.9129098229464154,cat__Geography_Spain,-0.1103407650873124,0.1103407650873124,Decreases Churn Risk,7
15658067,0.9129098229464154,num__Balance,0.09758332091073965,0.09758332091073965,Increases Churn Risk,8
15658067,0.9129098229464154,num__CustomerValue,-0.08133668062244778,0.08133668062244778,Decreases Churn Risk,9
15658067,0.9129098229464154,cat__Gender_Male,-0.07473585103429956,0.07473585103429956,Decreases Churn Risk,10
15645835,0.021136576956604255,num__NumOfProducts,-1.1632785512973247,1.1632785512973247,Decreases Churn Risk,1
15645835,0.021136576956604255,num__Age,-1.0590389380683207,1.0590389380683207,Decreases Churn Risk,2
15645835,0.021136576956604255,cat__Gender_Male,-0.6655235096879641,0.6655235096879641,Decreases Churn Risk,3
15645835,0.021136576956604255,cat__Geography_Germany,-0.24705021736695307,0.24705021736695307,Decreases Churn Risk,4
15645835,0.021136576956604255,num__IsActiveMember,-0.23724396957819233,0.23724396957819233,Decreases Churn Risk,5
15645835,0.021136576956604255,num__Tenure,-0.2320410170104043,0.2320410170104043,Decreases Churn Risk,6
15645835,0.021136576956604255,cat__Geography_Spain,-0.1992330006917509,0.1992330006917509,Decreases Churn Risk,7
15645835,0.021136576956604255,num__EngagementScore,-0.15770893770733627,0.15770893770733627,Decreases Churn Risk,8
15645835,0.021136576956604255,num__HasBalance,-0.13030917864040684,0.13030917864040684,Decreases Churn Risk,9
15645835,0.021136576956604255,num__Balance,-0.07577898545602188,0.07577898545602188,Decreases Churn Risk,10
15585867,0.028203040640190913,num__NumOfProducts,-1.1488251543995214,1.1488251543995214,Decreases Churn Risk,1
15585867,0.028203040640190913,num__Age,-0.8240925755590972,0.8240925755590972,Decreases Churn Risk,2
15585867,0.028203040640190913,cat__Gender_Male,-0.6812827195278309,0.6812827195278309,Decreases Churn Risk,3
15585867,0.028203040640190913,cat__Geography_Germany,-0.23296371252349626,0.23296371252349626,Decreases Churn Risk,4
15585867,0.028203040640190913,cat__Geography_Spain,-0.23032034188884634,0.23032034188884634,Decreases Churn Risk,5
15585867,0.028203040640190913,num__IsActiveMember,-0.191793305750458,0.191793305750458,Decreases Churn Risk,6
15585867,0.028203040640190913,num__ProductDensity,-0.13776585610145045,0.13776585610145045,Decreases Churn Risk,7
15585867,0.028203040640190913,num__Tenure,-0.13750685295078846,0.13750685295078846,Decreases Churn Risk,8
15585867,0.028203040640190913,num__EngagementScore,-0.13355143618196855,0.13355143618196855,Decreases Churn Risk,9
15585867,0.028203040640190913,num__HasBalance,-0.13030917864040684,0.13030917864040684,Decreases Churn Risk,10
15751524,0.18931002017297102,num__Age,-0.992000059019793,0.992000059019793,Decreases Churn Risk,1
15751524,0.18931002017297102,num__Balance,-0.6732125561049433,0.6732125561049433,Decreases Churn Risk,2
15751524,0.18931002017297102,num__ProductDensity,-0.44405438393294105,0.44405438393294105,Decreases Churn Risk,3
15751524,0.18931002017297102,num__NumOfProducts,0.358304974672386,0.358304974672386,Increases Churn Risk,4
15751524,0.18931002017297102,num__IsActiveMember,0.2535939039281314,0.2535939039281314,Increases Churn Risk,5
15751524,0.18931002017297102,num__CustomerValue,-0.22025222422500304,0.22025222422500304,Decreases Churn Risk,6
15751524,0.18931002017297102,num__EstimatedSalary,-0.16574569165470351,0.16574569165470351,Decreases Churn Risk,7
15751524,0.18931002017297102,cat__Geography_Germany,0.14974085490084424,0.14974085490084424,Increases Churn Risk,8
15751524,0.18931002017297102,cat__Geography_Spain,-0.11970752236915089,0.11970752236915089,Decreases Churn Risk,9
15751524,0.18931002017297102,num__BalanceSalaryRatio,0.08340218109181223,0.08340218109181223,Increases Churn Risk,10
15619340,0.04046003075346391,num__NumOfProducts,-1.1944129680013347,1.1944129680013347,Decreases Churn Risk,1
15619340,0.04046003075346391,cat__Gender_Male,-0.6963177135496983,0.6963177135496983,Decreases Churn Risk,2
15619340,0.04046003075346391,num__Age,-0.5781352686382815,0.5781352686382815,Decreases Churn Risk,3
15619340,0.04046003075346391,cat__Geography_Germany,-0.24675606569638706,0.24675606569638706,Decreases Churn Risk,4
15619340,0.04046003075346391,cat__Geography_Spain,-0.1975180909871137,0.1975180909871137,Decreases Churn Risk,5
15619340,0.04046003075346391,num__AgeTenureInteraction,-0.18475064895531815,0.18475064895531815,Decreases Churn Risk,6
15619340,0.04046003075346391,num__EngagementScore,-0.16392431493897755,0.16392431493897755,Decreases Churn Risk,7
15619340,0.04046003075346391,num__IsActiveMember,0.15713223849890864,0.15713223849890864,Increases Churn Risk,8
15619340,0.04046003075346391,num__HasBalance,-0.13030917864040684,0.13030917864040684,Decreases Churn Risk,9
15619340,0.04046003075346391,num__ProductDensity,-0.12557954651412853,0.12557954651412853,Decreases Churn Risk,10
15618446,0.19357443268001256,num__NumOfProducts,-1.3305550539212818,1.3305550539212818,Decreases Churn Risk,1
15618446,0.19357443268001256,num__Age,1.065948484530866,1.065948484530866,Increases Churn Risk,2
15618446,0.19357443268001256,num__EngagementScore,-0.35710996115991894,0.35710996115991894,Decreases Churn Risk,3
15618446,0.19357443268001256,num__IsActiveMember,-0.2686671138275173,0.2686671138275173,Decreases Churn Risk,4
15618446,0.19357443268001256,cat__Geography_Germany,-0.25778722036992774,0.25778722036992774,Decreases Churn Risk,5
15618446,0.19357443268001256,num__Tenure,-0.16367054191722658,0.16367054191722658,Decreases Churn Risk,6
15618446,0.19357443268001256,num__HasBalance,-0.16103498512569173,0.16103498512569173,Decreases Churn Risk,7
15618446,0.19357443268001256,cat__Geography_Spain,-0.14550759575873343,0.14550759575873343,Decreases Churn Risk,8
15618446,0.19357443268001256,num__CustomerValue,-0.07405728861960761,0.07405728861960761,Decreases Churn Risk,9
15618446,0.19357443268001256,num__ProductDensity,-0.0607300845281089,0.0607300845281089,Decreases Churn Risk,10
15801351,0.03374291918736946,num__NumOfProducts,-1.3265343775933374,1.3265343775933374,Decreases Churn Risk,1
15801351,0.03374291918736946,cat__Gender_Male,-0.7703424501384607,0.7703424501384607,Decreases Churn Risk,2
15801351,0.03374291918736946,num__Age,-0.4407595447187278,0.4407595447187278,Decreases Churn Risk,3
15801351,0.03374291918736946,cat__Geography_Germany,-0.28631961847870957,0.28631961847870957,Decreases Churn Risk,4
15801351,0.03374291918736946,num__EngagementScore,-0.19081352880203473,0.19081352880203473,Decreases Churn Risk,5
15801351,0.03374291918736946,cat__Geography_Spain,-0.1856757222844859,0.1856757222844859,Decreases Churn Risk,6
15801351,0.03374291918736946,num__IsActiveMember,0.1681700347146298,0.1681700347146298,Increases Churn Risk,7
15801351,0.03374291918736946,num__HasBalance,-0.14288778490368345,0.14288778490368345,Decreases Churn Risk,8
15801351,0.03374291918736946,num__Tenure,-0.13340026130982893,0.13340026130982893,Decreases Churn Risk,9
15801351,0.03374291918736946,num__ProductDensity,-0.13158489109122176,0.13158489109122176,Decreases Churn Risk,10
15790247,0.02913240982349699,num__NumOfProducts,-1.2413887502477094,1.2413887502477094,Decreases Churn Risk,1
15790247,0.02913240982349699,cat__Gender_Male,-0.7428292106510926,0.7428292106510926,Decreases Churn Risk,2
15790247,0.02913240982349699,cat__Geography_Spain,-0.2723198505744466,0.2723198505744466,Decreases Churn Risk,3
15790247,0.02913240982349699,num__Tenure,-0.271498661469395,0.271498661469395,Decreases Churn Risk,4
15790247,0.02913240982349699,cat__Geography_Germany,-0.2700857793973605,0.2700857793973605,Decreases Churn Risk,5
15790247,0.02913240982349699,num__IsActiveMember,-0.256337147115758,0.256337147115758,Decreases Churn Risk,6
15790247,0.02913240982349699,num__Age,-0.23034737574846215,0.23034737574846215,Decreases Churn Risk,7
15790247,0.02913240982349699,num__EngagementScore,-0.19575741943546845,0.19575741943546845,Decreases Churn Risk,8
15790247,0.02913240982349699,num__HasBalance,-0.14288778490368345,0.14288778490368345,Decreases Churn Risk,9
15790247,0.02913240982349699,num__EstimatedSalary,-0.09619448126017136,0.09619448126017136,Decreases Churn Risk,10
15698028,0.10604269347401112,num__NumOfProducts,-1.1922331589856587,1.1922331589856587,Decreases Churn Risk,1
15698028,0.10604269347401112,num__AgeTenureInteraction,-0.24163096222165623,0.24163096222165623,Decreases Churn Risk,2
15698028,0.10604269347401112,cat__Geography_Germany,-0.2343494458958731,0.2343494458958731,Decreases Churn Risk,3
15698028,0.10604269347401112,num__Age,-0.23244402438206754,0.23244402438206754,Decreases Churn Risk,4
15698028,0.10604269347401112,cat__Geography_Spain,-0.1887890874195561,0.1887890874195561,Decreases Churn Risk,5
15698028,0.10604269347401112,num__HasBalance,-0.14288778490368345,0.14288778490368345,Decreases Churn Risk,6
15698028,0.10604269347401112,num__IsActiveMember,0.13524882619860434,0.13524882619860434,Increases Churn Risk,7
15698028,0.10604269347401112,num__EngagementScore,-0.12412293944692433,0.12412293944692433,Decreases Churn Risk,8
15698028,0.10604269347401112,num__ProductDensity,-0.10673942550127317,0.10673942550127317,Decreases Churn Risk,9
15698028,0.10604269347401112,num__EstimatedSalary,-0.06892454163412785,0.06892454163412785,Decreases Churn Risk,10
15697318,0.1347094717328205,num__Age,-1.355189122585803,1.355189122585803,Decreases Churn Risk,1
15697318,0.1347094717328205,num__Balance,-0.7022128489216973,0.7022128489216973,Decreases Churn Risk,2
15697318,0.1347094717328205,cat__Gender_Male,-0.5381280184222047,0.5381280184222047,Decreases Churn Risk,3
15697318,0.1347094717328205,num__NumOfProducts,0.3957764175490755,0.3957764175490755,Increases Churn Risk,4
15697318,0.1347094717328205,cat__Geography_Germany,0.27964253299058384,0.27964253299058384,Increases Churn Risk,5
15697318,0.1347094717328205,num__EngagementScore,0.22171489636143563,0.22171489636143563,Increases Churn Risk,6
15697318,0.1347094717328205,num__IsActiveMember,0.1976538129792698,0.1976538129792698,Increases Churn Risk,7
15697318,0.1347094717328205,num__Tenure,-0.17920316881577217,0.17920316881577217,Decreases Churn Risk,8
15697318,0.1347094717328205,num__EstimatedSalary,-0.17554074879747658,0.17554074879747658,Decreases Churn Risk,9
15697318,0.1347094717328205,num__HasCrCard,-0.16579038300755508,0.16579038300755508,Decreases Churn Risk,10
15727919,0.04150593617964755,num__Age,-1.2921043548084896,1.2921043548084896,Decreases Churn Risk,1
15727919,0.04150593617964755,num__NumOfProducts,-1.1316472148362537,1.1316472148362537,Decreases Churn Risk,2
15727919,0.04150593617964755,num__Tenure,-0.34543396539932514,0.34543396539932514,Decreases Churn Risk,3
15727919,0.04150593617964755,num__EstimatedSalary,-0.21503536282194324,0.21503536282194324,Decreases Churn Risk,4
15727919,0.04150593617964755,cat__Geography_Germany,-0.1911551554071448,0.1911551554071448,Decreases Churn Risk,5
15727919,0.04150593617964755,num__IsActiveMember,0.14095799947079465,0.14095799947079465,Increases Churn Risk,6
15727919,0.04150593617964755,num__HasBalance,-0.13030917864040684,0.13030917864040684,Decreases Churn Risk,7
15727919,0.04150593617964755,num__HasCrCard,-0.12574428159043083,0.12574428159043083,Decreases Churn Risk,8
15727919,0.04150593617964755,num__EngagementScore,0.09455391339098632,0.09455391339098632,Increases Churn Risk,9
15727919,0.04150593617964755,num__Balance,-0.06854127191498488,0.06854127191498488,Decreases Churn Risk,10
15648881,0.5564311933930125,cat__Geography_Germany,0.5875391291822164,0.5875391291822164,Increases Churn Risk,1
15648881,0.5564311933930125,num__AgeTenureInteraction,-0.5012536687349731,0.5012536687349731,Decreases Churn Risk,2
15648881,0.5564311933930125,cat__Gender_Male,-0.4972297645081616,0.4972297645081616,Decreases Churn Risk,3
15648881,0.5564311933930125,num__Tenure,0.3633325791883585,0.3633325791883585,Increases Churn Risk,4
15648881,0.5564311933930125,num__NumOfProducts,0.27948367945233143,0.27948367945233143,Increases Churn Risk,5
15648881,0.5564311933930125,num__IsActiveMember,-0.16438000094687652,0.16438000094687652,Decreases Churn Risk,6
15648881,0.5564311933930125,cat__Geography_Spain,-0.15878497482798232,0.15878497482798232,Decreases Churn Risk,7
15648881,0.5564311933930125,num__EngagementScore,0.15840586326555745,0.15840586326555745,Increases Churn Risk,8
15648881,0.5564311933930125,num__BalanceSalaryRatio,0.14598618321954449,0.14598618321954449,Increases Churn Risk,9
15648881,0.5564311933930125,num__ProductDensity,-0.12066929446818495,0.12066929446818495,Decreases Churn Risk,10
15629390,0.19315123775730725,num__Age,-0.8362168377963629,0.8362168377963629,Decreases Churn Risk,1
15629390,0.19315123775730725,cat__Gender_Male,-0.5782774602253326,0.5782774602253326,Decreases Churn Risk,2
15629390,0.19315123775730725,cat__Geography_Germany,-0.5487392797334585,0.5487392797334585,Decreases Churn Risk,3
15629390,0.19315123775730725,num__Tenure,-0.2600983069583518,0.2600983069583518,Decreases Churn Risk,4
15629390,0.19315123775730725,num__IsActiveMember,0.2478167711804469,0.2478167711804469,Increases Churn Risk,5
15629390,0.19315123775730725,num__ProductDensity,-0.20055605337988774,0.20055605337988774,Decreases Churn Risk,6
15629390,0.19315123775730725,num__EngagementScore,0.19234638195789655,0.19234638195789655,Increases Churn Risk,7
15629390,0.19315123775730725,cat__Geography_Spain,-0.18305592481987987,0.18305592481987987,Decreases Churn Risk,8
15629390,0.19315123775730725,num__NumOfProducts,0.16991927695728498,0.16991927695728498,Increases Churn Risk,9
15629390,0.19315123775730725,num__EstimatedSalary,0.080036641000348,0.080036641000348,Increases Churn Risk,10
15696859,0.2248074154506119,num__NumOfProducts,-1.229529590758382,1.229529590758382,Decreases Churn Risk,1
15696859,0.2248074154506119,cat__Gender_Male,-0.736498790294853,0.736498790294853,Decreases Churn Risk,2
15696859,0.2248074154506119,num__Age,0.6346035670553147,0.6346035670553147,Increases Churn Risk,3
15696859,0.2248074154506119,cat__Geography_Germany,-0.2894405247610971,0.2894405247610971,Decreases Churn Risk,4
15696859,0.2248074154506119,num__IsActiveMember,0.2423579829029411,0.2423579829029411,Increases Churn Risk,5
15696859,0.2248074154506119,num__EngagementScore,0.21869037807723254,0.21869037807723254,Increases Churn Risk,6
15696859,0.2248074154506119,num__EstimatedSalary,0.19000512156605803,0.19000512156605803,Increases Churn Risk,7
15696859,0.2248074154506119,cat__Geography_Spain,-0.16258569130646272,0.16258569130646272,Decreases Churn Risk,8
15696859,0.2248074154506119,num__HasBalance,-0.13204802054646436,0.13204802054646436,Decreases Churn Risk,9
15696859,0.2248074154506119,num__Balance,-0.0858925350407479,0.0858925350407479,Decreases Churn Risk,10
15611338,0.025624342203655375,num__NumOfProducts,-1.0958717197552268,1.0958717197552268,Decreases Churn Risk,1
15611338,0.025624342203655375,num__Age,-0.9131030635617214,0.9131030635617214,Decreases Churn Risk,2
15611338,0.025624342203655375,cat__Gender_Male,-0.6541881050720469,0.6541881050720469,Decreases Churn Risk,3
15611338,0.025624342203655375,num__IsActiveMember,-0.25881200931548776,0.25881200931548776,Decreases Churn Risk,4
15611338,0.025624342203655375,cat__Geography_Germany,-0.22964812937080245,0.22964812937080245,Decreases Churn Risk,5
15611338,0.025624342203655375,cat__Geography_Spain,-0.17693085159560415,0.17693085159560415,Decreases Churn Risk,6
15611338,0.025624342203655375,num__EngagementScore,-0.1531454045861314,0.1531454045861314,Decreases Churn Risk,7
15611338,0.025624342203655375,num__HasBalance,-0.13030917864040684,0.13030917864040684,Decreases Churn Risk,8
15611338,0.025624342203655375,num__ProductDensity,-0.12332138936091765,0.12332138936091765,Decreases Churn Risk,9
15611338,0.025624342203655375,num__Balance,-0.0896671388884756,0.0896671388884756,Decreases Churn Risk,10
15796114,0.10615953909316507,num__Age,-1.179113797486273,1.179113797486273,Decreases Churn Risk,1
15796114,0.10615953909316507,cat__Geography_Germany,-0.5121496586679118,0.5121496586679118,Decreases Churn Risk,2
15796114,0.10615953909316507,num__EstimatedSalary,-0.3988320845265051,0.3988320845265051,Decreases Churn Risk,3
15796114,0.10615953909316507,num__Tenure,-0.26516139407300876,0.26516139407300876,Decreases Churn Risk,4
15796114,0.10615953909316507,num__ProductDensity,-0.21789038592469195,0.21789038592469195,Decreases Churn Risk,5
15796114,0.10615953909316507,num__NumOfProducts,0.21544283876543177,0.21544283876543177,Increases Churn Risk,6
15796114,0.10615953909316507,cat__Geography_Spain,-0.2062192329673079,0.2062192329673079,Decreases Churn Risk,7
15796114,0.10615953909316507,num__BalanceSalaryRatio,0.1913737629967825,0.1913737629967825,Increases Churn Risk,8
15796114,0.10615953909316507,num__IsActiveMember,0.18782452910713754,0.18782452910713754,Increases Churn Risk,9
15796114,0.10615953909316507,num__HasCrCard,-0.18421957438175438,0.18421957438175438,Decreases Churn Risk,10
15705379,0.03959581813780648,num__NumOfProducts,-1.2045749514465771,1.2045749514465771,Decreases Churn Risk,1
15705379,0.03959581813780648,cat__Gender_Male,-0.717290864032091,0.717290864032091,Decreases Churn Risk,2
15705379,0.03959581813780648,num__Age,-0.6085619360991049,0.6085619360991049,Decreases Churn Risk,3
15705379,0.03959581813780648,cat__Geography_Germany,-0.267892858713272,0.267892858713272,Decreases Churn Risk,4
15705379,0.03959581813780648,num__IsActiveMember,0.21094189388632184,0.21094189388632184,Increases Churn Risk,5
15705379,0.03959581813780648,cat__Geography_Spain,-0.17984585534165304,0.17984585534165304,Decreases Churn Risk,6
15705379,0.03959581813780648,num__EngagementScore,-0.1651383912950531,0.1651383912950531,Decreases Churn Risk,7
15705379,0.03959581813780648,num__Balance,-0.13055317217828655,0.13055317217828655,Decreases Churn Risk,8
15705379,0.03959581813780648,num__HasBalance,-0.13030917864040684,0.13030917864040684,Decreases Churn Risk,9
15705379,0.03959581813780648,num__ProductDensity,-0.12172369521022919,0.12172369521022919,Decreases Churn Risk,10
15791373,0.37341183104976017,num__Age,-1.1336246947904245,1.1336246947904245,Decreases Churn Risk,1
15791373,0.37341183104976017,num__Balance,-0.541254933918669,0.541254933918669,Decreases Churn Risk,2
15791373,0.37341183104976017,num__NumOfProducts,0.4553334349946289,0.4553334349946289,Increases Churn Risk,3
15791373,0.37341183104976017,num__BalanceSalaryRatio,0.44425396642092685,0.44425396642092685,Increases Churn Risk,4
15791373,0.37341183104976017,cat__Geography_Germany,0.40834062359197226,0.40834062359197226,Increases Churn Risk,5
15791373,0.37341183104976017,num__Tenure,-0.2228004980287899,0.2228004980287899,Decreases Churn Risk,6
15791373,0.37341183104976017,num__CreditScore,-0.2027750942165419,0.2027750942165419,Decreases Churn Risk,7
15791373,0.37341183104976017,num__IsActiveMember,0.19580584233053636,0.19580584233053636,Increases Churn Risk,8
15791373,0.37341183104976017,cat__Geography_Spain,-0.17466443819317692,0.17466443819317692,Decreases Churn Risk,9
15791373,0.37341183104976017,num__EngagementScore,0.17238949194501216,0.17238949194501216,Increases Churn Risk,10
15801072,0.04899047336628096,num__Age,-1.3755035992691247,1.3755035992691247,Decreases Churn Risk,1
15801072,0.04899047336628096,num__NumOfProducts,-1.114241306166403,1.114241306166403,Decreases Churn Risk,2
15801072,0.04899047336628096,num__Tenure,-0.340985231292185,0.340985231292185,Decreases Churn Risk,3
15801072,0.04899047336628096,cat__Geography_Spain,-0.2120692131420004,0.2120692131420004,Decreases Churn Risk,4
15801072,0.04899047336628096,cat__Geography_Germany,-0.21089334605369287,0.21089334605369287,Decreases Churn Risk,5
15801072,0.04899047336628096,num__IsActiveMember,0.1623114715081437,0.1623114715081437,Increases Churn Risk,6
15801072,0.04899047336628096,num__HasBalance,-0.13030917864040684,0.13030917864040684,Decreases Churn Risk,7
15801072,0.04899047336628096,num__Balance,-0.11675231200775442,0.11675231200775442,Decreases Churn Risk,8
15801072,0.04899047336628096,num__EstimatedSalary,0.11549837079256846,0.11549837079256846,Increases Churn Risk,9
15801072,0.04899047336628096,num__ProductDensity,-0.09959611936266967,0.09959611936266967,Decreases Churn Risk,10
15778025,0.170075138693292,num__NumOfProducts,-1.2008484419180276,1.2008484419180276,Decreases Churn Risk,1
15778025,0.170075138693292,cat__Gender_Male,-0.5829010999293044,0.5829010999293044,Decreases Churn Risk,2
15778025,0.170075138693292,num__Age,0.4942921720112531,0.4942921720112531,Increases Churn Risk,3
15778025,0.170075138693292,cat__Geography_Germany,0.4422633120467112,0.4422633120467112,Increases Churn Risk,4
15778025,0.170075138693292,num__EstimatedSalary,-0.40435468630539556,0.40435468630539556,Decreases Churn Risk,5
15778025,0.170075138693292,num__IsActiveMember,-0.3202360116977378,0.3202360116977378,Decreases Churn Risk,6
15778025,0.170075138693292,num__Balance,0.2816937139943278,0.2816937139943278,Increases Churn Risk,7
15778025,0.170075138693292,num__Tenure,-0.2751863282265586,0.2751863282265586,Decreases Churn Risk,8
15778025,0.170075138693292,num__EngagementScore,-0.12196344803372304,0.12196344803372304,Decreases Churn Risk,9
15778025,0.170075138693292,cat__Geography_Spain,-0.114059629593941,0.114059629593941,Decreases Churn Risk,10
15811927,0.2444193229816737,num__Age,-0.6090545547492038,0.6090545547492038,Decreases Churn Risk,1
15811927,0.2444193229816737,cat__Geography_Germany,-0.4395967211439551,0.4395967211439551,Decreases Churn Risk,2
15811927,0.2444193229816737,num__Balance,-0.2281576403288784,0.2281576403288784,Decreases Churn Risk,3
15811927,0.2444193229816737,num__IsActiveMember,0.207698271096013,0.207698271096013,Increases Churn Risk,4
15811927,0.2444193229816737,num__HasCrCard,-0.19496079028273336,0.19496079028273336,Decreases Churn Risk,5
15811927,0.2444193229816737,cat__Geography_Spain,-0.17713569117558728,0.17713569117558728,Decreases Churn Risk,6
15811927,0.2444193229816737,num__EstimatedSalary,-0.15815696351526648,0.15815696351526648,Decreases Churn Risk,7
15811927,0.2444193229816737,num__NumOfProducts,0.15091511334314747,0.15091511334314747,Increases Churn Risk,8
15811927,0.2444193229816737,num__Tenure,-0.12403569079374452,0.12403569079374452,Decreases Churn Risk,9
15811927,0.2444193229816737,num__EngagementScore,0.11300888521253746,0.11300888521253746,Increases Churn Risk,10
15770214,0.04327333211607222,num__Age,-1.5349749898377638,1.5349749898377638,Decreases Churn Risk,1
15770214,0.04327333211607222,num__NumOfProducts,-1.1312663488067982,1.1312663488067982,Decreases Churn Risk,2
15770214,0.04327333211607222,num__Tenure,-0.3304895962025032,0.3304895962025032,Decreases Churn Risk,3
15770214,0.04327333211607222,cat__Geography_Germany,-0.20146636784162697,0.20146636784162697,Decreases Churn Risk,4
15770214,0.04327333211607222,cat__Geography_Spain,-0.19908584641248842,0.19908584641248842,Decreases Churn Risk,5
15770214,0.04327333211607222,num__IsActiveMember,0.17445517412650732,0.17445517412650732,Increases Churn Risk,6
15770214,0.04327333211607222,num__HasBalance,-0.13030917864040684,0.13030917864040684,Decreases Churn Risk,7
15770214,0.04327333211607222,num__EstimatedSalary,0.12908732809256912,0.12908732809256912,Increases Churn Risk,8
15770214,0.04327333211607222,num__Balance,-0.1174296960521493,0.1174296960521493,Decreases Churn Risk,9
15770214,0.04327333211607222,num__ProductDensity,-0.10538344726487302,0.10538344726487302,Decreases Churn Risk,10
15684171,0.20549936842881855,num__IsActiveMember,-0.8786834361599701,0.8786834361599701,Decreases Churn Risk,1
15684171,0.20549936842881855,num__Age,0.6275682353508525,0.6275682353508525,Increases Churn Risk,2
15684171,0.20549936842881855,cat__Geography_Germany,-0.43101228674942965,0.43101228674942965,Decreases Churn Risk,3
15684171,0.20549936842881855,cat__Geography_Spain,-0.40643389692489507,0.40643389692489507,Decreases Churn Risk,4
15684171,0.20549936842881855,num__Tenure,-0.36124891716246793,0.36124891716246793,Decreases Churn Risk,5
15684171,0.20549936842881855,num__Balance,-0.3056663796453265,0.3056663796453265,Decreases Churn Risk,6
15684171,0.20549936842881855,num__EngagementScore,-0.18907264884872071,0.18907264884872071,Decreases Churn Risk,7
15684171,0.20549936842881855,num__EstimatedSalary,0.16996646621725056,0.16996646621725056,Increases Churn Risk,8
15684171,0.20549936842881855,num__ProductDensity,-0.11926691175556801,0.11926691175556801,Decreases Churn Risk,9
15684171,0.20549936842881855,num__AgeTenureInteraction,-0.09523528176724096,0.09523528176724096,Decreases Churn Risk,10
15642202,0.11245892533624395,num__NumOfProducts,-1.1864378688092558,1.1864378688092558,Decreases Churn Risk,1
15642202,0.11245892533624395,num__Age,-0.5993800857133528,0.5993800857133528,Decreases Churn Risk,2
15642202,0.11245892533624395,num__CreditScore,-0.33131212707166435,0.33131212707166435,Decreases Churn Risk,3
15642202,0.11245892533624395,num__Tenure,-0.30636268241541487,0.30636268241541487,Decreases Churn Risk,4
15642202,0.11245892533624395,cat__Geography_Germany,0.2617747084351092,0.2617747084351092,Increases Churn Risk,5
15642202,0.11245892533624395,num__IsActiveMember,-0.2142499217353466,0.2142499217353466,Decreases Churn Risk,6
15642202,0.11245892533624395,num__Balance,0.1802853015930014,0.1802853015930014,Increases Churn Risk,7
15642202,0.11245892533624395,cat__Geography_Spain,-0.1356192063314641,0.1356192063314641,Decreases Churn Risk,8
15642202,0.11245892533624395,num__BalanceSalaryRatio,0.09312491794271414,0.09312491794271414,Increases Churn Risk,9
15642202,0.11245892533624395,num__HasCrCard,-0.07330964013035303,0.07330964013035303,Decreases Churn Risk,10
15719898,0.050257470567273914,num__NumOfProducts,-0.8288671243810304,0.8288671243810304,Decreases Churn Risk,1
15719898,0.050257470567273914,num__Age,-0.7612072253609388,0.7612072253609388,Decreases Churn Risk,2
15719898,0.050257470567273914,cat__Gender_Male,-0.6172546405937487,0.6172546405937487,Decreases Churn Risk,3
15719898,0.050257470567273914,num__Tenure,-0.2894184803537036,0.2894184803537036,Decreases Churn Risk,4
15719898,0.050257470567273914,num__IsActiveMember,-0.2866389697356609,0.2866389697356609,Decreases Churn Risk,5
15719898,0.050257470567273914,cat__Geography_Germany,-0.2598458685467679,0.2598458685467679,Decreases Churn Risk,6
15719898,0.050257470567273914,cat__Geography_Spain,-0.19408152662502753,0.19408152662502753,Decreases Churn Risk,7
15719898,0.050257470567273914,num__BalanceSalaryRatio,0.17467346124435418,0.17467346124435418,Increases Churn Risk,8
15719898,0.050257470567273914,num__EngagementScore,-0.15476846974851488,0.15476846974851488,Decreases Churn Risk,9
15719898,0.050257470567273914,num__ProductDensity,-0.09283759843299015,0.09283759843299015,Decreases Churn Risk,10
15761717,0.027035331301266268,num__Age,-1.5591121934233545,1.5591121934233545,Decreases Churn Risk,1
15761717,0.027035331301266268,num__NumOfProducts,-0.8512202256986713,0.8512202256986713,Decreases Churn Risk,2
15761717,0.027035331301266268,cat__Gender_Male,-0.6646072104584363,0.6646072104584363,Decreases Churn Risk,3
15761717,0.027035331301266268,cat__Geography_Spain,-0.22701196682116884,0.22701196682116884,Decreases Churn Risk,4
15761717,0.027035331301266268,cat__Geography_Germany,-0.22503841128950927,0.22503841128950927,Decreases Churn Risk,5
15761717,0.027035331301266268,num__Balance,-0.21498560010357107,0.21498560010357107,Decreases Churn Risk,6
15761717,0.027035331301266268,num__IsActiveMember,0.19401385650712114,0.19401385650712114,Increases Churn Risk,7
15761717,0.027035331301266268,num__EngagementScore,-0.16561526812679653,0.16561526812679653,Decreases Churn Risk,8
15761717,0.027035331301266268,num__EstimatedSalary,-0.12247563439327852,0.12247563439327852,Decreases Churn Risk,9
15761717,0.027035331301266268,num__Tenure,-0.12229203611600466,0.12229203611600466,Decreases Churn Risk,10
15805260,0.9319188836692361,num__Age,1.9004154273304221,1.9004154273304221,Increases Churn Risk,1
15805260,0.9319188836692361,num__IsActiveMember,0.45596658493397874,0.45596658493397874,Increases Churn Risk,2
15805260,0.9319188836692361,cat__Geography_Germany,0.37591988871677534,0.37591988871677534,Increases Churn Risk,3
15805260,0.9319188836692361,num__NumOfProducts,0.2907690345881206,0.2907690345881206,Increases Churn Risk,4
15805260,0.9319188836692361,num__Tenure,-0.2861598788612047,0.2861598788612047,Decreases Churn Risk,5
15805260,0.9319188836692361,num__AgeTenureInteraction,-0.22899208902982424,0.22899208902982424,Decreases Churn Risk,6
15805260,0.9319188836692361,num__EngagementScore,0.15060178694335882,0.15060178694335882,Increases Churn Risk,7
15805260,0.9319188836692361,cat__Gender_Male,-0.11690549841034685,0.11690549841034685,Decreases Churn Risk,8
15805260,0.9319188836692361,cat__Geography_Spain,-0.114685963293929,0.114685963293929,Decreases Churn Risk,9
15805260,0.9319188836692361,num__ProductDensity,-0.07913181281316488,0.07913181281316488,Decreases Churn Risk,10
15811978,0.5554825432698526,num__Age,0.6373400020045307,0.6373400020045307,Increases Churn Risk,1
15811978,0.5554825432698526,cat__Geography_Germany,0.6136537958228725,0.6136537958228725,Increases Churn Risk,2
15811978,0.5554825432698526,cat__Gender_Male,-0.5068659914484197,0.5068659914484197,Decreases Churn Risk,3
15811978,0.5554825432698526,num__IsActiveMember,-0.3515971377670262,0.3515971377670262,Decreases Churn Risk,4
15811978,0.5554825432698526,num__NumOfProducts,0.26182202980967023,0.26182202980967023,Increases Churn Risk,5
15811978,0.5554825432698526,num__Tenure,-0.23741176649888315,0.23741176649888315,Decreases Churn Risk,6
15811978,0.5554825432698526,num__AgeTenureInteraction,-0.189788284729109,0.189788284729109,Decreases Churn Risk,7
15811978,0.5554825432698526,num__Balance,0.14621137447483487,0.14621137447483487,Increases Churn Risk,8
15811978,0.5554825432698526,num__EngagementScore,-0.13164000205750154,0.13164000205750154,Decreases Churn Risk,9
15811978,0.5554825432698526,num__BalanceSalaryRatio,-0.1204330948387576,0.1204330948387576,Decreases Churn Risk,10
15620746,0.376265112872664,cat__Gender_Male,-0.5586521852251924,0.5586521852251924,Decreases Churn Risk,1
15620746,0.376265112872664,cat__Geography_Germany,-0.5313959953225831,0.5313959953225831,Decreases Churn Risk,2
15620746,0.376265112872664,num__EngagementScore,0.26585852975977475,0.26585852975977475,Increases Churn Risk,3
15620746,0.376265112872664,num__IsActiveMember,0.2505626586711825,0.2505626586711825,Increases Churn Risk,4
15620746,0.376265112872664,num__ProductDensity,-0.24907897878049862,0.24907897878049862,Decreases Churn Risk,5
15620746,0.376265112872664,cat__Geography_Spain,-0.16202482697470727,0.16202482697470727,Decreases Churn Risk,6
15620746,0.376265112872664,num__NumOfProducts,0.14525925865192102,0.14525925865192102,Increases Churn Risk,7
15620746,0.376265112872664,num__BalanceSalaryRatio,-0.114912422150228,0.114912422150228,Decreases Churn Risk,8
15620746,0.376265112872664,num__HasCrCard,0.07420607251503276,0.07420607251503276,Increases Churn Risk,9
15620746,0.376265112872664,num__CreditScore,0.043339320178714225,0.043339320178714225,Increases Churn Risk,10
15806913,0.40600701859900307,num__Age,1.516507956896579,1.516507956896579,Increases Churn Risk,1
15806913,0.40600701859900307,num__IsActiveMember,-0.5899591691267903,0.5899591691267903,Decreases Churn Risk,2
15806913,0.40600701859900307,cat__Geography_Germany,-0.4955271463891272,0.4955271463891272,Decreases Churn Risk,3
15806913,0.40600701859900307,num__Tenure,-0.2259065492338172,0.2259065492338172,Decreases Churn Risk,4
15806913,0.40600701859900307,num__AgeTenureInteraction,-0.22548809472380796,0.22548809472380796,Decreases Churn Risk,5
15806913,0.40600701859900307,num__EngagementScore,-0.20293983089804735,0.20293983089804735,Decreases Churn Risk,6
15806913,0.40600701859900307,num__Balance,-0.13704064871340388,0.13704064871340388,Decreases Churn Risk,7
15806913,0.40600701859900307,cat__Geography_Spain,-0.12472467175660606,0.12472467175660606,Decreases Churn Risk,8
15806913,0.40600701859900307,num__BalanceSalaryRatio,-0.11139363210095055,0.11139363210095055,Decreases Churn Risk,9
15806913,0.40600701859900307,num__ProductDensity,-0.07933105107327874,0.07933105107327874,Decreases Churn Risk,10
15810878,0.22834049807845844,cat__Geography_Germany,-0.511950367121644,0.511950367121644,Decreases Churn Risk,1
15810878,0.22834049807845844,num__Age,-0.43386812191781804,0.43386812191781804,Decreases Churn Risk,2
15810878,0.22834049807845844,num__Tenure,-0.3447451873567845,0.3447451873567845,Decreases Churn Risk,3
15810878,0.22834049807845844,num__IsActiveMember,-0.3310809744767862,0.3310809744767862,Decreases Churn Risk,4
15810878,0.22834049807845844,cat__Geography_Spain,-0.32392660603529594,0.32392660603529594,Decreases Churn Risk,5
15810878,0.22834049807845844,num__EstimatedSalary,0.1674307114620956,0.1674307114620956,Increases Churn Risk,6
15810878,0.22834049807845844,num__CustomerValue,0.12272329551132571,0.12272329551132571,Increases Churn Risk,7
15810878,0.22834049807845844,num__Balance,-0.11981656570303349,0.11981656570303349,Decreases Churn Risk,8
15810878,0.22834049807845844,num__EngagementScore,0.09182034773615771,0.09182034773615771,Increases Churn Risk,9
15810878,0.22834049807845844,num__NumOfProducts,0.08695061124979181,0.08695061124979181,Increases Churn Risk,10
15812917,0.05867881067469903,num__Age,-0.812127467092953,0.812127467092953,Decreases Churn Risk,1
15812917,0.05867881067469903,num__NumOfProducts,-0.7254771195679052,0.7254771195679052,Decreases Churn Risk,2
15812917,0.05867881067469903,cat__Gender_Male,-0.6261184618282498,0.6261184618282498,Decreases Churn Risk,3
15812917,0.05867881067469903,cat__Geography_Germany,-0.34155499226430497,0.34155499226430497,Decreases Churn Risk,4
15812917,0.05867881067469903,num__Tenure,-0.3343823784643659,0.3343823784643659,Decreases Churn Risk,5
15812917,0.05867881067469903,num__IsActiveMember,-0.32404303515117633,0.32404303515117633,Decreases Churn Risk,6
15812917,0.05867881067469903,num__BalanceSalaryRatio,0.2342389849066762,0.2342389849066762,Increases Churn Risk,7
15812917,0.05867881067469903,cat__Geography_Spain,-0.20126316475839343,0.20126316475839343,Decreases Churn Risk,8
15812917,0.05867881067469903,num__EngagementScore,-0.15213459608124516,0.15213459608124516,Decreases Churn Risk,9
15812917,0.05867881067469903,num__Balance,0.09696426692496095,0.09696426692496095,Increases Churn Risk,10
15663808,0.3171762122154127,num__NumOfProducts,-1.065093227968993,1.065093227968993,Decreases Churn Risk,1
15663808,0.3171762122154127,num__Age,0.8679970328348697,0.8679970328348697,Increases Churn Risk,2
15663808,0.3171762122154127,num__IsActiveMember,-0.7598505541300971,0.7598505541300971,Decreases Churn Risk,3
15663808,0.3171762122154127,num__Balance,-0.38297234794180623,0.38297234794180623,Decreases Churn Risk,4
15663808,0.3171762122154127,num__BalanceSalaryRatio,0.3277388862593572,0.3277388862593572,Increases Churn Risk,5
15663808,0.3171762122154127,num__EngagementScore,-0.24777364279612205,0.24777364279612205,Decreases Churn Risk,6
15663808,0.3171762122154127,num__Tenure,-0.166756519362724,0.166756519362724,Decreases Churn Risk,7
15663808,0.3171762122154127,cat__Geography_Spain,-0.14458954489841813,0.14458954489841813,Decreases Churn Risk,8
15663808,0.3171762122154127,cat__Geography_Germany,0.13367253096928594,0.13367253096928594,Increases Churn Risk,9
15663808,0.3171762122154127,num__CreditScore,0.09704615275242452,0.09704615275242452,Increases Churn Risk,10
15642655,0.20935990895718018,num__Age,-1.240783201710696,1.240783201710696,Decreases Churn Risk,1
15642655,0.20935990895718018,cat__Gender_Male,-0.5680098905381858,0.5680098905381858,Decreases Churn Risk,2
15642655,0.20935990895718018,num__NumOfProducts,0.4248911801073566,0.4248911801073566,Increases Churn Risk,3
15642655,0.20935990895718018,num__AgeTenureInteraction,-0.4211529381583838,0.4211529381583838,Decreases Churn Risk,4
15642655,0.20935990895718018,cat__Geography_Germany,-0.30910868101158256,0.30910868101158256,Decreases Churn Risk,5
15642655,0.20935990895718018,num__IsActiveMember,0.24970775387884253,0.24970775387884253,Increases Churn Risk,6
15642655,0.20935990895718018,num__EngagementScore,0.1769236777830942,0.1769236777830942,Increases Churn Risk,7
15642655,0.20935990895718018,num__Balance,0.17201650904086588,0.17201650904086588,Increases Churn Risk,8
15642655,0.20935990895718018,cat__Geography_Spain,-0.12523044727249988,0.12523044727249988,Decreases Churn Risk,9
15642655,0.20935990895718018,num__ProductDensity,-0.11295604263238211,0.11295604263238211,Decreases Churn Risk,10
15659092,0.34060905394303115,num__NumOfProducts,-1.4343986293775577,1.4343986293775577,Decreases Churn Risk,1
15659092,0.34060905394303115,num__Age,1.0814509314752556,1.0814509314752556,Increases Churn Risk,2
15659092,0.34060905394303115,num__Tenure,-0.3312892284340561,0.3312892284340561,Decreases Churn Risk,3
15659092,0.34060905394303115,num__EstimatedSalary,0.2811812821828101,0.2811812821828101,Increases Churn Risk,4
15659092,0.34060905394303115,cat__Geography_Germany,-0.2810290517332893,0.2810290517332893,Decreases Churn Risk,5
15659092,0.34060905394303115,num__EngagementScore,-0.23014294194291848,0.23014294194291848,Decreases Churn Risk,6
15659092,0.34060905394303115,num__IsActiveMember,0.2066435924786935,0.2066435924786935,Increases Churn Risk,7
15659092,0.34060905394303115,num__HasBalance,-0.16103498512569173,0.16103498512569173,Decreases Churn Risk,8
15659092,0.34060905394303115,cat__Geography_Spain,-0.1488395332402897,0.1488395332402897,Decreases Churn Risk,9
15659092,0.34060905394303115,num__BalanceSalaryRatio,-0.056427809200465515,0.056427809200465515,Decreases Churn Risk,10
15743582,0.10166513667207593,num__Age,-1.3719962066636606,1.3719962066636606,Decreases Churn Risk,1
15743582,0.10166513667207593,cat__Geography_Germany,-0.5380634329998794,0.5380634329998794,Decreases Churn Risk,2
15743582,0.10166513667207593,num__IsActiveMember,-0.24403900323972838,0.24403900323972838,Decreases Churn Risk,3
15743582,0.10166513667207593,cat__Geography_Spain,-0.19335186823308775,0.19335186823308775,Decreases Churn Risk,4
15743582,0.10166513667207593,num__BalanceSalaryRatio,-0.1478049183222214,0.1478049183222214,Decreases Churn Risk,5
15743582,0.10166513667207593,num__NumOfProducts,0.14305496400608642,0.14305496400608642,Increases Churn Risk,6
15743582,0.10166513667207593,num__Tenure,-0.1314081557566783,0.1314081557566783,Decreases Churn Risk,7
15743582,0.10166513667207593,num__CreditScore,0.0912533069319138,0.0912533069319138,Increases Churn Risk,8
15743582,0.10166513667207593,num__ProductDensity,-0.0903527901861114,0.0903527901861114,Decreases Churn Risk,9
15743582,0.10166513667207593,num__EngagementScore,-0.08708884791431089,0.08708884791431089,Decreases Churn Risk,10
15750497,0.08119863586624176,num__CreditScore,-0.8175976839017965,0.8175976839017965,Decreases Churn Risk,1
15750497,0.08119863586624176,num__Age,-0.6057813954970976,0.6057813954970976,Decreases Churn Risk,2
15750497,0.08119863586624176,cat__Geography_Germany,-0.44744809247810957,0.44744809247810957,Decreases Churn Risk,3
15750497,0.08119863586624176,num__IsActiveMember,-0.31127483865846084,0.31127483865846084,Decreases Churn Risk,4
15750497,0.08119863586624176,num__Tenure,-0.23098003687018295,0.23098003687018295,Decreases Churn Risk,5
15750497,0.08119863586624176,num__ProductDensity,-0.22437424536492606,0.22437424536492606,Decreases Churn Risk,6
15750497,0.08119863586624176,num__Balance,-0.20601213497819876,0.20601213497819876,Decreases Churn Risk,7
15750497,0.08119863586624176,num__NumOfProducts,0.18133948099713038,0.18133948099713038,Increases Churn Risk,8
15750497,0.08119863586624176,cat__Geography_Spain,-0.17001047547207832,0.17001047547207832,Decreases Churn Risk,9
15750497,0.08119863586624176,num__EstimatedSalary,0.13226856553937763,0.13226856553937763,Increases Churn Risk,10
15678727,0.8729469817753851,num__Age,0.6760707624221407,0.6760707624221407,Increases Churn Risk,1
15678727,0.8729469817753851,cat__Geography_Germany,0.5405193823135609,0.5405193823135609,Increases Churn Risk,2
15678727,0.8729469817753851,cat__Gender_Male,-0.4402058780754609,0.4402058780754609,Decreases Churn Risk,3
15678727,0.8729469817753851,num__IsActiveMember,0.33949670621741496,0.33949670621741496,Increases Churn Risk,4
15678727,0.8729469817753851,num__NumOfProducts,0.3368872173927214,0.3368872173927214,Increases Churn Risk,5
15678727,0.8729469817753851,num__ProductDensity,-0.23578472635671305,0.23578472635671305,Decreases Churn Risk,6
15678727,0.8729469817753851,num__Balance,0.1926002004889105,0.1926002004889105,Increases Churn Risk,7
15678727,0.8729469817753851,num__BalanceSalaryRatio,0.16129632524091958,0.16129632524091958,Increases Churn Risk,8
15678727,0.8729469817753851,num__EngagementScore,0.1451985422289678,0.1451985422289678,Increases Churn Risk,9
15678727,0.8729469817753851,cat__Geography_Spain,-0.10986025969692491,0.10986025969692491,Decreases Churn Risk,10
15766776,0.30185739241642756,cat__Gender_Male,-0.6755102869411048,0.6755102869411048,Decreases Churn Risk,1
15766776,0.30185739241642756,num__NumOfProducts,0.4822067223093385,0.4822067223093385,Increases Churn Risk,2
15766776,0.30185739241642756,cat__Geography_Germany,-0.3453488617591526,0.3453488617591526,Decreases Churn Risk,3
15766776,0.30185739241642756,num__AgeTenureInteraction,-0.22673193008568404,0.22673193008568404,Decreases Churn Risk,4
15766776,0.30185739241642756,num__IsActiveMember,-0.22348846744323367,0.22348846744323367,Decreases Churn Risk,5
15766776,0.30185739241642756,num__Balance,0.21978423714913586,0.21978423714913586,Increases Churn Risk,6
15766776,0.30185739241642756,num__EngagementScore,-0.18875916849681637,0.18875916849681637,Decreases Churn Risk,7
15766776,0.30185739241642756,cat__Geography_Spain,-0.14851167931339918,0.14851167931339918,Decreases Churn Risk,8
15766776,0.30185739241642756,num__ProductDensity,-0.12074004905120667,0.12074004905120667,Decreases Churn Risk,9
15766776,0.30185739241642756,num__CreditScore,0.10067619798882022,0.10067619798882022,Increases Churn Risk,10
15616280,0.534051772841774,num__Age,0.5971230970086836,0.5971230970086836,Increases Churn Risk,1
15616280,0.534051772841774,cat__Gender_Male,-0.5251459780449944,0.5251459780449944,Decreases Churn Risk,2
15616280,0.534051772841774,cat__Geography_Germany,-0.36609012700008503,0.36609012700008503,Decreases Churn Risk,3
15616280,0.534051772841774,num__Balance,-0.2988606775971241,0.2988606775971241,Decreases Churn Risk,4
15616280,0.534051772841774,num__EngagementScore,0.24990611072470864,0.24990611072470864,Increases Churn Risk,5
15616280,0.534051772841774,num__NumOfProducts,0.18015998796370986,0.18015998796370986,Increases Churn Risk,6
15616280,0.534051772841774,num__IsActiveMember,0.17989998582229827,0.17989998582229827,Increases Churn Risk,7
15616280,0.534051772841774,cat__Geography_Spain,-0.16357873882639423,0.16357873882639423,Decreases Churn Risk,8
15616280,0.534051772841774,num__ProductDensity,-0.1015549731664851,0.1015549731664851,Decreases Churn Risk,9
15616280,0.534051772841774,num__BalanceSalaryRatio,-0.06708264949402298,0.06708264949402298,Decreases Churn Risk,10
15642997,0.14451403156844325,num__Age,-0.8564835834982265,0.8564835834982265,Decreases Churn Risk,1
15642997,0.14451403156844325,cat__Geography_Germany,-0.47228143026002156,0.47228143026002156,Decreases Churn Risk,2
15642997,0.14451403156844325,num__IsActiveMember,-0.28058677092417855,0.28058677092417855,Decreases Churn Risk,3
15642997,0.14451403156844325,num__BalanceSalaryRatio,-0.18915567051709906,0.18915567051709906,Decreases Churn Risk,4
15642997,0.14451403156844325,num__Tenure,-0.18852659996357823,0.18852659996357823,Decreases Churn Risk,5
15642997,0.14451403156844325,cat__Geography_Spain,-0.18262002039132308,0.18262002039132308,Decreases Churn Risk,6
15642997,0.14451403156844325,num__Balance,-0.15193273699732882,0.15193273699732882,Decreases Churn Risk,7
15642997,0.14451403156844325,num__NumOfProducts,0.13797499599406968,0.13797499599406968,Increases Churn Risk,8
15642997,0.14451403156844325,num__CreditScore,0.08728442572348405,0.08728442572348405,Increases Churn Risk,9
15642997,0.14451403156844325,num__EngagementScore,-0.08589155338492409,0.08589155338492409,Decreases Churn Risk,10
15776596,0.39141448182843225,cat__Geography_Germany,-0.4845688813881285,0.4845688813881285,Decreases Churn Risk,1
15776596,0.39141448182843225,num__Age,-0.3961154094465976,0.3961154094465976,Decreases Churn Risk,2
15776596,0.39141448182843225,cat__Geography_Spain,-0.30417817430274563,0.30417817430274563,Decreases Churn Risk,3
15776596,0.39141448182843225,num__Tenure,-0.30067534352751213,0.30067534352751213,Decreases Churn Risk,4
15776596,0.39141448182843225,num__IsActiveMember,0.2809149965330181,0.2809149965330181,Increases Churn Risk,5
15776596,0.39141448182843225,num__EstimatedSalary,0.19328630914248587,0.19328630914248587,Increases Churn Risk,6
15776596,0.39141448182843225,num__NumOfProducts,0.12432139032800227,0.12432139032800227,Increases Churn Risk,7
15776596,0.39141448182843225,num__EngagementScore,0.10085988826382153,0.10085988826382153,Increases Churn Risk,8
15776596,0.39141448182843225,num__Balance,-0.09872680931423934,0.09872680931423934,Decreases Churn Risk,9
15776596,0.39141448182843225,num__CustomerValue,0.05217429127464395,0.05217429127464395,Increases Churn Risk,10
15782231,0.0382289856113127,num__NumOfProducts,-1.23071790799799,1.23071790799799,Decreases Churn Risk,1
15782231,0.0382289856113127,cat__Gender_Male,-0.6914480778550529,0.6914480778550529,Decreases Churn Risk,2
15782231,0.0382289856113127,num__Age,-0.6029195914413357,0.6029195914413357,Decreases Churn Risk,3
15782231,0.0382289856113127,num__Tenure,-0.3245355414799267,0.3245355414799267,Decreases Churn Risk,4
15782231,0.0382289856113127,cat__Geography_Germany,-0.26959598522229755,0.26959598522229755,Decreases Churn Risk,5
15782231,0.0382289856113127,cat__Geography_Spain,-0.18514438168746977,0.18514438168746977,Decreases Churn Risk,6
15782231,0.0382289856113127,num__IsActiveMember,0.17944761264488762,0.17944761264488762,Increases Churn Risk,7
15782231,0.0382289856113127,num__EngagementScore,-0.16682625438832702,0.16682625438832702,Decreases Churn Risk,8
15782231,0.0382289856113127,num__HasBalance,-0.13030917864040684,0.13030917864040684,Decreases Churn Risk,9
15782231,0.0382289856113127,num__Balance,-0.12397420360868644,0.12397420360868644,Decreases Churn Risk,10
15809265,0.2972428580690681,num__Age,-0.8923204763607444,0.8923204763607444,Decreases Churn Risk,1
15809265,0.2972428580690681,num__NumOfProducts,0.4362333160236413,0.4362333160236413,Increases Churn Risk,2
15809265,0.2972428580690681,cat__Geography_Germany,-0.2942521399983556,0.2942521399983556,Decreases Churn Risk,3
15809265,0.2972428580690681,num__Balance,0.26822071104888107,0.26822071104888107,Increases Churn Risk,4
15809265,0.2972428580690681,num__IsActiveMember,-0.2543808018620248,0.2543808018620248,Decreases Churn Risk,5
15809265,0.2972428580690681,num__ProductDensity,-0.18252139559969074,0.18252139559969074,Decreases Churn Risk,6
15809265,0.2972428580690681,cat__Geography_Spain,-0.1808097152873481,0.1808097152873481,Decreases Churn Risk,7
15809265,0.2972428580690681,num__EngagementScore,-0.08712252940229366,0.08712252940229366,Decreases Churn Risk,8
15809265,0.2972428580690681,num__BalanceSalaryRatio,0.05873159253993103,0.05873159253993103,Increases Churn Risk,9
15809265,0.2972428580690681,num__Tenure,-0.03573977580629772,0.03573977580629772,Decreases Churn Risk,10
15633043,0.41270155253870944,num__NumOfProducts,0.4476666368519258,0.4476666368519258,Increases Churn Risk,1
15633043,0.41270155253870944,num__Age,-0.41284627084895736,0.41284627084895736,Decreases Churn Risk,2
15633043,0.41270155253870944,num__Tenure,-0.3242516116925145,0.3242516116925145,Decreases Churn Risk,3
15633043,0.41270155253870944,cat__Geography_Spain,-0.2816881685066309,0.2816881685066309,Decreases Churn Risk,4
15633043,0.41270155253870944,cat__Geography_Germany,-0.272857455168891,0.272857455168891,Decreases Churn Risk,5
15633043,0.41270155253870944,num__Balance,0.2584599221140011,0.2584599221140011,Increases Churn Risk,6
15633043,0.41270155253870944,num__IsActiveMember,0.2051133176608615,0.2051133176608615,Increases Churn Risk,7
15633043,0.41270155253870944,num__EstimatedSalary,-0.14144449245168295,0.14144449245168295,Decreases Churn Risk,8
15633043,0.41270155253870944,num__HasCrCard,-0.1270567753616223,0.1270567753616223,Decreases Churn Risk,9
15633043,0.41270155253870944,num__EngagementScore,0.10686302524189903,0.10686302524189903,Increases Churn Risk,10
15720203,0.1525454003983238,num__Age,-1.437759394176241,1.437759394176241,Decreases Churn Risk,1
15720203,0.1525454003983238,cat__Gender_Male,-0.56705724692129,0.56705724692129,Decreases Churn Risk,2
15720203,0.1525454003983238,num__NumOfProducts,0.36683363571150646,0.36683363571150646,Increases Churn Risk,3
15720203,0.1525454003983238,num__Tenure,-0.3216070231616269,0.3216070231616269,Decreases Churn Risk,4
15720203,0.1525454003983238,cat__Geography_Germany,-0.2899555088325693,0.2899555088325693,Decreases Churn Risk,5
15720203,0.1525454003983238,num__ProductDensity,-0.24421312844066265,0.24421312844066265,Decreases Churn Risk,6
15720203,0.1525454003983238,num__IsActiveMember,0.23014866107104764,0.23014866107104764,Increases Churn Risk,7
15720203,0.1525454003983238,num__EngagementScore,0.17823021932163516,0.17823021932163516,Increases Churn Risk,8
15720203,0.1525454003983238,cat__Geography_Spain,-0.16993301821603646,0.16993301821603646,Decreases Churn Risk,9
15720203,0.1525454003983238,num__EstimatedSalary,0.06552146120247529,0.06552146120247529,Increases Churn Risk,10
15756241,0.28933389130167725,num__Age,0.5413996488180152,0.5413996488180152,Increases Churn Risk,1
15756241,0.28933389130167725,cat__Geography_Germany,-0.4584003156276003,0.4584003156276003,Decreases Churn Risk,2
15756241,0.28933389130167725,num__IsActiveMember,-0.3077376628690901,0.3077376628690901,Decreases Churn Risk,3
15756241,0.28933389130167725,num__Tenure,-0.2587387342932852,0.2587387342932852,Decreases Churn Risk,4
15756241,0.28933389130167725,num__Balance,-0.2153850303845637,0.2153850303845637,Decreases Churn Risk,5
15756241,0.28933389130167725,num__EngagementScore,-0.17983372271426537,0.17983372271426537,Decreases Churn Risk,6
15756241,0.28933389130167725,num__AgeTenureInteraction,-0.1538294598023839,0.1538294598023839,Decreases Churn Risk,7
15756241,0.28933389130167725,cat__Geography_Spain,-0.13673706881683742,0.13673706881683742,Decreases Churn Risk,8
15756241,0.28933389130167725,num__CreditScore,-0.09921430925636673,0.09921430925636673,Decreases Churn Risk,9
15756241,0.28933389130167725,num__NumOfProducts,0.085536431336596,0.085536431336596,Increases Churn Risk,10
15753888,0.21004794086655862,num__IsActiveMember,-0.8574904589941821,0.8574904589941821,Decreases Churn Risk,1
15753888,0.21004794086655862,num__Age,0.8102635151259888,0.8102635151259888,Increases Churn Risk,2
15753888,0.21004794086655862,cat__Geography_Germany,-0.5267716482032015,0.5267716482032015,Decreases Churn Risk,3
15753888,0.21004794086655862,cat__Geography_Spain,-0.4424663777689988,0.4424663777689988,Decreases Churn Risk,4
15753888,0.21004794086655862,num__ProductDensity,-0.21421848752010927,0.21421848752010927,Decreases Churn Risk,5
15753888,0.21004794086655862,num__Tenure,-0.20890575701316821,0.20890575701316821,Decreases Churn Risk,6
15753888,0.21004794086655862,num__EngagementScore,-0.18747038718935902,0.18747038718935902,Decreases Churn Risk,7
15753888,0.21004794086655862,num__CreditScore,0.08702944763832246,0.08702944763832246,Increases Churn Risk,8
15753888,0.21004794086655862,num__EstimatedSalary,-0.055157756622657,0.055157756622657,Decreases Churn Risk,9
15753888,0.21004794086655862,cat__Gender_Male,-0.04797641977390187,0.04797641977390187,Decreases Churn Risk,10
15574004,0.04272855655565857,num__Age,-1.4119513037244698,1.4119513037244698,Decreases Churn Risk,1
15574004,0.04272855655565857,num__NumOfProducts,-0.7708460594624902,0.7708460594624902,Decreases Churn Risk,2
15574004,0.04272855655565857,num__Tenure,-0.3486958052484386,0.3486958052484386,Decreases Churn Risk,3
15574004,0.04272855655565857,cat__Geography_Germany,-0.3309292539497471,0.3309292539497471,Decreases Churn Risk,4
15574004,0.04272855655565857,num__IsActiveMember,-0.2637802786622631,0.2637802786622631,Decreases Churn Risk,5
15574004,0.04272855655565857,cat__Geography_Spain,-0.22443920016113805,0.22443920016113805,Decreases Churn Risk,6
15574004,0.04272855655565857,num__BalanceSalaryRatio,0.15930311591279112,0.15930311591279112,Increases Churn Risk,7
15574004,0.04272855655565857,num__EstimatedSalary,-0.14491706067341262,0.14491706067341262,Decreases Churn Risk,8
15574004,0.04272855655565857,num__CreditScore,-0.11438554522718795,0.11438554522718795,Decreases Churn Risk,9
15574004,0.04272855655565857,num__EngagementScore,-0.09920954614417732,0.09920954614417732,Decreases Churn Risk,10
15777122,0.04782885255313864,num__NumOfProducts,-1.1360103559483263,1.1360103559483263,Decreases Churn Risk,1
15777122,0.04782885255313864,num__Age,-1.0164705533773966,1.0164705533773966,Decreases Churn Risk,2
15777122,0.04782885255313864,num__IsActiveMember,-0.2237701119109398,0.2237701119109398,Decreases Churn Risk,3
15777122,0.04782885255313864,cat__Geography_Germany,-0.21929538275597346,0.21929538275597346,Decreases Churn Risk,4
15777122,0.04782885255313864,cat__Geography_Spain,-0.20854420989534467,0.20854420989534467,Decreases Churn Risk,5
15777122,0.04782885255313864,num__HasBalance,-0.13030917864040684,0.13030917864040684,Decreases Churn Risk,6
15777122,0.04782885255313864,num__EngagementScore,-0.1026496213972252,0.1026496213972252,Decreases Churn Risk,7
15777122,0.04782885255313864,num__ProductDensity,-0.09780108141578522,0.09780108141578522,Decreases Churn Risk,8
15777122,0.04782885255313864,num__CustomerValue,-0.0853648290783201,0.0853648290783201,Decreases Churn Risk,9
15777122,0.04782885255313864,num__Balance,-0.06818926693713828,0.06818926693713828,Decreases Churn Risk,10
15715667,0.021348249863767717,num__Age,-1.3956769838773688,1.3956769838773688,Decreases Churn Risk,1
15715667,0.021348249863767717,num__NumOfProducts,-1.2692477574401972,1.2692477574401972,Decreases Churn Risk,2
15715667,0.021348249863767717,num__CreditScore,-0.7608133731751011,0.7608133731751011,Decreases Churn Risk,3
15715667,0.021348249863767717,num__Tenure,-0.3231327520561579,0.3231327520561579,Decreases Churn Risk,4
15715667,0.021348249863767717,cat__Geography_Spain,-0.20218175350693884,0.20218175350693884,Decreases Churn Risk,5
15715667,0.021348249863767717,cat__Geography_Germany,-0.20165544743271763,0.20165544743271763,Decreases Churn Risk,6
15715667,0.021348249863767717,num__IsActiveMember,0.18198830249154888,0.18198830249154888,Increases Churn Risk,7
15715667,0.021348249863767717,num__EstimatedSalary,0.17300999923438765,0.17300999923438765,Increases Churn Risk,8
15715667,0.021348249863767717,cat__Gender_Male,-0.13965006012902978,0.13965006012902978,Decreases Churn Risk,9
15715667,0.021348249863767717,num__HasBalance,-0.12634410976680632,0.12634410976680632,Decreases Churn Risk,10
15666141,0.050375943591445815,num__Age,-1.2148239740682603,1.2148239740682603,Decreases Churn Risk,1
15666141,0.050375943591445815,num__NumOfProducts,-0.8302350049388805,0.8302350049388805,Decreases Churn Risk,2
15666141,0.050375943591445815,num__CreditScore,-0.30101233729629173,0.30101233729629173,Decreases Churn Risk,3
15666141,0.050375943591445815,cat__Geography_Germany,-0.2992280341565962,0.2992280341565962,Decreases Churn Risk,4
15666141,0.050375943591445815,num__IsActiveMember,-0.27744678867812556,0.27744678867812556,Decreases Churn Risk,5
15666141,0.050375943591445815,num__Tenure,-0.21928744713026174,0.21928744713026174,Decreases Churn Risk,6
15666141,0.050375943591445815,num__BalanceSalaryRatio,0.12234998225020072,0.12234998225020072,Increases Churn Risk,7
15666141,0.050375943591445815,num__ProductDensity,-0.10759340337569243,0.10759340337569243,Decreases Churn Risk,8
15666141,0.050375943591445815,num__EngagementScore,-0.0944969018586907,0.0944969018586907,Decreases Churn Risk,9
15666141,0.050375943591445815,cat__Geography_Spain,-0.0901199947206618,0.0901199947206618,Decreases Churn Risk,10
15686780,0.5753882484749804,num__Age,1.4381225803956361,1.4381225803956361,Increases Churn Risk,1
15686780,0.5753882484749804,num__IsActiveMember,-0.6485992998203668,0.6485992998203668,Decreases Churn Risk,2
15686780,0.5753882484749804,cat__Geography_Spain,-0.5189877547095711,0.5189877547095711,Decreases Churn Risk,3
15686780,0.5753882484749804,cat__Geography_Germany,-0.4622421951458986,0.4622421951458986,Decreases Churn Risk,4
15686780,0.5753882484749804,num__EngagementScore,0.18706976447360346,0.18706976447360346,Increases Churn Risk,5
15686780,0.5753882484749804,num__Balance,-0.12643607618201916,0.12643607618201916,Decreases Churn Risk,6
15686780,0.5753882484749804,num__ProductDensity,-0.10535974926841228,0.10535974926841228,Decreases Churn Risk,7
15686780,0.5753882484749804,num__AgeTenureInteraction,0.0909602203439536,0.0909602203439536,Increases Churn Risk,8
15686780,0.5753882484749804,num__CreditScore,0.08849349147403324,0.08849349147403324,Increases Churn Risk,9
15686780,0.5753882484749804,num__HasCrCard,-0.06332650120916754,0.06332650120916754,Decreases Churn Risk,10
15611157,0.16080444483096615,num__Age,-1.4705920618104735,1.4705920618104735,Decreases Churn Risk,1
15611157,0.16080444483096615,cat__Geography_Germany,-0.4248089952866321,0.4248089952866321,Decreases Churn Risk,2
15611157,0.16080444483096615,num__IsActiveMember,0.25199146795735966,0.25199146795735966,Increases Churn Risk,3
15611157,0.16080444483096615,num__Tenure,-0.21255555870351173,0.21255555870351173,Decreases Churn Risk,4
15611157,0.16080444483096615,cat__Geography_Spain,-0.21016288337844943,0.21016288337844943,Decreases Churn Risk,5
15611157,0.16080444483096615,num__Balance,-0.1933139245101016,0.1933139245101016,Decreases Churn Risk,6
15611157,0.16080444483096615,num__NumOfProducts,0.18360460002097204,0.18360460002097204,Increases Churn Risk,7
15611157,0.16080444483096615,num__ProductDensity,-0.10025995255940336,0.10025995255940336,Decreases Churn Risk,8
15611157,0.16080444483096615,num__EngagementScore,0.10023381743009993,0.10023381743009993,Increases Churn Risk,9
15611157,0.16080444483096615,num__AgeTenureInteraction,0.06328682965396726,0.06328682965396726,Increases Churn Risk,10
15812422,0.03378024528119436,num__NumOfProducts,-1.2883912612329453,1.2883912612329453,Decreases Churn Risk,1
15812422,0.03378024528119436,cat__Gender_Male,-0.7626744604815676,0.7626744604815676,Decreases Churn Risk,2
15812422,0.03378024528119436,cat__Geography_Germany,-0.280497304638577,0.280497304638577,Decreases Churn Risk,3
15812422,0.03378024528119436,num__Age,-0.25632738268822014,0.25632738268822014,Decreases Churn Risk,4
15812422,0.03378024528119436,num__EngagementScore,-0.17395507757400308,0.17395507757400308,Decreases Churn Risk,5
15812422,0.03378024528119436,num__Tenure,-0.17271080431377092,0.17271080431377092,Decreases Churn Risk,6
15812422,0.03378024528119436,cat__Geography_Spain,-0.16917309939249395,0.16917309939249395,Decreases Churn Risk,7
15812422,0.03378024528119436,num__IsActiveMember,-0.15447563877543566,0.15447563877543566,Decreases Churn Risk,8
15812422,0.03378024528119436,num__HasBalance,-0.14288778490368345,0.14288778490368345,Decreases Churn Risk,9
15812422,0.03378024528119436,num__ProductDensity,-0.13577990356411407,0.13577990356411407,Decreases Churn Risk,10
15741295,0.11389689217049236,num__NumOfProducts,-1.3419488097584855,1.3419488097584855,Decreases Churn Risk,1
15741295,0.11389689217049236,num__Age,1.1063991680753171,1.1063991680753171,Increases Churn Risk,2
15741295,0.11389689217049236,cat__Gender_Male,-0.6178471575101471,0.6178471575101471,Decreases Churn Risk,3
15741295,0.11389689217049236,num__EngagementScore,-0.3454961553072051,0.3454961553072051,Decreases Churn Risk,4
15741295,0.11389689217049236,cat__Geography_Germany,-0.31405857349167343,0.31405857349167343,Decreases Churn Risk,5
15741295,0.11389689217049236,num__IsActiveMember,-0.25812469291456,0.25812469291456,Decreases Churn Risk,6
15741295,0.11389689217049236,num__HasBalance,-0.16103498512569173,0.16103498512569173,Decreases Churn Risk,7
15741295,0.11389689217049236,cat__Geography_Spain,-0.1514563975543705,0.1514563975543705,Decreases Churn Risk,8
15741295,0.11389689217049236,num__ProductDensity,-0.1182988996345306,0.1182988996345306,Decreases Churn Risk,9
15741295,0.11389689217049236,num__Tenure,-0.10764330634615489,0.10764330634615489,Decreases Churn Risk,10
15627195,0.0773037557057755,num__Age,-1.6800447923841957,1.6800447923841957,Decreases Churn Risk,1
15627195,0.0773037557057755,num__NumOfProducts,-1.0029638991693806,1.0029638991693806,Decreases Churn Risk,2
15627195,0.0773037557057755,cat__Gender_Male,-0.4948507945947579,0.4948507945947579,Decreases Churn Risk,3
15627195,0.0773037557057755,num__AgeTenureInteraction,-0.40062538253056346,0.40062538253056346,Decreases Churn Risk,4
15627195,0.0773037557057755,cat__Geography_Germany,0.34295150053313816,0.34295150053313816,Increases Churn Risk,5
15627195,0.0773037557057755,num__BalanceSalaryRatio,0.28732492445186186,0.28732492445186186,Increases Churn Risk,6
15627195,0.0773037557057755,num__Balance,0.283996152281717,0.283996152281717,Increases Churn Risk,7
15627195,0.0773037557057755,num__IsActiveMember,0.23978911492047347,0.23978911492047347,Increases Churn Risk,8
15627195,0.0773037557057755,cat__Geography_Spain,-0.19813948227043618,0.19813948227043618,Decreases Churn Risk,9
15627195,0.0773037557057755,num__EngagementScore,-0.15589880377377613,0.15589880377377613,Decreases Churn Risk,10
15587174,0.018232412006735366,num__NumOfProducts,-1.1707753159727554,1.1707753159727554,Decreases Churn Risk,1
15587174,0.018232412006735366,num__Age,-1.032566678359702,1.032566678359702,Decreases Churn Risk,2
15587174,0.018232412006735366,cat__Gender_Male,-0.6534147579634606,0.6534147579634606,Decreases Churn Risk,3
15587174,0.018232412006735366,num__Tenure,-0.3061302002115446,0.3061302002115446,Decreases Churn Risk,4
15587174,0.018232412006735366,cat__Geography_Germany,-0.24497075257868167,0.24497075257868167,Decreases Churn Risk,5
15587174,0.018232412006735366,num__IsActiveMember,-0.2329157248864851,0.2329157248864851,Decreases Churn Risk,6
15587174,0.018232412006735366,cat__Geography_Spain,-0.1940456957149973,0.1940456957149973,Decreases Churn Risk,7
15587174,0.018232412006735366,num__EngagementScore,-0.1585721018417967,0.1585721018417967,Decreases Churn Risk,8
15587174,0.018232412006735366,num__HasBalance,-0.13030917864040684,0.13030917864040684,Decreases Churn Risk,9
15587174,0.018232412006735366,num__Balance,-0.0956787347974525,0.0956787347974525,Decreases Churn Risk,10
15739357,0.1030088832891928,num__Age,-1.280880451921091,1.280880451921091,Decreases Churn Risk,1
15739357,0.1030088832891928,cat__Gender_Male,-0.5193077196118436,0.5193077196118436,Decreases Churn Risk,2
15739357,0.1030088832891928,cat__Geography_Germany,-0.4977390347330915,0.4977390347330915,Decreases Churn Risk,3
15739357,0.1030088832891928,num__EstimatedSalary,-0.41863590641720516,0.41863590641720516,Decreases Churn Risk,4
15739357,0.1030088832891928,num__IsActiveMember,0.2641610587317123,0.2641610587317123,Increases Churn Risk,5
15739357,0.1030088832891928,num__BalanceSalaryRatio,0.24818097118349883,0.24818097118349883,Increases Churn Risk,6
15739357,0.1030088832891928,num__HasCrCard,-0.1884604012774665,0.1884604012774665,Decreases Churn Risk,7
15739357,0.1030088832891928,num__Tenure,-0.17468566875730887,0.17468566875730887,Decreases Churn Risk,8
15739357,0.1030088832891928,num__EngagementScore,0.16803149860461472,0.16803149860461472,Increases Churn Risk,9
15739357,0.1030088832891928,num__NumOfProducts,0.1573108934743168,0.1573108934743168,Increases Churn Risk,10
15680855,0.08135016805251818,num__Age,-1.289338003231112,1.289338003231112,Decreases Churn Risk,1
15680855,0.08135016805251818,cat__Gender_Male,-0.565766278784044,0.565766278784044,Decreases Churn Risk,2
15680855,0.08135016805251818,cat__Geography_Germany,-0.5246095744026935,0.5246095744026935,Decreases Churn Risk,3
15680855,0.08135016805251818,cat__Geography_Spain,-0.21088488131200353,0.21088488131200353,Decreases Churn Risk,4
15680855,0.08135016805251818,num__IsActiveMember,-0.20943063818897856,0.20943063818897856,Decreases Churn Risk,5
15680855,0.08135016805251818,num__Tenure,-0.19945062958600368,0.19945062958600368,Decreases Churn Risk,6
15680855,0.08135016805251818,num__EngagementScore,0.16200324066197716,0.16200324066197716,Increases Churn Risk,7
15680855,0.08135016805251818,num__NumOfProducts,0.15984136543327138,0.15984136543327138,Increases Churn Risk,8
15680855,0.08135016805251818,num__CreditScore,0.11861384868340563,0.11861384868340563,Increases Churn Risk,9
15680855,0.08135016805251818,num__Balance,-0.11790614722751327,0.11790614722751327,Decreases Churn Risk,10
15752857,0.7860734936549736,num__Age,1.8262775460675031,1.8262775460675031,Increases Churn Risk,1
15752857,0.7860734936549736,num__NumOfProducts,-0.9619538408509306,0.9619538408509306,Decreases Churn Risk,2
15752857,0.7860734936549736,cat__Gender_Male,-0.4700209004786789,0.4700209004786789,Decreases Churn Risk,3
15752857,0.7860734936549736,num__IsActiveMember,0.35158732781791996,0.35158732781791996,Increases Churn Risk,4
15752857,0.7860734936549736,cat__Geography_Germany,0.26899355770362743,0.26899355770362743,Increases Churn Risk,5
15752857,0.7860734936549736,num__EngagementScore,0.1611944462412739,0.1611944462412739,Increases Churn Risk,6
15752857,0.7860734936549736,num__HasCrCard,-0.13751764762767302,0.13751764762767302,Decreases Churn Risk,7
15752857,0.7860734936549736,cat__Geography_Spain,-0.1342275450083023,0.1342275450083023,Decreases Churn Risk,8
15752857,0.7860734936549736,num__CreditScore,-0.11879361346286649,0.11879361346286649,Decreases Churn Risk,9
15752857,0.7860734936549736,num__ProductDensity,-0.08918331904502096,0.08918331904502096,Decreases Churn Risk,10
15599195,0.09750003887422963,num__Age,-1.204085547046557,1.204085547046557,Decreases Churn Risk,1
15599195,0.09750003887422963,cat__Gender_Male,-0.599674492780596,0.599674492780596,Decreases Churn Risk,2
15599195,0.09750003887422963,num__AgeTenureInteraction,-0.4567407463963802,0.4567407463963802,Decreases Churn Risk,3
15599195,0.09750003887422963,cat__Geography_Germany,0.441856188830073,0.441856188830073,Increases Churn Risk,4
15599195,0.09750003887422963,num__NumOfProducts,0.3546858662330522,0.3546858662330522,Increases Churn Risk,5
15599195,0.09750003887422963,num__Balance,-0.29664801361141707,0.29664801361141707,Decreases Churn Risk,6
15599195,0.09750003887422963,num__IsActiveMember,-0.2260613390599992,0.2260613390599992,Decreases Churn Risk,7
15599195,0.09750003887422963,cat__Geography_Spain,-0.20008555291389524,0.20008555291389524,Decreases Churn Risk,8
15599195,0.09750003887422963,num__EngagementScore,-0.14995788164164897,0.14995788164164897,Decreases Churn Risk,9
15599195,0.09750003887422963,num__EstimatedSalary,-0.13091595596174943,0.13091595596174943,Decreases Churn Risk,10
15755863,0.2783361798281707,num__NumOfProducts,-1.1878214252015284,1.1878214252015284,Decreases Churn Risk,1
15755863,0.2783361798281707,num__Age,1.0429089532851819,1.0429089532851819,Increases Churn Risk,2
15755863,0.2783361798281707,cat__Geography_Spain,-0.35127057150292207,0.35127057150292207,Decreases Churn Risk,3
15755863,0.2783361798281707,num__IsActiveMember,-0.27639899736472917,0.27639899736472917,Decreases Churn Risk,4
15755863,0.2783361798281707,cat__Geography_Germany,-0.24533937286806204,0.24533937286806204,Decreases Churn Risk,5
15755863,0.2783361798281707,num__EngagementScore,-0.18688698548954283,0.18688698548954283,Decreases Churn Risk,6
15755863,0.2783361798281707,num__HasBalance,-0.16103498512569173,0.16103498512569173,Decreases Churn Risk,7
15755863,0.2783361798281707,num__ProductDensity,-0.12691905847076748,0.12691905847076748,Decreases Churn Risk,8
15755863,0.2783361798281707,num__AgeTenureInteraction,0.10294304486410615,0.10294304486410615,Increases Churn Risk,9
15755863,0.2783361798281707,num__CreditScore,0.09981607885788744,0.09981607885788744,Increases Churn Risk,10
15749669,0.04949664941612737,num__NumOfProducts,-1.132086078694434,1.132086078694434,Decreases Churn Risk,1
15749669,0.04949664941612737,num__Age,-1.0336961204962694,1.0336961204962694,Decreases Churn Risk,2
15749669,0.04949664941612737,cat__Geography_Germany,-0.21931804276842048,0.21931804276842048,Decreases Churn Risk,3
15749669,0.04949664941612737,cat__Geography_Spain,-0.2089614666917181,0.2089614666917181,Decreases Churn Risk,4
15749669,0.04949664941612737,num__IsActiveMember,-0.20435036561455408,0.20435036561455408,Decreases Churn Risk,5
15749669,0.04949664941612737,num__Tenure,-0.15054683140567485,0.15054683140567485,Decreases Churn Risk,6
15749669,0.04949664941612737,num__HasBalance,-0.13030917864040684,0.13030917864040684,Decreases Churn Risk,7
15749669,0.04949664941612737,num__ProductDensity,-0.10432872145689842,0.10432872145689842,Decreases Churn Risk,8
15749669,0.04949664941612737,num__EngagementScore,-0.10259996536464361,0.10259996536464361,Decreases Churn Risk,9
15749669,0.04949664941612737,num__Balance,-0.06538651669982963,0.06538651669982963,Decreases Churn Risk,10
15802274,0.5844231757393129,num__Age,0.42507379141910256,0.42507379141910256,Increases Churn Risk,1
15802274,0.5844231757393129,num__Tenure,-0.31514715251734404,0.31514715251734404,Decreases Churn Risk,2
15802274,0.5844231757393129,cat__Geography_Germany,-0.27013407482626783,0.27013407482626783,Decreases Churn Risk,3
15802274,0.5844231757393129,num__Balance,-0.25772081157626914,0.25772081157626914,Decreases Churn Risk,4
15802274,0.5844231757393129,num__NumOfProducts,0.2573819230840037,0.2573819230840037,Increases Churn Risk,5
15802274,0.5844231757393129,num__IsActiveMember,0.2292818027858278,0.2292818027858278,Increases Churn Risk,6
15802274,0.5844231757393129,num__ProductDensity,-0.214145408556512,0.214145408556512,Decreases Churn Risk,7
15802274,0.5844231757393129,num__EngagementScore,0.18258929071803873,0.18258929071803873,Increases Churn Risk,8
15802274,0.5844231757393129,cat__Geography_Spain,-0.1497908514908203,0.1497908514908203,Decreases Churn Risk,9
15802274,0.5844231757393129,num__EstimatedSalary,0.080131408295334,0.080131408295334,Increases Churn Risk,10
15652218,0.16181409229010746,num__Age,-1.4168572004838313,1.4168572004838313,Decreases Churn Risk,1
15652218,0.16181409229010746,cat__Gender_Male,-0.5122693595706204,0.5122693595706204,Decreases Churn Risk,2
15652218,0.16181409229010746,cat__Geography_Germany,-0.4425286037510856,0.4425286037510856,Decreases Churn Risk,3
15652218,0.16181409229010746,num__IsActiveMember,0.3295432624003528,0.3295432624003528,Increases Churn Risk,4
15652218,0.16181409229010746,num__Tenure,-0.21019933341978514,0.21019933341978514,Decreases Churn Risk,5
15652218,0.16181409229010746,cat__Geography_Spain,-0.20806114127724706,0.20806114127724706,Decreases Churn Risk,6
15652218,0.16181409229010746,num__Balance,-0.19958440572488792,0.19958440572488792,Decreases Churn Risk,7
15652218,0.16181409229010746,num__EngagementScore,0.17980638246677363,0.17980638246677363,Increases Churn Risk,8
15652218,0.16181409229010746,num__NumOfProducts,0.174561467010326,0.174561467010326,Increases Churn Risk,9
15652218,0.16181409229010746,num__BalanceSalaryRatio,0.1429266534548721,0.1429266534548721,Increases Churn Risk,10
15627484,0.685793718402941,num__Age,0.9347804736838897,0.9347804736838897,Increases Churn Risk,1
15627484,0.685793718402941,cat__Geography_Germany,-0.5172442219957595,0.5172442219957595,Decreases Churn Risk,2
15627484,0.685793718402941,num__Tenure,-0.38105678205885113,0.38105678205885113,Decreases Churn Risk,3
15627484,0.685793718402941,num__IsActiveMember,0.24384672154876355,0.24384672154876355,Increases Churn Risk,4
15627484,0.685793718402941,num__EngagementScore,0.22501353296224513,0.22501353296224513,Increases Churn Risk,5
15627484,0.685793718402941,cat__Geography_Spain,-0.1451143283966368,0.1451143283966368,Decreases Churn Risk,6
15627484,0.685793718402941,num__NumOfProducts,0.13802476351479565,0.13802476351479565,Increases Churn Risk,7
15627484,0.685793718402941,num__ProductDensity,-0.06690325789091854,0.06690325789091854,Decreases Churn Risk,8
15627484,0.685793718402941,num__HasCrCard,0.05944819158415854,0.05944819158415854,Increases Churn Risk,9
15627484,0.685793718402941,num__Balance,-0.041211568156652945,0.041211568156652945,Decreases Churn Risk,10
15751549,0.0342276251420248,num__Age,-1.3898938478996585,1.3898938478996585,Decreases Churn Risk,1
15751549,0.0342276251420248,num__NumOfProducts,-0.9650587439060212,0.9650587439060212,Decreases Churn Risk,2
15751549,0.0342276251420248,num__Balance,-0.5392174086955668,0.5392174086955668,Decreases Churn Risk,3
15751549,0.0342276251420248,cat__Gender_Male,-0.5187900780884511,0.5187900780884511,Decreases Churn Risk,4
15751549,0.0342276251420248,num__Tenure,-0.22483618194649277,0.22483618194649277,Decreases Churn Risk,5
15751549,0.0342276251420248,cat__Geography_Spain,-0.20636656106617426,0.20636656106617426,Decreases Churn Risk,6
15751549,0.0342276251420248,num__BalanceSalaryRatio,0.18941058998565782,0.18941058998565782,Increases Churn Risk,7
15751549,0.0342276251420248,num__HasCrCard,-0.1880158286143954,0.1880158286143954,Decreases Churn Risk,8
15751549,0.0342276251420248,num__EngagementScore,0.16932937837553516,0.16932937837553516,Increases Churn Risk,9
15751549,0.0342276251420248,num__EstimatedSalary,-0.1553579624083645,0.1553579624083645,Decreases Churn Risk,10
15791111,0.4919614242613819,num__Age,0.8497211903926657,0.8497211903926657,Increases Churn Risk,1
15791111,0.4919614242613819,num__NumOfProducts,-0.8446785413089152,0.8446785413089152,Decreases Churn Risk,2
15791111,0.4919614242613819,cat__Geography_Germany,-0.4140915850787097,0.4140915850787097,Decreases Churn Risk,3
15791111,0.4919614242613819,num__BalanceSalaryRatio,0.24840091950378995,0.24840091950378995,Increases Churn Risk,4
15791111,0.4919614242613819,num__IsActiveMember,0.23742646383272817,0.23742646383272817,Increases Churn Risk,5
15791111,0.4919614242613819,num__EngagementScore,-0.23051696488439266,0.23051696488439266,Decreases Churn Risk,6
15791111,0.4919614242613819,num__Tenure,-0.18624182049064217,0.18624182049064217,Decreases Churn Risk,7
15791111,0.4919614242613819,cat__Geography_Spain,-0.1725467908883861,0.1725467908883861,Decreases Churn Risk,8
15791111,0.4919614242613819,num__AgeTenureInteraction,-0.12635592718326943,0.12635592718326943,Decreases Churn Risk,9
15791111,0.4919614242613819,num__CreditScore,0.10335062175659178,0.10335062175659178,Increases Churn Risk,10
15736274,0.027852136723827123,num__Age,-1.2957834509920623,1.2957834509920623,Decreases Churn Risk,1
15736274,0.027852136723827123,num__NumOfProducts,-1.1757206909408875,1.1757206909408875,Decreases Churn Risk,2
15736274,0.027852136723827123,cat__Gender_Male,-0.5853478952231168,0.5853478952231168,Decreases Churn Risk,3
15736274,0.027852136723827123,cat__Geography_Germany,-0.25586895203637405,0.25586895203637405,Decreases Churn Risk,4
15736274,0.027852136723827123,cat__Geography_Spain,-0.2243602536313886,0.2243602536313886,Decreases Churn Risk,5
15736274,0.027852136723827123,num__EngagementScore,0.1648378890799954,0.1648378890799954,Increases Churn Risk,6
15736274,0.027852136723827123,num__Tenure,-0.15962034822774915,0.15962034822774915,Decreases Churn Risk,7
15736274,0.027852136723827123,num__HasCrCard,-0.1580518506953462,0.1580518506953462,Decreases Churn Risk,8
15736274,0.027852136723827123,num__HasBalance,-0.13030917864040684,0.13030917864040684,Decreases Churn Risk,9
15736274,0.027852136723827123,num__EstimatedSalary,-0.12025684632503142,0.12025684632503142,Decreases Churn Risk,10
15672144,0.21759855606521022,cat__Geography_Germany,-0.513454507828866,0.513454507828866,Decreases Churn Risk,1
15672144,0.21759855606521022,num__Age,-0.3585920722582153,0.3585920722582153,Decreases Churn Risk,2
15672144,0.21759855606521022,num__IsActiveMember,-0.34532982413156804,0.34532982413156804,Decreases Churn Risk,3
15672144,0.21759855606521022,num__Tenure,-0.3255803159508544,0.3255803159508544,Decreases Churn Risk,4
15672144,0.21759855606521022,cat__Geography_Spain,-0.15728056496317752,0.15728056496317752,Decreases Churn Risk,5
15672144,0.21759855606521022,num__NumOfProducts,0.12953298289092047,0.12953298289092047,Increases Churn Risk,6
15672144,0.21759855606521022,num__Balance,-0.1177613360930708,0.1177613360930708,Decreases Churn Risk,7
15672144,0.21759855606521022,num__EngagementScore,-0.08888934400069938,0.08888934400069938,Decreases Churn Risk,8
15672144,0.21759855606521022,num__CreditScore,0.05447142115772086,0.05447142115772086,Increases Churn Risk,9
15672144,0.21759855606521022,num__BalanceSalaryRatio,0.05147884824386462,0.05147884824386462,Increases Churn Risk,10
15663312,0.13290369661134804,num__Age,-1.0839445323151624,1.0839445323151624,Decreases Churn Risk,1
15663312,0.13290369661134804,num__NumOfProducts,-0.8603175375780826,0.8603175375780826,Decreases Churn Risk,2
15663312,0.13290369661134804,cat__Geography_Germany,-0.3446039829178461,0.3446039829178461,Decreases Churn Risk,3
15663312,0.13290369661134804,cat__Geography_Spain,-0.21487236097173626,0.21487236097173626,Decreases Churn Risk,4
15663312,0.13290369661134804,num__Tenure,-0.2138680727444287,0.2138680727444287,Decreases Churn Risk,5
15663312,0.13290369661134804,num__IsActiveMember,0.21134595151089774,0.21134595151089774,Increases Churn Risk,6
15663312,0.13290369661134804,num__EstimatedSalary,0.10351318251704328,0.10351318251704328,Increases Churn Risk,7
15663312,0.13290369661134804,num__CustomerValue,0.10329601019990356,0.10329601019990356,Increases Churn Risk,8
15663312,0.13290369661134804,num__EngagementScore,-0.09301394237836208,0.09301394237836208,Decreases Churn Risk,9
15663312,0.13290369661134804,num__Balance,0.07954138355612869,0.07954138355612869,Increases Churn Risk,10
15609299,0.13190451775451645,num__Age,-1.3410601937352964,1.3410601937352964,Decreases Churn Risk,1
15609299,0.13190451775451645,cat__Gender_Male,-0.47154760595644724,0.47154760595644724,Decreases Churn Risk,2
15609299,0.13190451775451645,cat__Geography_Germany,-0.44091529710945565,0.44091529710945565,Decreases Churn Risk,3
15609299,0.13190451775451645,num__Tenure,-0.30207138029998004,0.30207138029998004,Decreases Churn Risk,4
15609299,0.13190451775451645,num__IsActiveMember,0.2724800927505403,0.2724800927505403,Increases Churn Risk,5
15609299,0.13190451775451645,cat__Geography_Spain,-0.20986495521055806,0.20986495521055806,Decreases Churn Risk,6
15609299,0.13190451775451645,num__NumOfProducts,0.1884011788346117,0.1884011788346117,Increases Churn Risk,7
15609299,0.13190451775451645,num__EngagementScore,0.18081397134055924,0.18081397134055924,Increases Churn Risk,8
15609299,0.13190451775451645,num__Balance,-0.13243633170495953,0.13243633170495953,Decreases Churn Risk,9
15609299,0.13190451775451645,num__BalanceSalaryRatio,-0.09027430385901038,0.09027430385901038,Decreases Churn Risk,10
15777076,0.025388162210517422,num__NumOfProducts,-1.240840193312974,1.240840193312974,Decreases Churn Risk,1
15777076,0.025388162210517422,num__Age,-0.9168870204611119,0.9168870204611119,Decreases Churn Risk,2
15777076,0.025388162210517422,cat__Gender_Male,-0.6825151186683399,0.6825151186683399,Decreases Churn Risk,3
15777076,0.025388162210517422,num__Tenure,-0.34578391270186054,0.34578391270186054,Decreases Churn Risk,4
15777076,0.025388162210517422,cat__Geography_Germany,-0.24273961967834162,0.24273961967834162,Decreases Churn Risk,5
15777076,0.025388162210517422,cat__Geography_Spain,-0.19351495100671368,0.19351495100671368,Decreases Churn Risk,6
15777076,0.025388162210517422,num__EngagementScore,-0.15299637464002858,0.15299637464002858,Decreases Churn Risk,7
15777076,0.025388162210517422,num__IsActiveMember,0.14238738415771457,0.14238738415771457,Increases Churn Risk,8
15777076,0.025388162210517422,num__HasBalance,-0.13030917864040684,0.13030917864040684,Decreases Churn Risk,9
15777076,0.025388162210517422,num__ProductDensity,-0.12823422559388345,0.12823422559388345,Decreases Churn Risk,10
15603942,0.9148487824956613,num__NumOfProducts,2.4875478624645555,2.4875478624645555,Increases Churn Risk,1
15603942,0.9148487824956613,num__Age,0.9917159057335191,0.9917159057335191,Increases Churn Risk,2
15603942,0.9148487824956613,cat__Gender_Male,-0.46031340894550477,0.46031340894550477,Decreases Churn Risk,3
15603942,0.9148487824956613,num__Balance,-0.45588697605749345,0.45588697605749345,Decreases Churn Risk,4
15603942,0.9148487824956613,num__IsActiveMember,-0.266684272717373,0.266684272717373,Decreases Churn Risk,5
15603942,0.9148487824956613,num__CustomerValue,0.1582792313314122,0.1582792313314122,Increases Churn Risk,6
15603942,0.9148487824956613,num__Tenure,-0.15012562250124792,0.15012562250124792,Decreases Churn Risk,7
15603942,0.9148487824956613,num__BalanceSalaryRatio,-0.13804734553590967,0.13804734553590967,Decreases Churn Risk,8
15603942,0.9148487824956613,num__ProductDensity,-0.12643284657521958,0.12643284657521958,Decreases Churn Risk,9
15603942,0.9148487824956613,cat__Geography_Spain,-0.10605021102533954,0.10605021102533954,Decreases Churn Risk,10
15569364,0.03249107613155322,num__NumOfProducts,-1.2093733030674634,1.2093733030674634,Decreases Churn Risk,1
15569364,0.03249107613155322,num__Age,-0.9105524817821955,0.9105524817821955,Decreases Churn Risk,2
15569364,0.03249107613155322,cat__Gender_Male,-0.6788979331176892,0.6788979331176892,Decreases Churn Risk,3
15569364,0.03249107613155322,cat__Geography_Germany,-0.2541903649228164,0.2541903649228164,Decreases Churn Risk,4
15569364,0.03249107613155322,cat__Geography_Spain,-0.19368375514719752,0.19368375514719752,Decreases Churn Risk,5
15569364,0.03249107613155322,num__IsActiveMember,0.16991363903604942,0.16991363903604942,Increases Churn Risk,6
15569364,0.03249107613155322,num__EngagementScore,-0.15276765266211662,0.15276765266211662,Decreases Churn Risk,7
15569364,0.03249107613155322,num__ProductDensity,-0.13058303621741135,0.13058303621741135,Decreases Churn Risk,8
15569364,0.03249107613155322,num__HasBalance,-0.13030917864040684,0.13030917864040684,Decreases Churn Risk,9
15569364,0.03249107613155322,num__Tenure,-0.12896802002896887,0.12896802002896887,Decreases Churn Risk,10
15641158,0.45018362795367267,num__Age,-1.3033165363041261,1.3033165363041261,Decreases Churn Risk,1
15641158,0.45018362795367267,cat__Geography_Germany,0.6218879964453893,0.6218879964453893,Increases Churn Risk,2
15641158,0.45018362795367267,cat__Gender_Male,-0.4980275764421803,0.4980275764421803,Decreases Churn Risk,3
15641158,0.45018362795367267,num__NumOfProducts,0.3860637426927072,0.3860637426927072,Increases Churn Risk,4
15641158,0.45018362795367267,num__IsActiveMember,0.2563759949827611,0.2563759949827611,Increases Churn Risk,5
15641158,0.45018362795367267,num__EngagementScore,0.18980835978981336,0.18980835978981336,Increases Churn Risk,6
15641158,0.45018362795367267,cat__Geography_Spain,-0.1402570446838017,0.1402570446838017,Decreases Churn Risk,7
15641158,0.45018362795367267,num__ProductDensity,-0.10731946939898016,0.10731946939898016,Decreases Churn Risk,8
15641158,0.45018362795367267,num__Tenure,-0.09383005532165992,0.09383005532165992,Decreases Churn Risk,9
15641158,0.45018362795367267,num__HasCrCard,0.06791768917241471,0.06791768917241471,Increases Churn Risk,10
15722731,0.5561621064077282,num__Age,0.6280393252709041,0.6280393252709041,Increases Churn Risk,1
15722731,0.5561621064077282,cat__Geography_Germany,-0.5736122793099481,0.5736122793099481,Decreases Churn Risk,2
15722731,0.5561621064077282,num__AgeTenureInteraction,-0.5492360263484761,0.5492360263484761,Decreases Churn Risk,3
15722731,0.5561621064077282,cat__Gender_Male,-0.48840420070315155,0.48840420070315155,Decreases Churn Risk,4
15722731,0.5561621064077282,num__Tenure,0.33985643653194253,0.33985643653194253,Increases Churn Risk,5
15722731,0.5561621064077282,num__IsActiveMember,0.25370409238698527,0.25370409238698527,Increases Churn Risk,6
15722731,0.5561621064077282,num__EngagementScore,0.24229179965202474,0.24229179965202474,Increases Churn Risk,7
15722731,0.5561621064077282,cat__Geography_Spain,-0.17797632833301075,0.17797632833301075,Decreases Churn Risk,8
15722731,0.5561621064077282,num__NumOfProducts,0.14496779918432204,0.14496779918432204,Increases Churn Risk,9
15722731,0.5561621064077282,num__ProductDensity,-0.10159657853306105,0.10159657853306105,Decreases Churn Risk,10
15613337,0.056361927448566475,num__NumOfProducts,-1.4281910777339657,1.4281910777339657,Decreases Churn Risk,1
15613337,0.056361927448566475,num__Age,0.8858939877263564,0.8858939877263564,Increases Churn Risk,2
15613337,0.056361927448566475,cat__Gender_Male,-0.6448193626913248,0.6448193626913248,Decreases Churn Risk,3
15613337,0.056361927448566475,num__EngagementScore,-0.34680977283681436,0.34680977283681436,Decreases Churn Risk,4
15613337,0.056361927448566475,num__CreditScore,-0.3216370340987735,0.3216370340987735,Decreases Churn Risk,5
15613337,0.056361927448566475,cat__Geography_Germany,-0.3011928958373888,0.3011928958373888,Decreases Churn Risk,6
15613337,0.056361927448566475,num__IsActiveMember,-0.28906338861393,0.28906338861393,Decreases Churn Risk,7
15613337,0.056361927448566475,num__Tenure,-0.21789112061784188,0.21789112061784188,Decreases Churn Risk,8
15613337,0.056361927448566475,num__HasBalance,-0.1570699162520912,0.1570699162520912,Decreases Churn Risk,9
15613337,0.056361927448566475,num__AgeTenureInteraction,-0.15015267811692537,0.15015267811692537,Decreases Churn Risk,10
15783691,0.26418852882314264,num__Age,-0.9864088571728948,0.9864088571728948,Decreases Churn Risk,1
15783691,0.26418852882314264,cat__Geography_Germany,-0.4992894653093073,0.4992894653093073,Decreases Churn Risk,2
15783691,0.26418852882314264,num__IsActiveMember,0.2999501216908911,0.2999501216908911,Increases Churn Risk,3
15783691,0.26418852882314264,num__AgeTenureInteraction,-0.2134923168666635,0.2134923168666635,Decreases Churn Risk,4
15783691,0.26418852882314264,cat__Geography_Spain,-0.14640935168985567,0.14640935168985567,Decreases Churn Risk,5
15783691,0.26418852882314264,num__NumOfProducts,0.14317801671326957,0.14317801671326957,Increases Churn Risk,6
15783691,0.26418852882314264,num__ProductDensity,-0.11162665782411352,0.11162665782411352,Decreases Churn Risk,7
15783691,0.26418852882314264,num__EngagementScore,0.09755591932316057,0.09755591932316057,Increases Churn Risk,8
15783691,0.26418852882314264,num__Balance,-0.05529758776829696,0.05529758776829696,Decreases Churn Risk,9
15783691,0.26418852882314264,cat__Gender_Male,-0.05444037772054693,0.05444037772054693,Decreases Churn Risk,10
15650086,0.17638362151417386,num__NumOfProducts,-0.8848665162624096,0.8848665162624096,Decreases Churn Risk,1
15650086,0.17638362151417386,cat__Gender_Male,-0.6336146415897658,0.6336146415897658,Decreases Churn Risk,2
15650086,0.17638362151417386,cat__Geography_Germany,-0.31622635941653204,0.31622635941653204,Decreases Churn Risk,3
15650086,0.17638362151417386,num__Age,0.3102578481815458,0.3102578481815458,Increases Churn Risk,4
15650086,0.17638362151417386,num__IsActiveMember,0.2722348524964615,0.2722348524964615,Increases Churn Risk,5
15650086,0.17638362151417386,num__EngagementScore,-0.23450125410640132,0.23450125410640132,Decreases Churn Risk,6
15650086,0.17638362151417386,num__Tenure,-0.22438043039358838,0.22438043039358838,Decreases Churn Risk,7
15650086,0.17638362151417386,cat__Geography_Spain,-0.18158227365635804,0.18158227365635804,Decreases Churn Risk,8
15650086,0.17638362151417386,num__ProductDensity,-0.10403368559795696,0.10403368559795696,Decreases Churn Risk,9
15650086,0.17638362151417386,num__CustomerValue,0.09738292670837323,0.09738292670837323,Increases Churn Risk,10
15667476,0.48459746474061316,num__Age,-0.9889016133216431,0.9889016133216431,Decreases Churn Risk,1
15667476,0.48459746474061316,cat__Geography_Germany,0.5452040134328232,0.5452040134328232,Increases Churn Risk,2
15667476,0.48459746474061316,num__NumOfProducts,0.38163649661222676,0.38163649661222676,Increases Churn Risk,3
15667476,0.48459746474061316,num__IsActiveMember,0.2125217210913081,0.2125217210913081,Increases Churn Risk,4
15667476,0.48459746474061316,num__HasCrCard,-0.16341712268994138,0.16341712268994138,Decreases Churn Risk,5
15667476,0.48459746474061316,cat__Geography_Spain,-0.133078531944849,0.133078531944849,Decreases Churn Risk,6
15667476,0.48459746474061316,num__Balance,0.12429636437480346,0.12429636437480346,Increases Churn Risk,7
15667476,0.48459746474061316,num__Tenure,-0.11422826197950849,0.11422826197950849,Decreases Churn Risk,8
15667476,0.48459746474061316,num__BalanceSalaryRatio,-0.10836918178104735,0.10836918178104735,Decreases Churn Risk,9
15667476,0.48459746474061316,num__ProductDensity,-0.09988212285883859,0.09988212285883859,Decreases Churn Risk,10
15777904,0.10140043477899087,num__NumOfProducts,-1.3281387744885653,1.3281387744885653,Decreases Churn Risk,1
15777904,0.10140043477899087,num__Age,0.5565739690514097,0.5565739690514097,Increases Churn Risk,2
15777904,0.10140043477899087,num__EngagementScore,-0.33885240915644393,0.33885240915644393,Decreases Churn Risk,3
15777904,0.10140043477899087,num__Tenure,-0.30454261906954655,0.30454261906954655,Decreases Churn Risk,4
15777904,0.10140043477899087,num__IsActiveMember,-0.298373222154456,0.298373222154456,Decreases Churn Risk,5
15777904,0.10140043477899087,cat__Geography_Germany,-0.2658918862678881,0.2658918862678881,Decreases Churn Risk,6
15777904,0.10140043477899087,num__HasBalance,-0.16103498512569173,0.16103498512569173,Decreases Churn Risk,7
15777904,0.10140043477899087,cat__Geography_Spain,-0.14477824532899564,0.14477824532899564,Decreases Churn Risk,8
15777904,0.10140043477899087,num__ProductDensity,-0.08971804035889214,0.08971804035889214,Decreases Churn Risk,9
15777904,0.10140043477899087,num__CustomerValue,-0.08830818274784687,0.08830818274784687,Decreases Churn Risk,10
15739803,0.028677791192453294,num__NumOfProducts,-1.1635602088564772,1.1635602088564772,Decreases Churn Risk,1
15739803,0.028677791192453294,num__Age,-1.1321921163664181,1.1321921163664181,Decreases Churn Risk,2
15739803,0.028677791192453294,cat__Gender_Male,-0.6527379400267992,0.6527379400267992,Decreases Churn Risk,3
15739803,0.028677791192453294,num__IsActiveMember,0.23192846231160455,0.23192846231160455,Increases Churn Risk,4
15739803,0.028677791192453294,cat__Geography_Germany,-0.22527331000300319,0.22527331000300319,Decreases Churn Risk,5
15739803,0.028677791192453294,cat__Geography_Spain,-0.20496273597000192,0.20496273597000192,Decreases Churn Risk,6
15739803,0.028677791192453294,num__Tenure,-0.19753286479912993,0.19753286479912993,Decreases Churn Risk,7
15739803,0.028677791192453294,num__EngagementScore,-0.15187663208115748,0.15187663208115748,Decreases Churn Risk,8
15739803,0.028677791192453294,num__HasBalance,-0.13030917864040684,0.13030917864040684,Decreases Churn Risk,9
15739803,0.028677791192453294,num__Balance,-0.09966841783466811,0.09966841783466811,Decreases Churn Risk,10
15800434,0.7811873595367813,num__Age,1.7166128732517367,1.7166128732517367,Increases Churn Risk,1
15800434,0.7811873595367813,num__Balance,-0.6454899552660294,0.6454899552660294,Decreases Churn Risk,2
15800434,0.7811873595367813,cat__Gender_Male,-0.5330058322138812,0.5330058322138812,Decreases Churn Risk,3
15800434,0.7811873595367813,num__IsActiveMember,0.45174792107163814,0.45174792107163814,Increases Churn Risk,4
15800434,0.7811873595367813,num__NumOfProducts,0.35600522847481747,0.35600522847481747,Increases Churn Risk,5
15800434,0.7811873595367813,num__Tenure,-0.2849432369658816,0.2849432369658816,Decreases Churn Risk,6
15800434,0.7811873595367813,num__ProductDensity,-0.2524480804779312,0.2524480804779312,Decreases Churn Risk,7
15800434,0.7811873595367813,num__EngagementScore,0.21595661127880153,0.21595661127880153,Increases Churn Risk,8
15800434,0.7811873595367813,cat__Geography_Germany,0.11972244379495485,0.11972244379495485,Increases Churn Risk,9
15800434,0.7811873595367813,num__CreditScore,-0.11834320385633963,0.11834320385633963,Decreases Churn Risk,10
15662098,0.921303037259481,num__NumOfProducts,3.2051094171351773,3.2051094171351773,Increases Churn Risk,1
15662098,0.921303037259481,cat__Gender_Male,-0.48805054993124264,0.48805054993124264,Decreases Churn Risk,2
15662098,0.921303037259481,num__Age,-0.27450527003594083,0.27450527003594083,Decreases Churn Risk,3
15662098,0.921303037259481,cat__Geography_Germany,-0.2640116954019963,0.2640116954019963,Decreases Churn Risk,4
15662098,0.921303037259481,cat__Geography_Spain,-0.24424191111725635,0.24424191111725635,Decreases Churn Risk,5
15662098,0.921303037259481,num__IsActiveMember,0.19426444948198998,0.19426444948198998,Increases Churn Risk,6
15662098,0.921303037259481,num__CustomerValue,0.1832497318978244,0.1832497318978244,Increases Churn Risk,7
15662098,0.921303037259481,num__Tenure,-0.17068189181461704,0.17068189181461704,Decreases Churn Risk,8
15662098,0.921303037259481,num__HasCrCard,-0.13200681786712082,0.13200681786712082,Decreases Churn Risk,9
15662098,0.921303037259481,num__ProductDensity,-0.1306021691464229,0.1306021691464229,Decreases Churn Risk,10
15787529,0.31614005358598884,num__Age,-0.6170450017355328,0.6170450017355328,Decreases Churn Risk,1
15787529,0.31614005358598884,cat__Gender_Male,-0.5730986958707684,0.5730986958707684,Decreases Churn Risk,2
15787529,0.31614005358598884,num__AgeTenureInteraction,-0.5196529876356274,0.5196529876356274,Decreases Churn Risk,3
15787529,0.31614005358598884,num__NumOfProducts,0.37700564647052154,0.37700564647052154,Increases Churn Risk,4
15787529,0.31614005358598884,cat__Geography_Germany,-0.30210535141188094,0.30210535141188094,Decreases Churn Risk,5
15787529,0.31614005358598884,num__Tenure,0.25668729525627065,0.25668729525627065,Increases Churn Risk,6
15787529,0.31614005358598884,num__IsActiveMember,0.2021159288652147,0.2021159288652147,Increases Churn Risk,7
15787529,0.31614005358598884,cat__Geography_Spain,-0.19124094036491135,0.19124094036491135,Decreases Churn Risk,8
15787529,0.31614005358598884,num__EngagementScore,0.18903747958281295,0.18903747958281295,Increases Churn Risk,9
15787529,0.31614005358598884,num__Balance,0.13389200903898454,0.13389200903898454,Increases Churn Risk,10
15811026,0.31194996112969015,num__NumOfProducts,-1.0986337296968525,1.0986337296968525,Decreases Churn Risk,1
15811026,0.31194996112969015,cat__Gender_Male,-0.6001740252508178,0.6001740252508178,Decreases Churn Risk,2
15811026,0.31194996112969015,cat__Geography_Germany,0.423737302040288,0.423737302040288,Increases Churn Risk,3
15811026,0.31194996112969015,num__Age,0.4087944700471216,0.4087944700471216,Increases Churn Risk,4
15811026,0.31194996112969015,num__Tenure,-0.3380322932001411,0.3380322932001411,Decreases Churn Risk,5
15811026,0.31194996112969015,num__IsActiveMember,0.17484560785656836,0.17484560785656836,Increases Churn Risk,6
15811026,0.31194996112969015,num__CreditScore,-0.17104678236224344,0.17104678236224344,Decreases Churn Risk,7
15811026,0.31194996112969015,num__EstimatedSalary,0.1448395578679752,0.1448395578679752,Increases Churn Risk,8
15811026,0.31194996112969015,cat__Geography_Spain,-0.14014243400965187,0.14014243400965187,Decreases Churn Risk,9
15811026,0.31194996112969015,num__EngagementScore,-0.1397778420618314,0.1397778420618314,Decreases Churn Risk,10
15646615,0.062496864614939994,num__Age,-1.296307289139217,1.296307289139217,Decreases Churn Risk,1
15646615,0.062496864614939994,num__NumOfProducts,-1.0173837823898413,1.0173837823898413,Decreases Churn Risk,2
15646615,0.062496864614939994,cat__Gender_Male,-0.5418980356722526,0.5418980356722526,Decreases Churn Risk,3
15646615,0.062496864614939994,num__AgeTenureInteraction,-0.45690312660351573,0.45690312660351573,Decreases Churn Risk,4
15646615,0.062496864614939994,cat__Geography_Germany,0.36724096914285326,0.36724096914285326,Increases Churn Risk,5
15646615,0.062496864614939994,num__IsActiveMember,-0.2466429963321714,0.2466429963321714,Decreases Churn Risk,6
15646615,0.062496864614939994,num__Balance,0.24416556022817545,0.24416556022817545,Increases Churn Risk,7
15646615,0.062496864614939994,cat__Geography_Spain,-0.19650775965169984,0.19650775965169984,Decreases Churn Risk,8
15646615,0.062496864614939994,num__BalanceSalaryRatio,0.16264829836761974,0.16264829836761974,Increases Churn Risk,9
15646615,0.062496864614939994,num__EngagementScore,-0.14003516137347466,0.14003516137347466,Decreases Churn Risk,10
15645896,0.15319092341115495,num__NumOfProducts,-1.1419686636593929,1.1419686636593929,Decreases Churn Risk,1
15645896,0.15319092341115495,cat__Gender_Male,-0.6200705345780109,0.6200705345780109,Decreases Churn Risk,2
15645896,0.15319092341115495,cat__Geography_Germany,0.3685440127971817,0.3685440127971817,Increases Churn Risk,3
15645896,0.15319092341115495,num__Age,-0.3173811326651499,0.3173811326651499,Decreases Churn Risk,4
15645896,0.15319092341115495,num__Tenure,-0.30218465576855746,0.30218465576855746,Decreases Churn Risk,5
15645896,0.15319092341115495,num__IsActiveMember,-0.24667123042453287,0.24667123042453287,Decreases Churn Risk,6
15645896,0.15319092341115495,num__Balance,0.23136019942343772,0.23136019942343772,Increases Churn Risk,7
15645896,0.15319092341115495,num__BalanceSalaryRatio,0.18971899315188076,0.18971899315188076,Increases Churn Risk,8
15645896,0.15319092341115495,cat__Geography_Spain,-0.13472025902872845,0.13472025902872845,Decreases Churn Risk,9
15645896,0.15319092341115495,num__EngagementScore,-0.13305810722959593,0.13305810722959593,Decreases Churn Risk,10
15634632,0.04069322813026942,num__NumOfProducts,-1.2185115268800972,1.2185115268800972,Decreases Churn Risk,1
15634632,0.04069322813026942,cat__Gender_Male,-0.717290864032091,0.717290864032091,Decreases Churn Risk,2
15634632,0.04069322813026942,num__Age,-0.6077966191856903,0.6077966191856903,Decreases Churn Risk,3
15634632,0.04069322813026942,cat__Geography_Germany,-0.26997017761328607,0.26997017761328607,Decreases Churn Risk,4
15634632,0.04069322813026942,num__IsActiveMember,0.21121483589972914,0.21121483589972914,Increases Churn Risk,5
15634632,0.04069322813026942,cat__Geography_Spain,-0.17955256952482349,0.17955256952482349,Decreases Churn Risk,6
15634632,0.04069322813026942,num__EngagementScore,-0.1651383912950531,0.1651383912950531,Decreases Churn Risk,7
15634632,0.04069322813026942,num__HasBalance,-0.13030917864040684,0.13030917864040684,Decreases Churn Risk,8
15634632,0.04069322813026942,num__Balance,-0.12999313082917627,0.12999313082917627,Decreases Churn Risk,9
15634632,0.04069322813026942,num__ProductDensity,-0.12186602155825253,0.12186602155825253,Decreases Churn Risk,10
15645316,0.6850850913435929,num__Age,0.9738061013458909,0.9738061013458909,Increases Churn Risk,1
15645316,0.6850850913435929,num__IsActiveMember,-0.7362267496741292,0.7362267496741292,Decreases Churn Risk,2
15645316,0.6850850913435929,num__Balance,-0.3924186167659165,0.3924186167659165,Decreases Churn Risk,3
15645316,0.6850850913435929,cat__Geography_Germany,0.3578857093335795,0.3578857093335795,Increases Churn Risk,4
15645316,0.6850850913435929,num__NumOfProducts,0.2186567704135476,0.2186567704135476,Increases Churn Risk,5
15645316,0.6850850913435929,num__AgeTenureInteraction,0.1832156555040562,0.1832156555040562,Increases Churn Risk,6
15645316,0.6850850913435929,cat__Geography_Spain,-0.11906194502713044,0.11906194502713044,Decreases Churn Risk,7
15645316,0.6850850913435929,num__EngagementScore,-0.11684170234350134,0.11684170234350134,Decreases Churn Risk,8
15645316,0.6850850913435929,num__CreditScore,0.10566009251039736,0.10566009251039736,Increases Churn Risk,9
15645316,0.6850850913435929,num__ProductDensity,-0.06505168902317669,0.06505168902317669,Decreases Churn Risk,10
15792151,0.09712740141378572,num__NumOfProducts,-1.1389719224628443,1.1389719224628443,Decreases Churn Risk,1
15792151,0.09712740141378572,num__Age,-0.6884256374229601,0.6884256374229601,Decreases Churn Risk,2
15792151,0.09712740141378572,cat__Geography_Spain,-0.23335444627956795,0.23335444627956795,Decreases Churn Risk,3
15792151,0.09712740141378572,num__IsActiveMember,0.21277667297154482,0.21277667297154482,Increases Churn Risk,4
15792151,0.09712740141378572,cat__Geography_Germany,-0.20298967545941435,0.20298967545941435,Decreases Churn Risk,5
15792151,0.09712740141378572,num__Tenure,-0.13756020696462132,0.13756020696462132,Decreases Churn Risk,6
15792151,0.09712740141378572,num__HasBalance,-0.13030917864040684,0.13030917864040684,Decreases Churn Risk,7
15792151,0.09712740141378572,num__ProductDensity,-0.11395266163530772,0.11395266163530772,Decreases Churn Risk,8
15792151,0.09712740141378572,num__EngagementScore,-0.09294595132730589,0.09294595132730589,Decreases Churn Risk,9
15792151,0.09712740141378572,num__BalanceSalaryRatio,-0.08304946654041566,0.08304946654041566,Decreases Churn Risk,10
15607485,0.07398823927325023,num__Age,-1.2669255619765671,1.2669255619765671,Decreases Churn Risk,1
15607485,0.07398823927325023,num__NumOfProducts,-1.1285479609650977,1.1285479609650977,Decreases Churn Risk,2
15607485,0.07398823927325023,num__IsActiveMember,0.19849383129422118,0.19849383129422118,Increases Churn Risk,3
15607485,0.07398823927325023,cat__Geography_Germany,-0.1921857387049748,0.1921857387049748,Decreases Churn Risk,4
15607485,0.07398823927325023,num__HasBalance,-0.13030917864040684,0.13030917864040684,Decreases Churn Risk,5
15607485,0.07398823927325023,cat__Geography_Spain,-0.12442810622264414,0.12442810622264414,Decreases Churn Risk,6
15607485,0.07398823927325023,num__HasCrCard,-0.10526271466771518,0.10526271466771518,Decreases Churn Risk,7
15607485,0.07398823927325023,num__ProductDensity,-0.10470412900398664,0.10470412900398664,Decreases Churn Risk,8
15607485,0.07398823927325023,num__EngagementScore,0.09409721333971369,0.09409721333971369,Increases Churn Risk,9
15607485,0.07398823927325023,num__CreditScore,0.08933191179983693,0.08933191179983693,Increases Churn Risk,10
15664759,0.034252062138848224,num__NumOfProducts,-1.2436013808258934,1.2436013808258934,Decreases Churn Risk,1
15664759,0.034252062138848224,num__Age,-1.2100857735806538,1.2100857735806538,Decreases Churn Risk,2
15664759,0.034252062138848224,cat__Gender_Male,-0.7146046519213026,0.7146046519213026,Decreases Churn Risk,3
15664759,0.034252062138848224,num__IsActiveMember,0.2512352290120318,0.2512352290120318,Increases Churn Risk,4
15664759,0.034252062138848224,cat__Geography_Germany,-0.2251374103704112,0.2251374103704112,Decreases Churn Risk,5
15664759,0.034252062138848224,num__EstimatedSalary,0.22490404113093496,0.22490404113093496,Increases Churn Risk,6
15664759,0.034252062138848224,cat__Geography_Spain,-0.21673134471801908,0.21673134471801908,Decreases Churn Risk,7
15664759,0.034252062138848224,num__EngagementScore,-0.1540577913051602,0.1540577913051602,Decreases Churn Risk,8
15664759,0.034252062138848224,num__Tenure,-0.11662756996814405,0.11662756996814405,Decreases Churn Risk,9
15664759,0.034252062138848224,num__HasBalance,-0.10132221406117944,0.10132221406117944,Decreases Churn Risk,10
15576000,0.15686032885625004,cat__Gender_Male,-0.6671173403990976,0.6671173403990976,Decreases Churn Risk,1
15576000,0.15686032885625004,cat__Geography_Germany,-0.6015991352964786,0.6015991352964786,Decreases Churn Risk,2
15576000,0.15686032885625004,num__IsActiveMember,-0.3780889407785776,0.3780889407785776,Decreases Churn Risk,3
15576000,0.15686032885625004,num__Tenure,-0.2573682251322062,0.2573682251322062,Decreases Churn Risk,4
15576000,0.15686032885625004,num__EngagementScore,-0.19501489811273198,0.19501489811273198,Decreases Churn Risk,5
15576000,0.15686032885625004,num__NumOfProducts,0.16423356331196223,0.16423356331196223,Increases Churn Risk,6
15576000,0.15686032885625004,cat__Geography_Spain,-0.14751609069888594,0.14751609069888594,Decreases Churn Risk,7
15576000,0.15686032885625004,num__Age,-0.11512098792140084,0.11512098792140084,Decreases Churn Risk,8
15576000,0.15686032885625004,num__BalanceSalaryRatio,0.07641310827940671,0.07641310827940671,Increases Churn Risk,9
15576000,0.15686032885625004,num__Balance,-0.06263364241756775,0.06263364241756775,Decreases Churn Risk,10
15750099,0.43340648112463626,num__Age,-0.9787770856547009,0.9787770856547009,Decreases Churn Risk,1
15750099,0.43340648112463626,num__NumOfProducts,0.45192969164503566,0.45192969164503566,Increases Churn Risk,2
15750099,0.43340648112463626,num__Tenure,-0.320229347154219,0.320229347154219,Decreases Churn Risk,3
15750099,0.43340648112463626,cat__Geography_Germany,-0.29735398815710745,0.29735398815710745,Decreases Churn Risk,4
15750099,0.43340648112463626,num__Balance,0.23434698128716855,0.23434698128716855,Increases Churn Risk,5
15750099,0.43340648112463626,num__IsActiveMember,0.2086314351124486,0.2086314351124486,Increases Churn Risk,6
15750099,0.43340648112463626,cat__Geography_Spain,-0.17626012340950695,0.17626012340950695,Decreases Churn Risk,7
15750099,0.43340648112463626,num__EstimatedSalary,0.15140683902232724,0.15140683902232724,Increases Churn Risk,8
15750099,0.43340648112463626,num__EngagementScore,0.10675965407247515,0.10675965407247515,Increases Churn Risk,9
15750099,0.43340648112463626,num__HasCrCard,-0.08424091989027854,0.08424091989027854,Decreases Churn Risk,10
15610002,0.022680342110702283,num__NumOfProducts,-1.3256766637541018,1.3256766637541018,Decreases Churn Risk,1
15610002,0.022680342110702283,cat__Gender_Male,-0.7555678617156334,0.7555678617156334,Decreases Churn Risk,2
15610002,0.022680342110702283,cat__Geography_Spain,-0.30984042825346586,0.30984042825346586,Decreases Churn Risk,3
15610002,0.022680342110702283,num__Tenure,-0.30022822265192833,0.30022822265192833,Decreases Churn Risk,4
15610002,0.022680342110702283,num__IsActiveMember,-0.29712357994767863,0.29712357994767863,Decreases Churn Risk,5
15610002,0.022680342110702283,num__Age,-0.25731825412461795,0.25731825412461795,Decreases Churn Risk,6
15610002,0.022680342110702283,cat__Geography_Germany,-0.2566840019023094,0.2566840019023094,Decreases Churn Risk,7
15610002,0.022680342110702283,num__CreditScore,-0.2059746376935699,0.2059746376935699,Decreases Churn Risk,8
15610002,0.022680342110702283,num__EngagementScore,-0.19079716540220845,0.19079716540220845,Decreases Churn Risk,9
15610002,0.022680342110702283,num__HasBalance,-0.13892271603008294,0.13892271603008294,Decreases Churn Risk,10
15748696,0.23522110750851788,cat__Gender_Male,-0.6897163026880987,0.6897163026880987,Decreases Churn Risk,1
15748696,0.23522110750851788,cat__Geography_Germany,-0.452963646676046,0.452963646676046,Decreases Churn Risk,2
15748696,0.23522110750851788,num__IsActiveMember,-0.3069861957430162,0.3069861957430162,Decreases Churn Risk,3
15748696,0.23522110750851788,num__EngagementScore,0.24807688119371338,0.24807688119371338,Increases Churn Risk,4
15748696,0.23522110750851788,num__Tenure,-0.22730671712807726,0.22730671712807726,Decreases Churn Risk,5
15748696,0.23522110750851788,num__Balance,-0.16043502001138413,0.16043502001138413,Decreases Churn Risk,6
15748696,0.23522110750851788,cat__Geography_Spain,-0.1527528227217666,0.1527528227217666,Decreases Churn Risk,7
15748696,0.23522110750851788,num__NumOfProducts,0.1308348114129029,0.1308348114129029,Increases Churn Risk,8
15748696,0.23522110750851788,num__Age,0.12634801504715928,0.12634801504715928,Increases Churn Risk,9
15748696,0.23522110750851788,num__EstimatedSalary,0.1091387230978907,0.1091387230978907,Increases Churn Risk,10
15759480,0.23288235917048192,cat__Geography_Germany,-0.6365027939514225,0.6365027939514225,Decreases Churn Risk,1
15759480,0.23288235917048192,num__ProductDensity,-0.3406705661935161,0.3406705661935161,Decreases Churn Risk,2
15759480,0.23288235917048192,num__IsActiveMember,-0.3139774279519257,0.3139774279519257,Decreases Churn Risk,3
15759480,0.23288235917048192,cat__Geography_Spain,-0.13287350922821475,0.13287350922821475,Decreases Churn Risk,4
15759480,0.23288235917048192,num__NumOfProducts,0.12689572771104574,0.12689572771104574,Increases Churn Risk,5
15759480,0.23288235917048192,num__EngagementScore,-0.11460945846601503,0.11460945846601503,Decreases Churn Risk,6
15759480,0.23288235917048192,num__BalanceSalaryRatio,0.11290665257154285,0.11290665257154285,Increases Churn Risk,7
15759480,0.23288235917048192,num__Tenure,-0.0980340721257455,0.0980340721257455,Decreases Churn Risk,8
15759480,0.23288235917048192,num__CustomerValue,-0.09090373952625423,0.09090373952625423,Decreases Churn Risk,9
15759480,0.23288235917048192,num__Balance,-0.07887296685172884,0.07887296685172884,Decreases Churn Risk,10
15737051,0.0221719436507138,num__Age,-1.4691575287231142,1.4691575287231142,Decreases Churn Risk,1
15737051,0.0221719436507138,num__NumOfProducts,-1.283385048378444,1.283385048378444,Decreases Churn Risk,2
15737051,0.0221719436507138,cat__Gender_Male,-0.6007843600030865,0.6007843600030865,Decreases Churn Risk,3
15737051,0.0221719436507138,cat__Geography_Germany,-0.25854997983147787,0.25854997983147787,Decreases Churn Risk,4
15737051,0.0221719436507138,cat__Geography_Spain,-0.1942384628936079,0.1942384628936079,Decreases Churn Risk,5
15737051,0.0221719436507138,num__IsActiveMember,0.17741746538506942,0.17741746538506942,Increases Churn Risk,6
15737051,0.0221719436507138,num__Tenure,-0.17661831329170793,0.17661831329170793,Decreases Churn Risk,7
15737051,0.0221719436507138,num__EngagementScore,-0.15298330312874367,0.15298330312874367,Decreases Churn Risk,8
15737051,0.0221719436507138,num__HasBalance,-0.13030917864040684,0.13030917864040684,Decreases Churn Risk,9
15737051,0.0221719436507138,num__Balance,-0.11135720869394325,0.11135720869394325,Decreases Churn Risk,10
15569079,0.9262843899421204,num__Age,1.156180684400294,1.156180684400294,Increases Churn Risk,1
15569079,0.9262843899421204,cat__Geography_Germany,0.5207065408831588,0.5207065408831588,Increases Churn Risk,2
15569079,0.9262843899421204,cat__Gender_Male,-0.393840779316046,0.393840779316046,Decreases Churn Risk,3
15569079,0.9262843899421204,num__IsActiveMember,0.3308457758991915,0.3308457758991915,Increases Churn Risk,4
15569079,0.9262843899421204,num__NumOfProducts,0.30993958403604593,0.30993958403604593,Increases Churn Risk,5
15569079,0.9262843899421204,num__Tenure,-0.30030550876222334,0.30030550876222334,Decreases Churn Risk,6
15569079,0.9262843899421204,num__Balance,0.17516799081089415,0.17516799081089415,Increases Churn Risk,7
15569079,0.9262843899421204,num__EngagementScore,0.1694135917257442,0.1694135917257442,Increases Churn Risk,8
15569079,0.9262843899421204,num__BalanceSalaryRatio,0.1619031260976655,0.1619031260976655,Increases Churn Risk,9
15569079,0.9262843899421204,cat__Geography_Spain,-0.1069385150365961,0.1069385150365961,Decreases Churn Risk,10
15672299,0.06693698273060568,num__NumOfProducts,-1.3738915883376737,1.3738915883376737,Decreases Churn Risk,1
15672299,0.06693698273060568,cat__Gender_Male,-0.6958941910280715,0.6958941910280715,Decreases Churn Risk,2
15672299,0.06693698273060568,num__Age,0.43438515761504554,0.43438515761504554,Increases Churn Risk,3
15672299,0.06693698273060568,cat__Geography_Germany,-0.3154835858729493,0.3154835858729493,Decreases Churn Risk,4
15672299,0.06693698273060568,num__Tenure,-0.30392791799811913,0.30392791799811913,Decreases Churn Risk,5
15672299,0.06693698273060568,num__EngagementScore,-0.29658115977260663,0.29658115977260663,Decreases Churn Risk,6
15672299,0.06693698273060568,num__IsActiveMember,-0.24266671080267724,0.24266671080267724,Decreases Churn Risk,7
15672299,0.06693698273060568,num__HasBalance,-0.14288778490368345,0.14288778490368345,Decreases Churn Risk,8
15672299,0.06693698273060568,cat__Geography_Spain,-0.1419864714778832,0.1419864714778832,Decreases Churn Risk,9
15672299,0.06693698273060568,num__EstimatedSalary,0.14106728194961693,0.14106728194961693,Increases Churn Risk,10
15582910,0.2702171828435953,num__Age,-0.6229174461398794,0.6229174461398794,Decreases Churn Risk,1
15582910,0.2702171828435953,cat__Geography_Germany,-0.5794290370605044,0.5794290370605044,Decreases Churn Risk,2
15582910,0.2702171828435953,cat__Gender_Male,-0.5063974935327771,0.5063974935327771,Decreases Churn Risk,3
15582910,0.2702171828435953,num__IsActiveMember,0.26073767612837134,0.26073767612837134,Increases Churn Risk,4
15582910,0.2702171828435953,num__ProductDensity,-0.2544237163992408,0.2544237163992408,Decreases Churn Risk,5
15582910,0.2702171828435953,num__NumOfProducts,0.2053346088798776,0.2053346088798776,Increases Churn Risk,6
15582910,0.2702171828435953,num__EngagementScore,0.19222210635525852,0.19222210635525852,Increases Churn Risk,7
15582910,0.2702171828435953,cat__Geography_Spain,-0.17184389545614595,0.17184389545614595,Decreases Churn Risk,8
15582910,0.2702171828435953,num__BalanceSalaryRatio,0.15459247386044547,0.15459247386044547,Increases Churn Risk,9
15582910,0.2702171828435953,num__EstimatedSalary,-0.10799966193404288,0.10799966193404288,Decreases Churn Risk,10
15810660,0.058968463356825374,num__Age,-1.1330210766289373,1.1330210766289373,Decreases Churn Risk,1
15810660,0.058968463356825374,num__NumOfProducts,-1.108799449183733,1.108799449183733,Decreases Churn Risk,2
15810660,0.058968463356825374,cat__Gender_Male,-0.5866703294139176,0.5866703294139176,Decreases Churn Risk,3
15810660,0.058968463356825374,cat__Geography_Germany,0.3609285003849534,0.3609285003849534,Increases Churn Risk,4
15810660,0.058968463356825374,num__CreditScore,-0.23837542895420089,0.23837542895420089,Decreases Churn Risk,5
15810660,0.058968463356825374,num__IsActiveMember,-0.20952590705646024,0.20952590705646024,Decreases Churn Risk,6
15810660,0.058968463356825374,num__Balance,0.18283586108615865,0.18283586108615865,Increases Churn Risk,7
15810660,0.058968463356825374,cat__Geography_Spain,-0.14395011436328378,0.14395011436328378,Decreases Churn Risk,8
15810660,0.058968463356825374,num__EngagementScore,-0.14122667801287925,0.14122667801287925,Decreases Churn Risk,9
15810660,0.058968463356825374,num__ProductDensity,-0.12414805223504223,0.12414805223504223,Decreases Churn Risk,10
15674433,0.5178943766317645,num__Age,-1.4982648712816342,1.4982648712816342,Decreases Churn Risk,1
15674433,0.5178943766317645,cat__Geography_Germany,0.5747600503468596,0.5747600503468596,Increases Churn Risk,2
15674433,0.5178943766317645,num__NumOfProducts,0.43043489439620763,0.43043489439620763,Increases Churn Risk,3
15674433,0.5178943766317645,num__EstimatedSalary,0.3880254335052349,0.3880254335052349,Increases Churn Risk,4
15674433,0.5178943766317645,num__Tenure,-0.19568885423174293,0.19568885423174293,Decreases Churn Risk,5
15674433,0.5178943766317645,cat__Geography_Spain,-0.1830415930756923,0.1830415930756923,Decreases Churn Risk,6
15674433,0.5178943766317645,num__Balance,0.14015852586158262,0.14015852586158262,Increases Churn Risk,7
15674433,0.5178943766317645,num__IsActiveMember,0.13851488424057465,0.13851488424057465,Increases Churn Risk,8
15674433,0.5178943766317645,num__EngagementScore,0.10300051718748074,0.10300051718748074,Increases Churn Risk,9
15674433,0.5178943766317645,cat__Gender_Male,-0.09810787190746487,0.09810787190746487,Decreases Churn Risk,10
15624229,0.0338564483953209,num__Age,-1.309015613606426,1.309015613606426,Decreases Churn Risk,1
15624229,0.0338564483953209,num__NumOfProducts,-1.0782475436500993,1.0782475436500993,Decreases Churn Risk,2
15624229,0.0338564483953209,cat__Geography_Germany,-0.20783184301859808,0.20783184301859808,Decreases Churn Risk,3
15624229,0.0338564483953209,cat__Geography_Spain,-0.20726319996904116,0.20726319996904116,Decreases Churn Risk,4
15624229,0.0338564483953209,num__EstimatedSalary,-0.19501244319289812,0.19501244319289812,Decreases Churn Risk,5
15624229,0.0338564483953209,num__IsActiveMember,-0.1940964449186968,0.1940964449186968,Decreases Churn Risk,6
15624229,0.0338564483953209,num__HasBalance,-0.13030917864040684,0.13030917864040684,Decreases Churn Risk,7
15624229,0.0338564483953209,num__ProductDensity,-0.11903183762728743,0.11903183762728743,Decreases Churn Risk,8
15624229,0.0338564483953209,num__EngagementScore,-0.10781358021655561,0.10781358021655561,Decreases Churn Risk,9
15624229,0.0338564483953209,num__Balance,-0.0858573533177491,0.0858573533177491,Decreases Churn Risk,10
15757648,0.4246545212695389,num__Age,-0.8811715973492591,0.8811715973492591,Decreases Churn Risk,1
15757648,0.4246545212695389,cat__Geography_Germany,0.4966776688244286,0.4966776688244286,Increases Churn Risk,2
15757648,0.4246545212695389,num__NumOfProducts,0.3906693890848641,0.3906693890848641,Increases Churn Risk,3
15757648,0.4246545212695389,num__Tenure,-0.3266761878178482,0.3266761878178482,Decreases Churn Risk,4
15757648,0.4246545212695389,num__IsActiveMember,-0.24718958496793328,0.24718958496793328,Decreases Churn Risk,5
15757648,0.4246545212695389,num__EstimatedSalary,0.14258288243914452,0.14258288243914452,Increases Churn Risk,6
15757648,0.4246545212695389,cat__Geography_Spain,-0.1379360056400753,0.1379360056400753,Decreases Churn Risk,7
15757648,0.4246545212695389,num__EngagementScore,0.08914976206535219,0.08914976206535219,Increases Churn Risk,8
15757648,0.4246545212695389,num__CreditScore,-0.06765549913619544,0.06765549913619544,Decreases Churn Risk,9
15757648,0.4246545212695389,num__Balance,-0.06263519316692287,0.06263519316692287,Decreases Churn Risk,10
15605666,0.122606407728212,num__Age,-0.9396482692210703,0.9396482692210703,Decreases Churn Risk,1
15605666,0.122606407728212,cat__Geography_Germany,-0.5544279456440213,0.5544279456440213,Decreases Churn Risk,2
15605666,0.122606407728212,num__Tenure,-0.325337208700015,0.325337208700015,Decreases Churn Risk,3
15605666,0.122606407728212,num__IsActiveMember,-0.28782597877412225,0.28782597877412225,Decreases Churn Risk,4
15605666,0.122606407728212,num__EstimatedSalary,-0.19481188489325685,0.19481188489325685,Decreases Churn Risk,5
15605666,0.122606407728212,cat__Geography_Spain,-0.18735341076749704,0.18735341076749704,Decreases Churn Risk,6
15605666,0.122606407728212,num__NumOfProducts,0.18530836708474888,0.18530836708474888,Increases Churn Risk,7
15605666,0.122606407728212,num__BalanceSalaryRatio,0.12355808175971765,0.12355808175971765,Increases Churn Risk,8
15605666,0.122606407728212,num__EngagementScore,-0.08850078077957017,0.08850078077957017,Decreases Churn Risk,9
15605666,0.122606407728212,num__CustomerValue,-0.08588379562778402,0.08588379562778402,Decreases Churn Risk,10
15644977,0.05076137024123409,num__NumOfProducts,-1.2038105051169847,1.2038105051169847,Decreases Churn Risk,1
15644977,0.05076137024123409,num__Age,-1.1895216487918867,1.1895216487918867,Decreases Churn Risk,2
15644977,0.05076137024123409,num__Tenure,-0.2656665071208273,0.2656665071208273,Decreases Churn Risk,3
15644977,0.05076137024123409,cat__Geography_Germany,-0.22532701627672497,0.22532701627672497,Decreases Churn Risk,4
15644977,0.05076137024123409,cat__Geography_Spain,-0.20871615836256052,0.20871615836256052,Decreases Churn Risk,5
15644977,0.05076137024123409,num__IsActiveMember,0.18275251720653615,0.18275251720653615,Increases Churn Risk,6
15644977,0.05076137024123409,num__HasBalance,-0.12634410976680632,0.12634410976680632,Decreases Churn Risk,7
15644977,0.05076137024123409,num__CustomerValue,-0.09520391051302564,0.09520391051302564,Decreases Churn Risk,8
15644977,0.05076137024123409,num__EngagementScore,-0.09402786166618982,0.09402786166618982,Decreases Churn Risk,9
15644977,0.05076137024123409,num__Balance,-0.05369559513104747,0.05369559513104747,Decreases Churn Risk,10
15748552,0.3214688787328665,num__Age,-0.8131237724718592,0.8131237724718592,Decreases Churn Risk,1
15748552,0.3214688787328665,cat__Gender_Male,-0.5589260748745746,0.5589260748745746,Decreases Churn Risk,2
15748552,0.3214688787328665,num__Balance,-0.41003000553898233,0.41003000553898233,Decreases Churn Risk,3
15748552,0.3214688787328665,cat__Geography_Germany,0.3617324326736005,0.3617324326736005,Increases Churn Risk,4
15748552,0.3214688787328665,num__NumOfProducts,0.3407625334754532,0.3407625334754532,Increases Churn Risk,5
15748552,0.3214688787328665,num__ProductDensity,-0.2887085764022363,0.2887085764022363,Decreases Churn Risk,6
15748552,0.3214688787328665,num__IsActiveMember,0.2255419575419842,0.2255419575419842,Increases Churn Risk,7
15748552,0.3214688787328665,num__EngagementScore,0.16806140854897053,0.16806140854897053,Increases Churn Risk,8
15748552,0.3214688787328665,cat__Geography_Spain,-0.14922445146607097,0.14922445146607097,Decreases Churn Risk,9
15748552,0.3214688787328665,num__EstimatedSalary,0.14791911269102478,0.14791911269102478,Increases Churn Risk,10
15738219,0.05431136412711158,num__NumOfProducts,-1.2100012814521368,1.2100012814521368,Decreases Churn Risk,1
15738219,0.05431136412711158,num__Age,-0.7022856452897138,0.7022856452897138,Decreases Churn Risk,2
15738219,0.05431136412711158,num__Tenure,-0.3357345788675193,0.3357345788675193,Decreases Churn Risk,3
15738219,0.05431136412711158,num__IsActiveMember,-0.2271670406726491,0.2271670406726491,Decreases Churn Risk,4
15738219,0.05431136412711158,cat__Geography_Germany,-0.21858334826052356,0.21858334826052356,Decreases Churn Risk,5
15738219,0.05431136412711158,cat__Geography_Spain,-0.17842796511215095,0.17842796511215095,Decreases Churn Risk,6
15738219,0.05431136412711158,num__HasBalance,-0.13030917864040684,0.13030917864040684,Decreases Churn Risk,7
15738219,0.05431136412711158,num__ProductDensity,-0.10233587427680155,0.10233587427680155,Decreases Churn Risk,8
15738219,0.05431136412711158,num__EngagementScore,-0.1003993578602501,0.1003993578602501,Decreases Churn Risk,9
15738219,0.05431136412711158,num__CreditScore,0.08622194512717714,0.08622194512717714,Increases Churn Risk,10
15699467,0.41683771325965135,num__AgeTenureInteraction,-0.5621455776637302,0.5621455776637302,Decreases Churn Risk,1
15699467,0.41683771325965135,num__NumOfProducts,0.32849317993751115,0.32849317993751115,Increases Churn Risk,2
15699467,0.41683771325965135,num__Age,-0.2897054326850929,0.2897054326850929,Decreases Churn Risk,3
15699467,0.41683771325965135,cat__Geography_Germany,-0.2636674514527262,0.2636674514527262,Decreases Churn Risk,4
15699467,0.41683771325965135,cat__Geography_Spain,-0.2142897827050313,0.2142897827050313,Decreases Churn Risk,5
15699467,0.41683771325965135,num__IsActiveMember,0.2027854838625348,0.2027854838625348,Increases Churn Risk,6
15699467,0.41683771325965135,num__Balance,0.18623706809703772,0.18623706809703772,Increases Churn Risk,7
15699467,0.41683771325965135,num__Tenure,0.1568192585582851,0.1568192585582851,Increases Churn Risk,8
15699467,0.41683771325965135,num__EngagementScore,0.12187942419624577,0.12187942419624577,Increases Churn Risk,9
15699467,0.41683771325965135,num__HasCrCard,-0.11861342003854476,0.11861342003854476,Decreases Churn Risk,10
15720083,0.04363405303455153,num__NumOfProducts,-1.223303580845934,1.223303580845934,Decreases Churn Risk,1
15720083,0.04363405303455153,cat__Gender_Male,-0.7296572456456154,0.7296572456456154,Decreases Churn Risk,2
15720083,0.04363405303455153,cat__Geography_Spain,-0.30215010279306714,0.30215010279306714,Decreases Churn Risk,3
15720083,0.04363405303455153,cat__Geography_Germany,-0.2944026384158492,0.2944026384158492,Decreases Churn Risk,4
15720083,0.04363405303455153,num__EngagementScore,-0.22789370815283813,0.22789370815283813,Decreases Churn Risk,5
15720083,0.04363405303455153,num__IsActiveMember,-0.21835830991321642,0.21835830991321642,Decreases Churn Risk,6
15720083,0.04363405303455153,num__AgeTenureInteraction,-0.1503852991263747,0.1503852991263747,Decreases Churn Risk,7
15720083,0.04363405303455153,num__ProductDensity,-0.1446085981310762,0.1446085981310762,Decreases Churn Risk,8
15720083,0.04363405303455153,num__HasBalance,-0.14288778490368345,0.14288778490368345,Decreases Churn Risk,9
15720083,0.04363405303455153,num__CreditScore,0.10509617061071376,0.10509617061071376,Increases Churn Risk,10
15746490,0.36654345194110793,num__Age,1.2233956493650269,1.2233956493650269,Increases Churn Risk,1
15746490,0.36654345194110793,num__IsActiveMember,-0.5531764163806949,0.5531764163806949,Decreases Churn Risk,2
15746490,0.36654345194110793,cat__Geography_Germany,-0.5245363603766987,0.5245363603766987,Decreases Churn Risk,3
15746490,0.36654345194110793,cat__Geography_Spain,-0.5055630185234277,0.5055630185234277,Decreases Churn Risk,4
15746490,0.36654345194110793,num__Tenure,-0.33915454114490334,0.33915454114490334,Decreases Churn Risk,5
15746490,0.36654345194110793,num__EngagementScore,-0.19031653573617022,0.19031653573617022,Decreases Churn Risk,6
15746490,0.36654345194110793,num__Balance,-0.08047476730716961,0.08047476730716961,Decreases Churn Risk,7
15746490,0.36654345194110793,num__CreditScore,0.07385482469184036,0.07385482469184036,Increases Churn Risk,8
15746490,0.36654345194110793,num__ProductDensity,-0.028024501750488526,0.028024501750488526,Decreases Churn Risk,9
15746490,0.36654345194110793,num__BalanceSalaryRatio,0.026250450683516422,0.026250450683516422,Increases Churn Risk,10
15596797,0.0534588999494657,num__NumOfProducts,-1.2270286983613947,1.2270286983613947,Decreases Churn Risk,1
15596797,0.0534588999494657,cat__Gender_Male,-0.6979214381159843,0.6979214381159843,Decreases Churn Risk,2
15596797,0.0534588999494657,num__Age,0.37151594589484505,0.37151594589484505,Increases Churn Risk,3
15596797,0.0534588999494657,cat__Geography_Spain,-0.3309026293467812,0.3309026293467812,Decreases Churn Risk,4
15596797,0.0534588999494657,cat__Geography_Germany,-0.3052374458301444,0.3052374458301444,Decreases Churn Risk,5
15596797,0.0534588999494657,num__IsActiveMember,-0.28953328776805876,0.28953328776805876,Decreases Churn Risk,6
15596797,0.0534588999494657,num__EngagementScore,-0.24951780980740115,0.24951780980740115,Decreases Churn Risk,7
15596797,0.0534588999494657,num__ProductDensity,-0.1491533308255446,0.1491533308255446,Decreases Churn Risk,8
15596797,0.0534588999494657,num__AgeTenureInteraction,-0.14300396556186068,0.14300396556186068,Decreases Churn Risk,9
15596797,0.0534588999494657,num__HasBalance,-0.14288778490368345,0.14288778490368345,Decreases Churn Risk,10
15612670,0.15605138578831365,num__NumOfProducts,-1.1253515912010386,1.1253515912010386,Decreases Churn Risk,1
15612670,0.15605138578831365,num__Age,0.39898872571064364,0.39898872571064364,Increases Churn Risk,2
15612670,0.15605138578831365,cat__Geography_Spain,-0.3723637567877639,0.3723637567877639,Decreases Churn Risk,3
15612670,0.15605138578831365,num__EngagementScore,-0.3208178014908771,0.3208178014908771,Decreases Churn Risk,4
15612670,0.15605138578831365,num__IsActiveMember,-0.2856974945167426,0.2856974945167426,Decreases Churn Risk,5
15612670,0.15605138578831365,cat__Geography_Germany,-0.2506961220808082,0.2506961220808082,Decreases Churn Risk,6
15612670,0.15605138578831365,num__HasBalance,-0.13204802054646436,0.13204802054646436,Decreases Churn Risk,7
15612670,0.15605138578831365,num__CreditScore,0.0812547134420024,0.0812547134420024,Increases Churn Risk,8
15612670,0.15605138578831365,cat__Gender_Male,0.07011463605552494,0.07011463605552494,Increases Churn Risk,9
15612670,0.15605138578831365,num__CustomerValue,-0.060764004633368514,0.060764004633368514,Decreases Churn Risk,10
15778936,0.11844781889726048,num__Age,-1.3838041765196907,1.3838041765196907,Decreases Churn Risk,1
15778936,0.11844781889726048,cat__Gender_Male,-0.5414972611205537,0.5414972611205537,Decreases Churn Risk,2
15778936,0.11844781889726048,cat__Geography_Germany,-0.49819806658622956,0.49819806658622956,Decreases Churn Risk,3
15778936,0.11844781889726048,num__IsActiveMember,0.26903275714034974,0.26903275714034974,Increases Churn Risk,4
15778936,0.11844781889726048,num__NumOfProducts,0.23544537831483545,0.23544537831483545,Increases Churn Risk,5
15778936,0.11844781889726048,cat__Geography_Spain,-0.19993179436329994,0.19993179436329994,Decreases Churn Risk,6
15778936,0.11844781889726048,num__Tenure,-0.18639833484162308,0.18639833484162308,Decreases Churn Risk,7
15778936,0.11844781889726048,num__EngagementScore,0.17988339018524313,0.17988339018524313,Increases Churn Risk,8
15778936,0.11844781889726048,num__Balance,-0.11108669405944896,0.11108669405944896,Decreases Churn Risk,9
15778936,0.11844781889726048,num__ProductDensity,-0.10218830646812643,0.10218830646812643,Decreases Churn Risk,10
15785782,0.46005930071400514,num__Age,1.1173721064450606,1.1173721064450606,Increases Churn Risk,1
15785782,0.46005930071400514,cat__Gender_Male,-0.5849954048918112,0.5849954048918112,Decreases Churn Risk,2
15785782,0.46005930071400514,cat__Geography_Spain,-0.4689100862218086,0.4689100862218086,Decreases Churn Risk,3
15785782,0.46005930071400514,num__IsActiveMember,-0.34871911196991906,0.34871911196991906,Decreases Churn Risk,4
15785782,0.46005930071400514,num__NumOfProducts,0.34576034038140796,0.34576034038140796,Increases Churn Risk,5
15785782,0.46005930071400514,cat__Geography_Germany,-0.3397308255671568,0.3397308255671568,Decreases Churn Risk,6
15785782,0.46005930071400514,num__Balance,0.2904734001440401,0.2904734001440401,Increases Churn Risk,7
15785782,0.46005930071400514,num__EngagementScore,-0.2066903805872399,0.2066903805872399,Decreases Churn Risk,8
15785782,0.46005930071400514,num__Tenure,-0.17084875874799205,0.17084875874799205,Decreases Churn Risk,9
15785782,0.46005930071400514,num__AgeTenureInteraction,-0.16676574865009597,0.16676574865009597,Decreases Churn Risk,10
15694453,0.10971226090904815,num__NumOfProducts,-1.1050809739286662,1.1050809739286662,Decreases Churn Risk,1
15694453,0.10971226090904815,cat__Gender_Male,-0.5918743413770999,0.5918743413770999,Decreases Churn Risk,2
15694453,0.10971226090904815,num__Age,-0.5639210691305061,0.5639210691305061,Decreases Churn Risk,3
15694453,0.10971226090904815,cat__Geography_Germany,0.3521007565196857,0.3521007565196857,Increases Churn Risk,4
15694453,0.10971226090904815,num__IsActiveMember,-0.34555267360328124,0.34555267360328124,Decreases Churn Risk,5
15694453,0.10971226090904815,num__Tenure,-0.24008427528296594,0.24008427528296594,Decreases Churn Risk,6
15694453,0.10971226090904815,num__Balance,0.1547499135477994,0.1547499135477994,Increases Churn Risk,7
15694453,0.10971226090904815,num__BalanceSalaryRatio,0.15278997666051408,0.15278997666051408,Increases Churn Risk,8
15694453,0.10971226090904815,num__EngagementScore,-0.14968548880539834,0.14968548880539834,Decreases Churn Risk,9
15694453,0.10971226090904815,cat__Geography_Spain,-0.1425274234244913,0.1425274234244913,Decreases Churn Risk,10
15614929,0.07030838646855816,num__Age,-1.4643304012330927,1.4643304012330927,Decreases Churn Risk,1
15614929,0.07030838646855816,num__NumOfProducts,-0.856174976709224,0.856174976709224,Decreases Churn Risk,2
15614929,0.07030838646855816,num__AgeTenureInteraction,-0.6143210152342968,0.6143210152342968,Decreases Churn Risk,3
15614929,0.07030838646855816,cat__Gender_Male,-0.5959462265455551,0.5959462265455551,Decreases Churn Risk,4
15614929,0.07030838646855816,num__Tenure,0.3988708440945153,0.3988708440945153,Increases Churn Risk,5
15614929,0.07030838646855816,cat__Geography_Germany,0.34797421461455474,0.34797421461455474,Increases Churn Risk,6
15614929,0.07030838646855816,cat__Geography_Spain,-0.2131133967882926,0.2131133967882926,Decreases Churn Risk,7
15614929,0.07030838646855816,num__IsActiveMember,0.18598974596877346,0.18598974596877346,Increases Churn Risk,8
15614929,0.07030838646855816,num__EngagementScore,-0.15686363090893243,0.15686363090893243,Decreases Churn Risk,9
15614929,0.07030838646855816,num__ProductDensity,-0.11846560709982261,0.11846560709982261,Decreases Churn Risk,10
15778526,0.34556522868727413,num__NumOfProducts,-1.1856405844769948,1.1856405844769948,Decreases Churn Risk,1
15778526,0.34556522868727413,num__Age,1.0659608406846888,1.0659608406846888,Increases Churn Risk,2
15778526,0.34556522868727413,num__Tenure,-0.34854747362587307,0.34854747362587307,Decreases Churn Risk,3
15778526,0.34556522868727413,cat__Geography_Spain,-0.2706237257178123,0.2706237257178123,Decreases Churn Risk,4
15778526,0.34556522868727413,num__IsActiveMember,0.2419742936946721,0.2419742936946721,Increases Churn Risk,5
15778526,0.34556522868727413,num__EngagementScore,0.2153495414586675,0.2153495414586675,Increases Churn Risk,6
15778526,0.34556522868727413,cat__Geography_Germany,-0.20818513813366732,0.20818513813366732,Decreases Churn Risk,7
15778526,0.34556522868727413,num__HasBalance,-0.16103498512569173,0.16103498512569173,Decreases Churn Risk,8
15778526,0.34556522868727413,num__HasCrCard,-0.10383972386532075,0.10383972386532075,Decreases Churn Risk,9
15778526,0.34556522868727413,num__BalanceSalaryRatio,-0.08751250862146977,0.08751250862146977,Decreases Churn Risk,10
15663161,0.8643215765785681,num__Age,1.2680426019390765,1.2680426019390765,Increases Churn Risk,1
15663161,0.8643215765785681,cat__Geography_Germany,0.4172098314160608,0.4172098314160608,Increases Churn Risk,2
15663161,0.8643215765785681,num__Tenure,-0.36258606846835356,0.36258606846835356,Decreases Churn Risk,3
15663161,0.8643215765785681,num__NumOfProducts,0.30727280836766535,0.30727280836766535,Increases Churn Risk,4
15663161,0.8643215765785681,num__IsActiveMember,0.24782236654734485,0.24782236654734485,Increases Churn Risk,5
15663161,0.8643215765785681,num__EstimatedSalary,-0.22251389573556737,0.22251389573556737,Decreases Churn Risk,6
15663161,0.8643215765785681,num__HasCrCard,-0.18038289018702955,0.18038289018702955,Decreases Churn Risk,7
15663161,0.8643215765785681,num__EngagementScore,0.16377399156791475,0.16377399156791475,Increases Churn Risk,8
15663161,0.8643215765785681,num__BalanceSalaryRatio,0.13630042662108693,0.13630042662108693,Increases Churn Risk,9
15663161,0.8643215765785681,cat__Geography_Spain,-0.11746220871942364,0.11746220871942364,Decreases Churn Risk,10
15729224,0.08171776099661963,num__NumOfProducts,-1.195202386692266,1.195202386692266,Decreases Churn Risk,1
15729224,0.08171776099661963,num__Age,-0.7077678857385805,0.7077678857385805,Decreases Churn Risk,2
15729224,0.08171776099661963,num__Tenure,-0.3707746623417409,0.3707746623417409,Decreases Churn Risk,3
15729224,0.08171776099661963,cat__Geography_Germany,-0.22564043420773822,0.22564043420773822,Decreases Churn Risk,4
15729224,0.08171776099661963,num__IsActiveMember,0.20128299597389523,0.20128299597389523,Increases Churn Risk,5
15729224,0.08171776099661963,cat__Geography_Spain,-0.18443345188227492,0.18443345188227492,Decreases Churn Risk,6
15729224,0.08171776099661963,num__HasBalance,-0.13030917864040684,0.13030917864040684,Decreases Churn Risk,7
15729224,0.08171776099661963,num__EngagementScore,-0.09431593495346359,0.09431593495346359,Decreases Churn Risk,8
15729224,0.08171776099661963,num__CustomerValue,-0.09249789458732571,0.09249789458732571,Decreases Churn Risk,9
15729224,0.08171776099661963,num__Balance,-0.0738504911911002,0.0738504911911002,Decreases Churn Risk,10
15806307,0.03233408265033024,num__NumOfProducts,-1.1671597366338182,1.1671597366338182,Decreases Churn Risk,1
15806307,0.03233408265033024,cat__Gender_Male,-0.6820676140275868,0.6820676140275868,Decreases Churn Risk,2
15806307,0.03233408265033024,num__Age,-0.5643666889963708,0.5643666889963708,Decreases Churn Risk,3
15806307,0.03233408265033024,cat__Geography_Germany,-0.27030980710856733,0.27030980710856733,Decreases Churn Risk,4
15806307,0.03233408265033024,num__IsActiveMember,-0.21684458835300838,0.21684458835300838,Decreases Churn Risk,5
15806307,0.03233408265033024,cat__Geography_Spain,-0.1850437421089994,0.1850437421089994,Decreases Churn Risk,6
15806307,0.03233408265033024,num__EngagementScore,-0.16943181137764066,0.16943181137764066,Decreases Churn Risk,7
15806307,0.03233408265033024,num__Tenure,-0.14893738173334645,0.14893738173334645,Decreases Churn Risk,8
15806307,0.03233408265033024,num__ProductDensity,-0.14225149466066983,0.14225149466066983,Decreases Churn Risk,9
15806307,0.03233408265033024,num__HasBalance,-0.13030917864040684,0.13030917864040684,Decreases Churn Risk,10
15759250,0.7815249562782828,num__Age,1.315821313311871,1.315821313311871,Increases Churn Risk,1
15759250,0.7815249562782828,cat__Geography_Germany,0.5630569569962952,0.5630569569962952,Increases Churn Risk,2
15759250,0.7815249562782828,cat__Gender_Male,-0.509594867342812,0.509594867342812,Decreases Churn Risk,3
15759250,0.7815249562782828,num__IsActiveMember,-0.3540586977802002,0.3540586977802002,Decreases Churn Risk,4
15759250,0.7815249562782828,num__NumOfProducts,0.23735632957548575,0.23735632957548575,Increases Churn Risk,5
15759250,0.7815249562782828,num__EngagementScore,-0.13214291024870295,0.13214291024870295,Decreases Churn Risk,6
15759250,0.7815249562782828,num__BalanceSalaryRatio,0.12094686304654141,0.12094686304654141,Increases Churn Risk,7
15759250,0.7815249562782828,cat__Geography_Spain,-0.09378985043618224,0.09378985043618224,Decreases Churn Risk,8
15759250,0.7815249562782828,num__Balance,-0.08848535142461578,0.08848535142461578,Decreases Churn Risk,9
15759250,0.7815249562782828,num__ProductDensity,-0.07685876496367905,0.07685876496367905,Decreases Churn Risk,10
15605284,0.011809966560620297,num__Age,-1.3512896838759287,1.3512896838759287,Decreases Churn Risk,1
15605284,0.011809966560620297,num__NumOfProducts,-1.0211792320025583,1.0211792320025583,Decreases Churn Risk,2
15605284,0.011809966560620297,cat__Gender_Male,-0.6440607950133729,0.6440607950133729,Decreases Churn Risk,3
15605284,0.011809966560620297,num__AgeTenureInteraction,-0.5272772064033767,0.5272772064033767,Decreases Churn Risk,4
15605284,0.011809966560620297,cat__Geography_Germany,-0.2369103399513993,0.2369103399513993,Decreases Churn Risk,5
15605284,0.011809966560620297,num__IsActiveMember,-0.2341672004229504,0.2341672004229504,Decreases Churn Risk,6
15605284,0.011809966560620297,cat__Geography_Spain,-0.23359521481674736,0.23359521481674736,Decreases Churn Risk,7
15605284,0.011809966560620297,num__EngagementScore,-0.15454283509298267,0.15454283509298267,Decreases Churn Risk,8
15605284,0.011809966560620297,num__HasBalance,-0.13030917864040684,0.13030917864040684,Decreases Churn Risk,9
15605284,0.011809966560620297,num__Balance,-0.11711947135945,0.11711947135945,Decreases Churn Risk,10
15582325,0.8615500356978605,num__Age,1.8314850118627335,1.8314850118627335,Increases Churn Risk,1
15582325,0.8615500356978605,cat__Gender_Male,-0.5223015735078962,0.5223015735078962,Decreases Churn Risk,2
15582325,0.8615500356978605,num__IsActiveMember,0.43013970264783913,0.43013970264783913,Increases Churn Risk,3
15582325,0.8615500356978605,cat__Geography_Germany,-0.3955464801072208,0.3955464801072208,Decreases Churn Risk,4
15582325,0.8615500356978605,num__EngagementScore,0.24826268392536932,0.24826268392536932,Increases Churn Risk,5
15582325,0.8615500356978605,num__NumOfProducts,0.23041494648725594,0.23041494648725594,Increases Churn Risk,6
15582325,0.8615500356978605,num__Balance,-0.18030509065576672,0.18030509065576672,Decreases Churn Risk,7
15582325,0.8615500356978605,num__Tenure,-0.16812103933756056,0.16812103933756056,Decreases Churn Risk,8
15582325,0.8615500356978605,num__EstimatedSalary,0.15535395991240764,0.15535395991240764,Increases Churn Risk,9
15582325,0.8615500356978605,cat__Geography_Spain,-0.14939128151060457,0.14939128151060457,Decreases Churn Risk,10
15570087,0.35171499101561216,cat__Geography_Germany,-0.5497578203662056,0.5497578203662056,Decreases Churn Risk,1
15570087,0.35171499101561216,num__Age,0.5278833714784567,0.5278833714784567,Increases Churn Risk,2
15570087,0.35171499101561216,num__IsActiveMember,-0.2717199633504489,0.2717199633504489,Decreases Churn Risk,3
15570087,0.35171499101561216,num__ProductDensity,-0.24080361605766767,0.24080361605766767,Decreases Churn Risk,4
15570087,0.35171499101561216,num__EngagementScore,-0.17932711214175504,0.17932711214175504,Decreases Churn Risk,5
15570087,0.35171499101561216,num__Tenure,-0.15737045310957154,0.15737045310957154,Decreases Churn Risk,6
15570087,0.35171499101561216,cat__Geography_Spain,-0.138493043157095,0.138493043157095,Decreases Churn Risk,7
15570087,0.35171499101561216,num__Balance,-0.11377781075545365,0.11377781075545365,Decreases Churn Risk,8
15570087,0.35171499101561216,num__NumOfProducts,0.07178905156173745,0.07178905156173745,Increases Churn Risk,9
15570087,0.35171499101561216,num__CreditScore,0.06372675143185967,0.06372675143185967,Increases Churn Risk,10
15637414,0.067917491535661,num__Age,-1.4841111871532544,1.4841111871532544,Decreases Churn Risk,1
15637414,0.067917491535661,cat__Geography_Germany,-0.529025714827519,0.529025714827519,Decreases Churn Risk,2
15637414,0.067917491535661,num__Tenure,-0.30236102281140637,0.30236102281140637,Decreases Churn Risk,3
15637414,0.067917491535661,num__ProductDensity,-0.21673255314303458,0.21673255314303458,Decreases Churn Risk,4
15637414,0.067917491535661,cat__Geography_Spain,-0.20560408990445908,0.20560408990445908,Decreases Churn Risk,5
15637414,0.067917491535661,num__IsActiveMember,-0.19972289369985033,0.19972289369985033,Decreases Churn Risk,6
15637414,0.067917491535661,num__NumOfProducts,0.1709449757622306,0.1709449757622306,Increases Churn Risk,7
15637414,0.067917491535661,num__EstimatedSalary,-0.1488706704816565,0.1488706704816565,Decreases Churn Risk,8
15637414,0.067917491535661,cat__Gender_Male,-0.10577416375669552,0.10577416375669552,Decreases Churn Risk,9
15637414,0.067917491535661,num__EngagementScore,0.09241671057028031,0.09241671057028031,Increases Churn Risk,10
15790067,0.24640394070123106,cat__Gender_Male,-0.5390104873906192,0.5390104873906192,Decreases Churn Risk,1
15790067,0.24640394070123106,cat__Geography_Germany,-0.4315262348774522,0.4315262348774522,Decreases Churn Risk,2
15790067,0.24640394070123106,num__Age,-0.4289090355464966,0.4289090355464966,Decreases Churn Risk,3
15790067,0.24640394070123106,cat__Geography_Spain,-0.3158916418267774,0.3158916418267774,Decreases Churn Risk,4
15790067,0.24640394070123106,num__IsActiveMember,0.3050727583753515,0.3050727583753515,Increases Churn Risk,5
15790067,0.24640394070123106,num__Balance,-0.2036246872480455,0.2036246872480455,Decreases Churn Risk,6
15790067,0.24640394070123106,num__EngagementScore,0.18350274988337284,0.18350274988337284,Increases Churn Risk,7
15790067,0.24640394070123106,num__HasCrCard,-0.1753012450124511,0.1753012450124511,Decreases Churn Risk,8
15790067,0.24640394070123106,num__BalanceSalaryRatio,0.1491717387573724,0.1491717387573724,Increases Churn Risk,9
15790067,0.24640394070123106,num__NumOfProducts,0.13475146148182723,0.13475146148182723,Increases Churn Risk,10
15720123,0.039953035248809526,num__NumOfProducts,-1.1705465727394402,1.1705465727394402,Decreases Churn Risk,1
15720123,0.039953035248809526,num__Age,-0.7878158744826743,0.7878158744826743,Decreases Churn Risk,2
15720123,0.039953035248809526,cat__Gender_Male,-0.7173797738774583,0.7173797738774583,Decreases Churn Risk,3
15720123,0.039953035248809526,cat__Geography_Spain,-0.24686393296392908,0.24686393296392908,Decreases Churn Risk,4
15720123,0.039953035248809526,cat__Geography_Germany,-0.24497270398991297,0.24497270398991297,Decreases Churn Risk,5
15720123,0.039953035248809526,num__IsActiveMember,0.22672474351998287,0.22672474351998287,Increases Churn Risk,6
15720123,0.039953035248809526,num__EngagementScore,-0.16383626233441131,0.16383626233441131,Decreases Churn Risk,7
15720123,0.039953035248809526,num__Tenure,-0.13948985350408255,0.13948985350408255,Decreases Churn Risk,8
15720123,0.039953035248809526,num__HasBalance,-0.13030917864040684,0.13030917864040684,Decreases Churn Risk,9
15720123,0.039953035248809526,num__ProductDensity,-0.12864328327151583,0.12864328327151583,Decreases Churn Risk,10
15579566,0.5407844292063734,cat__Geography_Germany,-0.48671115320461994,0.48671115320461994,Decreases Churn Risk,1
15579566,0.5407844292063734,cat__Geography_Spain,-0.3657719993140638,0.3657719993140638,Decreases Churn Risk,2
15579566,0.5407844292063734,num__IsActiveMember,0.31383767499778364,0.31383767499778364,Increases Churn Risk,3
15579566,0.5407844292063734,num__Age,0.2959801514098524,0.2959801514098524,Increases Churn Risk,4
15579566,0.5407844292063734,num__EngagementScore,0.17607423469570935,0.17607423469570935,Increases Churn Risk,5
15579566,0.5407844292063734,num__Tenure,-0.12493270351390913,0.12493270351390913,Decreases Churn Risk,6
15579566,0.5407844292063734,num__BalanceSalaryRatio,0.11899516016594083,0.11899516016594083,Increases Churn Risk,7
15579566,0.5407844292063734,num__EstimatedSalary,-0.10496782209893295,0.10496782209893295,Decreases Churn Risk,8
15579566,0.5407844292063734,num__NumOfProducts,0.10289518427473479,0.10289518427473479,Increases Churn Risk,9
15579566,0.5407844292063734,cat__Gender_Male,-0.09999927220060967,0.09999927220060967,Decreases Churn Risk,10
15803749,0.24004986279747978,num__NumOfProducts,-1.002808144800325,1.002808144800325,Decreases Churn Risk,1
15803749,0.24004986279747978,num__IsActiveMember,-0.25347289997516553,0.25347289997516553,Decreases Churn Risk,2
15803749,0.24004986279747978,num__BalanceSalaryRatio,0.18724132115645348,0.18724132115645348,Increases Churn Risk,3
15803749,0.24004986279747978,cat__Geography_Spain,-0.145730809512721,0.145730809512721,Decreases Churn Risk,4
15803749,0.24004986279747978,cat__Geography_Germany,0.14424904703961974,0.14424904703961974,Increases Churn Risk,5
15803749,0.24004986279747978,num__Balance,-0.11884566974416332,0.11884566974416332,Decreases Churn Risk,6
15803749,0.24004986279747978,num__ProductDensity,-0.09291953993979012,0.09291953993979012,Decreases Churn Risk,7
15803749,0.24004986279747978,num__EngagementScore,-0.0918734732717892,0.0918734732717892,Decreases Churn Risk,8
15803749,0.24004986279747978,num__EstimatedSalary,-0.07861584099804433,0.07861584099804433,Decreases Churn Risk,9
15803749,0.24004986279747978,num__Age,-0.07518302341308887,0.07518302341308887,Decreases Churn Risk,10
15747772,0.035473493566376434,num__Age,-1.0785594617300545,1.0785594617300545,Decreases Churn Risk,1
15747772,0.035473493566376434,num__NumOfProducts,-1.0245639586765618,1.0245639586765618,Decreases Churn Risk,2
15747772,0.035473493566376434,cat__Gender_Male,-0.6356874105220843,0.6356874105220843,Decreases Churn Risk,3
15747772,0.035473493566376434,num__Balance,-0.5449040023990196,0.5449040023990196,Decreases Churn Risk,4
15747772,0.035473493566376434,num__IsActiveMember,0.1997046491651087,0.1997046491651087,Increases Churn Risk,5
15747772,0.035473493566376434,num__Tenure,-0.18602114520507793,0.18602114520507793,Decreases Churn Risk,6
15747772,0.035473493566376434,cat__Geography_Spain,-0.1590459314426591,0.1590459314426591,Decreases Churn Risk,7
15747772,0.035473493566376434,num__EngagementScore,-0.1470575583535733,0.1470575583535733,Decreases Churn Risk,8
15747772,0.035473493566376434,num__ProductDensity,-0.0840260604024555,0.0840260604024555,Decreases Churn Risk,9
15747772,0.035473493566376434,num__CustomerValue,-0.07631153236802246,0.07631153236802246,Decreases Churn Risk,10
15696361,0.34210459848932656,num__Age,-1.0503522090555215,1.0503522090555215,Decreases Churn Risk,1
15696361,0.34210459848932656,cat__Geography_Germany,0.630586604411632,0.630586604411632,Increases Churn Risk,2
15696361,0.34210459848932656,cat__Gender_Male,-0.5084299583790955,0.5084299583790955,Decreases Churn Risk,3
15696361,0.34210459848932656,num__NumOfProducts,0.3764320450610927,0.3764320450610927,Increases Churn Risk,4
15696361,0.34210459848932656,num__Tenure,-0.30190902948013815,0.30190902948013815,Decreases Churn Risk,5
15696361,0.34210459848932656,num__ProductDensity,-0.2129034132640746,0.2129034132640746,Decreases Churn Risk,6
15696361,0.34210459848932656,num__IsActiveMember,-0.19758391642933537,0.19758391642933537,Decreases Churn Risk,7
15696361,0.34210459848932656,num__EngagementScore,0.17244721841217314,0.17244721841217314,Increases Churn Risk,8
15696361,0.34210459848932656,cat__Geography_Spain,-0.15536375344189027,0.15536375344189027,Decreases Churn Risk,9
15696361,0.34210459848932656,num__Balance,0.15423848519165353,0.15423848519165353,Increases Churn Risk,10
15605826,0.9622216418716362,num__NumOfProducts,2.3986580420474914,2.3986580420474914,Increases Churn Risk,1
15605826,0.9622216418716362,cat__Gender_Male,-0.4962900149241973,0.4962900149241973,Decreases Churn Risk,2
15605826,0.9622216418716362,cat__Geography_Germany,0.3077390204772173,0.3077390204772173,Increases Churn Risk,3
15605826,0.9622216418716362,num__Age,0.25242181983290535,0.25242181983290535,Increases Churn Risk,4
15605826,0.9622216418716362,num__IsActiveMember,0.23929612108730075,0.23929612108730075,Increases Churn Risk,5
15605826,0.9622216418716362,num__Tenure,-0.1930451586624261,0.1930451586624261,Decreases Churn Risk,6
15605826,0.9622216418716362,num__Balance,0.1652483596017395,0.1652483596017395,Increases Churn Risk,7
15605826,0.9622216418716362,num__CustomerValue,0.159654705708054,0.159654705708054,Increases Churn Risk,8
15605826,0.9622216418716362,cat__Geography_Spain,-0.11766205746728446,0.11766205746728446,Decreases Churn Risk,9
15605826,0.9622216418716362,num__EstimatedSalary,0.0757675076577493,0.0757675076577493,Increases Churn Risk,10
15593834,0.12024073375241282,num__Age,-1.044868551061497,1.044868551061497,Decreases Churn Risk,1
15593834,0.12024073375241282,cat__Gender_Male,-0.5429340012140077,0.5429340012140077,Decreases Churn Risk,2
15593834,0.12024073375241282,cat__Geography_Germany,-0.5010290978489983,0.5010290978489983,Decreases Churn Risk,3
15593834,0.12024073375241282,cat__Geography_Spain,-0.2846396511444674,0.2846396511444674,Decreases Churn Risk,4
15593834,0.12024073375241282,num__IsActiveMember,0.27259056749394356,0.27259056749394356,Increases Churn Risk,5
15593834,0.12024073375241282,num__Tenure,-0.23867973046093946,0.23867973046093946,Decreases Churn Risk,6
15593834,0.12024073375241282,num__ProductDensity,-0.20977060447550758,0.20977060447550758,Decreases Churn Risk,7
15593834,0.12024073375241282,num__EngagementScore,0.16616219082817707,0.16616219082817707,Increases Churn Risk,8
15593834,0.12024073375241282,num__NumOfProducts,0.14821243658052485,0.14821243658052485,Increases Churn Risk,9
15593834,0.12024073375241282,num__HasCrCard,-0.12723871577259527,0.12723871577259527,Decreases Churn Risk,10
15678067,0.1797724882670606,num__NumOfProducts,-1.2115360448228158,1.2115360448228158,Decreases Churn Risk,1
15678067,0.1797724882670606,cat__Gender_Male,-0.6564360930599304,0.6564360930599304,Decreases Churn Risk,2
15678067,0.1797724882670606,num__Age,0.5484078562301415,0.5484078562301415,Increases Churn Risk,3
15678067,0.1797724882670606,num__IsActiveMember,0.2851176183853232,0.2851176183853232,Increases Churn Risk,4
15678067,0.1797724882670606,cat__Geography_Spain,-0.27914648489390137,0.27914648489390137,Decreases Churn Risk,5
15678067,0.1797724882670606,cat__Geography_Germany,-0.26668840825715406,0.26668840825715406,Decreases Churn Risk,6
15678067,0.1797724882670606,num__EngagementScore,0.21329674174096125,0.21329674174096125,Increases Churn Risk,7
15678067,0.1797724882670606,num__HasBalance,-0.16103498512569173,0.16103498512569173,Decreases Churn Risk,8
15678067,0.1797724882670606,num__EstimatedSalary,0.13690253415650555,0.13690253415650555,Increases Churn Risk,9
15678067,0.1797724882670606,num__Tenure,-0.1354197512576438,0.1354197512576438,Decreases Churn Risk,10
15788494,0.12277439775112442,num__Age,-1.3026372409588076,1.3026372409588076,Decreases Churn Risk,1
15788494,0.12277439775112442,cat__Geography_Germany,-0.5110533863935399,0.5110533863935399,Decreases Churn Risk,2
15788494,0.12277439775112442,cat__Gender_Male,-0.4954621801021101,0.4954621801021101,Decreases Churn Risk,3
15788494,0.12277439775112442,num__ProductDensity,-0.270910967400442,0.270910967400442,Decreases Churn Risk,4
15788494,0.12277439775112442,num__IsActiveMember,0.2509410234294303,0.2509410234294303,Increases Churn Risk,5
15788494,0.12277439775112442,cat__Geography_Spain,-0.21922743685761947,0.21922743685761947,Decreases Churn Risk,6
15788494,0.12277439775112442,num__NumOfProducts,0.19056378011182534,0.19056378011182534,Increases Churn Risk,7
15788494,0.12277439775112442,num__EngagementScore,0.17966342997160228,0.17966342997160228,Increases Churn Risk,8
15788494,0.12277439775112442,num__Tenure,-0.15437489112493916,0.15437489112493916,Decreases Churn Risk,9
15788494,0.12277439775112442,num__Balance,-0.13168832365075378,0.13168832365075378,Decreases Churn Risk,10
15801411,0.5559517536594666,cat__Gender_Male,-0.5412277228328907,0.5412277228328907,Decreases Churn Risk,1
15801411,0.5559517536594666,num__Age,0.46500139453441025,0.46500139453441025,Increases Churn Risk,2
15801411,0.5559517536594666,num__NumOfProducts,0.4201420835636736,0.4201420835636736,Increases Churn Risk,3
15801411,0.5559517536594666,cat__Geography_Spain,-0.349128498742104,0.349128498742104,Decreases Churn Risk,4
15801411,0.5559517536594666,num__EstimatedSalary,-0.3184551450357119,0.3184551450357119,Decreases Churn Risk,5
15801411,0.5559517536594666,cat__Geography_Germany,-0.3068761451258509,0.3068761451258509,Decreases Churn Risk,6
15801411,0.5559517536594666,num__IsActiveMember,0.24550055648857919,0.24550055648857919,Increases Churn Risk,7
15801411,0.5559517536594666,num__EngagementScore,0.24070303806656085,0.24070303806656085,Increases Churn Risk,8
15801411,0.5559517536594666,num__CustomerValue,-0.18943913163977627,0.18943913163977627,Decreases Churn Risk,9
15801411,0.5559517536594666,num__Balance,0.17540152558032354,0.17540152558032354,Increases Churn Risk,10
15764444,0.26888019989769407,num__NumOfProducts,-1.075304587176159,1.075304587176159,Decreases Churn Risk,1
15764444,0.26888019989769407,num__Age,1.0134321448235644,1.0134321448235644,Increases Churn Risk,2
15764444,0.26888019989769407,num__IsActiveMember,-0.8656605616901946,0.8656605616901946,Decreases Churn Risk,3
15764444,0.26888019989769407,cat__Gender_Male,-0.5025623915030987,0.5025623915030987,Decreases Churn Risk,4
15764444,0.26888019989769407,cat__Geography_Germany,0.4014265275039027,0.4014265275039027,Increases Churn Risk,5
15764444,0.26888019989769407,num__Balance,0.2519572024024786,0.2519572024024786,Increases Churn Risk,6
15764444,0.26888019989769407,num__EngagementScore,-0.23130348984703267,0.23130348984703267,Decreases Churn Risk,7
15764444,0.26888019989769407,num__Tenure,-0.1603372347920347,0.1603372347920347,Decreases Churn Risk,8
15764444,0.26888019989769407,cat__Geography_Spain,-0.12766072228793698,0.12766072228793698,Decreases Churn Risk,9
15764444,0.26888019989769407,num__ProductDensity,-0.06885068665734329,0.06885068665734329,Decreases Churn Risk,10
15773146,0.030092918124990247,num__Age,-1.3645512050078303,1.3645512050078303,Decreases Churn Risk,1
15773146,0.030092918124990247,num__NumOfProducts,-0.807767157802668,0.807767157802668,Decreases Churn Risk,2
15773146,0.030092918124990247,cat__Gender_Male,-0.6678762311306028,0.6678762311306028,Decreases Churn Risk,3
15773146,0.030092918124990247,cat__Geography_Germany,-0.3446340194618755,0.3446340194618755,Decreases Churn Risk,4
15773146,0.030092918124990247,num__Tenure,-0.26780123425638513,0.26780123425638513,Decreases Churn Risk,5
15773146,0.030092918124990247,cat__Geography_Spain,-0.23030746554482187,0.23030746554482187,Decreases Churn Risk,6
15773146,0.030092918124990247,num__IsActiveMember,-0.20041704525478105,0.20041704525478105,Decreases Churn Risk,7
15773146,0.030092918124990247,num__EngagementScore,-0.1370959415596993,0.1370959415596993,Decreases Churn Risk,8
15773146,0.030092918124990247,num__ProductDensity,-0.13102853064810546,0.13102853064810546,Decreases Churn Risk,9
15773146,0.030092918124990247,num__BalanceSalaryRatio,0.10721091348545246,0.10721091348545246,Increases Churn Risk,10
15687363,0.022508417360065192,num__Age,-1.0243534684016344,1.0243534684016344,Decreases Churn Risk,1
15687363,0.022508417360065192,num__NumOfProducts,-0.9265432276732293,0.9265432276732293,Decreases Churn Risk,2
15687363,0.022508417360065192,cat__Gender_Male,-0.6460584555228815,0.6460584555228815,Decreases Churn Risk,3
15687363,0.022508417360065192,num__IsActiveMember,-0.2828842387313474,0.2828842387313474,Decreases Churn Risk,4
15687363,0.022508417360065192,cat__Geography_Germany,-0.2757107465952924,0.2757107465952924,Decreases Churn Risk,5
15687363,0.022508417360065192,num__Tenure,-0.27049850769131034,0.27049850769131034,Decreases Churn Risk,6
15687363,0.022508417360065192,cat__Geography_Spain,-0.21822373580266896,0.21822373580266896,Decreases Churn Risk,7
15687363,0.022508417360065192,num__CreditScore,-0.15666469934570226,0.15666469934570226,Decreases Churn Risk,8
15687363,0.022508417360065192,num__EngagementScore,-0.15582510538556402,0.15582510538556402,Decreases Churn Risk,9
15687363,0.022508417360065192,num__ProductDensity,-0.12267008154295353,0.12267008154295353,Decreases Churn Risk,10
15699029,0.05001890570227895,num__NumOfProducts,-0.945858416050374,0.945858416050374,Decreases Churn Risk,1
15699029,0.05001890570227895,num__Age,-0.8004925607430865,0.8004925607430865,Decreases Churn Risk,2
15699029,0.05001890570227895,cat__Gender_Male,-0.6278509099834876,0.6278509099834876,Decreases Churn Risk,3
15699029,0.05001890570227895,num__EstimatedSalary,-0.5724147241196341,0.5724147241196341,Decreases Churn Risk,4
15699029,0.05001890570227895,num__IsActiveMember,0.199425266329454,0.199425266329454,Increases Churn Risk,5
15699029,0.05001890570227895,cat__Geography_Germany,-0.18106463542770032,0.18106463542770032,Decreases Churn Risk,6
15699029,0.05001890570227895,num__EngagementScore,-0.16897599371400737,0.16897599371400737,Decreases Churn Risk,7
15699029,0.05001890570227895,cat__Geography_Spain,-0.16249264256647591,0.16249264256647591,Decreases Churn Risk,8
15699029,0.05001890570227895,num__ProductDensity,-0.13227100412298176,0.13227100412298176,Decreases Churn Risk,9
15699029,0.05001890570227895,num__BalanceSalaryRatio,0.08949005509238807,0.08949005509238807,Increases Churn Risk,10
15673223,0.17760102286685056,num__NumOfProducts,-1.2351881929246495,1.2351881929246495,Decreases Churn Risk,1
15673223,0.17760102286685056,cat__Gender_Male,-0.7155376379085666,0.7155376379085666,Decreases Churn Risk,2
15673223,0.17760102286685056,num__Age,0.32519429889569895,0.32519429889569895,Increases Churn Risk,3
15673223,0.17760102286685056,cat__Geography_Germany,-0.26968066904604554,0.26968066904604554,Decreases Churn Risk,4
15673223,0.17760102286685056,num__EngagementScore,0.22212566688438362,0.22212566688438362,Increases Churn Risk,5
15673223,0.17760102286685056,num__IsActiveMember,0.18810629884394336,0.18810629884394336,Increases Churn Risk,6
15673223,0.17760102286685056,cat__Geography_Spain,-0.16516439976325284,0.16516439976325284,Decreases Churn Risk,7
15673223,0.17760102286685056,num__EstimatedSalary,0.1348345929745956,0.1348345929745956,Increases Churn Risk,8
15673223,0.17760102286685056,num__HasBalance,-0.11390082032445607,0.11390082032445607,Decreases Churn Risk,9
15673223,0.17760102286685056,num__HasCrCard,-0.10665453996668939,0.10665453996668939,Decreases Churn Risk,10
15577313,0.523776102563787,cat__Geography_Germany,-0.5553834706386295,0.5553834706386295,Decreases Churn Risk,1
15577313,0.523776102563787,cat__Gender_Male,-0.5130381295023857,0.5130381295023857,Decreases Churn Risk,2
15577313,0.523776102563787,num__Age,0.40944178462299097,0.40944178462299097,Increases Churn Risk,3
15577313,0.523776102563787,num__IsActiveMember,0.2470431128308558,0.2470431128308558,Increases Churn Risk,4
15577313,0.523776102563787,num__EstimatedSalary,-0.24664775739247752,0.24664775739247752,Decreases Churn Risk,5
15577313,0.523776102563787,num__EngagementScore,0.23731338814724598,0.23731338814724598,Increases Churn Risk,6
15577313,0.523776102563787,num__NumOfProducts,0.18336849722134432,0.18336849722134432,Increases Churn Risk,7
15577313,0.523776102563787,num__BalanceSalaryRatio,0.17403066912942333,0.17403066912942333,Increases Churn Risk,8
15577313,0.523776102563787,cat__Geography_Spain,-0.16610570866015084,0.16610570866015084,Decreases Churn Risk,9
15577313,0.523776102563787,num__ProductDensity,-0.09361174183987907,0.09361174183987907,Decreases Churn Risk,10
15737782,0.11192664518703738,num__Age,-1.1694488964222167,1.1694488964222167,Decreases Churn Risk,1
15737782,0.11192664518703738,cat__Gender_Male,-0.6232733742043993,0.6232733742043993,Decreases Churn Risk,2
15737782,0.11192664518703738,num__NumOfProducts,0.44713928053513585,0.44713928053513585,Increases Churn Risk,3
15737782,0.11192664518703738,cat__Geography_Germany,-0.31789608119824697,0.31789608119824697,Decreases Churn Risk,4
15737782,0.11192664518703738,num__IsActiveMember,-0.23275729816111287,0.23275729816111287,Decreases Churn Risk,5
15737782,0.11192664518703738,num__Tenure,-0.2243234787702934,0.2243234787702934,Decreases Churn Risk,6
15737782,0.11192664518703738,cat__Geography_Spain,-0.20796489483343716,0.20796489483343716,Decreases Churn Risk,7
15737782,0.11192664518703738,num__Balance,0.19235340476441046,0.19235340476441046,Increases Churn Risk,8
15737782,0.11192664518703738,num__ProductDensity,-0.15552158687683001,0.15552158687683001,Decreases Churn Risk,9
15737782,0.11192664518703738,num__EngagementScore,-0.1483536144136471,0.1483536144136471,Decreases Churn Risk,10
15715939,0.08650036837980471,num__Age,-1.2569780300391988,1.2569780300391988,Decreases Churn Risk,1
15715939,0.08650036837980471,num__Tenure,0.9802291441136574,0.9802291441136574,Increases Churn Risk,2
15715939,0.08650036837980471,num__NumOfProducts,-0.8597452691247609,0.8597452691247609,Decreases Churn Risk,3
15715939,0.08650036837980471,cat__Gender_Male,-0.6573773517879645,0.6573773517879645,Decreases Churn Risk,4
15715939,0.08650036837980471,num__AgeTenureInteraction,-0.3881472891237124,0.3881472891237124,Decreases Churn Risk,5
15715939,0.08650036837980471,cat__Geography_Spain,-0.27866394267402617,0.27866394267402617,Decreases Churn Risk,6
15715939,0.08650036837980471,cat__Geography_Germany,-0.26255010134391127,0.26255010134391127,Decreases Churn Risk,7
15715939,0.08650036837980471,num__EngagementScore,-0.2366092719221018,0.2366092719221018,Decreases Churn Risk,8
15715939,0.08650036837980471,num__CustomerValue,0.19600271863015348,0.19600271863015348,Increases Churn Risk,9
15715939,0.08650036837980471,num__HasBalance,-0.13030917864040684,0.13030917864040684,Decreases Churn Risk,10
15642468,0.22281741491002838,num__NumOfProducts,-0.8606538542469416,0.8606538542469416,Decreases Churn Risk,1
15642468,0.22281741491002838,cat__Gender_Male,-0.6652875148299542,0.6652875148299542,Decreases Churn Risk,2
15642468,0.22281741491002838,cat__Geography_Germany,-0.3684943580678272,0.3684943580678272,Decreases Churn Risk,3
15642468,0.22281741491002838,num__EngagementScore,0.2512985579068831,0.2512985579068831,Increases Churn Risk,4
15642468,0.22281741491002838,num__IsActiveMember,0.22307082285066684,0.22307082285066684,Increases Churn Risk,5
15642468,0.22281741491002838,num__Tenure,-0.20306889353710794,0.20306889353710794,Decreases Churn Risk,6
15642468,0.22281741491002838,cat__Geography_Spain,-0.1961043481200462,0.1961043481200462,Decreases Churn Risk,7
15642468,0.22281741491002838,num__EstimatedSalary,0.17300884915885012,0.17300884915885012,Increases Churn Risk,8
15642468,0.22281741491002838,num__HasCrCard,-0.09423310776707686,0.09423310776707686,Decreases Churn Risk,9
15642468,0.22281741491002838,num__BalanceSalaryRatio,0.08492463719938866,0.08492463719938866,Increases Churn Risk,10
15724764,0.1704208363735665,num__NumOfProducts,-0.9491664263488414,0.9491664263488414,Decreases Churn Risk,1
15724764,0.1704208363735665,num__Balance,-0.54282344569529,0.54282344569529,Decreases Churn Risk,2
15724764,0.1704208363735665,num__EstimatedSalary,-0.1712893069200068,0.1712893069200068,Decreases Churn Risk,3
15724764,0.1704208363735665,num__HasCrCard,-0.15693613892329408,0.15693613892329408,Decreases Churn Risk,4
15724764,0.1704208363735665,num__IsActiveMember,0.15355541472889814,0.15355541472889814,Increases Churn Risk,5
15724764,0.1704208363735665,cat__Geography_Spain,-0.14601101720222162,0.14601101720222162,Decreases Churn Risk,6
15724764,0.1704208363735665,num__CustomerValue,-0.11220395762569467,0.11220395762569467,Decreases Churn Risk,7
15724764,0.1704208363735665,num__BalanceSalaryRatio,0.10986811107861937,0.10986811107861937,Increases Churn Risk,8
15724764,0.1704208363735665,num__Tenure,-0.09152613733915899,0.09152613733915899,Decreases Churn Risk,9
15724764,0.1704208363735665,num__EngagementScore,0.08399285985687616,0.08399285985687616,Increases Churn Risk,10
15777045,0.5266978085610807,cat__Geography_Spain,-0.3721561638257121,0.3721561638257121,Decreases Churn Risk,1
15777045,0.5266978085610807,num__Age,0.34619190609151396,0.34619190609151396,Increases Churn Risk,2
15777045,0.5266978085610807,num__Balance,-0.3077279758954789,0.3077279758954789,Decreases Churn Risk,3
15777045,0.5266978085610807,num__IsActiveMember,0.2909947462617944,0.2909947462617944,Increases Churn Risk,4
15777045,0.5266978085610807,cat__Geography_Germany,-0.2878321613731368,0.2878321613731368,Decreases Churn Risk,5
15777045,0.5266978085610807,num__NumOfProducts,0.2224209434479753,0.2224209434479753,Increases Churn Risk,6
15777045,0.5266978085610807,num__Tenure,-0.19811867766363164,0.19811867766363164,Decreases Churn Risk,7
15777045,0.5266978085610807,num__EngagementScore,0.17829743521213076,0.17829743521213076,Increases Churn Risk,8
15777045,0.5266978085610807,num__CreditScore,-0.14769506359486156,0.14769506359486156,Decreases Churn Risk,9
15777045,0.5266978085610807,num__ProductDensity,-0.11173064538540498,0.11173064538540498,Decreases Churn Risk,10
15611759,0.11826025456533255,num__Age,1.213074716912956,1.213074716912956,Increases Churn Risk,1
15611759,0.11826025456533255,num__CreditScore,-0.9968141174416503,0.9968141174416503,Decreases Churn Risk,2
15611759,0.11826025456533255,num__NumOfProducts,-0.8132993882606365,0.8132993882606365,Decreases Churn Risk,3
15611759,0.11826025456533255,num__IsActiveMember,-0.7293523545920928,0.7293523545920928,Decreases Churn Risk,4
15611759,0.11826025456533255,cat__Geography_Germany,-0.333644644388359,0.333644644388359,Decreases Churn Risk,5
15611759,0.11826025456533255,num__EngagementScore,-0.3004118354880504,0.3004118354880504,Decreases Churn Risk,6
15611759,0.11826025456533255,cat__Geography_Spain,-0.2980480229536532,0.2980480229536532,Decreases Churn Risk,7
15611759,0.11826025456533255,cat__Gender_Male,-0.16017883779754946,0.16017883779754946,Decreases Churn Risk,8
15611759,0.11826025456533255,num__Tenure,-0.12629389118743928,0.12629389118743928,Decreases Churn Risk,9
15611759,0.11826025456533255,num__BalanceSalaryRatio,0.09925029588697415,0.09925029588697415,Increases Churn Risk,10
15745433,0.06869003846785847,num__Age,-1.3297459442898023,1.3297459442898023,Decreases Churn Risk,1
15745433,0.06869003846785847,num__NumOfProducts,-1.0109573099518283,1.0109573099518283,Decreases Churn Risk,2
15745433,0.06869003846785847,cat__Geography_Spain,-0.21273484010546181,0.21273484010546181,Decreases Churn Risk,3
15745433,0.06869003846785847,num__Tenure,-0.21107040552374548,0.21107040552374548,Decreases Churn Risk,4
15745433,0.06869003846785847,num__BalanceSalaryRatio,0.1935580399064552,0.1935580399064552,Increases Churn Risk,5
15745433,0.06869003846785847,num__Balance,-0.18156664716133908,0.18156664716133908,Decreases Churn Risk,6
15745433,0.06869003846785847,num__ProductDensity,-0.16471822632168118,0.16471822632168118,Decreases Churn Risk,7
15745433,0.06869003846785847,num__HasCrCard,-0.1466012661051549,0.1466012661051549,Decreases Churn Risk,8
15745433,0.06869003846785847,cat__Gender_Male,-0.13391113768590565,0.13391113768590565,Decreases Churn Risk,9
15745433,0.06869003846785847,cat__Geography_Germany,-0.10910741342046912,0.10910741342046912,Decreases Churn Risk,10
15797204,0.10155900537763782,num__Age,-1.0617488437852014,1.0617488437852014,Decreases Churn Risk,1
15797204,0.10155900537763782,num__NumOfProducts,-0.7303052113268425,0.7303052113268425,Decreases Churn Risk,2
15797204,0.10155900537763782,cat__Geography_Germany,-0.3096903740486681,0.3096903740486681,Decreases Churn Risk,3
15797204,0.10155900537763782,num__IsActiveMember,-0.20044267918559958,0.20044267918559958,Decreases Churn Risk,4
15797204,0.10155900537763782,num__Tenure,-0.13920365489354392,0.13920365489354392,Decreases Churn Risk,5
15797204,0.10155900537763782,num__ProductDensity,-0.10189427213202101,0.10189427213202101,Decreases Churn Risk,6
15797204,0.10155900537763782,cat__Geography_Spain,-0.09976187629114802,0.09976187629114802,Decreases Churn Risk,7
15797204,0.10155900537763782,num__Balance,0.09622284372352599,0.09622284372352599,Increases Churn Risk,8
15797204,0.10155900537763782,num__CreditScore,0.09402481515196527,0.09402481515196527,Increases Churn Risk,9
15797204,0.10155900537763782,num__EngagementScore,-0.08251811016370934,0.08251811016370934,Decreases Churn Risk,10
15803965,0.3979833996455788,num__Age,1.6120655823174268,1.6120655823174268,Increases Churn Risk,1
15803965,0.3979833996455788,num__IsActiveMember,-0.5998168242141066,0.5998168242141066,Decreases Churn Risk,2
15803965,0.3979833996455788,cat__Gender_Male,-0.5781070750141648,0.5781070750141648,Decreases Churn Risk,3
15803965,0.3979833996455788,cat__Geography_Germany,-0.5047326174015213,0.5047326174015213,Decreases Churn Risk,4
15803965,0.3979833996455788,num__EstimatedSalary,-0.2663300086565884,0.2663300086565884,Decreases Churn Risk,5
15803965,0.3979833996455788,num__EngagementScore,-0.22108995583061766,0.22108995583061766,Decreases Churn Risk,6
15803965,0.3979833996455788,num__Balance,-0.150147700495233,0.150147700495233,Decreases Churn Risk,7
15803965,0.3979833996455788,cat__Geography_Spain,-0.13981164875418453,0.13981164875418453,Decreases Churn Risk,8
15803965,0.3979833996455788,num__BalanceSalaryRatio,0.10838626476519883,0.10838626476519883,Increases Churn Risk,9
15803965,0.3979833996455788,num__NumOfProducts,0.08622181005263399,0.08622181005263399,Increases Churn Risk,10
15745543,0.030666019743737297,num__NumOfProducts,-1.347441669011975,1.347441669011975,Decreases Churn Risk,1
15745543,0.030666019743737297,cat__Gender_Male,-0.7530321358149085,0.7530321358149085,Decreases Churn Risk,2
15745543,0.030666019743737297,num__Age,-0.5101170843130801,0.5101170843130801,Decreases Churn Risk,3
15745543,0.030666019743737297,num__Tenure,-0.33279436741230145,0.33279436741230145,Decreases Churn Risk,4
15745543,0.030666019743737297,cat__Geography_Germany,-0.2628643389554045,0.2628643389554045,Decreases Churn Risk,5
15745543,0.030666019743737297,cat__Geography_Spain,-0.18510765512871744,0.18510765512871744,Decreases Churn Risk,6
15745543,0.030666019743737297,num__EngagementScore,-0.17080535949977302,0.17080535949977302,Decreases Churn Risk,7
15745543,0.030666019743737297,num__IsActiveMember,0.1653416828733518,0.1653416828733518,Increases Churn Risk,8
15745543,0.030666019743737297,num__HasBalance,-0.14288778490368345,0.14288778490368345,Decreases Churn Risk,9
15745543,0.030666019743737297,num__Balance,-0.13374568138673917,0.13374568138673917,Decreases Churn Risk,10
15664720,0.1450978265334985,num__Age,-1.2889374365240045,1.2889374365240045,Decreases Churn Risk,1
15664720,0.1450978265334985,cat__Gender_Male,-0.5751106439743541,0.5751106439743541,Decreases Churn Risk,2
15664720,0.1450978265334985,cat__Geography_Germany,-0.5326102837005374,0.5326102837005374,Decreases Churn Risk,3
15664720,0.1450978265334985,num__IsActiveMember,0.28380391989830867,0.28380391989830867,Increases Churn Risk,4
15664720,0.1450978265334985,num__ProductDensity,-0.22511433583039014,0.22511433583039014,Decreases Churn Risk,5
15664720,0.1450978265334985,cat__Geography_Spain,-0.17679027383927498,0.17679027383927498,Decreases Churn Risk,6
15664720,0.1450978265334985,num__EngagementScore,0.168440118092867,0.168440118092867,Increases Churn Risk,7
15664720,0.1450978265334985,num__NumOfProducts,0.1618455999959872,0.1618455999959872,Increases Churn Risk,8
15664720,0.1450978265334985,num__CustomerValue,0.1608816420359603,0.1608816420359603,Increases Churn Risk,9
15664720,0.1450978265334985,num__Tenure,-0.15153549339026487,0.15153549339026487,Decreases Churn Risk,10
15804017,0.44608496847572243,num__Age,-1.2960950703378251,1.2960950703378251,Decreases Churn Risk,1
15804017,0.44608496847572243,cat__Geography_Germany,0.5796240167041083,0.5796240167041083,Increases Churn Risk,2
15804017,0.44608496847572243,num__NumOfProducts,0.38894717987555394,0.38894717987555394,Increases Churn Risk,3
15804017,0.44608496847572243,num__ProductDensity,-0.2345978242393748,0.2345978242393748,Decreases Churn Risk,4
15804017,0.44608496847572243,num__IsActiveMember,0.18027716323040022,0.18027716323040022,Increases Churn Risk,5
15804017,0.44608496847572243,cat__Geography_Spain,-0.14685899171836797,0.14685899171836797,Decreases Churn Risk,6
15804017,0.44608496847572243,num__HasCrCard,-0.1401848217655454,0.1401848217655454,Decreases Churn Risk,7
15804017,0.44608496847572243,num__Balance,0.1254903087305637,0.1254903087305637,Increases Churn Risk,8
15804017,0.44608496847572243,num__EngagementScore,0.1030671214514116,0.1030671214514116,Increases Churn Risk,9
15804017,0.44608496847572243,cat__Gender_Male,-0.09909175864549034,0.09909175864549034,Decreases Churn Risk,10
15570145,0.03929456699184416,num__Age,-1.6198228885197785,1.6198228885197785,Decreases Churn Risk,1
15570145,0.03929456699184416,num__NumOfProducts,-1.0904023014295725,1.0904023014295725,Decreases Churn Risk,2
15570145,0.03929456699184416,cat__Geography_Spain,-0.22474460381707853,0.22474460381707853,Decreases Churn Risk,3
15570145,0.03929456699184416,num__Tenure,-0.2152872242371523,0.2152872242371523,Decreases Churn Risk,4
15570145,0.03929456699184416,cat__Geography_Germany,-0.2119797198187117,0.2119797198187117,Decreases Churn Risk,5
15570145,0.03929456699184416,num__IsActiveMember,0.1927214784138219,0.1927214784138219,Increases Churn Risk,6
15570145,0.03929456699184416,num__ProductDensity,-0.14615896771752784,0.14615896771752784,Decreases Churn Risk,7
15570145,0.03929456699184416,num__HasBalance,-0.13030917864040684,0.13030917864040684,Decreases Churn Risk,8
15570145,0.03929456699184416,num__Balance,-0.11038298158048018,0.11038298158048018,Decreases Churn Risk,9
15570145,0.03929456699184416,num__EngagementScore,-0.0936371602266971,0.0936371602266971,Decreases Churn Risk,10
15714832,0.3387118736285406,num__Age,-1.0202711199050953,1.0202711199050953,Decreases Churn Risk,1
15714832,0.3387118736285406,cat__Gender_Male,-0.4835413269098509,0.4835413269098509,Decreases Churn Risk,2
15714832,0.3387118736285406,cat__Geography_Germany,0.37393784816158065,0.37393784816158065,Increases Churn Risk,3
15714832,0.3387118736285406,num__NumOfProducts,0.3700279363448383,0.3700279363448383,Increases Churn Risk,4
15714832,0.3387118736285406,num__Balance,-0.34642118930042975,0.34642118930042975,Decreases Churn Risk,5
15714832,0.3387118736285406,num__IsActiveMember,0.2541693100026938,0.2541693100026938,Increases Churn Risk,6
15714832,0.3387118736285406,num__HasCrCard,-0.173705693724811,0.173705693724811,Decreases Churn Risk,7
15714832,0.3387118736285406,num__EngagementScore,0.16782559611663325,0.16782559611663325,Increases Churn Risk,8
15714832,0.3387118736285406,cat__Geography_Spain,-0.14277683222735776,0.14277683222735776,Decreases Churn Risk,9
15714832,0.3387118736285406,num__Tenure,-0.1397157562867666,0.1397157562867666,Decreases Churn Risk,10
15636551,0.10002748011785297,num__Age,-1.3499146784078035,1.3499146784078035,Decreases Churn Risk,1
15636551,0.10002748011785297,num__NumOfProducts,-0.8295326029417988,0.8295326029417988,Decreases Churn Risk,2
15636551,0.10002748011785297,cat__Geography_Germany,-0.3330240219335877,0.3330240219335877,Decreases Churn Risk,3
15636551,0.10002748011785297,num__BalanceSalaryRatio,0.23617906878523082,0.23617906878523082,Increases Churn Risk,4
15636551,0.10002748011785297,cat__Geography_Spain,-0.22731964264166876,0.22731964264166876,Decreases Churn Risk,5
15636551,0.10002748011785297,num__IsActiveMember,0.22085413520781164,0.22085413520781164,Increases Churn Risk,6
15636551,0.10002748011785297,num__Tenure,-0.14873000140253745,0.14873000140253745,Decreases Churn Risk,7
15636551,0.10002748011785297,num__EstimatedSalary,-0.12788188439761877,0.12788188439761877,Decreases Churn Risk,8
15636551,0.10002748011785297,num__ProductDensity,-0.1027415311487464,0.1027415311487464,Decreases Churn Risk,9
15636551,0.10002748011785297,num__EngagementScore,-0.093077291950472,0.093077291950472,Decreases Churn Risk,10
15693737,0.0681077185694147,num__Age,-1.4743503274290906,1.4743503274290906,Decreases Churn Risk,1
15693737,0.0681077185694147,num__NumOfProducts,-1.0097838329799909,1.0097838329799909,Decreases Churn Risk,2
15693737,0.0681077185694147,num__Balance,-0.5038684596882719,0.5038684596882719,Decreases Churn Risk,3
15693737,0.0681077185694147,num__IsActiveMember,0.18633158399846658,0.18633158399846658,Increases Churn Risk,4
15693737,0.0681077185694147,cat__Geography_Spain,-0.17596941750163028,0.17596941750163028,Decreases Churn Risk,5
15693737,0.0681077185694147,num__ProductDensity,-0.10634661784194653,0.10634661784194653,Decreases Churn Risk,6
15693737,0.0681077185694147,num__EngagementScore,-0.09073597170999396,0.09073597170999396,Decreases Churn Risk,7
15693737,0.0681077185694147,num__BalanceSalaryRatio,0.06348200103933571,0.06348200103933571,Increases Churn Risk,8
15693737,0.0681077185694147,num__HasCrCard,0.05376253156284,0.05376253156284,Increases Churn Risk,9
15693737,0.0681077185694147,num__CreditScore,0.048338503897432654,0.048338503897432654,Increases Churn Risk,10
15676353,0.06811233170308532,num__Age,-0.9120807026397375,0.9120807026397375,Decreases Churn Risk,1
15676353,0.06811233170308532,cat__Gender_Male,-0.6051491266616584,0.6051491266616584,Decreases Churn Risk,2
15676353,0.06811233170308532,cat__Geography_Germany,-0.5786627780453476,0.5786627780453476,Decreases Churn Risk,3
15676353,0.06811233170308532,num__IsActiveMember,-0.3060807379121141,0.3060807379121141,Decreases Churn Risk,4
15676353,0.06811233170308532,num__Tenure,-0.19196716736362265,0.19196716736362265,Decreases Churn Risk,5
15676353,0.06811233170308532,cat__Geography_Spain,-0.18989130094637763,0.18989130094637763,Decreases Churn Risk,6
15676353,0.06811233170308532,num__ProductDensity,-0.16749872251360406,0.16749872251360406,Decreases Churn Risk,7
15676353,0.06811233170308532,num__EngagementScore,-0.14692482853380257,0.14692482853380257,Decreases Churn Risk,8
15676353,0.06811233170308532,num__NumOfProducts,0.14593331533882173,0.14593331533882173,Increases Churn Risk,9
15676353,0.06811233170308532,num__BalanceSalaryRatio,-0.12231332186656665,0.12231332186656665,Decreases Churn Risk,10
15593454,0.31952201395326885,cat__Geography_Germany,-0.4859373601698211,0.4859373601698211,Decreases Churn Risk,1
15593454,0.31952201395326885,cat__Geography_Spain,-0.3297960646633933,0.3297960646633933,Decreases Churn Risk,2
15593454,0.31952201395326885,num__IsActiveMember,0.29779653854479515,0.29779653854479515,Increases Churn Risk,3
15593454,0.31952201395326885,num__ProductDensity,-0.29491739108160814,0.29491739108160814,Decreases Churn Risk,4
15593454,0.31952201395326885,num__Age,-0.2907491476878632,0.2907491476878632,Decreases Churn Risk,5
15593454,0.31952201395326885,num__EstimatedSalary,-0.1746919794125641,0.1746919794125641,Decreases Churn Risk,6
15593454,0.31952201395326885,num__NumOfProducts,0.14402748792374528,0.14402748792374528,Increases Churn Risk,7
15593454,0.31952201395326885,num__BalanceSalaryRatio,0.13349589078750437,0.13349589078750437,Increases Churn Risk,8
15593454,0.31952201395326885,num__EngagementScore,0.11634212024300805,0.11634212024300805,Increases Churn Risk,9
15593454,0.31952201395326885,cat__Gender_Male,-0.10443634176703179,0.10443634176703179,Decreases Churn Risk,10
15674442,0.11276225753610201,num__Age,-1.485194156386912,1.485194156386912,Decreases Churn Risk,1
15674442,0.11276225753610201,cat__Gender_Male,-0.55442185540189,0.55442185540189,Decreases Churn Risk,2
15674442,0.11276225753610201,cat__Geography_Germany,-0.41110280938888794,0.41110280938888794,Decreases Churn Risk,3
15674442,0.11276225753610201,num__Tenure,-0.24286551139181758,0.24286551139181758,Decreases Churn Risk,4
15674442,0.11276225753610201,num__IsActiveMember,0.23814184116810239,0.23814184116810239,Increases Churn Risk,5
15674442,0.11276225753610201,cat__Geography_Spain,-0.219961865636671,0.219961865636671,Decreases Churn Risk,6
15674442,0.11276225753610201,num__ProductDensity,-0.20408912305666477,0.20408912305666477,Decreases Churn Risk,7
15674442,0.11276225753610201,num__EngagementScore,0.17712617420934282,0.17712617420934282,Increases Churn Risk,8
15674442,0.11276225753610201,num__NumOfProducts,0.17641857182184267,0.17641857182184267,Increases Churn Risk,9
15674442,0.11276225753610201,num__CustomerValue,0.15264380757072013,0.15264380757072013,Increases Churn Risk,10
15603221,0.12738834964678897,num__Age,-1.1454492969818617,1.1454492969818617,Decreases Churn Risk,1
15603221,0.12738834964678897,num__Balance,-0.6588991821313684,0.6588991821313684,Decreases Churn Risk,2
15603221,0.12738834964678897,cat__Gender_Male,-0.5310071836564834,0.5310071836564834,Decreases Churn Risk,3
15603221,0.12738834964678897,num__NumOfProducts,0.3451114796327675,0.3451114796327675,Increases Churn Risk,4
15603221,0.12738834964678897,cat__Geography_Germany,0.27133623942549057,0.27133623942549057,Increases Churn Risk,5
15603221,0.12738834964678897,num__ProductDensity,-0.25219967172595686,0.25219967172595686,Decreases Churn Risk,6
15603221,0.12738834964678897,num__IsActiveMember,-0.23083796953083793,0.23083796953083793,Decreases Churn Risk,7
15603221,0.12738834964678897,num__EngagementScore,0.16920352228196803,0.16920352228196803,Increases Churn Risk,8
15603221,0.12738834964678897,cat__Geography_Spain,-0.13987635733461246,0.13987635733461246,Decreases Churn Risk,9
15603221,0.12738834964678897,num__HasCrCard,-0.07184587291025915,0.07184587291025915,Decreases Churn Risk,10
15813532,0.09484149147563009,num__NumOfProducts,-1.285752956664246,1.285752956664246,Decreases Churn Risk,1
15813532,0.09484149147563009,num__Tenure,-0.38444875428773356,0.38444875428773356,Decreases Churn Risk,2
15813532,0.09484149147563009,num__Age,-0.36969100819791245,0.36969100819791245,Decreases Churn Risk,3
15813532,0.09484149147563009,cat__Geography_Germany,-0.21799432942865643,0.21799432942865643,Decreases Churn Risk,4
15813532,0.09484149147563009,cat__Geography_Spain,-0.18378422267287875,0.18378422267287875,Decreases Churn Risk,5
15813532,0.09484149147563009,num__IsActiveMember,0.16795304103118366,0.16795304103118366,Increases Churn Risk,6
15813532,0.09484149147563009,num__HasBalance,-0.14288778490368345,0.14288778490368345,Decreases Churn Risk,7
15813532,0.09484149147563009,num__EngagementScore,-0.09908259219002796,0.09908259219002796,Decreases Churn Risk,8
15813532,0.09484149147563009,num__EstimatedSalary,-0.09357010212513941,0.09357010212513941,Decreases Churn Risk,9
15813532,0.09484149147563009,num__Balance,-0.08106692238558601,0.08106692238558601,Decreases Churn Risk,10
15674254,0.0822405999285968,num__NumOfProducts,-1.323240588001757,1.323240588001757,Decreases Churn Risk,1
15674254,0.0822405999285968,num__Age,0.4628465636152972,0.4628465636152972,Increases Churn Risk,2
15674254,0.0822405999285968,cat__Geography_Spain,-0.3906773536591481,0.3906773536591481,Decreases Churn Risk,3
15674254,0.0822405999285968,num__IsActiveMember,-0.3493019260995263,0.3493019260995263,Decreases Churn Risk,4
15674254,0.0822405999285968,num__EngagementScore,-0.3071236150219721,0.3071236150219721,Decreases Churn Risk,5
15674254,0.0822405999285968,num__EstimatedSalary,-0.28653373556573747,0.28653373556573747,Decreases Churn Risk,6
15674254,0.0822405999285968,cat__Geography_Germany,-0.24969566083318562,0.24969566083318562,Decreases Churn Risk,7
15674254,0.0822405999285968,num__HasBalance,-0.16103498512569173,0.16103498512569173,Decreases Churn Risk,8
15674254,0.0822405999285968,num__ProductDensity,-0.12215638294186365,0.12215638294186365,Decreases Churn Risk,9
15674254,0.0822405999285968,num__BalanceSalaryRatio,-0.10693437297315492,0.10693437297315492,Decreases Churn Risk,10
15626044,0.07004159155976375,num__Age,-1.2129437347950334,1.2129437347950334,Decreases Churn Risk,1
15626044,0.07004159155976375,num__NumOfProducts,-1.056953928538544,1.056953928538544,Decreases Churn Risk,2
15626044,0.07004159155976375,cat__Gender_Male,-0.5710203905188652,0.5710203905188652,Decreases Churn Risk,3
15626044,0.07004159155976375,cat__Geography_Germany,0.3601942598276235,0.3601942598276235,Increases Churn Risk,4
15626044,0.07004159155976375,num__IsActiveMember,-0.2996937194248715,0.2996937194248715,Decreases Churn Risk,5
15626044,0.07004159155976375,num__Balance,0.23412757783213545,0.23412757783213545,Increases Churn Risk,6
15626044,0.07004159155976375,num__EngagementScore,-0.1595312348459605,0.1595312348459605,Decreases Churn Risk,7
15626044,0.07004159155976375,cat__Geography_Spain,-0.15576626345629907,0.15576626345629907,Decreases Churn Risk,8
15626044,0.07004159155976375,num__Tenure,-0.1396586569234062,0.1396586569234062,Decreases Churn Risk,9
15626044,0.07004159155976375,num__ProductDensity,-0.12802551701126222,0.12802551701126222,Decreases Churn Risk,10
15673929,0.038938522478888835,num__NumOfProducts,-1.265774554682587,1.265774554682587,Decreases Churn Risk,1
15673929,0.038938522478888835,num__IsActiveMember,-0.9809898033890136,0.9809898033890136,Decreases Churn Risk,2
15673929,0.038938522478888835,cat__Gender_Male,-0.6300781597259982,0.6300781597259982,Decreases Churn Risk,3
15673929,0.038938522478888835,num__Age,0.32327700804830584,0.32327700804830584,Increases Churn Risk,4
15673929,0.038938522478888835,cat__Geography_Germany,-0.30429285137592615,0.30429285137592615,Decreases Churn Risk,5
15673929,0.038938522478888835,num__EngagementScore,-0.27353247399793573,0.27353247399793573,Decreases Churn Risk,6
15673929,0.038938522478888835,cat__Geography_Spain,-0.15573097626759055,0.15573097626759055,Decreases Churn Risk,7
15673929,0.038938522478888835,num__HasBalance,-0.14613955200258597,0.14613955200258597,Decreases Churn Risk,8
15673929,0.038938522478888835,num__CustomerValue,-0.07845913505924497,0.07845913505924497,Decreases Churn Risk,9
15673929,0.038938522478888835,num__EstimatedSalary,0.07161802276639145,0.07161802276639145,Increases Churn Risk,10
15611171,0.03068396492111164,num__Age,-1.1946745002013894,1.1946745002013894,Decreases Churn Risk,1
15611171,0.03068396492111164,cat__Gender_Male,-0.6260732400722331,0.6260732400722331,Decreases Churn Risk,2
15611171,0.03068396492111164,num__AgeTenureInteraction,-0.6008951644387343,0.6008951644387343,Decreases Churn Risk,3
15611171,0.03068396492111164,cat__Geography_Germany,-0.5800354238243913,0.5800354238243913,Decreases Churn Risk,4
15611171,0.03068396492111164,num__IsActiveMember,-0.31221490845031075,0.31221490845031075,Decreases Churn Risk,5
15611171,0.03068396492111164,cat__Geography_Spain,-0.21717796874870235,0.21717796874870235,Decreases Churn Risk,6
15611171,0.03068396492111164,num__EngagementScore,-0.14359090495833055,0.14359090495833055,Decreases Churn Risk,7
15611171,0.03068396492111164,num__ProductDensity,-0.13419937955005606,0.13419937955005606,Decreases Churn Risk,8
15611171,0.03068396492111164,num__NumOfProducts,0.11983770059152139,0.11983770059152139,Increases Churn Risk,9
15611171,0.03068396492111164,num__BalanceSalaryRatio,-0.049064893783690874,0.049064893783690874,Decreases Churn Risk,10
15695168,0.037057721702662645,num__NumOfProducts,-1.3022215362202363,1.3022215362202363,Decreases Churn Risk,1
15695168,0.037057721702662645,cat__Gender_Male,-0.7553516440914133,0.7553516440914133,Decreases Churn Risk,2
15695168,0.037057721702662645,num__Age,-0.47448082581680123,0.47448082581680123,Decreases Churn Risk,3
15695168,0.037057721702662645,cat__Geography_Germany,-0.2688736502076997,0.2688736502076997,Decreases Churn Risk,4
15695168,0.037057721702662645,cat__Geography_Spain,-0.18423870413626942,0.18423870413626942,Decreases Churn Risk,5
15695168,0.037057721702662645,num__Tenure,-0.1743860657761278,0.1743860657761278,Decreases Churn Risk,6
15695168,0.037057721702662645,num__EngagementScore,-0.1699920773172528,0.1699920773172528,Decreases Churn Risk,7
15695168,0.037057721702662645,num__IsActiveMember,0.1688323142882646,0.1688323142882646,Increases Churn Risk,8
15695168,0.037057721702662645,num__HasBalance,-0.14288778490368345,0.14288778490368345,Decreases Churn Risk,9
15695168,0.037057721702662645,num__Balance,-0.13009220829799273,0.13009220829799273,Decreases Churn Risk,10
15728523,0.13047407292051857,cat__Gender_Male,-0.6385781827803824,0.6385781827803824,Decreases Churn Risk,1
15728523,0.13047407292051857,cat__Geography_Germany,-0.588036285817528,0.588036285817528,Decreases Churn Risk,2
15728523,0.13047407292051857,num__Tenure,-0.3902187753065078,0.3902187753065078,Decreases Churn Risk,3
15728523,0.13047407292051857,num__IsActiveMember,-0.3260814390412844,0.3260814390412844,Decreases Churn Risk,4
15728523,0.13047407292051857,num__EngagementScore,-0.1838264817774935,0.1838264817774935,Decreases Churn Risk,5
15728523,0.13047407292051857,num__NumOfProducts,0.1558528502258901,0.1558528502258901,Increases Churn Risk,6
15728523,0.13047407292051857,cat__Geography_Spain,-0.15326847572463279,0.15326847572463279,Decreases Churn Risk,7
15728523,0.13047407292051857,num__BalanceSalaryRatio,0.12704512885850325,0.12704512885850325,Increases Churn Risk,8
15728523,0.13047407292051857,num__Age,-0.12652087280982152,0.12652087280982152,Decreases Churn Risk,9
15728523,0.13047407292051857,num__Balance,-0.07253963549241305,0.07253963549241305,Decreases Churn Risk,10
15574331,0.7623531754587954,num__Age,0.9940316128618624,0.9940316128618624,Increases Churn Risk,1
15574331,0.7623531754587954,num__IsActiveMember,-0.7733656692349604,0.7733656692349604,Decreases Churn Risk,2
15574331,0.7623531754587954,cat__Geography_Germany,0.4443950429490138,0.4443950429490138,Increases Churn Risk,3
15574331,0.7623531754587954,num__NumOfProducts,0.27878834098623423,0.27878834098623423,Increases Churn Risk,4
15574331,0.7623531754587954,num__Balance,0.13223011342623991,0.13223011342623991,Increases Churn Risk,5
15574331,0.7623531754587954,num__EngagementScore,0.1317384744548599,0.1317384744548599,Increases Churn Risk,6
15574331,0.7623531754587954,cat__Geography_Spain,-0.10036044253602815,0.10036044253602815,Decreases Churn Risk,7
15574331,0.7623531754587954,num__Tenure,-0.09991370967063574,0.09991370967063574,Decreases Churn Risk,8
15574331,0.7623531754587954,cat__Gender_Male,-0.09746105325796171,0.09746105325796171,Decreases Churn Risk,9
15574331,0.7623531754587954,num__BalanceSalaryRatio,0.08608976136889777,0.08608976136889777,Increases Churn Risk,10
15618243,0.18416361992674232,cat__Geography_Germany,-0.5444375443042082,0.5444375443042082,Decreases Churn Risk,1
15618243,0.18416361992674232,cat__Geography_Spain,-0.49529137453990035,0.49529137453990035,Decreases Churn Risk,2
15618243,0.18416361992674232,num__IsActiveMember,-0.39109293031707915,0.39109293031707915,Decreases Churn Risk,3
15618243,0.18416361992674232,num__Age,0.32435898118935047,0.32435898118935047,Increases Churn Risk,4
15618243,0.18416361992674232,num__EstimatedSalary,-0.3172637269567624,0.3172637269567624,Decreases Churn Risk,5
15618243,0.18416361992674232,num__AgeTenureInteraction,-0.19799035066018836,0.19799035066018836,Decreases Churn Risk,6
15618243,0.18416361992674232,num__EngagementScore,-0.173835510573461,0.173835510573461,Decreases Churn Risk,7
15618243,0.18416361992674232,num__ProductDensity,-0.1723399394120703,0.1723399394120703,Decreases Churn Risk,8
15618243,0.18416361992674232,num__NumOfProducts,0.13156630061617106,0.13156630061617106,Increases Churn Risk,9
15618243,0.18416361992674232,num__CustomerValue,0.061856475099382885,0.061856475099382885,Increases Churn Risk,10
15591010,0.860682441197886,num__Age,2.148202462566791,2.148202462566791,Increases Churn Risk,1
15591010,0.860682441197886,num__NumOfProducts,-1.0538006060007277,1.0538006060007277,Decreases Churn Risk,2
15591010,0.860682441197886,num__IsActiveMember,0.5359895369061681,0.5359895369061681,Increases Churn Risk,3
15591010,0.860682441197886,cat__Gender_Male,-0.4220846527158358,0.4220846527158358,Decreases Churn Risk,4
15591010,0.860682441197886,cat__Geography_Germany,0.39416030805140234,0.39416030805140234,Increases Churn Risk,5
15591010,0.860682441197886,num__Balance,0.23708077947927703,0.23708077947927703,Increases Churn Risk,6
15591010,0.860682441197886,num__Tenure,-0.1487853392311018,0.1487853392311018,Decreases Churn Risk,7
15591010,0.860682441197886,num__EngagementScore,-0.14513954928400968,0.14513954928400968,Decreases Churn Risk,8
15591010,0.860682441197886,cat__Geography_Spain,-0.13408322020975097,0.13408322020975097,Decreases Churn Risk,9
15591010,0.860682441197886,num__ProductDensity,-0.09848263568472446,0.09848263568472446,Decreases Churn Risk,10
15611058,0.2764082160247947,num__NumOfProducts,-1.0399527134175839,1.0399527134175839,Decreases Churn Risk,1
15611058,0.2764082160247947,num__IsActiveMember,-0.8321752772851814,0.8321752772851814,Decreases Churn Risk,2
15611058,0.2764082160247947,num__Age,0.800941093987889,0.800941093987889,Increases Churn Risk,3
15611058,0.2764082160247947,num__Tenure,-0.3470005308185962,0.3470005308185962,Decreases Churn Risk,4
15611058,0.2764082160247947,cat__Geography_Germany,0.292063565665316,0.292063565665316,Increases Churn Risk,5
15611058,0.2764082160247947,num__EngagementScore,-0.24794383719085597,0.24794383719085597,Decreases Churn Risk,6
15611058,0.2764082160247947,num__BalanceSalaryRatio,0.20846505670646195,0.20846505670646195,Increases Churn Risk,7
15611058,0.2764082160247947,cat__Geography_Spain,-0.12906509954534215,0.12906509954534215,Decreases Churn Risk,8
15611058,0.2764082160247947,num__EstimatedSalary,-0.11016981170934828,0.11016981170934828,Decreases Churn Risk,9
15611058,0.2764082160247947,num__HasBalance,0.053996977875274084,0.053996977875274084,Increases Churn Risk,10
15632503,0.3957377567805879,num__Age,-1.034064032075617,1.034064032075617,Decreases Churn Risk,1
15632503,0.3957377567805879,num__AgeTenureInteraction,-0.5899852858594946,0.5899852858594946,Decreases Churn Risk,2
15632503,0.3957377567805879,num__EstimatedSalary,0.5540567575054098,0.5540567575054098,Increases Churn Risk,3
15632503,0.3957377567805879,cat__Geography_Germany,-0.4635898862602605,0.4635898862602605,Decreases Churn Risk,4
15632503,0.3957377567805879,num__CustomerValue,0.41112628308105453,0.41112628308105453,Increases Churn Risk,5
15632503,0.3957377567805879,num__Tenure,0.3202184877697726,0.3202184877697726,Increases Churn Risk,6
15632503,0.3957377567805879,cat__Geography_Spain,-0.23889562316282298,0.23889562316282298,Decreases Churn Risk,7
15632503,0.3957377567805879,num__IsActiveMember,0.20622208210363197,0.20622208210363197,Increases Churn Risk,8
15632503,0.3957377567805879,num__NumOfProducts,0.13092964113734223,0.13092964113734223,Increases Churn Risk,9
15632503,0.3957377567805879,num__Balance,-0.1038927165675789,0.1038927165675789,Decreases Churn Risk,10
15774262,0.2151845453932306,num__Age,1.3899154226506376,1.3899154226506376,Increases Churn Risk,1
15774262,0.2151845453932306,num__NumOfProducts,-1.1528522349212562,1.1528522349212562,Decreases Churn Risk,2
15774262,0.2151845453932306,cat__Gender_Male,-0.5743511141438398,0.5743511141438398,Decreases Churn Risk,3
15774262,0.2151845453932306,num__IsActiveMember,-0.5054176969382149,0.5054176969382149,Decreases Churn Risk,4
15774262,0.2151845453932306,num__Balance,-0.49796370218696634,0.49796370218696634,Decreases Churn Risk,5
15774262,0.2151845453932306,num__EngagementScore,-0.2579578761171403,0.2579578761171403,Decreases Churn Risk,6
15774262,0.2151845453932306,num__Tenure,-0.1568913759567628,0.1568913759567628,Decreases Churn Risk,7
15774262,0.2151845453932306,cat__Geography_Germany,0.12013553663363892,0.12013553663363892,Increases Churn Risk,8
15774262,0.2151845453932306,cat__Geography_Spain,-0.11934664757510545,0.11934664757510545,Decreases Churn Risk,9
15774262,0.2151845453932306,num__EstimatedSalary,0.07995293968884552,0.07995293968884552,Increases Churn Risk,10
15716085,0.6514198914342969,num__NumOfProducts,0.4669709780102433,0.4669709780102433,Increases Churn Risk,1
15716085,0.6514198914342969,num__EstimatedSalary,0.4044028840058945,0.4044028840058945,Increases Churn Risk,2
15716085,0.6514198914342969,cat__Geography_Spain,-0.33861767281224064,0.33861767281224064,Decreases Churn Risk,3
15716085,0.6514198914342969,num__Balance,0.31317972446273845,0.31317972446273845,Increases Churn Risk,4
15716085,0.6514198914342969,num__ProductDensity,-0.30568806036259544,0.30568806036259544,Decreases Churn Risk,5
15716085,0.6514198914342969,num__Age,-0.2866369384562361,0.2866369384562361,Decreases Churn Risk,6
15716085,0.6514198914342969,num__IsActiveMember,0.28420225221894324,0.28420225221894324,Increases Churn Risk,7
15716085,0.6514198914342969,cat__Geography_Germany,-0.2489843247587954,0.2489843247587954,Decreases Churn Risk,8
15716085,0.6514198914342969,num__Tenure,-0.1728162602046202,0.1728162602046202,Decreases Churn Risk,9
15716085,0.6514198914342969,num__EngagementScore,0.11597989570621998,0.11597989570621998,Increases Churn Risk,10
15684512,0.03753512592129711,num__NumOfProducts,-1.1110300642695925,1.1110300642695925,Decreases Churn Risk,1
15684512,0.03753512592129711,num__Age,-0.9112055401577975,0.9112055401577975,Decreases Churn Risk,2
15684512,0.03753512592129711,num__IsActiveMember,-0.8501236230695107,0.8501236230695107,Decreases Churn Risk,3
15684512,0.03753512592129711,num__CreditScore,-0.5209205263946766,0.5209205263946766,Decreases Churn Risk,4
15684512,0.03753512592129711,cat__Geography_Germany,0.24914919771240124,0.24914919771240124,Increases Churn Risk,5
15684512,0.03753512592129711,num__Tenure,-0.17811614974338008,0.17811614974338008,Decreases Churn Risk,6
15684512,0.03753512592129711,num__EngagementScore,-0.13963206745903978,0.13963206745903978,Decreases Churn Risk,7
15684512,0.03753512592129711,cat__Geography_Spain,-0.1273418257253783,0.1273418257253783,Decreases Churn Risk,8
15684512,0.03753512592129711,num__ProductDensity,-0.12196527669497159,0.12196527669497159,Decreases Churn Risk,9
15684512,0.03753512592129711,num__HasBalance,0.04228610650485355,0.04228610650485355,Increases Churn Risk,10
15798844,0.8885452606925313,num__Age,2.180719852437261,2.180719852437261,Increases Churn Risk,1
15798844,0.8885452606925313,num__IsActiveMember,0.5415567913510592,0.5415567913510592,Increases Churn Risk,2
15798844,0.8885452606925313,cat__Geography_Germany,-0.4969963477783671,0.4969963477783671,Decreases Churn Risk,3
15798844,0.8885452606925313,cat__Gender_Male,-0.45534273020876126,0.45534273020876126,Decreases Churn Risk,4
15798844,0.8885452606925313,num__EstimatedSalary,0.3297291866579525,0.3297291866579525,Increases Churn Risk,5
15798844,0.8885452606925313,num__Tenure,-0.29801188856609334,0.29801188856609334,Decreases Churn Risk,6
15798844,0.8885452606925313,num__EngagementScore,0.24585940500680742,0.24585940500680742,Increases Churn Risk,7
15798844,0.8885452606925313,num__NumOfProducts,0.20277574696233705,0.20277574696233705,Increases Churn Risk,8
15798844,0.8885452606925313,num__ProductDensity,-0.19536654200126327,0.19536654200126327,Decreases Churn Risk,9
15798844,0.8885452606925313,cat__Geography_Spain,-0.14953420415173344,0.14953420415173344,Decreases Churn Risk,10
15625311,0.437674614233092,cat__Geography_Germany,0.3924281207459515,0.3924281207459515,Increases Churn Risk,1
15625311,0.437674614233092,num__Tenure,-0.3185731591195918,0.3185731591195918,Decreases Churn Risk,2
15625311,0.437674614233092,num__NumOfProducts,0.27480432859766785,0.27480432859766785,Increases Churn Risk,3
15625311,0.437674614233092,num__IsActiveMember,-0.24924190627316764,0.24924190627316764,Decreases Churn Risk,4
15625311,0.437674614233092,num__Balance,-0.2310147350859257,0.2310147350859257,Decreases Churn Risk,5
15625311,0.437674614233092,num__ProductDensity,-0.21779262356147722,0.21779262356147722,Decreases Churn Risk,6
15625311,0.437674614233092,cat__Geography_Spain,-0.11982405810689092,0.11982405810689092,Decreases Churn Risk,7
15625311,0.437674614233092,num__Age,-0.08279752521112206,0.08279752521112206,Decreases Churn Risk,8
15625311,0.437674614233092,num__EngagementScore,-0.07666995760082033,0.07666995760082033,Decreases Churn Risk,9
15625311,0.437674614233092,cat__Gender_Male,-0.0383091108343466,0.0383091108343466,Decreases Churn Risk,10
15670492,0.026812057982143225,num__Age,-1.3259963827922743,1.3259963827922743,Decreases Churn Risk,1
15670492,0.026812057982143225,num__NumOfProducts,-1.095487987175727,1.095487987175727,Decreases Churn Risk,2
15670492,0.026812057982143225,cat__Gender_Male,-0.6372077783651915,0.6372077783651915,Decreases Churn Risk,3
15670492,0.026812057982143225,cat__Geography_Germany,-0.2497820847869592,0.2497820847869592,Decreases Churn Risk,4
15670492,0.026812057982143225,cat__Geography_Spain,-0.20732985790462197,0.20732985790462197,Decreases Churn Risk,5
15670492,0.026812057982143225,num__IsActiveMember,0.1830891166933834,0.1830891166933834,Increases Churn Risk,6
15670492,0.026812057982143225,num__EngagementScore,-0.15335712981490388,0.15335712981490388,Decreases Churn Risk,7
15670492,0.026812057982143225,num__Tenure,-0.1501556918472791,0.1501556918472791,Decreases Churn Risk,8
15670492,0.026812057982143225,num__Balance,-0.14118535404018,0.14118535404018,Decreases Churn Risk,9
15670492,0.026812057982143225,num__HasBalance,-0.13030917864040684,0.13030917864040684,Decreases Churn Risk,10
15613699,0.9108089209357532,num__Age,1.8558535924638484,1.8558535924638484,Increases Churn Risk,1
15613699,0.9108089209357532,num__IsActiveMember,0.6671083338568312,0.6671083338568312,Increases Churn Risk,2
15613699,0.9108089209357532,num__Tenure,-0.32607859393557537,0.32607859393557537,Decreases Churn Risk,3
15613699,0.9108089209357532,num__Balance,-0.260820769374117,0.260820769374117,Decreases Churn Risk,4
15613699,0.9108089209357532,cat__Geography_Germany,-0.2394941673963627,0.2394941673963627,Decreases Churn Risk,5
15613699,0.9108089209357532,num__NumOfProducts,0.22333722825550018,0.22333722825550018,Increases Churn Risk,6
15613699,0.9108089209357532,num__EngagementScore,0.22157809418217886,0.22157809418217886,Increases Churn Risk,7
15613699,0.9108089209357532,num__ProductDensity,-0.21737637666523146,0.21737637666523146,Decreases Churn Risk,8
15613699,0.9108089209357532,cat__Geography_Spain,-0.14983337596071739,0.14983337596071739,Decreases Churn Risk,9
15613699,0.9108089209357532,num__EstimatedSalary,0.12093584566925134,0.12093584566925134,Increases Churn Risk,10
15608381,0.9102074472193468,num__Age,1.2296391250334393,1.2296391250334393,Increases Churn Risk,1
15608381,0.9102074472193468,cat__Geography_Germany,0.5097167767798677,0.5097167767798677,Increases Churn Risk,2
15608381,0.9102074472193468,cat__Gender_Male,-0.4109816667024176,0.4109816667024176,Decreases Churn Risk,3
15608381,0.9102074472193468,num__IsActiveMember,0.32099188167603565,0.32099188167603565,Increases Churn Risk,4
15608381,0.9102074472193468,num__NumOfProducts,0.3097104765801623,0.3097104765801623,Increases Churn Risk,5
15608381,0.9102074472193468,num__BalanceSalaryRatio,0.2136978591924338,0.2136978591924338,Increases Churn Risk,6
15608381,0.9102074472193468,num__Balance,0.20535778068197982,0.20535778068197982,Increases Churn Risk,7
15608381,0.9102074472193468,num__Tenure,-0.20350110345814437,0.20350110345814437,Decreases Churn Risk,8
15608381,0.9102074472193468,num__AgeTenureInteraction,-0.17432844751754673,0.17432844751754673,Decreases Churn Risk,9
15608381,0.9102074472193468,num__EngagementScore,0.1681534772572881,0.1681534772572881,Increases Churn Risk,10
15659820,0.05581941489353211,num__NumOfProducts,-1.297751666240435,1.297751666240435,Decreases Churn Risk,1
15659820,0.05581941489353211,num__Age,-1.1699876575268775,1.1699876575268775,Decreases Churn Risk,2
15659820,0.05581941489353211,num__Tenure,-0.30614022986186734,0.30614022986186734,Decreases Churn Risk,3
15659820,0.05581941489353211,cat__Geography_Germany,-0.22398153226800652,0.22398153226800652,Decreases Churn Risk,4
15659820,0.05581941489353211,cat__Geography_Spain,-0.1889552145901028,0.1889552145901028,Decreases Churn Risk,5
15659820,0.05581941489353211,num__IsActiveMember,0.18701707573085352,0.18701707573085352,Increases Churn Risk,6
15659820,0.05581941489353211,num__HasBalance,-0.13030917864040684,0.13030917864040684,Decreases Churn Risk,7
15659820,0.05581941489353211,num__EngagementScore,-0.0946185742421098,0.0946185742421098,Decreases Churn Risk,8
15659820,0.05581941489353211,num__Balance,-0.057930974348894895,0.057930974348894895,Decreases Churn Risk,9
15659820,0.05581941489353211,num__CreditScore,0.049395070653777615,0.049395070653777615,Increases Churn Risk,10
15630363,0.23701991974632583,num__AgeTenureInteraction,-0.5486258637624704,0.5486258637624704,Decreases Churn Risk,1
15630363,0.23701991974632583,cat__Geography_Germany,-0.5304435648384871,0.5304435648384871,Decreases Churn Risk,2
15630363,0.23701991974632583,num__Tenure,0.39091745754307766,0.39091745754307766,Increases Churn Risk,3
15630363,0.23701991974632583,num__Age,-0.33845175880593437,0.33845175880593437,Decreases Churn Risk,4
15630363,0.23701991974632583,cat__Geography_Spain,-0.20377101702729458,0.20377101702729458,Decreases Churn Risk,5
15630363,0.23701991974632583,num__HasCrCard,-0.18617024807267965,0.18617024807267965,Decreases Churn Risk,6
15630363,0.23701991974632583,num__IsActiveMember,0.17503662242988374,0.17503662242988374,Increases Churn Risk,7
15630363,0.23701991974632583,num__Balance,-0.13572987690150096,0.13572987690150096,Decreases Churn Risk,8
15630363,0.23701991974632583,num__ProductDensity,-0.11292877810764738,0.11292877810764738,Decreases Churn Risk,9
15630363,0.23701991974632583,num__EngagementScore,0.09497149677406291,0.09497149677406291,Increases Churn Risk,10
15633378,0.3189532520754458,num__NumOfProducts,-1.253768403978841,1.253768403978841,Decreases Churn Risk,1
15633378,0.3189532520754458,num__Age,0.9516355378800158,0.9516355378800158,Increases Churn Risk,2
15633378,0.3189532520754458,cat__Geography_Spain,-0.3060957948938145,0.3060957948938145,Decreases Churn Risk,3
15633378,0.3189532520754458,cat__Geography_Germany,-0.2687726036845441,0.2687726036845441,Decreases Churn Risk,4
15633378,0.3189532520754458,num__IsActiveMember,0.26385598371274893,0.26385598371274893,Increases Churn Risk,5
15633378,0.3189532520754458,num__EngagementScore,-0.22223205805534282,0.22223205805534282,Decreases Churn Risk,6
15633378,0.3189532520754458,num__Tenure,-0.2017043555365208,0.2017043555365208,Decreases Churn Risk,7
15633378,0.3189532520754458,num__HasBalance,-0.16103498512569173,0.16103498512569173,Decreases Churn Risk,8
15633378,0.3189532520754458,num__EstimatedSalary,0.1252786182195273,0.1252786182195273,Increases Churn Risk,9
15633378,0.3189532520754458,num__BalanceSalaryRatio,-0.08667529887555041,0.08667529887555041,Decreases Churn Risk,10
15791342,0.051383647967965476,num__Age,-0.8785577231079216,0.8785577231079216,Decreases Churn Risk,1
15791342,0.051383647967965476,cat__Gender_Male,-0.6445573606973797,0.6445573606973797,Decreases Churn Risk,2
15791342,0.051383647967965476,num__AgeTenureInteraction,-0.4949593576129025,0.4949593576129025,Decreases Churn Risk,3
15791342,0.051383647967965476,cat__Geography_Germany,-0.37706224643429886,0.37706224643429886,Decreases Churn Risk,4
15791342,0.051383647967965476,num__Balance,-0.3076862337527393,0.3076862337527393,Decreases Churn Risk,5
15791342,0.051383647967965476,num__IsActiveMember,-0.2654957653948089,0.2654957653948089,Decreases Churn Risk,6
15791342,0.051383647967965476,num__EngagementScore,-0.1439587556308172,0.1439587556308172,Decreases Churn Risk,7
15791342,0.051383647967965476,num__ProductDensity,-0.13857454627830912,0.13857454627830912,Decreases Churn Risk,8
15791342,0.051383647967965476,num__NumOfProducts,0.09773753126762502,0.09773753126762502,Increases Churn Risk,9
15791342,0.051383647967965476,cat__Geography_Spain,-0.08880255117000012,0.08880255117000012,Decreases Churn Risk,10
15600379,0.07174743119891076,num__Age,-0.9024043963262951,0.9024043963262951,Decreases Churn Risk,1
15600379,0.07174743119891076,cat__Gender_Male,-0.5736444481572563,0.5736444481572563,Decreases Churn Risk,2
15600379,0.07174743119891076,cat__Geography_Germany,-0.37735901410056877,0.37735901410056877,Decreases Churn Risk,3
15600379,0.07174743119891076,num__Tenure,-0.30106215143521214,0.30106215143521214,Decreases Churn Risk,4
15600379,0.07174743119891076,num__Balance,-0.2715360426611995,0.2715360426611995,Decreases Churn Risk,5
15600379,0.07174743119891076,cat__Geography_Spain,-0.25929516988915235,0.25929516988915235,Decreases Churn Risk,6
15600379,0.07174743119891076,num__IsActiveMember,-0.25148182600467006,0.25148182600467006,Decreases Churn Risk,7
15600379,0.07174743119891076,num__ProductDensity,-0.20300457223482746,0.20300457223482746,Decreases Churn Risk,8
15600379,0.07174743119891076,num__EngagementScore,0.15965368124903842,0.15965368124903842,Increases Churn Risk,9
15600379,0.07174743119891076,num__NumOfProducts,0.13686011453456767,0.13686011453456767,Increases Churn Risk,10
15672598,0.07035880187395185,num__Age,-0.9854622757560975,0.9854622757560975,Decreases Churn Risk,1
15672598,0.07035880187395185,cat__Gender_Male,-0.6648889149703868,0.6648889149703868,Decreases Churn Risk,2
15672598,0.07035880187395185,cat__Geography_Germany,-0.545522038324882,0.545522038324882,Decreases Churn Risk,3
15672598,0.07035880187395185,num__IsActiveMember,-0.3433563817232265,0.3433563817232265,Decreases Churn Risk,4
15672598,0.07035880187395185,num__Tenure,-0.2321728553812126,0.2321728553812126,Decreases Churn Risk,5
15672598,0.07035880187395185,cat__Geography_Spain,-0.2111928986090878,0.2111928986090878,Decreases Churn Risk,6
15672598,0.07035880187395185,num__EngagementScore,-0.14492474685313733,0.14492474685313733,Decreases Churn Risk,7
15672598,0.07035880187395185,num__NumOfProducts,0.11790885499941801,0.11790885499941801,Increases Churn Risk,8
15672598,0.07035880187395185,num__CustomerValue,0.08703449935061378,0.08703449935061378,Increases Churn Risk,9
15672598,0.07035880187395185,num__ProductDensity,-0.0763241175064286,0.0763241175064286,Decreases Churn Risk,10
15604138,0.24575132546787787,num__Age,-1.2740205950865209,1.2740205950865209,Decreases Churn Risk,1
15604138,0.24575132546787787,cat__Gender_Male,-0.62353922843214,0.62353922843214,Decreases Churn Risk,2
15604138,0.24575132546787787,num__NumOfProducts,0.4345361095927211,0.4345361095927211,Increases Churn Risk,3
15604138,0.24575132546787787,cat__Geography_Germany,-0.3133445210330333,0.3133445210330333,Decreases Churn Risk,4
15604138,0.24575132546787787,num__IsActiveMember,0.23486985679970884,0.23486985679970884,Increases Churn Risk,5
15604138,0.24575132546787787,num__Balance,0.19728949850578154,0.19728949850578154,Increases Churn Risk,6
15604138,0.24575132546787787,cat__Geography_Spain,-0.19263993469853274,0.19263993469853274,Decreases Churn Risk,7
15604138,0.24575132546787787,num__EngagementScore,0.17395346304831955,0.17395346304831955,Increases Churn Risk,8
15604138,0.24575132546787787,num__Tenure,-0.1561292824385754,0.1561292824385754,Decreases Churn Risk,9
15604138,0.24575132546787787,num__EstimatedSalary,0.14709155182796657,0.14709155182796657,Increases Churn Risk,10
15585734,0.06979677474585759,num__NumOfProducts,-1.3366010448796581,1.3366010448796581,Decreases Churn Risk,1
15585734,0.06979677474585759,cat__Gender_Male,-0.7045132718812633,0.7045132718812633,Decreases Churn Risk,2
15585734,0.06979677474585759,num__CreditScore,-0.42094152581191485,0.42094152581191485,Decreases Churn Risk,3
15585734,0.06979677474585759,num__IsActiveMember,-0.3451392638841757,0.3451392638841757,Decreases Churn Risk,4
15585734,0.06979677474585759,cat__Geography_Germany,0.30254229426588425,0.30254229426588425,Increases Churn Risk,5
15585734,0.06979677474585759,num__Tenure,-0.2181100891487822,0.2181100891487822,Decreases Churn Risk,6
15585734,0.06979677474585759,num__Age,-0.1773384741016727,0.1773384741016727,Decreases Churn Risk,7
15585734,0.06979677474585759,num__EngagementScore,-0.15093425291893556,0.15093425291893556,Decreases Churn Risk,8
15585734,0.06979677474585759,cat__Geography_Spain,-0.14050940956942296,0.14050940956942296,Decreases Churn Risk,9
15585734,0.06979677474585759,num__BalanceSalaryRatio,0.08085930772462163,0.08085930772462163,Increases Churn Risk,10
15786789,0.04134071327864711,num__NumOfProducts,-1.3091529682322238,1.3091529682322238,Decreases Churn Risk,1
15786789,0.04134071327864711,num__Age,-1.0711067055406573,1.0711067055406573,Decreases Churn Risk,2
15786789,0.04134071327864711,num__Tenure,-0.3032196583758388,0.3032196583758388,Decreases Churn Risk,3
15786789,0.04134071327864711,num__IsActiveMember,-0.22766653594050607,0.22766653594050607,Decreases Churn Risk,4
15786789,0.04134071327864711,cat__Geography_Germany,-0.21626969310215557,0.21626969310215557,Decreases Churn Risk,5
15786789,0.04134071327864711,cat__Geography_Spain,-0.18182095585134453,0.18182095585134453,Decreases Churn Risk,6
15786789,0.04134071327864711,num__HasBalance,-0.13030917864040684,0.13030917864040684,Decreases Churn Risk,7
15786789,0.04134071327864711,num__EngagementScore,-0.1044768810900227,0.1044768810900227,Decreases Churn Risk,8
15786789,0.04134071327864711,num__AgeTenureInteraction,0.04362883114243878,0.04362883114243878,Increases Churn Risk,9
15786789,0.04134071327864711,num__Balance,-0.041949663608873575,0.041949663608873575,Decreases Churn Risk,10
15715199,0.04876157979549123,num__Age,-1.1330033421393306,1.1330033421393306,Decreases Churn Risk,1
15715199,0.04876157979549123,num__NumOfProducts,-0.7322677666255205,0.7322677666255205,Decreases Churn Risk,2
15715199,0.04876157979549123,cat__Gender_Male,-0.6221445095228723,0.6221445095228723,Decreases Churn Risk,3
15715199,0.04876157979549123,num__Tenure,-0.32888777290479276,0.32888777290479276,Decreases Churn Risk,4
15715199,0.04876157979549123,cat__Geography_Germany,-0.3197054893316373,0.3197054893316373,Decreases Churn Risk,5
15715199,0.04876157979549123,num__IsActiveMember,-0.23215259080523842,0.23215259080523842,Decreases Churn Risk,6
15715199,0.04876157979549123,num__EngagementScore,-0.13511487756839194,0.13511487756839194,Decreases Churn Risk,7
15715199,0.04876157979549123,num__BalanceSalaryRatio,0.11336999933856368,0.11336999933856368,Increases Churn Risk,8
15715199,0.04876157979549123,num__Balance,0.10911011617192257,0.10911011617192257,Increases Churn Risk,9
15715199,0.04876157979549123,cat__Geography_Spain,-0.09827032338941667,0.09827032338941667,Decreases Churn Risk,10
15645355,0.337191084477491,num__Age,-0.9995232180148925,0.9995232180148925,Decreases Churn Risk,1
15645355,0.337191084477491,cat__Geography_Germany,0.631358557664384,0.631358557664384,Increases Churn Risk,2
15645355,0.337191084477491,cat__Gender_Male,-0.5551945742228731,0.5551945742228731,Decreases Churn Risk,3
15645355,0.337191084477491,num__NumOfProducts,0.36286950149222774,0.36286950149222774,Increases Churn Risk,4
15645355,0.337191084477491,num__IsActiveMember,-0.3166017202313138,0.3166017202313138,Decreases Churn Risk,5
15645355,0.337191084477491,num__BalanceSalaryRatio,0.19825799603247526,0.19825799603247526,Increases Churn Risk,6
15645355,0.337191084477491,num__EngagementScore,-0.15066833468853608,0.15066833468853608,Decreases Churn Risk,7
15645355,0.337191084477491,num__Balance,0.14974713433700432,0.14974713433700432,Increases Churn Risk,8
15645355,0.337191084477491,cat__Geography_Spain,-0.12931031861843015,0.12931031861843015,Decreases Churn Risk,9
15645355,0.337191084477491,num__ProductDensity,-0.10854433262964568,0.10854433262964568,Decreases Churn Risk,10
15748068,0.04445857419991023,num__NumOfProducts,-1.2518203253509539,1.2518203253509539,Decreases Churn Risk,1
15748068,0.04445857419991023,num__Age,-0.8718431085586932,0.8718431085586932,Decreases Churn Risk,2
15748068,0.04445857419991023,num__EstimatedSalary,-0.2734180062867793,0.2734180062867793,Decreases Churn Risk,3
15748068,0.04445857419991023,num__IsActiveMember,-0.23287385003946282,0.23287385003946282,Decreases Churn Risk,4
15748068,0.04445857419991023,cat__Geography_Spain,-0.216441449651501,0.216441449651501,Decreases Churn Risk,5
15748068,0.04445857419991023,cat__Geography_Germany,-0.2001006129891004,0.2001006129891004,Decreases Churn Risk,6
15748068,0.04445857419991023,num__Tenure,-0.15721232402643082,0.15721232402643082,Decreases Churn Risk,7
15748068,0.04445857419991023,num__ProductDensity,-0.14626358507181444,0.14626358507181444,Decreases Churn Risk,8
15748068,0.04445857419991023,num__HasBalance,-0.13030917864040684,0.13030917864040684,Decreases Churn Risk,9
15748068,0.04445857419991023,num__CreditScore,0.11357161476343232,0.11357161476343232,Increases Churn Risk,10
15605737,0.02834503594617868,num__NumOfProducts,-1.2233556264528864,1.2233556264528864,Decreases Churn Risk,1
15605737,0.02834503594617868,num__Age,-0.9646411095478815,0.9646411095478815,Decreases Churn Risk,2
15605737,0.02834503594617868,cat__Gender_Male,-0.6634711191493562,0.6634711191493562,Decreases Churn Risk,3
15605737,0.02834503594617868,num__Tenure,-0.3768776677645746,0.3768776677645746,Decreases Churn Risk,4
15605737,0.02834503594617868,cat__Geography_Germany,-0.25107625406618755,0.25107625406618755,Decreases Churn Risk,5
15605737,0.02834503594617868,cat__Geography_Spain,-0.18788987377854297,0.18788987377854297,Decreases Churn Risk,6
15605737,0.02834503594617868,num__IsActiveMember,0.18212782162039726,0.18212782162039726,Increases Churn Risk,7
15605737,0.02834503594617868,num__EngagementScore,-0.15195894863094755,0.15195894863094755,Decreases Churn Risk,8
15605737,0.02834503594617868,num__HasBalance,-0.13030917864040684,0.13030917864040684,Decreases Churn Risk,9
15605737,0.02834503594617868,num__Balance,-0.10467462321699877,0.10467462321699877,Decreases Churn Risk,10
15808831,0.01744205115433085,num__NumOfProducts,-1.195087758892824,1.195087758892824,Decreases Churn Risk,1
15808831,0.01744205115433085,num__Age,-1.0559280683320946,1.0559280683320946,Decreases Churn Risk,2
15808831,0.01744205115433085,cat__Gender_Male,-0.6471189570018254,0.6471189570018254,Decreases Churn Risk,3
15808831,0.01744205115433085,num__Tenure,-0.3214384925532932,0.3214384925532932,Decreases Churn Risk,4
15808831,0.01744205115433085,num__IsActiveMember,-0.2508843758807173,0.2508843758807173,Decreases Churn Risk,5
15808831,0.01744205115433085,cat__Geography_Germany,-0.24167614333700782,0.24167614333700782,Decreases Churn Risk,6
15808831,0.01744205115433085,cat__Geography_Spain,-0.19844589355094622,0.19844589355094622,Decreases Churn Risk,7
15808831,0.01744205115433085,num__EngagementScore,-0.15934041461587725,0.15934041461587725,Decreases Churn Risk,8
15808831,0.01744205115433085,num__HasBalance,-0.13030917864040684,0.13030917864040684,Decreases Churn Risk,9
15808831,0.01744205115433085,num__Balance,-0.0958821426103948,0.0958821426103948,Decreases Churn Risk,10
15790113,0.9407519784264539,num__IsActiveMember,0.9720103188993006,0.9720103188993006,Increases Churn Risk,1
15790113,0.9407519784264539,num__Age,0.7804298047960216,0.7804298047960216,Increases Churn Risk,2
15790113,0.9407519784264539,cat__Geography_Germany,0.4059481176891079,0.4059481176891079,Increases Churn Risk,3
15790113,0.9407519784264539,num__Tenure,-0.3198484551121083,0.3198484551121083,Decreases Churn Risk,4
15790113,0.9407519784264539,num__NumOfProducts,0.2701414511856446,0.2701414511856446,Increases Churn Risk,5
15790113,0.9407519784264539,num__Balance,0.13334132619316236,0.13334132619316236,Increases Churn Risk,6
15790113,0.9407519784264539,cat__Geography_Spain,-0.11738266411355505,0.11738266411355505,Decreases Churn Risk,7
15790113,0.9407519784264539,num__EngagementScore,0.1096791837695149,0.1096791837695149,Increases Churn Risk,8
15790113,0.9407519784264539,num__CustomerValue,0.08299415593702332,0.08299415593702332,Increases Churn Risk,9
15790113,0.9407519784264539,cat__Gender_Male,0.05117258178198541,0.05117258178198541,Increases Churn Risk,10
15661330,0.1947542045864947,cat__Gender_Male,-0.6742214524765681,0.6742214524765681,Decreases Churn Risk,1
15661330,0.1947542045864947,num__Age,-0.6158729786443806,0.6158729786443806,Decreases Churn Risk,2
15661330,0.1947542045864947,num__NumOfProducts,0.4379736173875033,0.4379736173875033,Increases Churn Risk,3
15661330,0.1947542045864947,cat__Geography_Germany,-0.3421908133262045,0.3421908133262045,Decreases Churn Risk,4
15661330,0.1947542045864947,num__Tenure,-0.268662856614316,0.268662856614316,Decreases Churn Risk,5
15661330,0.1947542045864947,num__IsActiveMember,-0.24993167665111216,0.24993167665111216,Decreases Churn Risk,6
15661330,0.1947542045864947,num__Balance,0.23640436030961737,0.23640436030961737,Increases Churn Risk,7
15661330,0.1947542045864947,num__EngagementScore,-0.1705475602371953,0.1705475602371953,Decreases Churn Risk,8
15661330,0.1947542045864947,cat__Geography_Spain,-0.1636314923254336,0.1636314923254336,Decreases Churn Risk,9
15661330,0.1947542045864947,num__CustomerValue,-0.09245002772812765,0.09245002772812765,Decreases Churn Risk,10
15625641,0.08754690996221944,num__Age,-1.376090811369088,1.376090811369088,Decreases Churn Risk,1
15625641,0.08754690996221944,num__NumOfProducts,-0.8302680330276206,0.8302680330276206,Decreases Churn Risk,2
15625641,0.08754690996221944,num__IsActiveMember,-0.5468393916213002,0.5468393916213002,Decreases Churn Risk,3
15625641,0.08754690996221944,cat__Geography_Germany,0.31520717639101026,0.31520717639101026,Increases Churn Risk,4
15625641,0.08754690996221944,num__Balance,0.20567210414442105,0.20567210414442105,Increases Churn Risk,5
15625641,0.08754690996221944,num__BalanceSalaryRatio,0.1603771819484038,0.1603771819484038,Increases Churn Risk,6
15625641,0.08754690996221944,cat__Geography_Spain,-0.13484766233123166,0.13484766233123166,Decreases Churn Risk,7
15625641,0.08754690996221944,num__Tenure,-0.10981935779888094,0.10981935779888094,Decreases Churn Risk,8
15625641,0.08754690996221944,num__EngagementScore,-0.10755303030922207,0.10755303030922207,Decreases Churn Risk,9
15625641,0.08754690996221944,num__EstimatedSalary,-0.08455417790388768,0.08455417790388768,Decreases Churn Risk,10
15674811,0.025696885580736954,num__Age,-1.1880469448849589,1.1880469448849589,Decreases Churn Risk,1
15674811,0.025696885580736954,num__NumOfProducts,-0.9859784646631083,0.9859784646631083,Decreases Churn Risk,2
15674811,0.025696885580736954,cat__Gender_Male,-0.603540425038551,0.603540425038551,Decreases Churn Risk,3
15674811,0.025696885580736954,num__Balance,-0.501292265711572,0.501292265711572,Decreases Churn Risk,4
15674811,0.025696885580736954,num__IsActiveMember,-0.2827145338909227,0.2827145338909227,Decreases Churn Risk,5
15674811,0.025696885580736954,cat__Geography_Spain,-0.16609848204845712,0.16609848204845712,Decreases Churn Risk,6
15674811,0.025696885580736954,num__EngagementScore,-0.16534183919654763,0.16534183919654763,Decreases Churn Risk,7
15674811,0.025696885580736954,num__ProductDensity,-0.13326047324530846,0.13326047324530846,Decreases Churn Risk,8
15674811,0.025696885580736954,num__Tenure,-0.13182331101026004,0.13182331101026004,Decreases Churn Risk,9
15674811,0.025696885580736954,cat__Geography_Germany,0.05500954794371616,0.05500954794371616,Increases Churn Risk,10
15737748,0.0895769560452192,num__Age,-1.2285027173254548,1.2285027173254548,Decreases Churn Risk,1
15737748,0.0895769560452192,num__EstimatedSalary,-0.5340986216042514,0.5340986216042514,Decreases Churn Risk,2
15737748,0.0895769560452192,num__Balance,-0.4011468810929216,0.4011468810929216,Decreases Churn Risk,3
15737748,0.0895769560452192,cat__Geography_Germany,-0.3963533118194167,0.3963533118194167,Decreases Churn Risk,4
15737748,0.0895769560452192,num__Tenure,-0.2932001796335867,0.2932001796335867,Decreases Churn Risk,5
15737748,0.0895769560452192,num__NumOfProducts,0.26265090866379875,0.26265090866379875,Increases Churn Risk,6
15737748,0.0895769560452192,num__IsActiveMember,0.21143597091524147,0.21143597091524147,Increases Churn Risk,7
15737748,0.0895769560452192,cat__Geography_Spain,-0.17552772012229081,0.17552772012229081,Decreases Churn Risk,8
15737748,0.0895769560452192,num__ProductDensity,-0.13569620073062175,0.13569620073062175,Decreases Churn Risk,9
15737748,0.0895769560452192,num__EngagementScore,0.12873230708578923,0.12873230708578923,Increases Churn Risk,10
15619514,0.7000856577879789,cat__Geography_Germany,0.5713571486670712,0.5713571486670712,Increases Churn Risk,1
15619514,0.7000856577879789,cat__Gender_Male,-0.4522983804483482,0.4522983804483482,Decreases Churn Risk,2
15619514,0.7000856577879789,num__NumOfProducts,0.370788063053708,0.370788063053708,Increases Churn Risk,3
15619514,0.7000856577879789,num__Age,-0.2781872665433077,0.2781872665433077,Decreases Churn Risk,4
15619514,0.7000856577879789,num__IsActiveMember,0.2394688853704859,0.2394688853704859,Increases Churn Risk,5
15619514,0.7000856577879789,num__EngagementScore,0.1786993770077545,0.1786993770077545,Increases Churn Risk,6
15619514,0.7000856577879789,num__Balance,0.16233623739922648,0.16233623739922648,Increases Churn Risk,7
15619514,0.7000856577879789,cat__Geography_Spain,-0.12607326358124113,0.12607326358124113,Decreases Churn Risk,8
15619514,0.7000856577879789,num__BalanceSalaryRatio,-0.11449563470334244,0.11449563470334244,Decreases Churn Risk,9
15619514,0.7000856577879789,num__ProductDensity,-0.11245753008861158,0.11245753008861158,Decreases Churn Risk,10
15757559,0.3647965195780159,num__Age,1.5695920610061447,1.5695920610061447,Increases Churn Risk,1
15757559,0.3647965195780159,num__NumOfProducts,-1.3063091960804243,1.3063091960804243,Decreases Churn Risk,2
15757559,0.3647965195780159,num__IsActiveMember,0.3259885571036342,0.3259885571036342,Increases Churn Risk,3
15757559,0.3647965195780159,num__Tenure,-0.32535348299884514,0.32535348299884514,Decreases Churn Risk,4
15757559,0.3647965195780159,cat__Geography_Germany,-0.23681086650036431,0.23681086650036431,Decreases Churn Risk,5
15757559,0.3647965195780159,num__EngagementScore,-0.22681983779927173,0.22681983779927173,Decreases Churn Risk,6
15757559,0.3647965195780159,num__HasBalance,-0.16103498512569173,0.16103498512569173,Decreases Churn Risk,7
15757559,0.3647965195780159,cat__Geography_Spain,-0.16084932539845062,0.16084932539845062,Decreases Churn Risk,8
15757559,0.3647965195780159,num__EstimatedSalary,-0.13841929418898016,0.13841929418898016,Decreases Churn Risk,9
15757559,0.3647965195780159,num__ProductDensity,-0.10445954693231008,0.10445954693231008,Decreases Churn Risk,10
15631201,0.05491615416750529,num__Age,-1.2561742623115753,1.2561742623115753,Decreases Churn Risk,1
15631201,0.05491615416750529,num__NumOfProducts,-0.9425358044501231,0.9425358044501231,Decreases Churn Risk,2
15631201,0.05491615416750529,num__EstimatedSalary,-0.23523970036873174,0.23523970036873174,Decreases Churn Risk,3
15631201,0.05491615416750529,num__CustomerValue,-0.2284716296607433,0.2284716296607433,Decreases Churn Risk,4
15631201,0.05491615416750529,num__IsActiveMember,0.20720751638489798,0.20720751638489798,Increases Churn Risk,5
15631201,0.05491615416750529,cat__Geography_Germany,-0.19870969099266456,0.19870969099266456,Decreases Churn Risk,6
15631201,0.05491615416750529,num__HasBalance,-0.13030917864040684,0.13030917864040684,Decreases Churn Risk,7
15631201,0.05491615416750529,num__Balance,-0.11842782803845318,0.11842782803845318,Decreases Churn Risk,8
15631201,0.05491615416750529,num__ProductDensity,-0.10385580310565384,0.10385580310565384,Decreases Churn Risk,9
15631201,0.05491615416750529,num__EngagementScore,-0.09491439319402915,0.09491439319402915,Decreases Churn Risk,10
